종목코드,현재가,거래대금,시가,고가,저가,거래량,NXT거래대금
005930,276500.0,4702602000000.0,283000.0,283500.0,274500.0,16837117.0,2955315000000.0
000660,1840000.0,5642905000000.0,1909000.0,1935000.0,1832000.0,2983489.0,3021349000000.0
005935,211500.0,1051155000000.0,215000.0,216000.0,210000.0,4937699.0,
402340,1133000.0,654920000000.0,1189000.0,1189000.0,1130000.0,567693.0,186544000000.0
009150,1486000.0,1312696000000.0,1491000.0,1548000.0,1464000.0,871039.0,987675000000.0
373220,350500.0,89317000000.0,358000.0,359500.0,348000.0,254457.0,28850000000.0
005380,360500.0,160866000000.0,364000.0,370000.0,360000.0,441745.0,127300000000.0
207940,1391000.0,41040000000.0,1407000.0,1408000.0,1389000.0,29425.0,7706000000.0
105560,175700.0,119026000000.0,177700.0,178500.0,174700.0,677322.0,15777000000.000002
028260,367000.0,95524000000.0,382500.0,385500.0,361000.0,260132.0,49847000000.0
032830,291000.0,62839000000.0,299500.0,304000.0,287000.0,215307.0,20818000000.0
034020,86500.0,244811000000.0,87000.0,88100.0,85200.0,2830270.0,266712000000.0
012450,1057000.0,93970000000.0,1069000.0,1076000.0,1055000.0,88609.0,23602000000.0
055550,113200.0,82381000000.0,114100.0,114300.0,112200.0,729205.0,5804000000.0
329180,455500.0,68166000000.0,453500.0,460000.0,448000.0,150356.0,29420000000.0
000270,118500.0,93094000000.0,120600.0,122000.0,118200.0,778594.0,17181000000.0
034730,588000.0,66138000000.0,590000.0,594000.0,581000.0,112529.0,21379000000.0
006400,529000.0,107235000000.0,539000.0,542000.0,527000.0,201594.0,111743000000.0
068270,178500.0,59213000000.0,181800.0,182200.0,178100.0,330209.0,21139000000.0
086790,136000.0,66404000000.0,136000.0,136500.0,134200.0,490588.0,7844000000.0
066570,216500.0,337338000000.0,211500.0,221000.0,209000.0,1563858.0,326568000000.0
012330,372500.0,99005000000.0,377500.0,384500.0,371000.0,262391.0,46818000000.0
010120,212000.0,90612000000.0,214000.0,218500.0,210000.0,422684.0,104317000000.0
035420,201000.0,97581000000.0,201000.0,203500.0,200000.0,483209.0,101288000000.0
000810,655000.0,48352000000.0,653000.0,657000.0,642000.0,74453.0,2866000000.0
298040,2901000.0,97923000000.0,2949000.0,3009000.0,2901000.0,33154.0,54046000000.0
316140,35750.0,52397000000.0,36600.0,36650.0,35550.0,1462608.0,9662000000.0
069500,111880.0,2757458000000.0,,,,,
267260,714000.0,54667000000.0,729000.0,738000.0,710000.0,75684.0,22779000000.0
005490,317500.0,52325000000.0,320000.0,321500.0,316000.0,164747.0,20150000000.0
042660,81600.0,33603000000.0,82600.0,83000.0,81500.0,410343.0,31873000000.0
009540,339500.0,44762000000.0,341000.0,346000.0,338500.0,131183.0,6815000000.000001
000150,1473000.0,128860000000.0,1475000.0,1513000.0,1452000.0,87028.0,74652000000.0
096770,141000.0,95550000000.0,137800.0,142800.0,136500.0,682298.0,50911000000.0
010130,1110000.0,20592000000.0,1147000.0,1147000.0,1106000.0,18382.0,8912000000.0
042700,240000.0,123207000000.0,243500.0,246500.0,236500.0,509653.0,120426000000.0
138040,128900.0,21772000000.0,130400.0,130700.0,127300.0,169054.0,2433000000.0
360750,26225.0,1008138000000.0,,,,,
011200,21200.0,7606000000.0,21150.0,21250.0,20900.0,360885.0,4251000000.0
015760,30850.0,33681000000.0,30950.0,31200.0,30750.0,1090067.0,17948000000.0
017670,87300.0,67793000000.0,87600.0,89300.0,86500.0,774219.0,57150000000.0
033780,177300.0,62758000000.0,173800.0,177700.0,169800.0,362668.0,11930000000.0
010140,20600.0,32426000000.0,20800.0,20850.0,20550.0,1571464.0,26283000000.0
051910,254000.0,48454000000.0,261000.0,261500.0,253500.0,189376.0,10956000000.0
006800,32850.0,63922000000.0,32650.0,34750.0,32500.0,1910215.0,38710000000.0
003550,116500.0,29285000000.0,113400.0,119200.0,113000.0,251672.0,4029999999.9999995
018260,226000.0,24234000000.0,227500.0,229500.0,223500.0,107121.0,12818000000.0
010950,154300.0,65214000000.0,147400.0,156900.0,147400.0,429734.0,19896000000.0
003670,184200.0,52365000000.0,180100.0,187800.0,177500.0,286308.0,26339000000.0
267250,207000.0,29395000000.0,209000.0,213000.0,205000.0,141172.0,8006999999.999999
024110,20000.0,13546000000.0,20150.0,20150.0,19970.0,676584.0,3357000000.0
079550,704000.0,44429000000.0,728000.0,728000.0,702000.0,62345.0,27693000000.0
086280,203000.0,31078000000.0,204000.0,208500.0,201500.0,152945.0,7708000000.0
035720,34150.0,52384000000.0,33500.0,34600.0,33400.0,1535866.0,
272210,77400.0,32125000000.0,76700.0,79000.0,75600.0,416049.0,26393000000.0
000720,131300.0,130674000000.0,130600.0,136100.0,125700.0,995838.0,118566000000.00002
278470,361500.0,72219000000.0,364500.0,367500.0,358000.0,199393.0,28531000000.0
030200,53100.0,12276000000.0,53200.0,53800.0,52700.0,231102.0,1871000000.0
011070,542000.0,119726000000.0,538000.0,558000.0,536000.0,218585.0,82718000000.0
064350,117100.0,31764000000.0,120000.0,120000.0,117100.0,268431.0,13466000000.0
047810,130300.0,16155000000.0,130200.0,131500.0,129300.0,124149.0,4852000000.0
005830,185900.0,26132000000.0,188200.0,188900.0,182900.0,141594.0,3961000000.0
133690,183340.0,947031000000.0,,,,,
003490,31400.0,208768000000.0,29250.0,31400.0,29150.0,6800624.0,
443060,243000.0,15207000000.0,234500.0,244000.0,231000.0,63729.0,2807000000.0
307950,385000.0,47488000000.0,370000.0,402000.0,370000.0,122439.0,33691000000.000004
071050,186300.0,37938000000.0,186500.0,193200.0,184600.0,202024.0,9230000000.0
379800,23800.0,590311000000.0,,,,,
078930,110600.0,59063000000.0,111800.0,113400.0,105300.0,538980.0,7818000000.000001
102110,112180.0,1557983000000.0,,,,,
396500,38385.0,446806000000.0,,,,,
006260,326500.0,35964000000.0,331500.0,338000.0,323000.0,108814.0,21543000000.0
028050,51200.0,78158000000.0,52600.0,53200.0,50900.0,1507904.0,
047050,56700.0,27168000000.0,57800.0,57800.0,56200.0,476853.0,18584000000.0
379810,27420.0,878031000000.0,,,,,
323410,20200.0,17854000000.0,20300.0,20400.0,20050.0,884705.0,3486000000.0
005940,26100.0,15192000000.0,26600.0,26850.0,25950.0,577010.0,2455000000.0
180640,143500.0,7276000000.0,139200.0,143500.0,139200.0,51125.0,3669000000.0
000500,321500.0,133470000000.0,333000.0,349500.0,319000.0,400225.0,227642000000.0
488770,105595.0,94181000000.0,,,,,
003230,1252000.0,68006000000.0,1273000.0,1273000.0,1245000.0,54272.0,27554000000.000004
259960,202000.0,10915000000.0,202000.0,204000.0,200000.0,54022.0,1385000000.0
090430,142000.0,25426000000.0,144800.0,145000.0,140200.0,178657.0,5689000000.0
007660,112900.0,114591000000.0,114800.0,119800.0,111400.0,992173.0,114645000000.0
0126Z0,331500.0,10474000000.0,331500.0,339500.0,331500.0,31272.0,5499000000.0
016360,90700.0,38815000000.0,89400.0,92200.0,88700.0,427719.0,13849000000.0
278530,40535.0,28269000000.0,,,,,
047040,18800.0,163768000000.0,18830.0,19540.0,18540.0,8628866.0,
161390,57500.0,15337000000.0,59100.0,59600.0,57100.0,266081.0,1170000000.0
021240,99800.0,12511000000.0,100700.0,102000.0,98200.0,126052.0,814000000.0
000880,132300.0,8871000000.0,132700.0,133400.0,130000.0,67109.0,1873000000.0
459580,1075705.0,888565000000.0,,,,,
064400,71600.0,48166000000.0,70500.0,73400.0,70500.0,674945.0,
039490,262000.0,19478000000.0,268000.0,272500.0,259000.0,73696.0,7353000000.0
352820,156300.0,55736000000.0,163200.0,163500.0,155900.0,351318.0,22738000000.0
267270,137500.0,36069000000.0,139100.0,145500.0,137000.0,256172.0,11668000000.0
128940,502000.0,27911000000.0,505000.0,508000.0,498500.0,55566.0,15902000000.000002
062040,205000.0,48313000000.0,209500.0,215000.0,203500.0,230869.0,43968000000.0
001440,31600.0,284672000000.0,30500.0,33450.0,30000.0,8824217.0,
032640,14570.0,15346000000.0,14510.0,14700.0,14500.0,1051595.0,767000000.0
009830,27450.0,25520000000.0,27800.0,28150.0,27450.0,924750.0,
498400,20800.0,123706000000.0,,,,,
122630,114400.0,1873515000000.0,,,,,
326030,76900.0,6948000000.0,78100.0,78400.0,76700.0,89950.0,2493000000.0
005387,175500.0,16795000000.0,174200.0,179800.0,174200.0,94570.0,
381180,43670.0,92933000000.0,,,,,
091160,136695.0,189767000000.0,,,,,
0167A0,18480.0,301422000000.0,,,,,
175330,30800.0,12916000000.0,31150.0,31350.0,29550.0,426451.0,1282000000.0
000990,130700.0,68938000000.0,134500.0,134500.0,129700.0,524504.0,61179999999.99999
241560,58300.0,8592000000.0,58500.0,59000.0,57500.0,147694.0,968000000.0
353200,112300.0,322185000000.0,110000.0,120700.0,109800.0,2783596.0,
377300,40950.0,12502000000.0,40550.0,42150.0,40550.0,302142.0,9212000000.0
000100,75100.0,13612000000.0,75700.0,76000.0,74400.0,181619.0,3817000000.0
052690,138100.0,259389000000.0,131100.0,143900.0,125500.0,1910117.0,256958000000.0
029780,42850.0,6580000000.0,43350.0,43550.0,42600.0,153641.0,1343000000.0
088350,5650.0,23235000000.0,5790.0,5860.0,5570.0,4111096.0,
036570,223000.0,28399000000.0,208000.0,224500.0,208000.0,130026.0,8772000000.0
138930,15630.0,8129000000.0,15710.0,15860.0,15530.0,521288.0,1112000000.0
004020,35600.0,24109000000.0,35500.0,36050.0,35150.0,677824.0,7063000000.0
088980,9800.0,5867000000.0,9780.0,9820.0,9730.0,598843.0,
310970,50300.0,841000000.0,,,,,
229200,13920.0,259086000000.0,,,,,
454910,71000.0,21367000000.0,70900.0,72100.0,70200.0,299972.0,
148020,112715.0,115011000000.0,,,,,
051900,296500.0,17532000000.0,299500.0,304500.0,295000.0,58797.0,2511000000.0
066970,108400.0,52235000000.0,109100.0,111100.0,106400.0,480339.0,31382000000.0
011790,88400.0,11821000000.0,89700.0,90600.0,88000.0,132457.0,7919000000.0
271560,110900.0,10936000000.0,111600.0,111900.0,109800.0,98881.0,861000000.0
458730,14520.0,43243000000.0,,,,,
034220,8470.0,24071000000.0,8620.0,8650.0,8410.0,2829267.0,
0162Z0,13890.0,97452000000.0,,,,,
395160,41895.0,209318000000.0,,,,,
082740,49250.0,32114000000.0,50500.0,50700.0,49150.0,648801.0,17909000000.0
001450,47800.0,20035000000.0,48600.0,48950.0,46950.0,421922.0,3565000000.0
002380,467500.0,11124000000.0,482500.0,487500.0,463500.0,23721.0,3772999999.9999995
360200,26480.0,18855000000.0,,,,,
005385,175000.0,11710000000.0,174200.0,178500.0,174200.0,66335.0,
411060,26445.0,20696000000.0,,,,,
381170,31880.0,24808000000.0,,,,,
001040,129400.0,12642000000.0,129800.0,130300.0,128000.0,97778.0,1844000000.0000002
395270,59945.0,89492000000.0,,,,,
103590,76500.0,54693000000.0,75200.0,79200.0,73700.0,706095.0,47834000000.0
423160,110860.0,15501000000.0,,,,,
367380,31525.0,14082000000.0,,,,,
273130,109600.0,1292000000.0,,,,,
010060,188000.0,56178000000.0,193700.0,195800.0,187300.0,296188.0,24492000000.0
008930,50700.0,4114000000.0,50900.0,51200.0,49950.0,81478.0,1757000000.0
161890,146100.0,38155000000.0,145600.0,150500.0,143700.0,260974.0,12754000000.0
102780,26620.0,10653000000.0,,,,,
018880,3320.0,9422000000.0,3390.0,3460.0,3320.0,2796507.0,
357870,58115.0,16028000000.0,,,,,
004170,357500.0,17613000000.0,360000.0,361500.0,355500.0,49264.0,4108000000.0
233740,6775.0,298308000000.0,,,,,
036460,35800.0,4173000000.0,35700.0,36000.0,35150.0,116883.0,1075000000.0
375500,85200.0,23664000000.0,86600.0,87200.0,84100.0,277764.0,
487240,37420.0,133187000000.0,,,,,
006360,37450.0,50907000000.0,37450.0,38000.0,36550.0,1362192.0,
111770,72100.0,5031000000.0,71900.0,72600.0,70900.0,70323.0,419000000.00000006
0043B0,103760.0,15207000000.0,,,,,
012750,83400.0,3014000000.0,83500.0,84500.0,82000.0,36406.0,106000000.0
023530,110700.0,14010000000.0,110200.0,111300.0,106200.0,127908.0,2048999999.9999998
336260,47600.0,32482000000.0,48050.0,48600.0,47300.0,678918.0,28889999999.999996
455890,55590.0,16191000000.0,,,,,
028670,5790.0,6217000000.0,5870.0,5870.0,5700.0,1079835.0,
022100,20300.0,4198000000.0,20650.0,20700.0,20200.0,205860.0,2281000000.0
035250,14370.0,2583000000.0,14460.0,14460.0,14310.0,180036.0,416000000.0
192820,270000.0,16985000000.0,274000.0,277000.0,265500.0,63150.0,4774000000.0
011780,117200.0,8612000000.0,120400.0,120500.0,116500.0,73304.0,1398000000.0
007340,49600.0,7882000000.0,49850.0,50500.0,48450.0,159613.0,1744000000.0000002
017800,74100.0,7400000000.0,74300.0,74700.0,73800.0,99761.0,1868000000.0
251270,34700.0,3301000000.0,34750.0,34850.0,34200.0,95621.0,499000000.0
031210,41300.0,1546000000.0,41750.0,42000.0,41150.0,37408.0,316000000.0
139130,18100.0,3720000000.0,18180.0,18190.0,17830.0,207469.0,322000000.0
302440,35750.0,1810000000.0,35800.0,36150.0,35500.0,50718.0,462000000.0
004800,165600.0,3009000000.0,165000.0,167900.0,164200.0,18171.0,568000000.0
139260,142620.0,31378000000.0,,,,,
011170,62500.0,9530000000.0,64100.0,64850.0,62200.0,150897.0,2291000000.0
085620,19770.0,2464000000.0,19400.0,20150.0,19400.0,123767.0,
472150,21005.0,113526000000.0,,,,,
383220,68500.0,2394000000.0,68500.0,69000.0,67600.0,35126.0,182000000.0
097950,174200.0,9749000000.0,175500.0,175700.0,173500.0,56030.0,1748999999.9999998
426030,47830.0,41039000000.0,,,,,
003690,14720.0,2805000000.0,14950.0,15000.0,14550.0,190929.0,430000000.0
486290,10645.0,23592000000.0,,,,,
481050,1023975.0,37041000000.0,,,,,
026960,25500.0,799000000.0,25400.0,25650.0,25250.0,31491.0,163000000.0
450080,35400.0,7484000000.0,34850.0,35550.0,34750.0,212811.0,
278540,39935.0,1172000000.0,,,,,
004990,24500.0,1983000000.0,24500.0,24700.0,24200.0,81241.0,263000000.0
014680,225000.0,16280000000.0,220500.0,228000.0,219500.0,72391.0,3215999999.9999995
005440,13210.0,4955000000.0,13400.0,13520.0,13120.0,373607.0,505000000.0
489790,47750.0,9679000000.0,48200.0,49600.0,47300.0,200110.0,8983000000.0
009420,45950.0,7116000000.0,47550.0,47750.0,45900.0,152952.0,3203000000.0
0193T0,11550.0,316797000000.0,,,,,
161510,24965.0,14341000000.0,,,,,
004370,392500.0,5146000000.0,395500.0,395500.0,389500.0,13145.0,1552000000.0
449170,111960.0,6510000000.0,,,,,
000240,24600.0,2147000000.0,24750.0,24750.0,24100.0,87816.0,89000000.0
282330,134000.0,4481000000.0,138500.0,138500.0,133000.0,33342.0,571000000.0
001720,139600.0,955000000.0,140500.0,142500.0,138000.0,6860.0,680000000.0
005850,49200.0,2841000000.0,49800.0,50300.0,49000.0,57284.0,836999999.9999999
483650,179200.0,24740000000.0,182500.0,184500.0,177700.0,137474.0,9626000000.0
018670,239500.0,3556000000.0,241500.0,244000.0,234500.0,14952.0,731000000.0
103140,79000.0,5003000000.0,78600.0,79900.0,77400.0,63503.0,2935000000.0
385540,102755.0,889000000.0,,,,,
279570,5330.0,2635000000.0,5410.0,5420.0,5320.0,490811.0,
009970,166200.0,2022000000.0,166300.0,168700.0,165100.0,12168.0,219000000.0
204320,45800.0,17006000000.0,47500.0,48250.0,45700.0,363780.0,
456600,59690.0,14396000000.0,,,,,
069960,98900.0,7756000000.0,100000.0,100900.0,97900.0,78229.0,2472000000.0
112610,50400.0,10119000000.0,50800.0,50800.0,49600.0,201711.0,
051600,46850.0,6117000000.0,46500.0,47200.0,45900.0,131261.0,1916000000.0
020150,40100.0,11105000000.0,41850.0,41900.0,39500.0,277429.0,6968000000.000001
030000,17630.0,3890000000.0,17550.0,17650.0,17420.0,221995.0,977000000.0
284430,20885.0,8330000000.0,,,,,
139480,72700.0,6377000000.0,73400.0,73700.0,72400.0,87774.0,2822000000.0
081660,37750.0,3987000000.0,38650.0,38650.0,37550.0,105360.0,424000000.0
002790,26200.0,1604000000.0,26400.0,26700.0,26000.0,61055.0,202999999.99999997
292150,39100.0,24367000000.0,,,,,
007070,23250.0,3089000000.0,23250.0,23300.0,22900.0,133651.0,482000000.0
457190,64100.0,5089000000.0,65000.0,65700.0,63900.0,78535.0,4078000000.0
073240,6720.0,5336000000.0,6880.0,6900.0,6710.0,784663.0,4964000000.0
000155,480000.0,6241000000.0,489500.0,490500.0,472000.0,12954.0,
294400,146895.0,10093000000.0,,,,,
181710,57200.0,9604000000.0,57400.0,58800.0,55600.0,167773.0,4315000000.0
229640,59500.0,14484000000.0,61300.0,62400.0,58900.0,239865.0,17232000000.0
462870,30850.0,1217000000.0,30900.0,31100.0,30550.0,39540.0,279000000.0
214980,114425.0,5109000000.0,,,,,
089860,49650.0,2945000000.0,49050.0,50200.0,49000.0,59223.0,1049000000.0
442580,105455.0,44791000000.0,,,,,
439260,46100.0,1090000000.0,46450.0,46950.0,45900.0,23584.0,769000000.0
105190,112140.0,21414000000.0,,,,,
020560,8370.0,4786000000.0,7760.0,8380.0,7750.0,584330.0,1613000000.0
475150,50500.0,36655000000.0,50900.0,52500.0,50300.0,714508.0,
023590,39700.0,1155000000.0,39650.0,40350.0,39400.0,29082.0,287000000.0
071970,50100.0,9161000000.0,51300.0,51300.0,49750.0,182273.0,4908000000.0
441640,12345.0,15015000000.0,,,,,
305720,14305.0,33980000000.0,,,,,
475630,1078300.0,129716000000.0,,,,,
120110,55200.0,7375000000.0,58100.0,58400.0,55000.0,132023.0,5158000000.0
001430,45600.0,5954000000.0,43900.0,46150.0,43300.0,133251.0,2524000000.0
000120,71300.0,1894000000.0,70800.0,71300.0,70600.0,26706.0,618000000.0
368590,30620.0,6385000000.0,,,,,
395400,5380.0,1191000000.0,5260.0,5380.0,5250.0,223766.0,
446770,79625.0,8458000000.0,,,,,
001120,41400.0,3606000000.0,41600.0,41700.0,40950.0,87204.0,605000000.0
281820,80600.0,21899000000.0,78700.0,81400.0,77000.0,275509.0,19020000000.0
008770,40500.0,3123000000.0,40500.0,40700.0,40300.0,77141.0,1088000000.0
0193W0,13200.0,123233000000.0,,,,,
007810,65600.0,185380000000.0,60800.0,67900.0,59700.0,2822785.0,244827000000.0
329200,4090.0,14602000000.0,,,,,
0195S0,9830.0,153919000000.0,,,,,
0177N0,14620.0,53348000000.0,,,,,
294870,23650.0,3615000000.0,23900.0,24000.0,23150.0,154179.0,423000000.00000006
006040,35200.0,946000000.0,35200.0,35600.0,34850.0,26998.0,303000000.0
477080,107685.0,579000000.0,,,,,
012630,25850.0,1683000000.0,25800.0,26200.0,25650.0,65167.0,525000000.0
610063,55835.0,0.0,,,,,
001820,147400.0,205556000000.0,150000.0,157700.0,146200.0,1361490.0,
152100,113615.0,22879000000.0,,,,,
009155,517000.0,30677000000.0,520000.0,539000.0,508000.0,58361.0,
379780,22875.0,7667000000.0,,,,,
453850,7125.0,3859000000.0,,,,,
226490,72000.0,32481000000.0,,,,,
487230,19510.0,15130000000.0,,,,,
093370,13600.0,38262000000.0,14080.0,14440.0,13510.0,2769509.0,
011210,53400.0,3063000000.0,54000.0,54700.0,53200.0,57075.0,826000000.0
466920,27220.0,15587000000.0,,,,,
006280,123300.0,2297000000.0,125700.0,126300.0,123100.0,18555.0,544000000.0
001800,23850.0,1833000000.0,24050.0,24150.0,23600.0,77021.0,327000000.0
091230,144855.0,21118000000.0,,,,,
232080,14175.0,116817000000.0,,,,,
00680K,10850.0,2044000000.0,10810.0,11270.0,10810.0,185396.0,
097230,15050.0,5196000000.0,15640.0,16360.0,14990.0,339225.0,
298020,313000.0,6879000000.0,321000.0,322000.0,305500.0,22150.0,2421000000.0
005070,40050.0,3596000000.0,41400.0,41500.0,39900.0,88947.0,2648000000.0
390390,54660.0,43071000000.0,,,,,
361610,16170.0,3714000000.0,16000.0,16410.0,15840.0,229486.0,2388000000.0
322000,116800.0,24935000000.0,120000.0,120200.0,115900.0,212316.0,
448330,17625.0,8687000000.0,,,,,
530031,3210.0,954000000.0,,,,,
157450,112710.0,711000000.0,,,,,
700026,107820.0,0.0,,,,,
415640,10410.0,2372000000.0,10280.0,10830.0,10270.0,224128.0,
436140,106175.0,4000000.0,,,,,
003540,26500.0,1477000000.0,26550.0,26850.0,26350.0,55657.0,606000000.0
069620,108800.0,1626000000.0,108500.0,110000.0,107900.0,14988.0,364000000.0
007310,312500.0,1264000000.0,317500.0,317500.0,311500.0,4048.0,321000000.0
066575,72300.0,11036000000.0,71600.0,73800.0,69700.0,153131.0,
438080,13915.0,7144000000.0,,,,,
192080,58600.0,1776000000.0,58700.0,58900.0,58000.0,30435.0,30000000.0
001740,6170.0,4121000000.0,6190.0,6290.0,6150.0,664174.0,
000815,407500.0,2533000000.0,412500.0,413000.0,406000.0,6203.0,
300720,16260.0,564000000.0,16160.0,16350.0,16040.0,34951.0,123000000.0
0072R0,12615.0,13116000000.0,,,,,
469150,62400.0,19080000000.0,,,,,
330590,4060.0,687000000.0,4010.0,4065.0,3900.0,170171.0,
487340,106095.0,3695000000.0,,,,,
494310,88040.0,297155000000.0,,,,,
0183J0,7805.0,15651000000.0,,,,,
356540,101130.0,4932000000.0,,,,,
280360,123900.0,1196000000.0,128400.0,128400.0,123900.0,9557.0,210000000.0
030610,9990.0,227000000.0,10250.0,10250.0,9950.0,22632.0,49000000.0
004000,43700.0,3171000000.0,44650.0,44900.0,43500.0,72323.0,763000000.0
497570,22175.0,11146000000.0,,,,,
455850,26520.0,64549000000.0,,,,,
465580,24670.0,21956000000.0,,,,,
494890,32235.0,5269000000.0,,,,,
445290,31155.0,10892000000.0,,,,,
0139F0,102300.0,157000000.0,,,,,
000210,51600.0,1552000000.0,52700.0,52900.0,51000.0,29958.0,534000000.0
006340,13660.0,101775000000.0,13870.0,14650.0,13570.0,7170940.0,
017960,20550.0,2076000000.0,20650.0,20850.0,20450.0,100828.0,1086000000.0
000080,15080.0,847000000.0,15030.0,15150.0,14940.0,56504.0,200000000.0
449180,17340.0,10345000000.0,,,,,
0117V0,19525.0,32466000000.0,,,,,
295040,41955.0,3412000000.0,,,,,
469830,54490.0,14217000000.0,,,,,
451540,52715.0,282000000.0,,,,,
494300,9020.0,19128000000.0,,,,,
0195R0,11990.0,66896000000.0,,,,,
479520,106580.0,303000000.0,,,,,
195870,59700.0,19389000000.0,58900.0,62300.0,58400.0,320222.0,20078000000.0
446720,13305.0,7635000000.0,,,,,
003240,902000.0,1089000000.0,904000.0,911000.0,895000.0,1208.0,163000000.0
006120,57500.0,1223000000.0,57200.0,57600.0,55200.0,21485.0,43000000.0
003530,4665.0,11474000000.0,4770.0,4995.0,4645.0,2379631.0,
760009,107515.0,0.0,,,,,
449450,51235.0,18222000000.0,,,,,
003160,34800.0,24040000000.0,35100.0,35700.0,34200.0,687733.0,28014000000.0
315930,81245.0,709000000.0,,,,,
495050,32830.0,4307000000.0,,,,,
237350,89330.0,14765000000.0,,,,,
451800,5370.0,696000000.0,5350.0,5430.0,5230.0,131328.0,
192400,26900.0,519000000.0,27000.0,27000.0,26750.0,19327.0,79000000.0
402970,14740.0,6819000000.0,,,,,
438100,15195.0,4512000000.0,,,,,
003090,16100.0,1022000000.0,16050.0,16120.0,15870.0,64007.0,129000000.0
009240,39650.0,757000000.0,39300.0,39800.0,39300.0,19118.0,167000000.0
077970,22800.0,2913000000.0,23400.0,23550.0,22750.0,126655.0,2150000000.0
032350,11470.0,2822000000.0,11750.0,11750.0,11470.0,243677.0,657000000.0
305540,18285.0,3793000000.0,,,,,
000370,7790.0,5373000000.0,8010.0,8120.0,7700.0,688089.0,
0048J0,13560.0,15868000000.0,,,,,
003570,27150.0,682000000.0,27500.0,27700.0,27050.0,25046.0,303000000.0
071320,77900.0,1110000000.0,78400.0,78700.0,77400.0,14303.0,911000000.0
030190,15440.0,425000000.0,15460.0,15520.0,15200.0,27679.0,47000000.0
185750,64600.0,1316000000.0,64600.0,65200.0,63600.0,20538.0,333000000.0
009450,61100.0,1735000000.0,60900.0,62100.0,60600.0,28304.0,609000000.0
479080,53885.0,1457000000.0,,,,,
034230,9550.0,1571000000.0,9630.0,9630.0,9520.0,164492.0,478000000.0
005300,94900.0,1237000000.0,95500.0,95500.0,94500.0,13063.0,112999999.99999999
051915,114300.0,1703000000.0,117100.0,117300.0,114100.0,14771.0,
0117L0,10175.0,139000000.0,,,,,
079160,5240.0,1100000000.0,5310.0,5340.0,5220.0,209008.0,
0177R0,11785.0,25255000000.0,,,,,
475720,12900.0,8918000000.0,,,,,
285130,49800.0,4242000000.0,51400.0,52000.0,49000.0,85136.0,1207000000.0
003470,4450.0,1687000000.0,4555.0,4630.0,4415.0,374965.0,
071055,145800.0,1880000000.0,146300.0,147800.0,144600.0,12909.0,
0219E0,8615.0,47481000000.0,,,,,
466940,27135.0,21957000000.0,,,,,
069660,111835.0,5764000000.0,,,,,
006110,55000.0,6238000000.0,56900.0,57400.0,54400.0,112204.0,3825000000.0
498410,11830.0,21287000000.0,,,,,
004490,59300.0,3655000000.0,59400.0,59800.0,58700.0,61746.0,957000000.0
490590,14595.0,11294000000.0,,,,,
000670,43800.0,8403000000.0,45050.0,47300.0,43500.0,187238.0,4085000000.0
441800,29265.0,4899000000.0,,,,,
153130,113185.0,743000000.0,,,,,
100840,38500.0,21924000000.0,37200.0,40550.0,36500.0,561998.0,21341000000.0
272580,57190.0,1557000000.0,,,,,
0025N0,11950.0,3339000000.0,,,,,
550082,55810.0,0.0,,,,,
365550,3165.0,589000000.0,3120.0,3165.0,3095.0,187831.0,
144600,10580.0,4048000000.0,,,,,
476550,6765.0,5452000000.0,,,,,
457480,18700.0,3645000000.0,,,,,
005090,52500.0,4569000000.0,54700.0,56100.0,52100.0,85669.0,2974000000.0
005690,12590.0,25834000000.0,12600.0,13050.0,12400.0,2023076.0,
114800,978.0,508557000000.0,,,,,
036530,46000.0,587000000.0,45900.0,46300.0,45300.0,12833.0,288000000.0
005180,84800.0,3091000000.0,83200.0,85100.0,83200.0,36645.0,756000000.0
481060,7305.0,5821000000.0,,,,,
252670,70.0,266637000000.0,,,,,
137310,6110.0,346000000.0,6190.0,6190.0,6080.0,56592.0,107000000.0
700028,209275.0,437000000.0,,,,,
418660,41140.0,17880000000.0,,,,,
0061Z0,51085.0,226000000.0,,,,,
214320,18060.0,1462000000.0,18200.0,18230.0,17950.0,81136.0,114999999.99999999
100090,11540.0,3571000000.0,11590.0,11770.0,11520.0,307644.0,
499790,36350.0,5339000000.0,38000.0,38000.0,35800.0,146548.0,1283000000.0
094800,7760.0,441000000.0,7850.0,7850.0,7670.0,56644.0,
456610,59090.0,3310000000.0,,,,,
298050,159400.0,1811000000.0,162300.0,163000.0,157800.0,11350.0,660000000.0
367760,61260.0,9407000000.0,,,,,
003850,8260.0,2678000000.0,8150.0,8960.0,8100.0,318190.0,2537000000.0
434730,60255.0,37550000000.0,,,,,
462330,976.0,44421000000.0,,,,,
0127P0,10580.0,813000000.0,,,,,
580058,53910.0,0.0,,,,,
329750,12855.0,4309000000.0,,,,,
290130,48925.0,6295000000.0,,,,,
364980,10020.0,14355000000.0,,,,,
090460,20150.0,16987000000.0,19770.0,20250.0,19400.0,856436.0,22405000000.0
495850,32625.0,1861000000.0,,,,,
488080,37555.0,212357000000.0,,,,,
458760,10625.0,3986000000.0,,,,,
314250,64860.0,4245000000.0,,,,,
371460,9420.0,823000000.0,,,,,
064960,25450.0,1825000000.0,25700.0,25850.0,25150.0,71901.0,482000000.0
0101N0,21405.0,12446000000.0,,,,,
268280,134600.0,139000000.0,130500.0,134600.0,128800.0,1068.0,30000000.0
293940,5550.0,658000000.0,5530.0,5580.0,5460.0,119035.0,
0167B0,12110.0,7695000000.0,,,,,
102970,17835.0,12862000000.0,,,,,
482730,11605.0,6470000000.0,,,,,
0091P0,18425.0,87353000000.0,,,,,
002960,508000.0,408000000.0,506000.0,508000.0,502000.0,810.0,94000000.0
069260,16150.0,499000000.0,16120.0,16310.0,16090.0,30931.0,70000000.0
0148J0,9720.0,29349000000.0,,,,,
456040,73500.0,1573000000.0,75100.0,75600.0,73000.0,21330.0,789000000.0
005880,2025.0,1933000000.0,2035.0,2050.0,2010.0,954612.0,
0007F0,10185.0,324000000.0,,,,,
017940,93500.0,861000000.0,94400.0,95400.0,91600.0,9340.0,172000000.0
434060,16835.0,1635000000.0,,,,,
001570,9900.0,0.0,0.0,0.0,0.0,0.0,
491010,24955.0,5778000000.0,,,,,
000400,2030.0,392000000.0,2060.0,2090.0,2010.0,192663.0,
006650,96800.0,4531000000.0,97300.0,97300.0,94600.0,47317.0,1942000000.0000002
248070,13130.0,2275000000.0,12820.0,13340.0,12820.0,173315.0,814000000.0
093050,21450.0,303000000.0,21650.0,21850.0,21200.0,14152.0,64000000.0
138540,48245.0,6900000000.0,,,,,
000640,93000.0,1166000000.0,94000.0,94600.0,92500.0,12502.0,48000000.0
0015B0,19385.0,10476000000.0,,,,,
001060,26600.0,746000000.0,27150.0,27250.0,26600.0,27887.0,575000000.0
383800,8110.0,565000000.0,8000.0,8130.0,8000.0,69893.0,121000000.0
001680,17820.0,723000000.0,17810.0,17840.0,17630.0,40804.0,209000000.0
317450,42050.0,181000000.0,42400.0,42700.0,42000.0,4311.0,206000000.0
002840,136200.0,173000000.0,137200.0,137600.0,135000.0,1274.0,7000000.000000001
079900,42000.0,3147000000.0,42050.0,42775.0,41650.0,74501.0,5307000000.0
453340,18750.0,421000000.0,19480.0,19480.0,18710.0,22309.0,77000000.0
014820,21000.0,535000000.0,21100.0,21350.0,20850.0,25474.0,115999999.99999999
277630,73080.0,10656000000.0,,,,,
489250,12490.0,8300000000.0,,,,,
251600,15330.0,4096000000.0,,,,,
00088K,40400.0,421000000.0,39600.0,40550.0,39600.0,10476.0,
017900,10200.0,43144000000.0,10570.0,10815.0,10060.0,4146535.0,
484790,8175.0,1393000000.0,,,,,
108320,36050.0,1847000000.0,36400.0,36900.0,36050.0,50747.0,834000000.0
466950,31675.0,9296000000.0,,,,,
423920,86345.0,32578000000.0,,,,,
491620,10580.0,6477000000.0,,,,,
033240,26800.0,2635000000.0,28200.0,28300.0,26600.0,97047.0,1508000000.0
449190,22925.0,14776000000.0,,,,,
0019K0,13395.0,4528000000.0,,,,,
075580,10060.0,812000000.0,10280.0,10280.0,10060.0,80343.0,635000000.0
025540,56400.0,856000000.0,57000.0,57000.0,55800.0,15167.0,148000000.0
192650,8530.0,19666000000.0,8200.0,8690.0,8100.0,2327569.0,
016380,5610.0,726000000.0,5640.0,5680.0,5580.0,129389.0,
451000,107165.0,59000000.0,,,,,
396520,13550.0,8089000000.0,,,,,
477050,53605.0,1014000000.0,,,,,
0220W0,6550.0,10076000000.0,6450.0,6760.0,6300.0,1541452.0,
494670,21650.0,7332000000.0,,,,,
114090,8880.0,580000000.0,8960.0,8980.0,8880.0,65140.0,223000000.0
336370,7820.0,1255000000.0,7990.0,8030.0,7680.0,161323.0,652000000.0
002350,5590.0,562000000.0,5540.0,5640.0,5510.0,101019.0,
003300,17600.0,221000000.0,18100.0,18100.0,17400.0,12662.0,44000000.0
005810,37500.0,394000000.0,37550.0,37650.0,37000.0,10544.0,127000000.0
00104K,127800.0,357000000.0,126600.0,127800.0,125000.0,2812.0,
001510,2335.0,7860000000.0,2430.0,2485.0,2315.0,3290177.0,
371160,6585.0,1191000000.0,,,,,
455030,11665.0,2235000000.0,,,,,
284740,23800.0,218000000.0,23950.0,24150.0,23550.0,9149.0,50000000.0
178920,18160.0,733000000.0,18850.0,18890.0,18060.0,39939.0,311000000.0
0105E0,12870.0,2498000000.0,,,,,
001270,51100.0,52000000.0,51600.0,51900.0,51000.0,1020.0,20000000.0
058650,130300.0,116000000.0,129500.0,130500.0,128500.0,903.0,
452260,2720.0,2564000000.0,2715.0,2750.0,2680.0,944865.0,
315960,79570.0,3740000000.0,,,,,
001530,25350.0,786000000.0,25650.0,25850.0,24800.0,30937.0,244000000.0
007700,13350.0,136000000.0,13410.0,13600.0,13310.0,10211.0,24000000.0
004710,9810.0,6538000000.0,10000.0,10380.0,9800.0,653517.0,
009410,1629.0,217000000.0,1654.0,1670.0,1625.0,133050.0,
361580,63650.0,13594000000.0,,,,,
462010,4730.0,7837000000.0,,,,,
365780,81895.0,520000000.0,,,,,
444200,46035.0,2307000000.0,,,,,
003620,2515.0,1470000000.0,2600.0,2600.0,2510.0,578984.0,
435420,14140.0,4469000000.0,,,,,
496080,32630.0,6519000000.0,,,,,
438330,115330.0,694000000.0,,,,,
463250,33460.0,6417000000.0,,,,,
003545,20400.0,316000000.0,20300.0,20450.0,20250.0,15557.0,
114260,61630.0,606000000.0,,,,,
496020,52575.0,182000000.0,,,,,
251350,38660.0,1511000000.0,,,,,
448290,17975.0,1736000000.0,,,,,
002990,13230.0,23959000000.0,13500.0,14190.0,13100.0,1770251.0,
460860,9930.0,1036000000.0,10150.0,10180.0,9500.0,103789.0,423000000.00000006
484870,17830.0,1561000000.0,18270.0,18330.0,17830.0,86586.0,745000000.0
161000,10030.0,1104000000.0,10120.0,10190.0,9940.0,110163.0,1979000000.0
476800,4210.0,1640000000.0,,,,,
001500,7870.0,370000000.0,7970.0,8040.0,7860.0,46524.0,252000000.0
019170,9270.0,1200000000.0,9370.0,9430.0,9260.0,128682.0,1475000000.0
0163Y0,9715.0,5409000000.0,,,,,
029460,43450.0,1452000000.0,44650.0,44900.0,42800.0,33319.0,1092000000.0
377740,4670.0,194000000.0,4665.0,4695.0,4595.0,41999.0,
483280,12025.0,2729000000.0,,,,,
004690,130500.0,381000000.0,130900.0,130900.0,129600.0,2932.0,69000000.0
145990,45800.0,348000000.0,46300.0,46300.0,45000.0,7667.0,31000000.0
039130,30450.0,659000000.0,30400.0,30750.0,30300.0,21717.0,397000000.0
0190C0,7740.0,5162000000.0,,,,,
490490,10715.0,2606000000.0,,,,,
008060,14630.0,1510000000.0,14500.0,14920.0,14280.0,103018.0,490000000.00000006
243880,352010.0,52546000000.0,,,,,
010780,15370.0,872000000.0,15340.0,15650.0,15290.0,56648.0,167000000.0
002240,16810.0,262000000.0,16990.0,16990.0,16710.0,15639.0,103000000.0
451060,35870.0,4796000000.0,,,,,
499660,1002670.0,22088000000.0,,,,,
000070,58100.0,334000000.0,58200.0,58600.0,57700.0,5766.0,101000000.0
471230,103050.0,2434000000.0,,,,,
005250,9520.0,310000000.0,9650.0,9660.0,9460.0,32601.0,181000000.0
003030,107500.0,1355000000.0,109900.0,109900.0,105600.0,12650.0,180000000.0
471990,26530.0,34405000000.0,,,,,
090435,42050.0,1948000000.0,42750.0,42850.0,41500.0,45968.0,
249420,14010.0,1789000000.0,14190.0,14350.0,13960.0,126795.0,1788000000.0
293180,112180.0,2431000000.0,,,,,
447770,13890.0,2148000000.0,,,,,
016610,10330.0,240000000.0,10400.0,10460.0,10250.0,23218.0,105000000.0
004700,65800.0,24000000.0,67900.0,67900.0,65800.0,362.0,9000000.0
448730,4795.0,1527000000.0,5000.0,5080.0,4795.0,312089.0,
002030,212000.0,315000000.0,218500.0,218500.0,210000.0,1488.0,28999999.999999996
034310,11850.0,365000000.0,11920.0,12180.0,11680.0,30994.0,41000000.0
009900,8280.0,2715000000.0,8700.0,8700.0,8260.0,322546.0,4076000000.0
005945,23000.0,662000000.0,23150.0,23250.0,22750.0,28758.0,
760013,86800.0,993000000.0,,,,,
003280,1801.0,3434000000.0,1791.0,1805.0,1767.0,1924758.0,
385560,50015.0,1333000000.0,,,,,
474220,15180.0,2384000000.0,,,,,
448300,23675.0,2568000000.0,,,,,
020000,19920.0,6961000000.0,19070.0,20200.0,18910.0,349739.0,2714000000.0
130660,13070.0,9123000000.0,12950.0,13500.0,12780.0,693376.0,
0016X0,51510.0,21000000.0,,,,,
0023A0,24215.0,5276000000.0,,,,,
0162M0,10050.0,42000000.0,,,,,
072710,89700.0,134000000.0,90300.0,90300.0,89400.0,1498.0,56999999.99999999
357120,4235.0,293000000.0,4100.0,4235.0,4100.0,70899.0,
271940,11310.0,476000000.0,11440.0,11450.0,11050.0,42136.0,275000000.0
0210A0,7640.0,26869000000.0,,,,,
426020,32135.0,3673000000.0,,,,,
001200,4200.0,1437000000.0,4200.0,4275.0,4155.0,340464.0,
092230,96300.0,268000000.0,95800.0,97800.0,95800.0,2781.0,38000000.0
302450,72640.0,5937000000.0,,,,,
014830,60100.0,488000000.0,60900.0,60900.0,59800.0,8117.0,204000000.0
403550,10680.0,131000000.0,10840.0,11000.0,10670.0,12191.0,31000000.0
005389,174500.0,969000000.0,172100.0,175800.0,172100.0,5556.0,
0173Y0,11215.0,12995000000.0,,,,,
306200,142700.0,683000000.0,145200.0,146900.0,141600.0,4779.0,240000000.0
148070,103820.0,1107000000.0,,,,,
385720,25950.0,1329000000.0,,,,,
480260,53875.0,136000000.0,,,,,
002810,21450.0,116000000.0,21500.0,21500.0,21250.0,5441.0,23000000.0
0060H0,12580.0,1717000000.0,,,,,
016590,9800.0,100000000.0,9780.0,9900.0,9660.0,10286.0,36000000.0
015360,14470.0,73000000.0,14490.0,14530.0,14430.0,5095.0,39000000.0
241180,34440.0,632000000.0,,,,,
473290,10895.0,622000000.0,,,,,
001940,27600.0,115000000.0,26750.0,27600.0,26400.0,4354.0,12000000.0
317400,10070.0,7424000000.0,9800.0,10290.0,9680.0,740260.0,
005420,10120.0,735000000.0,10360.0,10430.0,10060.0,72300.0,335000000.0
003000,3935.0,691000000.0,4020.0,4045.0,3935.0,173431.0,
520054,192555.0,215000000.0,,,,,
476760,8745.0,4533000000.0,,,,,
194370,13150.0,382000000.0,12670.0,13150.0,12670.0,29576.0,67000000.00000001
029530,39150.0,122000000.0,39000.0,39200.0,38500.0,3145.0,7000000.000000001
458250,34465.0,1499000000.0,,,,,
484880,23240.0,8873000000.0,,,,,
183190,10500.0,145000000.0,10700.0,10720.0,10460.0,13900.0,84000000.0
344820,23500.0,343000000.0,23950.0,23950.0,23200.0,14666.0,143000000.0
474590,48100.0,5336000000.0,,,,,
385550,114330.0,3916000000.0,,,,,
0046A0,9405.0,11114000000.0,,,,,
439860,113530.0,4000000.0,,,,,
092790,14250.0,14868000000.0,13900.0,14750.0,13760.0,1037257.0,
089590,4585.0,2045000000.0,4365.0,4680.0,4340.0,452495.0,
245710,28635.0,278000000.0,,,,,
469070,11000.0,2430000000.0,,,,,
031430,10510.0,247000000.0,10480.0,10520.0,10400.0,23680.0,115999999.99999999
310960,65345.0,2621000000.0,,,,,
126560,3350.0,126000000.0,3365.0,3375.0,3345.0,37580.0,
132030,24200.0,1538000000.0,,,,,
0040Y0,8080.0,2549000000.0,,,,,
006220,9630.0,613000000.0,9670.0,9740.0,9600.0,63441.0,
008730,14570.0,800000000.0,15000.0,15180.0,14560.0,54353.0,287000000.0
027410,3765.0,148000000.0,3720.0,3765.0,3710.0,39873.0,
091180,25435.0,2742000000.0,,,,,
0131V0,10980.0,2633000000.0,,,,,
000157,400500.0,243000000.0,400000.0,403500.0,390500.0,611.0,
0080G0,10165.0,11727000000.0,,,,,
02826K,240000.0,1262000000.0,247000.0,247000.0,235000.0,5278.0,
950210,5860.0,137000000.0,5830.0,6000.0,5750.0,23463.0,
217590,14610.0,13785000000.0,14560.0,14970.0,14200.0,947905.0,
0144L0,9630.0,1480000000.0,,,,,
0167Z0,7710.0,7279000000.0,,,,,
060980,38950.0,852000000.0,40000.0,40000.0,38650.0,21853.0,157000000.0
0120G0,46900.0,962000000.0,48400.0,48900.0,46800.0,20215.0,897000000.0000001
0094M0,17470.0,11434000000.0,,,,,
104700,9560.0,125000000.0,9430.0,9560.0,9380.0,13281.0,27000000.0
442570,17480.0,2315000000.0,,,,,
007690,37500.0,209000000.0,37850.0,38350.0,37300.0,5586.0,73000000.0
0182R0,11095.0,21071000000.0,,,,,
0026S0,12775.0,4275000000.0,,,,,
279530,17410.0,3041000000.0,,,,,
006405,213000.0,751000000.0,215500.0,219000.0,212000.0,3505.0,
015860,6980.0,739000000.0,6920.0,7030.0,6880.0,106460.0,
105630,8600.0,331000000.0,8770.0,8770.0,8590.0,38457.0,112000000.00000001
011760,25950.0,655000000.0,26200.0,26350.0,25650.0,25253.0,272000000.0
003350,15060.0,12460000000.0,15300.0,16120.0,14830.0,810178.0,
012030,1696.0,1416000000.0,1635.0,1720.0,1635.0,845915.0,
472170,14135.0,1647000000.0,,,,,
0043Y0,19750.0,1780000000.0,,,,,
170900,34850.0,254000000.0,35450.0,35500.0,34850.0,7240.0,41000000.0
005610,39050.0,69000000.0,39300.0,39850.0,39000.0,1783.0,18000000.0
011930,16560.0,2237000000.0,16990.0,17130.0,16510.0,132664.0,
017810,8810.0,126000000.0,8880.0,8930.0,8750.0,14256.0,53000000.0
570090,55840.0,0.0,,,,,
0052D0,15355.0,1590000000.0,,,,,
001230,2125.0,935000000.0,2200.0,2205.0,2100.0,438324.0,
456880,11960.0,1537000000.0,,,,,
002310,8350.0,399000000.0,8350.0,8370.0,8160.0,48466.0,
385510,37845.0,1286000000.0,,,,,
448630,15290.0,1247000000.0,,,,,
462900,12440.0,7659000000.0,,,,,
270810,13855.0,2760000000.0,,,,,
0052S0,11460.0,2716000000.0,,,,,
024720,9420.0,134000000.0,9650.0,9650.0,9160.0,14353.0,50000000.0
453810,11135.0,887000000.0,,,,,
145720,37300.0,263000000.0,37500.0,37900.0,37300.0,7011.0,95000000.0
009290,6400.0,1086000000.0,6400.0,6420.0,6200.0,171525.0,
010955,79100.0,1648000000.0,75700.0,81000.0,74600.0,21062.0,
485540,15660.0,4337000000.0,,,,,
096760,4275.0,235000000.0,4360.0,4430.0,4270.0,54737.0,
097520,18160.0,779000000.0,18470.0,18690.0,18160.0,42422.0,99000000.0
381970,6380.0,170000000.0,6350.0,6400.0,6330.0,26817.0,82000000.0
000430,5020.0,521000000.0,5090.0,5090.0,4980.0,103453.0,
272450,5960.0,866000000.0,5840.0,6070.0,5840.0,144307.0,
002710,11860.0,2214000000.0,11630.0,11890.0,11490.0,188914.0,2028000000.0
126720,21650.0,369000000.0,21750.0,21750.0,21400.0,17118.0,231999999.99999997
010820,6340.0,2580000000.0,6440.0,6460.0,6200.0,409209.0,
0111P0,10800.0,2169000000.0,,,,,
009160,4720.0,209000000.0,4730.0,4775.0,4675.0,44120.0,
002020,23900.0,469000000.0,24500.0,24600.0,23800.0,19492.0,256999999.99999997
025860,6190.0,1519000000.0,6130.0,6250.0,6100.0,244860.0,
026890,7900.0,319000000.0,7560.0,7930.0,7560.0,40863.0,93000000.0
475300,23330.0,26739000000.0,,,,,
481190,17305.0,5086000000.0,,,,,
454780,99540.0,3000000.0,,,,,
010580,2710.0,5051000000.0,2785.0,2920.0,2625.0,1823850.0,
0008S0,9535.0,3349000000.0,,,,,
0098F0,16985.0,43030000000.0,,,,,
433330,21865.0,1099000000.0,,,,,
483320,25575.0,12392000000.0,,,,,
123890,2430.0,381000000.0,2440.0,2460.0,2425.0,156607.0,
570022,59440.0,6000000.0,,,,,
190620,102115.0,1964000000.0,,,,,
091170,16710.0,10497000000.0,,,,,
200880,10970.0,261000000.0,11080.0,11150.0,10850.0,23874.0,179000000.0
108670,32900.0,407000000.0,33000.0,33500.0,32875.0,12310.0,241000000.0
489030,6290.0,7201000000.0,,,,,
471780,38175.0,9015000000.0,,,,,
105840,14550.0,6766000000.0,14890.0,14890.0,14360.0,463619.0,
018250,11080.0,80000000.0,11110.0,11170.0,11020.0,7234.0,
0038A0,15420.0,1650000000.0,,,,,
034830,1154.0,217000000.0,1164.0,1167.0,1147.0,189093.0,
497880,50140.0,5090000000.0,,,,,
003120,21850.0,8000000.0,22350.0,22350.0,21700.0,385.0,13000000.0
001750,19180.0,177000000.0,19260.0,19460.0,19170.0,9177.0,86000000.0
475080,7970.0,1156000000.0,,,,,
244920,12720.0,677000000.0,13000.0,13280.0,12520.0,52978.0,
004310,8950.0,16512000000.0,9350.0,9370.0,8840.0,1822035.0,
016800,24850.0,17000000.0,25850.0,25850.0,24850.0,682.0,9000000.0
136340,103960.0,38000000.0,,,,,
441680,10830.0,865000000.0,,,,,
005720,5410.0,122000000.0,5660.0,5660.0,5410.0,22290.0,
084690,7760.0,238000000.0,7810.0,7890.0,7740.0,30652.0,94000000.0
033270,17650.0,648000000.0,17770.0,17950.0,17540.0,36709.0,110000000.00000001
001390,4225.0,346000000.0,4290.0,4300.0,4205.0,81394.0,
461490,14580.0,571000000.0,,,,,
273140,114565.0,605000000.0,,,,,
0094K0,99515.0,1387000000.0,,,,,
122900,8340.0,105000000.0,8370.0,8370.0,8300.0,12704.0,
005950,10590.0,2605000000.0,10790.0,11140.0,10580.0,241187.0,
020120,7510.0,6269000000.0,8110.0,8270.0,7080.0,824592.0,
058430,4620.0,721000000.0,4710.0,4745.0,4620.0,154103.0,
002900,6690.0,1027000000.0,6700.0,6820.0,6620.0,153222.0,
439870,86700.0,199000000.0,,,,,
084010,7990.0,99000000.0,8150.0,8150.0,7980.0,12428.0,28999999.999999996
473330,7800.0,2378000000.0,,,,,
307520,22305.0,5798000000.0,,,,,
453870,10900.0,442000000.0,,,,,
421320,28285.0,1500000000.0,,,,,
004430,11310.0,815000000.0,11410.0,11490.0,11300.0,71840.0,
017390,54700.0,243000000.0,54600.0,54800.0,54200.0,4475.0,131000000.0
0183V0,12025.0,11906000000.0,,,,,
471040,29860.0,644000000.0,,,,,
286940,17810.0,143000000.0,17910.0,18180.0,17570.0,8103.0,69000000.0
409820,21230.0,3505000000.0,,,,,
213610,22535.0,1304000000.0,,,,,
423170,59995.0,1734000000.0,,,,,
078520,10660.0,759000000.0,10670.0,10960.0,10600.0,70576.0,216000000.0
486830,53400.0,39000000.0,,,,,
123320,115475.0,15962000000.0,,,,,
091810,2600.0,188000000.0,2550.0,2630.0,2505.0,72885.0,
0162Y0,7730.0,3298000000.0,,,,,
037710,34500.0,504000000.0,34800.0,34950.0,34250.0,14601.0,359000000.0
010690,7510.0,1229000000.0,7600.0,7770.0,7500.0,161615.0,
005430,82500.0,349000000.0,81100.0,83200.0,80300.0,4254.0,
0228G0,10385.0,5058000000.0,,,,,
196230,117040.0,117000000.0,,,,,
004360,13480.0,92000000.0,13400.0,13490.0,13340.0,6895.0,50000000.0
139230,13135.0,1033000000.0,,,,,
003200,11100.0,767000000.0,11470.0,11480.0,10980.0,68685.0,320000000.0
483340,22630.0,2145000000.0,,,,,
005680,12680.0,309000000.0,12700.0,12830.0,12530.0,24382.0,
472920,98035.0,5000000.0,,,,,
388420,28595.0,1380000000.0,,,,,
334890,3610.0,175000000.0,3615.0,3655.0,3590.0,48691.0,
495230,31870.0,1289000000.0,,,,,
0232A0,100295.0,1000000.0,,,,,
298690,1526.0,93000000.0,1495.0,1539.0,1495.0,61275.0,
448540,26630.0,599000000.0,,,,,
364970,6630.0,4346000000.0,,,,,
228790,4250.0,15265000000.0,,,,,
283580,14925.0,2069000000.0,,,,,
007160,49250.0,28000000.0,49500.0,49500.0,48850.0,587.0,12000000.0
432320,1633.0,974000000.0,1670.0,1688.0,1610.0,595327.0,
005500,18460.0,305000000.0,18550.0,18610.0,18440.0,16552.0,107000000.0
0053L0,9120.0,1980000000.0,,,,,
493810,11485.0,1299000000.0,,,,,
136490,10290.0,563000000.0,10110.0,10310.0,10090.0,55256.0,
001790,2835.0,222000000.0,2830.0,2850.0,2810.0,78585.0,
053690,22300.0,5108000000.0,22500.0,23200.0,21550.0,228666.0,
003960,26600.0,68000000.0,26800.0,27050.0,26500.0,2585.0,31000000.0
044820,25200.0,326000000.0,25350.0,25900.0,24700.0,12819.0,
0182S0,12900.0,4300000000.0,,,,,
003920,42500.0,415000000.0,42850.0,43250.0,41950.0,9777.0,18000000.0
363580,58005.0,3488000000.0,,,,,
404990,3875.0,139000000.0,3880.0,3880.0,3805.0,36291.0,
472160,19705.0,11097000000.0,,,,,
008490,20300.0,231000000.0,20100.0,20550.0,19980.0,11447.0,75000000.0
030210,3850.0,126000000.0,3860.0,3890.0,3835.0,32761.0,
025000,56500.0,234000000.0,56400.0,56900.0,56000.0,4138.0,
003070,9210.0,59000000.0,9430.0,9430.0,9210.0,6475.0,
363570,86070.0,156000000.0,,,,,
348950,1182.0,0.0,0.0,0.0,0.0,0.0,
433500,61155.0,6154000000.0,,,,,
000680,2930.0,78000000.0,2955.0,2990.0,2930.0,26659.0,
329650,13985.0,670000000.0,,,,,
226320,10510.0,117000000.0,10750.0,10760.0,10480.0,11087.0,90000000.0
117700,7300.0,25872000000.0,,,,,
0092C0,50300.0,0.0,,,,,
001470,5820.0,0.0,0.0,0.0,0.0,0.0,
044450,10060.0,553000000.0,10070.0,10090.0,9930.0,55424.0,
005010,4020.0,2008000000.0,4050.0,4180.0,3980.0,491516.0,
001460,36100.0,117000000.0,36800.0,36800.0,35400.0,3299.0,42000000.0
0089D0,13480.0,1800000000.0,,,,,
452360,13200.0,1614000000.0,,,,,
035510,16050.0,2591000000.0,15500.0,16100.0,15400.0,164289.0,
478150,18205.0,739000000.0,,,,,
000540,3465.0,96000000.0,3515.0,3520.0,3420.0,28065.0,
498270,14765.0,825000000.0,,,,,
437080,95975.0,950000000.0,,,,,
0030R0,3710.0,26000000.0,3710.0,3750.0,3710.0,7188.0,
000490,7670.0,782000000.0,7740.0,7840.0,7650.0,100938.0,
009680,10160.0,121000000.0,10150.0,10190.0,10080.0,11968.0,187000000.0
134380,10030.0,109000000.0,10150.0,10150.0,10020.0,10894.0,
034120,11880.0,37000000.0,11960.0,11960.0,11830.0,3163.0,13000000.0
0104N0,21390.0,3221000000.0,,,,,
458260,45875.0,686000000.0,,,,,
002320,14170.0,364000000.0,14570.0,14600.0,14160.0,25559.0,125000000.0
442320,35065.0,430000000.0,,,,,
0151S0,16090.0,8649000000.0,,,,,
003650,126100.0,190000000.0,127600.0,129500.0,125900.0,1502.0,
000050,7990.0,202000000.0,7990.0,8050.0,7920.0,25495.0,
003720,6440.0,608000000.0,6500.0,6640.0,6380.0,93568.0,
488980,52230.0,0.0,,,,,
001340,4840.0,450000000.0,4925.0,5010.0,4830.0,92077.0,
422420,6620.0,740000000.0,,,,,
092200,5570.0,1018000000.0,5850.0,5860.0,5550.0,179020.0,
03473K,382500.0,232000000.0,389000.0,389000.0,380500.0,606.0,
271050,1720.0,7667000000.0,,,,,
475560,14560.0,189000000.0,14740.0,14940.0,14550.0,12935.0,
500029,21565.0,24000000.0,,,,,
157500,12115.0,6424000000.0,,,,,
0233J0,10745.0,7623000000.0,,,,,
028100,19110.0,773000000.0,19430.0,19430.0,18900.0,40432.0,
266160,33750.0,640000000.0,,,,,
900140,1107.0,158000000.0,1110.0,1115.0,1102.0,142789.0,
017860,12110.0,691000000.0,11800.0,12120.0,11680.0,58007.0,
305080,11860.0,907000000.0,,,,,
332930,146890.0,25000000.0,,,,,
033920,7460.0,97000000.0,7500.0,7600.0,7430.0,13013.0,
490090,16220.0,3679000000.0,,,,,
001250,2555.0,457000000.0,2565.0,2605.0,2550.0,177863.0,
0119H0,9910.0,424000000.0,,,,,
267770,87720.0,8289000000.0,,,,,
000320,15800.0,109000000.0,16290.0,16290.0,15730.0,6904.0,33000000.0
088260,3280.0,118000000.0,3280.0,3320.0,3265.0,36239.0,
051905,99000.0,1733000000.0,98800.0,99500.0,96600.0,17588.0,
000650,144500.0,162000000.0,146800.0,148300.0,144400.0,1118.0,
486450,18840.0,996000000.0,,,,,
003555,68300.0,564000000.0,67600.0,69500.0,66700.0,8274.0,
035150,10390.0,280000000.0,10460.0,10610.0,10280.0,27073.0,35000000.0
520094,102495.0,8000000.0,,,,,
013580,22900.0,958000000.0,23150.0,23300.0,22500.0,41875.0,
011500,12990.0,331000000.0,13270.0,13350.0,12980.0,25240.0,
0005A0,9335.0,4053000000.0,,,,,
244580,7750.0,2407000000.0,,,,,
000480,4285.0,22000000.0,4310.0,4310.0,4260.0,5234.0,
004980,8100.0,354000000.0,8290.0,8290.0,8090.0,43494.0,312000000.0
463050,11080.0,1332000000.0,,,,,
377190,2235.0,177000000.0,2290.0,2290.0,2235.0,79025.0,
530145,11605.0,1079000000.0,,,,,
0069M0,13700.0,4965000000.0,,,,,
005960,8580.0,281000000.0,8680.0,8750.0,8560.0,32531.0,
298000,51900.0,496000000.0,52400.0,52900.0,51600.0,9501.0,
037270,3080.0,272000000.0,3095.0,3145.0,3065.0,87776.0,
002420,6290.0,155000000.0,6070.0,6430.0,6020.0,24887.0,
100250,3065.0,53000000.0,3090.0,3090.0,3050.0,17427.0,
480040,14400.0,2296000000.0,,,,,
495060,28715.0,1139000000.0,,,,,
0093A0,35390.0,7294000000.0,,,,,
039570,7490.0,33000000.0,7500.0,7500.0,7450.0,4479.0,
0115D0,7520.0,4081000000.0,,,,,
302190,49870.0,88000000.0,,,,,
0204D0,5690.0,3551000000.0,,,,,
530104,193125.0,206000000.0,,,,,
117580,7010.0,823000000.0,7070.0,7140.0,6970.0,117259.0,
500069,192735.0,7000000.0,,,,,
433980,15820.0,533000000.0,,,,,
500099,19210.0,7000000.0,,,,,
495550,33405.0,662000000.0,,,,,
000390,7060.0,654000000.0,7160.0,7230.0,7030.0,92016.0,
0047A0,12650.0,683000000.0,,,,,
414780,13820.0,5630000000.0,,,,,
339770,3805.0,71000000.0,3805.0,3815.0,3770.0,18757.0,
053210,4000.0,87000000.0,4020.0,4020.0,3980.0,22053.0,
0082V0,11280.0,720000000.0,,,,,
095570,4170.0,410000000.0,4180.0,4220.0,4145.0,97970.0,
004560,12510.0,504000000.0,12800.0,12950.0,12510.0,39690.0,
494330,32965.0,1157000000.0,,,,,
0005G0,54430.0,1460000000.0,,,,,
001630,37450.0,90000000.0,37700.0,37900.0,37400.0,2400.0,31000000.0
003547,19510.0,83000000.0,19640.0,19770.0,19500.0,4289.0,
0091C0,9385.0,499000000.0,,,,,
016580,10070.0,413000000.0,9950.0,10190.0,9940.0,41073.0,
466930,23600.0,3642000000.0,,,,,
003520,1019.0,588000000.0,1023.0,1042.0,998.0,578439.0,
102460,10010.0,109000000.0,9920.0,10090.0,9920.0,10953.0,
015230,6830.0,292000000.0,6790.0,6850.0,6750.0,42854.0,
473460,24205.0,1597000000.0,,,,,
077500,8540.0,4179000000.0,8390.0,8880.0,8320.0,483503.0,
001130,10910.0,197000000.0,11020.0,11570.0,10860.0,18137.0,37000000.0
0192Z0,100870.0,605000000.0,,,,,
128820,4055.0,239000000.0,4030.0,4075.0,4015.0,59177.0,
261260,5495.0,1771000000.0,,,,,
003610,5690.0,412000000.0,5670.0,5700.0,5590.0,73176.0,
429000,12745.0,1804000000.0,,,,,
033530,6710.0,142000000.0,6720.0,6790.0,6670.0,21286.0,
102260,3570.0,259000000.0,3580.0,3635.0,3545.0,72538.0,
332500,75340.0,1756000000.0,,,,,
000140,7780.0,42000000.0,7900.0,8020.0,7780.0,5402.0,
480020,10065.0,2137000000.0,,,,,
487570,48200.0,48000000.0,48000.0,48300.0,47550.0,1007.0,
122090,84300.0,2850000000.0,,,,,
0190G0,9440.0,2959000000.0,,,,,
213500,7480.0,183000000.0,7550.0,7580.0,7470.0,24455.0,
494220,50470.0,3882000000.0,,,,,
025560,6320.0,2431000000.0,6210.0,6590.0,6170.0,380932.0,
520098,29240.0,374000000.0,,,,,
003220,7810.0,241000000.0,7860.0,7980.0,7760.0,30854.0,149000000.0
002100,8970.0,143000000.0,8990.0,9040.0,8960.0,16016.0,
000700,6710.0,149000000.0,6620.0,6760.0,6580.0,22308.0,
0099L0,99510.0,76000000.0,,,,,
483290,9970.0,4211000000.0,,,,,
000300,4200.0,0.0,0.0,0.0,0.0,0.0,
0040X0,9370.0,1674000000.0,,,,,
009470,26200.0,2716000000.0,27450.0,27900.0,25500.0,100725.0,
234080,10940.0,91000000.0,10940.0,10990.0,10890.0,8416.0,
403790,58970.0,122000000.0,,,,,
016450,4310.0,43000000.0,4350.0,4350.0,4290.0,10209.0,
007860,7310.0,237000000.0,7310.0,7400.0,7220.0,32533.0,
000520,7910.0,760000000.0,8200.0,8400.0,7880.0,95161.0,
461950,4785.0,2808000000.0,,,,,
412570,1164.0,5554000000.0,,,,,
233160,7490.0,10465000000.0,,,,,
003460,2980.0,253000000.0,3000.0,3005.0,2975.0,84882.0,
002150,5010.0,111000000.0,5110.0,5110.0,5000.0,22127.0,
337160,49150.0,546000000.0,,,,,
490600,8600.0,3892000000.0,,,,,
013890,7510.0,115000000.0,7270.0,7530.0,7220.0,15623.0,55000000.00000001
014710,9560.0,92000000.0,9790.0,9890.0,9480.0,9604.0,
472870,6770.0,1721000000.0,,,,,
241590,2700.0,162000000.0,2770.0,2780.0,2650.0,60477.0,
491820,44795.0,4920000000.0,,,,,
0193G0,8630.0,2374000000.0,,,,,
480030,9645.0,951000000.0,,,,,
237370,15575.0,791000000.0,,,,,
200250,20410.0,330000000.0,,,,,
101530,5530.0,0.0,0.0,0.0,0.0,0.0,
000860,12330.0,41000000.0,12500.0,12500.0,12210.0,3349.0,
006805,11910.0,254000000.0,11790.0,12330.0,11790.0,20984.0,
002170,53400.0,41000000.0,54500.0,54500.0,53100.0,773.0,
460850,5340.0,149000000.0,5310.0,5370.0,5290.0,28075.0,
0064K0,12260.0,1255000000.0,,,,,
160580,16430.0,1122000000.0,,,,,
488720,48555.0,21000000.0,,,,,
530134,1766.0,5999000000.0,,,,,
152870,112985.0,1063000000.0,,,,,
272560,114930.0,587000000.0,,,,,
004380,7590.0,182000000.0,7630.0,7890.0,7480.0,23895.0,
570051,31175.0,99000000.0,,,,,
090350,7730.0,161000000.0,7790.0,7860.0,7730.0,20747.0,
394670,10525.0,129000000.0,,,,,
400760,2795.0,187000000.0,2825.0,2835.0,2765.0,67488.0,
0180V0,8055.0,1927000000.0,,,,,
00279K,21550.0,18000000.0,21700.0,21700.0,21300.0,872.0,
0005D0,14425.0,5789000000.0,,,,,
0051G0,12180.0,1565000000.0,,,,,
219480,33485.0,312000000.0,,,,,
011785,49750.0,433000000.0,51000.0,51000.0,49750.0,8677.0,
000970,6590.0,48000000.0,6630.0,6630.0,6530.0,7414.0,
0151P0,15120.0,1122000000.0,,,,,
462520,12600.0,169000000.0,12670.0,12790.0,12000.0,13419.0,
354500,14070.0,1170000000.0,,,,,
138520,36900.0,526000000.0,,,,,
007570,7810.0,72000000.0,7890.0,8060.0,7810.0,9190.0,
458210,110825.0,20000000.0,,,,,
001780,1537.0,1014000000.0,1551.0,1578.0,1528.0,661015.0,
001045,65800.0,151000000.0,66500.0,66500.0,65400.0,2300.0,
550089,148630.0,2000000.0,,,,,
003830,111700.0,2000000.0,110600.0,111700.0,110600.0,22.0,
004090,11590.0,1420000000.0,11390.0,11640.0,11390.0,123182.0,
438560,100275.0,166000000.0,,,,,
0153K0,12180.0,1577000000.0,,,,,
097955,110000.0,691000000.0,110800.0,111700.0,108400.0,6333.0,
0104H0,11960.0,960000000.0,,,,,
700023,145900.0,0.0,,,,,
271980,9920.0,78000000.0,10000.0,10100.0,9840.0,7892.0,
016880,1824.0,125000000.0,1840.0,1845.0,1779.0,69429.0,
272550,9670.0,83000000.0,9760.0,9770.0,9560.0,8651.0,
0127M0,12125.0,1402000000.0,,,,,
491610,105070.0,516000000.0,,,,,
293480,8150.0,105000000.0,8230.0,8230.0,8100.0,12955.0,
464240,52060.0,5000000.0,,,,,
025820,4310.0,331000000.0,4310.0,4370.0,4285.0,76676.0,
004970,8980.0,66000000.0,9150.0,9190.0,8980.0,7369.0,
481180,16645.0,1856000000.0,,,,,
530136,14310.0,351000000.0,,,,,
071840,6060.0,44000000.0,6100.0,6110.0,5990.0,7362.0,
0048K0,7970.0,2129000000.0,,,,,
004150,3460.0,96000000.0,3465.0,3515.0,3450.0,27646.0,
498180,93330.0,0.0,,,,,
003480,4750.0,72000000.0,4710.0,4760.0,4695.0,15320.0,
107590,60400.0,2000000.0,61700.0,61700.0,60300.0,44.0,
0041E0,16265.0,5061000000.0,,,,,
245340,34450.0,1407000000.0,,,,,
0199C0,9255.0,5805000000.0,,,,,
000020,5000.0,357000000.0,5010.0,5050.0,4965.0,71629.0,
471760,15095.0,22466000000.0,,,,,
495330,32385.0,231000000.0,,,,,
0092B0,16740.0,3701000000.0,,,,,
094280,12010.0,38000000.0,11980.0,12070.0,11960.0,3174.0,
139220,8220.0,3674000000.0,,,,,
015890,4745.0,61000000.0,4780.0,4815.0,4740.0,12813.0,
0131W0,102290.0,1026000000.0,,,,,
008350,1067.0,706000000.0,1057.0,1072.0,1056.0,663825.0,
143860,34480.0,383000000.0,,,,,
760007,34165.0,2000000.0,,,,,
451530,34555.0,435000000.0,,,,,
004080,14650.0,72000000.0,14770.0,14770.0,14630.0,4958.0,
476030,17380.0,636000000.0,,,,,
500037,67745.0,3000000.0,,,,,
007540,47000.0,1054000000.0,47300.0,47750.0,46200.0,22421.0,
570050,26650.0,0.0,,,,,
012610,3185.0,308000000.0,3200.0,3235.0,3170.0,96370.0,
001080,3770.0,40000000.0,3870.0,3870.0,3740.0,10803.0,
520066,21980.0,343000000.0,,,,,
004960,11340.0,149000000.0,11370.0,11370.0,11080.0,13342.0,
463680,22810.0,438000000.0,,,,,
024090,11500.0,22000000.0,11590.0,11640.0,11460.0,1928.0,
014280,4460.0,4997000000.0,4405.0,4920.0,4405.0,1084285.0,
476450,52880.0,68000000.0,,,,,
0091M0,10160.0,6000000.0,,,,,
081000,9160.0,235000000.0,9310.0,9370.0,9160.0,25470.0,
411420,27370.0,1693000000.0,,,,,
304660,7210.0,564000000.0,,,,,
018470,5120.0,291000000.0,5110.0,5140.0,5010.0,57476.0,
461500,104980.0,6000000.0,,,,,
325010,44385.0,651000000.0,,,,,
009270,1121.0,272000000.0,1113.0,1137.0,1113.0,243081.0,
570106,51150.0,1000000.0,,,,,
214390,5340.0,91000000.0,5420.0,5480.0,5300.0,17193.0,
457990,33130.0,5320000000.0,,,,,
001210,10140.0,16141000000.0,10520.0,10720.0,10100.0,1563303.0,
003010,9980.0,4738000000.0,10270.0,10890.0,9890.0,454279.0,
267290,21500.0,150000000.0,21750.0,21750.0,21400.0,7003.0,
448100,115105.0,888000000.0,,,,,
463290,109430.0,189000000.0,,,,,
192090,12190.0,160000000.0,,,,,
0123G0,6095.0,1222000000.0,,,,,
0074K0,16990.0,980000000.0,,,,,
447620,16020.0,804000000.0,,,,,
002210,1292.0,127000000.0,1336.0,1336.0,1290.0,97596.0,
001520,1161.0,3227000000.0,1216.0,1238.0,1159.0,2712056.0,
009070,4120.0,392000000.0,4160.0,4195.0,4110.0,94645.0,
0000Y0,102050.0,12000000.0,,,,,
350520,3345.0,44000000.0,3420.0,3425.0,3335.0,13148.0,
001360,1308.0,212000000.0,1336.0,1348.0,1297.0,161219.0,
210540,11150.0,90000000.0,11120.0,11220.0,11120.0,8113.0,
011690,3350.0,270000000.0,3360.0,3435.0,3265.0,80556.0,
760011,7930.0,4000000.0,,,,,
078000,13270.0,23000000.0,13340.0,13540.0,13270.0,1772.0,
114820,104870.0,1760000000.0,,,,,
013520,2445.0,331000000.0,2465.0,2495.0,2430.0,135742.0,
005800,13580.0,129000000.0,13580.0,13600.0,13510.0,9578.0,
328370,39380.0,222000000.0,,,,,
002620,7640.0,2000000.0,7730.0,7730.0,7520.0,283.0,
438570,97765.0,32000000.0,,,,,
006060,2205.0,193000000.0,2225.0,2240.0,2195.0,87562.0,
008970,1170.0,1569000000.0,1155.0,1209.0,1139.0,1334778.0,
037560,1567.0,154000000.0,1589.0,1589.0,1500.0,99702.0,
0184L0,100600.0,0.0,,,,,
089470,3795.0,113000000.0,3800.0,3800.0,3745.0,30094.0,
469170,5920.0,2343000000.0,,,,,
332940,50240.0,107000000.0,,,,,
214420,5010.0,129000000.0,5050.0,5110.0,5010.0,25695.0,
092220,2995.0,2316000000.0,3255.0,3255.0,2995.0,759592.0,
550092,120035.0,2000000.0,,,,,
0181B0,9840.0,4616000000.0,,,,,
491230,52597.0,98000000.0,,,,,
399110,20640.0,309000000.0,,,,,
227840,12920.0,134000000.0,12930.0,12930.0,12740.0,10463.0,
377990,23735.0,1587000000.0,,,,,
182480,13290.0,180000000.0,,,,,
319640,25325.0,231000000.0,,,,,
251340,2425.0,49516000000.0,,,,,
034590,26400.0,20000000.0,26300.0,26700.0,26200.0,794.0,
017550,1847.0,360000000.0,1810.0,1870.0,1810.0,195096.0,
002390,8370.0,23000000.0,8330.0,8500.0,8300.0,2809.0,
0085P0,9520.0,3169000000.0,,,,,
0209D0,7880.0,6370000000.0,,,,,
367770,22255.0,278000000.0,,,,,
016740,3995.0,84000000.0,3960.0,4015.0,3960.0,21110.0,
326240,44960.0,182000000.0,,,,,
014530,3275.0,359000000.0,3320.0,3320.0,3240.0,109710.0,
304940,33475.0,339000000.0,,,,,
079430,5640.0,61000000.0,5660.0,5730.0,5610.0,10926.0,
016710,7050.0,10000000.0,7030.0,7060.0,6960.0,1567.0,
570116,56710.0,22000000.0,,,,,
37550L,53700.0,127000000.0,53300.0,53700.0,52300.0,2400.0,
009580,1815.0,22601000000.0,1632.0,2120.0,1630.0,11677828.0,
0168K0,5385.0,7159000000.0,,,,,
015590,2110.0,264000000.0,2215.0,2285.0,2100.0,118777.0,
0036R0,20020.0,275000000.0,,,,,
023450,32000.0,12000000.0,32650.0,32650.0,31800.0,378.0,
004100,3050.0,1885000000.0,2925.0,3075.0,2895.0,624574.0,
0000J0,27950.0,1844000000.0,,,,,
002460,11000.0,55000000.0,11000.0,11350.0,10920.0,5029.0,
008040,7910.0,126000000.0,7540.0,7910.0,7130.0,16895.0,
0135Y0,100280.0,4000000.0,,,,,
083420,4625.0,96000000.0,4720.0,4720.0,4620.0,20780.0,
0191W0,100745.0,0.0,,,,,
488500,12220.0,854000000.0,,,,,
266370,71150.0,4848000000.0,,,,,
372330,6565.0,1013000000.0,,,,,
011810,3530.0,0.0,0.0,0.0,0.0,0.0,
309230,29705.0,335000000.0,,,,,
0162L0,13640.0,12265000000.0,,,,,
013570,4145.0,109000000.0,4190.0,4190.0,4105.0,26412.0,
476850,22220.0,2996000000.0,,,,,
0174B0,14750.0,1907000000.0,,,,,
0132K0,7970.0,800000000.0,,,,,
496090,32670.0,3000000.0,,,,,
0221V0,100675.0,101000000.0,,,,,
0138Y0,9650.0,1552000000.0,,,,,
530055,107000.0,15000000.0,,,,,
500050,53500.0,1000000.0,,,,,
464930,20560.0,342000000.0,,,,,
012800,1173.0,404000000.0,1171.0,1187.0,1165.0,344136.0,
0193M0,50370.0,0.0,,,,,
530061,35405.0,272000000.0,,,,,
570019,7080.0,5000000.0,,,,,
530107,1765.0,35117000000.0,,,,,
168580,33810.0,43000000.0,,,,,
120030,83800.0,35000000.0,84000.0,84000.0,82700.0,431.0,
078935,59200.0,272000000.0,59800.0,60000.0,58500.0,4626.0,
464310,13495.0,273000000.0,,,,,
0080Y0,8280.0,3017000000.0,,,,,
014580,3810.0,100000000.0,3805.0,3815.0,3740.0,26595.0,
455860,4340.0,940000000.0,,,,,
012320,44200.0,261000000.0,44200.0,44600.0,43950.0,5923.0,
021820,10430.0,39000000.0,10560.0,10560.0,10390.0,3771.0,
465610,43400.0,302000000.0,,,,,
027970,2735.0,60000000.0,2745.0,2745.0,2680.0,22441.0,
458030,55140.0,7000000.0,,,,,
012200,3820.0,3163000000.0,3845.0,4300.0,3780.0,788521.0,
004250,2830.0,18000000.0,2870.0,2870.0,2830.0,6672.0,
203780,34570.0,698000000.0,,,,,
0137V0,11540.0,1404000000.0,,,,,
123690,6390.0,218000000.0,6350.0,6460.0,6350.0,34101.0,
0176E0,9715.0,242000000.0,,,,,
035000,6320.0,64000000.0,6340.0,6350.0,6300.0,10220.0,
010100,3360.0,194000000.0,3370.0,3420.0,3345.0,57549.0,
006660,12570.0,2375000000.0,13250.0,13550.0,12520.0,181543.0,
0122W0,51080.0,40000000.0,,,,,
610037,7265.0,0.0,,,,,
267850,9160.0,78000000.0,9080.0,9220.0,9060.0,8623.0,
248170,22250.0,589000000.0,22550.0,22650.0,22150.0,26375.0,
119650,918.0,0.0,0.0,0.0,0.0,0.0,
0177X0,9805.0,3042000000.0,,,,,
394660,15315.0,44000000.0,,,,,
475050,6750.0,2674000000.0,,,,,
002450,1093.0,114000000.0,1095.0,1100.0,1081.0,105334.0,
011280,1396.0,470000000.0,1444.0,1475.0,1302.0,342444.0,
0142D0,10570.0,2527000000.0,,,,,
0008T0,17390.0,14302000000.0,,,,,
002780,6750.0,261000000.0,6830.0,6860.0,6750.0,38423.0,
114100,105765.0,2702000000.0,,,,,
013700,1621.0,295000000.0,1661.0,1687.0,1617.0,180266.0,
264900,7730.0,56000000.0,7800.0,7810.0,7700.0,7345.0,
417310,2385.0,385000000.0,2395.0,2395.0,2380.0,161902.0,
580039,192600.0,101000000.0,,,,,
070960,1998.0,111000000.0,1876.0,2035.0,1876.0,56435.0,
008700,1246.0,282000000.0,1258.0,1270.0,1191.0,227743.0,
195980,15640.0,198000000.0,,,,,
475280,10735.0,0.0,,,,,
486240,30665.0,31000000.0,,,,,
433970,13945.0,418000000.0,,,,,
473440,10860.0,9000000.0,,,,,
002200,2815.0,86000000.0,2825.0,2845.0,2800.0,30793.0,
067830,2295.0,219000000.0,2280.0,2320.0,2280.0,95407.0,
014440,4695.0,21000000.0,4710.0,4710.0,4675.0,4551.0,
0035T0,19350.0,456000000.0,,,,,
032560,5510.0,57000000.0,5510.0,5550.0,5440.0,10426.0,
008260,3275.0,85000000.0,3340.0,3340.0,3255.0,25943.0,
479620,27135.0,2462000000.0,,,,,
007210,1430.0,76000000.0,1424.0,1430.0,1416.0,53641.0,
454320,43370.0,35000000.0,,,,,
363280,2045.0,36000000.0,2055.0,2055.0,1997.0,17963.0,
014790,2450.0,36000000.0,2515.0,2515.0,2450.0,14788.0,
298770,84235.0,3008000000.0,,,,,
308620,11155.0,516000000.0,,,,,
453080,23680.0,402000000.0,,,,,
036580,2505.0,46000000.0,2560.0,2560.0,2470.0,18799.0,
143850,78200.0,99000000.0,,,,,
325020,29605.0,94000000.0,,,,,
006840,6890.0,20000000.0,7130.0,7130.0,6770.0,2889.0,
269540,30400.0,146000000.0,,,,,
0197X0,5580.0,100687000000.0,,,,,
211900,28000.0,149000000.0,,,,,
0052T0,50780.0,30000000.0,,,,,
261270,8225.0,887000000.0,,,,,
001275,30100.0,7000000.0,30450.0,30450.0,30050.0,247.0,
0066W0,12420.0,684000000.0,,,,,
0007N0,112500.0,9000000.0,,,,,
019180,4990.0,441000000.0,5020.0,5080.0,4965.0,87967.0,
444490,20095.0,346000000.0,,,,,
468380,10660.0,1031000000.0,,,,,
610064,55130.0,0.0,,,,,
001290,4060.0,175000000.0,4100.0,4160.0,3995.0,43189.0,
495040,32445.0,78000000.0,,,,,
329670,21765.0,183000000.0,,,,,
023000,2190.0,20000000.0,2205.0,2230.0,2185.0,9420.0,
058850,2100.0,247000000.0,2130.0,2130.0,2065.0,118072.0,
33626K,6480.0,132000000.0,6530.0,6600.0,6420.0,20469.0,
004140,1783.0,106000000.0,1800.0,1810.0,1771.0,59328.0,
096775,68400.0,85000000.0,67500.0,69500.0,67500.0,1253.0,
025620,4690.0,31000000.0,4785.0,4785.0,4685.0,6598.0,
058860,2450.0,65000000.0,2450.0,2470.0,2425.0,26606.0,
460960,10840.0,2121000000.0,,,,,
453330,18370.0,553000000.0,,,,,
004890,34800.0,10000000.0,35300.0,35300.0,34750.0,315.0,
000850,38150.0,205000000.0,38650.0,39350.0,37900.0,5340.0,
359210,36475.0,246000000.0,,,,,
475310,28810.0,13910000000.0,,,,,
469060,36285.0,1484000000.0,,,,,
329660,17705.0,223000000.0,,,,,
485690,22780.0,1032000000.0,,,,,
461460,51150.0,4000000.0,,,,,
006090,8800.0,16000000.0,8910.0,8940.0,8770.0,1910.0,
002600,138000.0,1000000.0,138000.0,138000.0,138000.0,12.0,
139990,2135.0,26000000.0,2085.0,2175.0,2085.0,12448.0,
109070,1550.0,0.0,0.0,0.0,0.0,0.0,
0017Y0,93960.0,2000000.0,,,,,
337140,37025.0,602000000.0,,,,,
007610,4495.0,5604000000.0,4815.0,4935.0,4495.0,1188211.0,
108450,40295.0,149000000.0,,,,,
007980,1712.0,240000000.0,1702.0,1718.0,1699.0,140872.0,
495750,32700.0,2000000.0,,,,,
003580,1579.0,48000000.0,1595.0,1609.0,1556.0,30548.0,
023800,5050.0,66000000.0,5070.0,5160.0,5050.0,13063.0,
011700,2455.0,497000000.0,2470.0,2535.0,2445.0,200156.0,
0018C0,10475.0,1031000000.0,,,,,
111380,12990.0,18000000.0,13170.0,13170.0,12830.0,1443.0,
449770,20935.0,612000000.0,,,,,
500096,15905.0,0.0,,,,,
0225V0,12220.0,13871000000.0,,,,,
0198A0,8615.0,6906000000.0,,,,,
550093,39620.0,105000000.0,,,,,
138530,12220.0,1249000000.0,,,,,
002220,2950.0,295000000.0,2950.0,2955.0,2850.0,101495.0,
0057H0,11540.0,853000000.0,,,,,
0049M0,11095.0,408000000.0,,,,,
000590,67700.0,21000000.0,67000.0,68000.0,66900.0,325.0,
365040,37190.0,334000000.0,,,,,
0098N0,12960.0,600000000.0,,,,,
009180,2755.0,32000000.0,2765.0,2770.0,2725.0,11987.0,
005740,5190.0,94000000.0,5180.0,5230.0,5120.0,18229.0,
069730,5350.0,112000000.0,5440.0,5450.0,5320.0,20944.0,
210780,23240.0,439000000.0,,,,,
490480,28270.0,678000000.0,,,,,
004840,3950.0,46000000.0,3990.0,3990.0,3905.0,11912.0,
204480,23295.0,81000000.0,,,,,
007590,5570.0,19000000.0,5590.0,5590.0,5550.0,3465.0,
000105,65700.0,53000000.0,65800.0,66300.0,65400.0,810.0,
084680,532.0,0.0,0.0,0.0,0.0,0.0,
0080X0,10725.0,1720000000.0,,,,,
272910,105835.0,12000000.0,,,,,
013360,1380.0,172000000.0,1389.0,1403.0,1375.0,124445.0,
163560,5360.0,45000000.0,5440.0,5440.0,5360.0,8398.0,
0240J0,10640.0,7922000000.0,,,,,
001260,7560.0,118000000.0,7600.0,7700.0,7470.0,15625.0,
157490,8005.0,497000000.0,,,,,
010960,3075.0,407000000.0,3065.0,3095.0,3040.0,133230.0,
412770,12780.0,198000000.0,,,,,
292190,49330.0,1210000000.0,,,,,
0210E0,7510.0,1926000000.0,,,,,
364960,6165.0,116000000.0,,,,,
570120,14640.0,61000000.0,,,,,
228810,2990.0,842000000.0,,,,,
0238F0,10455.0,6964000000.0,,,,,
001020,2055.0,11000000.0,2085.0,2195.0,2000.0,5489.0,
0102A0,8875.0,912000000.0,,,,,
013870,3815.0,25000000.0,3900.0,3900.0,3800.0,6673.0,
002795,11390.0,306000000.0,11170.0,11450.0,11090.0,26942.0,
0022T0,12735.0,1395000000.0,,,,,
298340,56345.0,331000000.0,,,,,
475350,14325.0,983000000.0,,,,,
005750,4350.0,43000000.0,4460.0,4460.0,4345.0,9911.0,
0098Z0,95850.0,3000000.0,,,,,
441540,26585.0,230000000.0,,,,,
071090,3530.0,22457000000.0,3235.0,3785.0,3225.0,6252648.0,
014160,655.0,0.0,0.0,0.0,0.0,0.0,
055490,14780.0,212000000.0,14780.0,15110.0,14530.0,14462.0,
550091,35325.0,33000000.0,,,,,
338100,3775.0,132000000.0,3820.0,3820.0,3775.0,35123.0,
063160,12840.0,82000000.0,12950.0,13040.0,12730.0,6418.0,
211560,35000.0,563000000.0,,,,,
0190Y0,8685.0,340000000.0,,,,,
473640,33450.0,866000000.0,,,,,
530115,69780.0,210000000.0,,,,,
155660,4355.0,47000000.0,4430.0,4430.0,4310.0,10857.0,
084670,24050.0,329000000.0,24050.0,25150.0,24000.0,13485.0,
120115,25150.0,64000000.0,25550.0,25600.0,25000.0,2581.0,
000180,4970.0,34000000.0,5050.0,5050.0,4965.0,6845.0,
031820,5710.0,140000000.0,5700.0,5770.0,5510.0,24641.0,
530126,34505.0,0.0,,,,,
009770,27600.0,23000000.0,28450.0,28450.0,27600.0,847.0,
491700,114910.0,1000000.0,,,,,
095720,1212.0,13000000.0,1251.0,1251.0,1212.0,10749.0,
024900,2110.0,346000000.0,1983.0,2155.0,1983.0,166719.0,
0233A0,10730.0,4161000000.0,,,,,
000230,5940.0,120000000.0,5950.0,6020.0,5890.0,20227.0,
550084,34225.0,0.0,,,,,
214330,6540.0,298000000.0,6590.0,6670.0,6450.0,45652.0,
0113D0,11890.0,446000000.0,,,,,
002720,3230.0,98000000.0,3245.0,3295.0,3200.0,30567.0,
465330,11130.0,996000000.0,,,,,
130730,103150.0,48000000.0,,,,,
001560,8950.0,9000000.0,8820.0,9100.0,8820.0,1102.0,
228800,2645.0,262000000.0,,,,,
492500,51315.0,14000000.0,,,,,
520095,27100.0,5882000000.0,,,,,
011150,1878.0,52000000.0,1886.0,1907.0,1870.0,28097.0,
530131,22450.0,4000000.0,,,,,
266420,15650.0,243000000.0,,,,,
004770,1893.0,2483000000.0,2025.0,2035.0,1881.0,1272924.0,
433880,18570.0,190000000.0,,,,,
278620,119125.0,2205000000.0,,,,,
079980,1926.0,73000000.0,1932.0,1932.0,1899.0,38725.0,
610066,55165.0,0.0,,,,,
010660,2995.0,93000000.0,3015.0,3055.0,2980.0,30943.0,
007280,2300.0,10000000.0,2350.0,2350.0,2270.0,4689.0,
019680,1637.0,20000000.0,1625.0,1643.0,1612.0,12534.0,
570100,21900.0,74000000.0,,,,,
520081,65595.0,20000000.0,,,,,
085310,8840.0,103000000.0,8900.0,8900.0,8500.0,11891.0,
277640,38560.0,741000000.0,,,,,
004440,5140.0,170000000.0,5250.0,5250.0,5030.0,33393.0,
418670,18930.0,2519000000.0,,,,,
458750,12520.0,671000000.0,,,,,
014990,4300.0,2249000000.0,4080.0,4455.0,4040.0,522573.0,
530067,32240.0,22000000.0,,,,,
010040,1569.0,13000000.0,1564.0,1572.0,1535.0,8841.0,
100220,4945.0,130000000.0,4995.0,5030.0,4945.0,26251.0,
058730,3170.0,765000000.0,3160.0,3235.0,3155.0,239913.0,
306950,80160.0,137000000.0,,,,,
700022,31955.0,0.0,,,,,
261240,14065.0,2689000000.0,,,,,
520080,21275.0,0.0,,,,,
004720,2815.0,49000000.0,2900.0,2900.0,2800.0,17340.0,
252400,106270.0,137000000.0,,,,,
453950,32635.0,1249000000.0,,,,,
002700,926.0,468000000.0,936.0,937.0,919.0,505204.0,
580010,10545.0,0.0,,,,,
0123S0,10200.0,14000000.0,,,,,
210980,3385.0,378000000.0,3395.0,3475.0,3340.0,111834.0,
009200,1503.0,2016000000.0,1442.0,1690.0,1442.0,1285160.0,
292770,58085.0,0.0,,,,,
419890,107535.0,6000000.0,,,,,
520100,12465.0,2105000000.0,,,,,
005870,4410.0,102000000.0,4420.0,4460.0,4350.0,23141.0,
016090,1400.0,33000000.0,1402.0,1406.0,1390.0,24215.0,
017370,3385.0,28000000.0,3400.0,3400.0,3360.0,8378.0,
140700,20635.0,1596000000.0,,,,,
0115E0,14210.0,265000000.0,,,,,
495940,19620.0,65000000.0,,,,,
455660,9355.0,160000000.0,,,,,
068290,6160.0,39000000.0,6210.0,6210.0,6120.0,6352.0,
018500,1316.0,70000000.0,1367.0,1367.0,1314.0,53474.0,
520086,24455.0,244000000.0,,,,,
0166S0,11635.0,326000000.0,,,,,
480370,1876.0,298000000.0,1895.0,1941.0,1847.0,157633.0,
072130,4795.0,155000000.0,4850.0,4850.0,4750.0,32653.0,
520092,30355.0,751000000.0,,,,,
520087,30290.0,1786000000.0,,,,,
0222D0,10325.0,1698000000.0,,,,,
0181L0,7215.0,958000000.0,,,,,
491220,132895.0,49000000.0,,,,,
580082,23905.0,82000000.0,,,,,
760018,9960.0,0.0,,,,,
440640,112835.0,34000000.0,,,,,
453640,13880.0,325000000.0,,,,,
480310,22055.0,1988000000.0,,,,,
004450,27600.0,4000000.0,27600.0,27600.0,26700.0,165.0,
0220WL,2515.0,603000000.0,2475.0,2565.0,2475.0,240096.0,
0040S0,23745.0,183000000.0,,,,,
0172V0,8360.0,925000000.0,,,,,
476750,7325.0,751000000.0,,,,,
760016,59290.0,6000000.0,,,,,
275980,23650.0,67000000.0,,,,,
002760,987.0,64000000.0,987.0,1000.0,987.0,65148.0,
003925,31250.0,115000000.0,30600.0,32200.0,30600.0,3709.0,
000220,3735.0,229000000.0,3785.0,3790.0,3710.0,61255.0,
500071,23450.0,2000000.0,,,,,
520101,11700.0,1075000000.0,,,,,
304780,129430.0,41000000.0,,,,,
610088,58055.0,77000000.0,,,,,
006890,4995.0,109000000.0,5100.0,5100.0,4980.0,21775.0,
225040,68915.0,313000000.0,,,,,
372910,2090.0,941000000.0,2135.0,2155.0,2055.0,447505.0,
001465,26800.0,28000000.0,26900.0,27000.0,26600.0,1055.0,
111110,6340.0,24000000.0,6440.0,6440.0,6340.0,3900.0,
075180,2990.0,89000000.0,2975.0,3025.0,2940.0,30208.0,
000725,54300.0,144000000.0,54000.0,54800.0,53500.0,2662.0,
37550K,27000.0,84000000.0,27100.0,27300.0,26800.0,3114.0,
385590,24600.0,41000000.0,,,,,
580068,56515.0,443000000.0,,,,,
479730,9575.0,150000000.0,,,,,
396690,1425.0,194000000.0,1585.0,1585.0,1418.0,135199.0,
434960,112760.0,144000000.0,,,,,
007815,19000.0,143000000.0,19400.0,21000.0,19000.0,7014.0,
0226A0,11260.0,1998000000.0,,,,,
520057,1778.0,7725000000.0,,,,,
530133,55880.0,280000000.0,,,,,
442560,16430.0,380000000.0,,,,,
0000D0,8910.0,296000000.0,,,,,
700029,55505.0,4000000.0,,,,,
020760,902.0,0.0,0.0,0.0,0.0,0.0,
129260,1861.0,15000000.0,1880.0,1891.0,1858.0,8216.0,
003780,4250.0,153000000.0,4305.0,4360.0,4250.0,35836.0,
580034,110365.0,0.0,,,,,
500093,55175.0,13000000.0,,,,,
002630,1855.0,339000000.0,1936.0,1936.0,1821.0,182014.0,
520089,10990.0,0.0,,,,,
003475,4285.0,42000000.0,4255.0,4315.0,4200.0,9940.0,
001550,10570.0,317000000.0,10450.0,10680.0,10400.0,30162.0,
455960,11945.0,68000000.0,,,,,
006980,17690.0,16000000.0,17830.0,17870.0,17480.0,954.0,
0194T0,9845.0,957000000.0,,,,,
0141S0,8660.0,2046000000.0,,,,,
278240,7660.0,503000000.0,,,,,
401470,9350.0,35000000.0,,,,,
092440,1850.0,234000000.0,1870.0,1891.0,1850.0,126180.0,
025530,3615.0,7000000.0,3660.0,3660.0,3600.0,1974.0,
150460,7340.0,21000000.0,,,,,
378850,2825.0,91000000.0,2855.0,2970.0,2825.0,32186.0,
090080,976.0,89000000.0,976.0,999.0,972.0,90985.0,
530113,53440.0,15000000.0,,,,,
28513K,25250.0,102000000.0,25150.0,26000.0,25050.0,4035.0,
481430,97490.0,486000000.0,,,,,
0041D0,14025.0,2657000000.0,,,,,
002410,1935.0,0.0,0.0,0.0,0.0,0.0,
0113P0,102625.0,9000000.0,,,,,
0046Y0,12355.0,160000000.0,,,,,
580076,26545.0,0.0,,,,,
011390,50200.0,173000000.0,49600.0,51100.0,49300.0,3467.0,
253150,211985.0,1393000000.0,,,,,
0111J0,12170.0,1000000000.0,,,,,
261220,27345.0,2096000000.0,,,,,
0238P0,10160.0,3195000000.0,,,,,
570104,17535.0,0.0,,,,,
0118Z0,8815.0,137000000.0,,,,,
003465,3000.0,1000000.0,2960.0,3090.0,2960.0,467.0,
101280,30455.0,133000000.0,,,,,
530124,52205.0,3000000.0,,,,,
123700,3345.0,36000000.0,3410.0,3410.0,3310.0,10792.0,
275300,30690.0,117000000.0,,,,,
440910,22675.0,216000000.0,,,,,
012690,1418.0,134000000.0,1440.0,1440.0,1404.0,94816.0,
011230,2690.0,758000000.0,2790.0,2840.0,2690.0,275399.0,
360140,23345.0,184000000.0,,,,,
023810,5130.0,73000000.0,5170.0,5260.0,5050.0,14335.0,
152500,46620.0,1399000000.0,,,,,
445150,27700.0,121000000.0,,,,,
006125,41600.0,9000000.0,41600.0,41650.0,41100.0,228.0,
021050,1073.0,134000000.0,1090.0,1100.0,1063.0,124623.0,
010770,3475.0,77000000.0,3500.0,3500.0,3450.0,22346.0,
35320K,24250.0,685000000.0,22500.0,24350.0,22500.0,28780.0,
004830,3240.0,59000000.0,3240.0,3300.0,3240.0,18256.0,
005305,65200.0,15000000.0,65200.0,65200.0,64800.0,234.0,
007460,2030.0,164000000.0,2045.0,2095.0,2000.0,81035.0,
006880,4260.0,92000000.0,4330.0,4330.0,4135.0,21865.0,
520072,16790.0,0.0,,,,,
287180,55955.0,148000000.0,,,,,
000950,29950.0,35000000.0,29850.0,30800.0,29850.0,1179.0,
0185L0,7225.0,283000000.0,,,,,
261070,10820.0,1565000000.0,,,,,
009320,1018.0,270000000.0,974.0,1032.0,952.0,267671.0,
0118S0,10905.0,302000000.0,,,,,
009190,1131.0,0.0,0.0,0.0,0.0,0.0,
475260,10760.0,0.0,,,,,
0139P0,13355.0,212000000.0,,,,,
140950,88065.0,93000000.0,,,,,
0220B0,11310.0,2840000000.0,,,,,
218420,19945.0,1333000000.0,,,,,
292560,7995.0,1275000000.0,,,,,
001620,2190.0,28000000.0,2240.0,2250.0,2180.0,12799.0,
442260,39275.0,88000000.0,,,,,
011000,2670.0,0.0,0.0,0.0,0.0,0.0,
461340,44085.0,166000000.0,,,,,
114470,107240.0,21000000.0,,,,,
002920,1859.0,126000000.0,1851.0,1869.0,1843.0,68288.0,
002140,1930.0,197000000.0,1952.0,1974.0,1930.0,101687.0,
0178H0,10225.0,119000000.0,,,,,
473490,31965.0,144000000.0,,,,,
473590,19965.0,2847000000.0,,,,,
316670,6950.0,2466000000.0,,,,,
004410,1203.0,116000000.0,1197.0,1240.0,1197.0,95743.0,
004920,907.0,0.0,0.0,0.0,0.0,0.0,
305050,72695.0,293000000.0,,,,,
580056,23600.0,0.0,,,,,
0000Z0,8025.0,875000000.0,,,,,
336160,100025.0,13000000.0,,,,,
101140,4670.0,48000000.0,5000.0,5020.0,4600.0,10288.0,
011300,2720.0,2108000000.0,2470.0,2960.0,2385.0,790820.0,
0020H0,22285.0,264000000.0,,,,,
007110,603.0,0.0,0.0,0.0,0.0,0.0,
092780,3545.0,774000000.0,3770.0,3770.0,3475.0,215144.0,
453650,18595.0,301000000.0,,,,,
000910,2975.0,949000000.0,3005.0,3280.0,2965.0,307664.0,
041650,2160.0,12000000.0,2185.0,2190.0,2150.0,5610.0,
069460,2660.0,0.0,0.0,0.0,0.0,0.0,
0086B0,9440.0,168000000.0,,,,,
123310,1088.0,2869000000.0,,,,,
256750,15105.0,60000000.0,,,,,
447430,16190.0,76000000.0,,,,,
375770,25565.0,0.0,,,,,
520056,23005.0,31000000.0,,,,,
357250,1839.0,62000000.0,1877.0,1877.0,1839.0,33567.0,
371470,8700.0,167000000.0,,,,,
610061,22855.0,44000000.0,,,,,
442090,30465.0,26000000.0,,,,,
004540,1223.0,37000000.0,1222.0,1228.0,1200.0,31428.0,
196030,91070.0,9000000.0,,,,,
014910,2065.0,551000000.0,2060.0,2145.0,2000.0,264580.0,
005030,486.0,0.0,0.0,0.0,0.0,0.0,
200030,39890.0,203000000.0,,,,,
084870,2195.0,29000000.0,2185.0,2250.0,2120.0,13759.0,
429760,19485.0,109000000.0,,,,,
074610,5110.0,0.0,0.0,0.0,0.0,0.0,
0141T0,50235.0,100000000.0,,,,,
004910,3500.0,53000000.0,3455.0,3540.0,3445.0,15317.0,
520102,22390.0,32051000000.0,,,,,
003080,2210.0,38000000.0,2220.0,2240.0,2205.0,17226.0,
0132H0,7555.0,598000000.0,,,,,
700027,44175.0,179000000.0,,,,,
0197W0,9705.0,1775000000.0,,,,,
276990,24780.0,164000000.0,,,,,
023350,4000.0,23000000.0,4030.0,4070.0,3980.0,5954.0,
520078,14595.0,2000000.0,,,,,
0194M0,12160.0,730000000.0,,,,,
487130,29915.0,331000000.0,,,,,
004060,2140.0,76000000.0,2135.0,2155.0,2125.0,35724.0,
440650,11390.0,934000000.0,,,,,
008420,2110.0,88000000.0,2110.0,2145.0,2090.0,41985.0,
0089C0,11350.0,190000000.0,,,,,
238720,47805.0,211000000.0,,,,,
002870,1228.0,417000000.0,1243.0,1300.0,1169.0,337947.0,
011330,4280.0,4127000000.0,4070.0,5140.0,4070.0,910860.0,
472830,7720.0,196000000.0,,,,,
610078,35670.0,34000000.0,,,,,
520091,10680.0,100000000.0,,,,,
481850,980.0,19000000.0,989.0,995.0,974.0,20027.0,
026940,2125.0,190000000.0,2140.0,2175.0,2105.0,89238.0,
520074,14130.0,0.0,,,,,
0186S0,8305.0,1733000000.0,,,,,
000215,25100.0,38000000.0,25050.0,25200.0,25000.0,1534.0,
520073,42315.0,6000000.0,,,,,
0207G0,7285.0,2802000000.0,,,,,
0112X0,42185.0,1121000000.0,,,,,
100910,17540.0,42000000.0,,,,,
005320,1227.0,284000000.0,1280.0,1280.0,1190.0,233857.0,
017180,1235.0,134000000.0,1250.0,1254.0,1225.0,108581.0,
570118,10465.0,0.0,,,,,
472840,111315.0,49000000.0,,,,,
0191M0,100805.0,0.0,,,,,
550041,59615.0,0.0,,,,,
476260,13440.0,7846000000.0,,,,,
0189B0,8080.0,937000000.0,,,,,
610038,4155.0,1000000.0,,,,,
610101,41520.0,202000000.0,,,,,
019490,541.0,0.0,0.0,0.0,0.0,0.0,
448570,30590.0,14000000.0,,,,,
009835,16180.0,105000000.0,16480.0,16750.0,16180.0,6441.0,
401170,10555.0,35000000.0,,,,,
047400,979.0,3551000000.0,924.0,1114.0,924.0,3399471.0,
183700,97740.0,513000000.0,,,,,
446070,3855.0,197000000.0,3930.0,3930.0,3820.0,51100.0,
491830,23310.0,3799000000.0,,,,,
139320,18005.0,139000000.0,,,,,
494840,12080.0,178000000.0,,,,,
017040,932.0,0.0,0.0,0.0,0.0,0.0,
475270,10735.0,0.0,,,,,
520099,3100.0,18136000000.0,,,,,
428510,23665.0,431000000.0,,,,,
0192L0,10030.0,540000000.0,,,,,
008870,40100.0,2000000.0,39850.0,40500.0,38500.0,60.0,
322410,22830.0,139000000.0,,,,,
580081,39875.0,11000000.0,,,,,
530143,39790.0,232000000.0,,,,,
570119,39740.0,72000000.0,,,,,
275280,44055.0,86000000.0,,,,,
500095,6605.0,0.0,,,,,
009810,1934.0,3000000.0,1953.0,1953.0,1926.0,1791.0,
520082,13095.0,49000000.0,,,,,
570117,1779.0,805000000.0,,,,,
0007G0,12830.0,161000000.0,,,,,
023960,1028.0,36000000.0,1040.0,1040.0,1001.0,35702.0,
139280,12170.0,203000000.0,,,,,
011420,1410.0,23000000.0,1398.0,1440.0,1398.0,16307.0,
145270,794.0,7000000.0,794.0,800.0,783.0,9895.0,
449690,50800.0,15000000.0,,,,,
134790,18990.0,4000000.0,19060.0,19110.0,18990.0,247.0,
570102,18720.0,2000000.0,,,,,
027740,1179.0,101000000.0,1215.0,1224.0,1172.0,84607.0,
500094,1774.0,597000000.0,,,,,
570103,3715.0,39000000.0,,,,,
352540,10905.0,104000000.0,,,,,
133820,998.0,17000000.0,1021.0,1021.0,992.0,17118.0,
195930,23080.0,241000000.0,,,,,
0234N0,10545.0,3250000000.0,,,,,
469050,33490.0,3331000000.0,,,,,
147970,80070.0,175000000.0,,,,,
760024,8130.0,7000000.0,,,,,
276650,48535.0,10000000.0,,,,,
0100K0,6055.0,2495000000.0,,,,,
049800,1809.0,14000000.0,1807.0,1841.0,1807.0,8250.0,
452250,4650.0,30000000.0,,,,,
570082,1801.0,13000000.0,,,,,
000890,1297.0,286000000.0,1320.0,1323.0,1295.0,219678.0,
450910,13645.0,144000000.0,,,,,
012280,3600.0,113000000.0,3700.0,3795.0,3525.0,31384.0,
464470,46670.0,373000000.0,,,,,
276970,7585.0,28000000.0,,,,,
760005,35645.0,0.0,,,,,
000760,12720.0,2000000.0,12790.0,12850.0,12720.0,227.0,
407830,14840.0,18000000.0,,,,,
400970,7115.0,61000000.0,,,,,
365000,3505.0,156000000.0,,,,,
570029,7075.0,0.0,,,,,
500085,35340.0,0.0,,,,,
009140,22400.0,108000000.0,23000.0,23000.0,21900.0,4876.0,
0154F0,12330.0,125000000.0,,,,,
520079,35115.0,0.0,,,,,
104530,17095.0,151000000.0,,,,,
241390,15875.0,86000000.0,,,,,
0184E0,11205.0,1169000000.0,,,,,
261250,15425.0,4978000000.0,,,,,
0085N0,9620.0,332000000.0,,,,,
530117,34615.0,48000000.0,,,,,
266360,9340.0,164000000.0,,,,,
520077,13795.0,99000000.0,,,,,
491090,18490.0,839000000.0,,,,,
0023B0,16285.0,207000000.0,,,,,
500040,34170.0,0.0,,,,,
013000,1189.0,95000000.0,1168.0,1210.0,1157.0,80503.0,
010640,2040.0,97000000.0,2065.0,2085.0,2000.0,47624.0,
012160,2180.0,10000000.0,2180.0,2210.0,2145.0,4749.0,
051630,1605.0,371000000.0,1588.0,1619.0,1505.0,236845.0,
449780,18875.0,172000000.0,,,,,
004365,9200.0,18000000.0,9200.0,9280.0,9170.0,2049.0,
520075,33935.0,0.0,,,,,
138910,10265.0,554000000.0,,,,,
580077,11270.0,13000000.0,,,,,
510045,22540.0,0.0,,,,,
385520,15665.0,35000000.0,,,,,
008250,3070.0,76000000.0,3080.0,3120.0,3020.0,25214.0,
580069,1817.0,339000000.0,,,,,
143210,1199.0,0.0,0.0,0.0,0.0,0.0,
380340,27960.0,141000000.0,,,,,
105780,16720.0,60000000.0,,,,,
474800,15515.0,1078000000.0,,,,,
610007,6665.0,2682000000.0,,,,,
005820,14500.0,20000000.0,14370.0,14640.0,14370.0,1413.0,
099140,20820.0,172000000.0,,,,,
0083S0,11850.0,539000000.0,,,,,
498860,16450.0,201000000.0,,,,,
465350,16445.0,371000000.0,,,,,
0204S0,7405.0,1655000000.0,,,,,
006370,3030.0,223000000.0,3130.0,3140.0,3000.0,72760.0,
0138T0,9345.0,227000000.0,,,,,
459560,21785.0,52000000.0,,,,,
475070,29665.0,131000000.0,,,,,
0089B0,11215.0,871000000.0,,,,,
090370,1188.0,43000000.0,1162.0,1208.0,1152.0,37198.0,
122260,104225.0,40000000.0,,,,,
002880,3445.0,26000000.0,3405.0,3490.0,3405.0,7749.0,
117460,13495.0,375000000.0,,,,,
009460,2595.0,10000000.0,2585.0,2610.0,2540.0,4027.0,
156080,53195.0,179000000.0,,,,,
530118,10615.0,0.0,,,,,
322400,9650.0,28000000.0,,,,,
275290,35350.0,373000000.0,,,,,
010400,4170.0,44000000.0,4090.0,4170.0,3995.0,11092.0,
174360,22700.0,18000000.0,,,,,
261140,24805.0,321000000.0,,,,,
520096,12675.0,7540000000.0,,,,,
0192M0,12305.0,482000000.0,,,,,
139270,17205.0,192000000.0,,,,,
352560,11845.0,106000000.0,,,,,
217770,1087.0,511000000.0,,,,,
570072,31335.0,0.0,,,,,
494340,20880.0,652000000.0,,,,,
001070,5880.0,7000000.0,5990.0,5990.0,5810.0,1248.0,
459750,17750.0,106000000.0,,,,,
003535,6460.0,148000000.0,6690.0,6780.0,6450.0,22486.0,
570069,31000.0,122000000.0,,,,,
395170,15500.0,160000000.0,,,,,
570127,30940.0,53000000.0,,,,,
153270,85885.0,115000000.0,,,,,
469790,44105.0,104000000.0,,,,,
450190,51410.0,28000000.0,,,,,
0218J0,9165.0,1580000000.0,,,,,
014130,2595.0,23000000.0,2660.0,2660.0,2580.0,9048.0,
426150,50935.0,22000000.0,,,,,
395290,4825.0,206000000.0,,,,,
025750,1901.0,38000000.0,1899.0,1910.0,1885.0,20413.0,
0150K0,10915.0,160000000.0,,,,,
245350,19080.0,22000000.0,,,,,
446690,60985.0,208000000.0,,,,,
024070,1988.0,15000000.0,2030.0,2030.0,1970.0,7877.0,
415920,6470.0,197000000.0,,,,,
227540,18300.0,634000000.0,,,,,
0155N0,7785.0,235000000.0,,,,,
465660,24265.0,425000000.0,,,,,
253250,104580.0,84000000.0,,,,,
256440,4970.0,557000000.0,,,,,
494410,14400.0,406000000.0,,,,,
387270,26025.0,32000000.0,,,,,
025890,2700.0,202000000.0,2680.0,2700.0,2630.0,75417.0,
476690,10010.0,192000000.0,,,,,
117680,12600.0,391000000.0,,,,,
459790,20645.0,1000000.0,,,,,
248270,25780.0,102000000.0,,,,,
088790,2400.0,73000000.0,2460.0,2460.0,2380.0,30570.0,
145850,119140.0,0.0,,,,,
036420,1546.0,34000000.0,1560.0,1569.0,1525.0,22297.0,
468630,10565.0,860000000.0,,,,,
520065,14840.0,0.0,,,,,
500023,14840.0,0.0,,,,,
496770,16445.0,63000000.0,,,,,
261060,25905.0,653000000.0,,,,,
006570,1939.0,25000000.0,1930.0,1946.0,1902.0,13414.0,
530148,29445.0,162000000.0,,,,,
192720,57615.0,65000000.0,,,,,
0192T0,6820.0,3240000000.0,,,,,
500102,14605.0,119000000.0,,,,,
415340,14070.0,884000000.0,,,,,
308170,3380.0,27000000.0,3400.0,3485.0,3345.0,8048.0,
0155M0,6425.0,275000000.0,,,,,
002690,1424.0,28000000.0,1421.0,1450.0,1406.0,20246.0,
0166N0,8245.0,318000000.0,,,,,
500035,14405.0,9000000.0,,,,,
610075,47755.0,12000000.0,,,,,
006740,4800.0,72000000.0,4950.0,5040.0,4730.0,15158.0,
489290,15025.0,110000000.0,,,,,
003680,4580.0,321000000.0,4630.0,4660.0,4560.0,69768.0,
069640,1305.0,38000000.0,1360.0,1421.0,1301.0,28368.0,
271060,9155.0,257000000.0,,,,,
118000,1282.0,16000000.0,1275.0,1310.0,1275.0,12431.0,
0223R0,9695.0,986000000.0,,,,,
0107F0,11060.0,84000000.0,,,,,
0013R0,7815.0,112000000.0,,,,,
223190,28055.0,50000000.0,,,,,
520090,6995.0,276000000.0,,,,,
007120,1023.0,13000000.0,1030.0,1044.0,1017.0,13373.0,
289480,13270.0,333000000.0,,,,,
476070,10460.0,134000000.0,,,,,
520083,27700.0,0.0,,,,,
019175,13910.0,28000000.0,13950.0,14300.0,13860.0,2063.0,
700013,27610.0,0.0,,,,,
580049,13790.0,0.0,,,,,
464920,22955.0,372000000.0,,,,,
610028,27255.0,0.0,,,,,
033250,4250.0,226000000.0,4110.0,4345.0,4110.0,53756.0,
357430,891.0,21000000.0,916.0,916.0,890.0,24401.0,
570047,27140.0,0.0,,,,,
139250,17530.0,379000000.0,,,,,
0049K0,11015.0,158000000.0,,,,,
0137W0,10350.0,35000000.0,,,,,
252710,77.0,4072000000.0,,,,,
530063,26805.0,55000000.0,,,,,
550069,26765.0,0.0,,,,,
760004,9905.0,0.0,,,,,
006345,10150.0,1036000000.0,10230.0,10780.0,10150.0,98820.0,
760026,17720.0,2073000000.0,,,,,
005110,1254.0,0.0,0.0,0.0,0.0,0.0,
167860,91160.0,0.0,,,,,
475380,9975.0,92000000.0,,,,,
001380,1171.0,91000000.0,1187.0,1205.0,1157.0,77474.0,
277540,32905.0,22000000.0,,,,,
0203S0,8620.0,336000000.0,,,,,
440340,11680.0,67000000.0,,,,,
0164G0,12490.0,3085000000.0,,,,,
437350,11900.0,321000000.0,,,,,
0198D0,10335.0,705000000.0,,,,,
003060,1601.0,214000000.0,1625.0,1625.0,1591.0,133993.0,
510044,17320.0,0.0,,,,,
071950,1795.0,78000000.0,1800.0,1827.0,1710.0,44456.0,
0209Z0,7300.0,1472000000.0,,,,,
493420,12275.0,232000000.0,,,,,
580048,12860.0,0.0,,,,,
483570,16025.0,51000000.0,,,,,
002355,3940.0,124000000.0,3945.0,3945.0,3895.0,31736.0,
0047R0,15470.0,373000000.0,,,,,
496120,34030.0,195000000.0,,,,,
0224X0,9815.0,549000000.0,,,,,
023150,4105.0,3000000.0,4225.0,4225.0,4105.0,930.0,
580057,12650.0,0.0,,,,,
004270,5540.0,45000000.0,5460.0,5630.0,5410.0,8342.0,
292500,50420.0,7000000.0,,,,,
0177A0,9690.0,1128000000.0,,,,,
33637K,1490.0,15000000.0,1462.0,1495.0,1462.0,10301.0,
245360,11965.0,73000000.0,,,,,
0152E0,10680.0,31000000.0,,,,,
0115C0,10665.0,307000000.0,,,,,
414270,11605.0,39000000.0,,,,,
610022,8305.0,0.0,,,,,
159800,88640.0,40000000.0,,,,,
292160,49455.0,954000000.0,,,,,
003495,22200.0,190000000.0,21950.0,22450.0,21700.0,8639.0,
610069,16435.0,1090000000.0,,,,,
481340,8355.0,547000000.0,,,,,
006490,1381.0,259000000.0,1534.0,1554.0,1381.0,175368.0,
0103T0,8255.0,405000000.0,,,,,
0097L0,12485.0,16000000.0,,,,,
368190,7605.0,0.0,,,,,
0238C0,10110.0,94000000.0,,,,,
530128,24255.0,40000000.0,,,,,
185680,45575.0,60000000.0,,,,,
295020,61200.0,0.0,,,,,
610001,12110.0,0.0,,,,,
367740,43605.0,53000000.0,,,,,
520093,1996.0,186000000.0,,,,,
030720,5140.0,84000000.0,5040.0,5220.0,5030.0,16550.0,
479850,17675.0,582000000.0,,,,,
364690,39715.0,12000000.0,,,,,
0093D0,18310.0,333000000.0,,,,,
195970,16215.0,84000000.0,,,,,
419430,8425.0,18000000.0,,,,,
002360,2120.0,589000000.0,1801.0,2250.0,1801.0,292485.0,
610089,1963.0,3269000000.0,,,,,
570124,11770.0,0.0,,,,,
225130,46995.0,43000000.0,,,,,
700017,23360.0,52000000.0,,,,,
009310,5330.0,0.0,0.0,0.0,0.0,0.0,
500100,11650.0,12000000.0,,,,,
570081,23300.0,0.0,,,,,
138230,15975.0,63000000.0,,,,,
570115,23110.0,0.0,,,,,
530106,23005.0,29000000.0,,,,,
33626L,7700.0,0.0,7790.0,7790.0,7670.0,112.0,
005360,1213.0,170000000.0,1241.0,1250.0,1213.0,139153.0,
0047P0,14770.0,137000000.0,,,,,
388280,7010.0,25000000.0,,,,,
004870,1009.0,499000000.0,909.0,1069.0,880.0,509856.0,
442550,14725.0,169000000.0,,,,,
610103,22760.0,0.0,,,,,
280930,16220.0,17000000.0,,,,,
580072,11310.0,0.0,,,,,
376410,25100.0,3000000.0,,,,,
0127R0,16720.0,222000000.0,,,,,
375760,25015.0,2000000.0,,,,,
300950,5340.0,314000000.0,,,,,
001420,2950.0,77000000.0,2985.0,3050.0,2905.0,25830.0,
0206G0,7845.0,2059000000.0,,,,,
520047,22335.0,5000000.0,,,,,
108590,111520.0,2000000.0,,,,,
580073,22300.0,88000000.0,,,,,
411540,17065.0,27000000.0,,,,,
0239Z0,11090.0,6516000000.0,,,,,
530119,21930.0,9000000.0,,,,,
461600,8275.0,27000000.0,,,,,
239660,121800.0,50000000.0,,,,,
261120,5470.0,42000000.0,,,,,
580067,10925.0,0.0,,,,,
371450,13990.0,110000000.0,,,,,
433220,29445.0,5000000.0,,,,,
269420,21100.0,64000000.0,,,,,
0186L0,9460.0,317000000.0,,,,,
550087,10875.0,0.0,,,,,
456680,5330.0,86000000.0,,,,,
760012,31000.0,0.0,,,,,
580070,21685.0,34000000.0,,,,,
0065G0,8500.0,148000000.0,,,,,
530138,21665.0,7000000.0,,,,,
447660,13905.0,407000000.0,,,,,
204450,2245.0,71000000.0,,,,,
610047,10765.0,0.0,,,,,
0026E0,11600.0,0.0,,,,,
760028,2650.0,5784000000.0,,,,,
461450,15110.0,53000000.0,,,,,
337120,35210.0,3000000.0,,,,,
0192S0,9590.0,1531000000.0,,,,,
550088,20980.0,0.0,,,,,
438320,4845.0,451000000.0,,,,,
530116,4185.0,375000000.0,,,,,
008775,27800.0,37000000.0,28050.0,28150.0,27800.0,1328.0,
477730,7085.0,18000000.0,,,,,
580071,10430.0,3000000.0,,,,,
0231Z0,10430.0,1005000000.0,,,,,
091220,17375.0,321000000.0,,,,,
464600,23125.0,92000000.0,,,,,
289040,34655.0,1000000.0,,,,,
471460,45090.0,22000000.0,,,,,
463300,12935.0,25000000.0,,,,,
530130,6875.0,162000000.0,,,,,
500091,10295.0,0.0,,,,,
012170,2820.0,125000000.0,3130.0,3140.0,2800.0,43611.0,
226980,22860.0,73000000.0,,,,,
416090,12850.0,200000000.0,,,,,
0190M0,8560.0,204000000.0,,,,,
0067V0,9320.0,135000000.0,,,,,
0239Y0,10250.0,965000000.0,,,,,
152380,64465.0,28000000.0,,,,,
300640,6305.0,31000000.0,,,,,
610087,20490.0,0.0,,,,,
289250,35945.0,349000000.0,,,,,
520106,10230.0,0.0,,,,,
253290,11355.0,81000000.0,,,,,
550085,10205.0,0.0,,,,,
417630,19400.0,6000000.0,,,,,
364990,4525.0,523000000.0,,,,,
469160,23900.0,536000000.0,,,,,
760008,10140.0,0.0,,,,,
0153X0,10915.0,1005000000.0,,,,,
580074,10035.0,0.0,,,,,
0241R0,10030.0,10499000000.0,,,,,
00499K,24900.0,1000000.0,24950.0,24950.0,24800.0,56.0,
489000,9115.0,2143000000.0,,,,,
570122,10015.0,0.0,,,,,
610085,33380.0,3000000.0,,,,,
570125,20025.0,0.0,,,,,
169950,25030.0,18000000.0,,,,,
465670,15990.0,201000000.0,,,,,
520103,9985.0,0.0,,,,,
011090,1683.0,175000000.0,1635.0,1705.0,1530.0,107408.0,
437070,57580.0,94000000.0,,,,,
015020,928.0,0.0,0.0,0.0,0.0,0.0,
000040,1010.0,35000000.0,1064.0,1065.0,1005.0,34430.0,
520104,9920.0,17000000.0,,,,,
610018,9920.0,0.0,,,,,
001685,14440.0,18000000.0,14440.0,14450.0,14290.0,1262.0,
580089,19760.0,100000000.0,,,,,
304770,13915.0,282000000.0,,,,,
404120,24605.0,17000000.0,,,,,
284980,22870.0,101000000.0,,,,,
760021,28095.0,0.0,,,,,
379790,16990.0,103000000.0,,,,,
530132,19530.0,204000000.0,,,,,
520105,9765.0,0.0,,,,,
304760,48715.0,9000000.0,,,,,
530112,19395.0,104000000.0,,,,,
461910,38755.0,33000000.0,,,,,
700012,19310.0,0.0,,,,,
465770,2675.0,747000000.0,2600.0,2730.0,2520.0,281715.0,
760022,9645.0,1000000.0,,,,,
228820,19170.0,482000000.0,,,,,
487950,13210.0,120000000.0,,,,,
183710,95190.0,46000000.0,,,,,
404260,23690.0,8000000.0,,,,,
229720,37815.0,90000000.0,,,,,
213630,20455.0,50000000.0,,,,,
497780,10165.0,403000000.0,,,,,
108675,18180.0,4000000.0,18490.0,18590.0,18140.0,251.0,
0198B0,12570.0,444000000.0,,,,,
0104P0,10940.0,254000000.0,,,,,
276000,20645.0,52000000.0,,,,,
445690,30885.0,1000000.0,,,,,
002070,3855.0,255000000.0,4000.0,4035.0,3800.0,66059.0,
461900,23055.0,36000000.0,,,,,
407310,16705.0,6000000.0,,,,,
445910,20390.0,29000000.0,,,,,
0144M0,6655.0,158000000.0,,,,,
580075,18300.0,0.0,,,,,
610036,18260.0,26000000.0,,,,,
227830,72715.0,110000000.0,,,,,
093240,296.0,313000000.0,305.0,308.0,292.0,1052245.0,
006200,1935.0,21000000.0,1970.0,1990.0,1901.0,11327.0,
381560,17225.0,20000000.0,,,,,
0018Z0,18060.0,70000000.0,,,,,
225060,17035.0,4000000.0,,,,,
610040,18055.0,0.0,,,,,
530140,17980.0,331000000.0,,,,,
500072,1796.0,93000000.0,,,,,
449580,16285.0,149000000.0,,,,,
610003,8950.0,0.0,,,,,
391670,29785.0,14000000.0,,,,,
0223A0,11165.0,1734000000.0,,,,,
580066,8910.0,0.0,,,,,
415760,13080.0,2676000000.0,,,,,
570071,17785.0,0.0,,,,,
292050,50785.0,28000000.0,,,,,
289260,29460.0,155000000.0,,,,,
195920,35270.0,51000000.0,,,,,
008600,2620.0,0.0,0.0,0.0,0.0,0.0,
009440,756.0,0.0,0.0,0.0,0.0,0.0,
530123,17475.0,0.0,,,,,
0105D0,9150.0,448000000.0,,,,,
385600,11555.0,32000000.0,,,,,
468370,10315.0,268000000.0,,,,,
610104,17215.0,60000000.0,,,,,
0086C0,9810.0,53000000.0,,,,,
002820,1423.0,56000000.0,1440.0,1457.0,1389.0,40380.0,
0203R0,50365.0,0.0,,,,,
460660,11305.0,35000000.0,,,,,
474920,18025.0,4000000.0,,,,,
700034,11280.0,101000000.0,,,,,
457690,10445.0,63000000.0,,,,,
550097,16905.0,15000000.0,,,,,
570121,8440.0,0.0,,,,,
483330,15325.0,809000000.0,,,,,
477490,18695.0,2000000.0,,,,,
250730,9870.0,2000000.0,,,,,
610025,16745.0,0.0,,,,,
130680,7965.0,245000000.0,,,,,
419650,5030.0,51000000.0,,,,,
18064K,30950.0,61000000.0,30450.0,31950.0,30150.0,2010.0,
451600,84340.0,0.0,,,,,
0233N0,10900.0,2214000000.0,,,,,
610081,32525.0,0.0,,,,,
332620,86485.0,34000000.0,,,,,
530120,16160.0,2000000.0,,,,,
219390,8050.0,254000000.0,,,,,
131890,39960.0,51000000.0,,,,,
580050,15950.0,0.0,,,,,
265690,8535.0,0.0,,,,,
432840,19600.0,114000000.0,,,,,
494420,8705.0,80000000.0,,,,,
005257,18490.0,0.0,18240.0,18500.0,18240.0,11.0,
413930,28215.0,1000000.0,,,,,
005725,4300.0,0.0,4250.0,4300.0,4250.0,5.0,
760017,22080.0,0.0,,,,,
0207Z0,7175.0,65000000.0,,,,,
0106J0,20525.0,1000000.0,20750.0,20750.0,20525.0,51.0,
530095,15380.0,4000000.0,,,,,
0193K0,13225.0,180000000.0,,,,,
002025,13090.0,73000000.0,13000.0,13090.0,12860.0,5645.0,
0222F0,13205.0,71000000.0,,,,,
491510,17810.0,1000000.0,,,,,
337150,25210.0,6000000.0,,,,,
236350,24370.0,197000000.0,,,,,
114460,99925.0,5000000.0,,,,,
580090,14960.0,0.0,,,,,
484890,52630.0,1036000000.0,,,,,
570126,14930.0,0.0,,,,,
488290,42580.0,314000000.0,,,,,
610039,14855.0,0.0,,,,,
453010,110035.0,134000000.0,,,,,
387280,11580.0,16000000.0,,,,,
0051A0,24460.0,400000000.0,,,,,
570099,14615.0,0.0,,,,,
104520,14580.0,1000000.0,,,,,
580086,14575.0,117000000.0,,,,,
0084E0,10050.0,1000000.0,,,,,
244620,20735.0,11000000.0,,,,,
234310,28630.0,0.0,,,,,
453630,11805.0,538000000.0,,,,,
404650,23555.0,0.0,,,,,
520076,5645.0,34000000.0,,,,,
570105,4695.0,23000000.0,,,,,
024890,1707.0,78000000.0,1696.0,1709.0,1658.0,47023.0,
438900,10820.0,321000000.0,,,,,
000087,12350.0,2000000.0,12350.0,12350.0,12220.0,224.0,
610024,13905.0,0.0,,,,,
530129,13885.0,0.0,,,,,
485810,11540.0,321000000.0,,,,,
496130,25645.0,0.0,,,,,
0153P0,9530.0,42000000.0,,,,,
0088N0,11050.0,48000000.0,,,,,
610035,13770.0,27000000.0,,,,,
373490,24900.0,17000000.0,,,,,
137610,5950.0,69000000.0,,,,,
0090B0,7005.0,130000000.0,,,,,
001795,2100.0,15000000.0,2110.0,2170.0,2095.0,7386.0,
580051,9050.0,6000000.0,,,,,
610062,67805.0,17000000.0,,,,,
570123,6775.0,0.0,,,,,
102960,13530.0,65000000.0,,,,,
0013P0,12295.0,348000000.0,,,,,
580032,27035.0,44000000.0,,,,,
453820,10385.0,23000000.0,,,,,
500024,6745.0,0.0,,,,,
487750,33710.0,348000000.0,,,,,
0127V0,10780.0,51000000.0,,,,,
472720,25900.0,8000000.0,,,,,
417450,15825.0,28000000.0,,,,,
610072,26570.0,0.0,,,,,
500097,13250.0,0.0,,,,,
45226K,4550.0,22000000.0,4595.0,4595.0,4510.0,4944.0,
610080,13155.0,0.0,,,,,
0127T0,10940.0,46000000.0,,,,,
0104G0,5585.0,82000000.0,,,,,
409810,5350.0,432000000.0,,,,,
760023,13015.0,362000000.0,,,,,
580083,25950.0,99000000.0,,,,,
0194R0,9600.0,342000000.0,,,,,
0004G0,8640.0,103000000.0,,,,,
0028X0,11270.0,161000000.0,,,,,
0208N0,7795.0,6000000.0,,,,,
363510,112305.0,0.0,,,,,
760015,6400.0,110000000.0,,,,,
520088,6385.0,0.0,,,,,
279540,21270.0,3000000.0,,,,,
00806K,10520.0,39000000.0,10630.0,10630.0,10460.0,3757.0,
0015F0,10580.0,28000000.0,,,,,
272570,107530.0,28000000.0,,,,,
530137,12675.0,0.0,,,,,
140710,6670.0,223000000.0,,,,,
410870,9000.0,32000000.0,,,,,
166400,25200.0,46000000.0,,,,,
400570,11850.0,67000000.0,,,,,
489860,14770.0,28000000.0,,,,,
610030,12465.0,0.0,,,,,
520046,12460.0,14000000.0,,,,,
0220A0,8870.0,146000000.0,,,,,
610070,24790.0,2000000.0,,,,,
015260,263.0,245000000.0,278.0,278.0,259.0,931180.0,
570074,12390.0,0.0,,,,,
396510,6880.0,38000000.0,,,,,
530092,2475.0,62000000.0,,,,,
300610,5375.0,102000000.0,,,,,
435550,17570.0,28000000.0,,,,,
453060,111635.0,10000000.0,,,,,
145995,33050.0,0.0,33050.0,33050.0,33050.0,20.0,
360150,2980.0,94000000.0,,,,,
610096,12215.0,25000000.0,,,,,
700032,12200.0,32000000.0,,,,,
610071,12190.0,3000000.0,,,,,
004105,3680.0,276000000.0,3455.0,3750.0,3455.0,75151.0,
580080,12100.0,2000000.0,,,,,
140580,24160.0,1000000.0,,,,,
290080,7320.0,381000000.0,,,,,
610020,12050.0,0.0,,,,,
457700,9090.0,36000000.0,,,,,
395760,21810.0,2000000.0,,,,,
570096,11975.0,0.0,,,,,
251590,17065.0,13000000.0,,,,,
084695,13050.0,14000000.0,13090.0,13090.0,13050.0,1137.0,
530121,11905.0,0.0,,,,,
404540,23795.0,1000000.0,,,,,
332610,123100.0,65000000.0,,,,,
520064,5905.0,3000000.0,,,,,
0203D0,9080.0,226000000.0,,,,,
282000,115395.0,0.0,,,,,
530127,11730.0,0.0,,,,,
610093,23280.0,5000000.0,,,,,
580043,23185.0,4000000.0,,,,,
610086,57925.0,0.0,,,,,
428560,15430.0,429000000.0,,,,,
453660,16505.0,311000000.0,,,,,
0000H0,10040.0,6000000.0,,,,,
266410,9575.0,94000000.0,,,,,
435040,19115.0,35000000.0,,,,,
610049,11445.0,0.0,,,,,
269370,16320.0,6000000.0,,,,,
269530,18995.0,31000000.0,,,,,
610045,11390.0,0.0,,,,,
580047,11390.0,11000000.0,,,,,
530139,11370.0,1000000.0,,,,,
0193L0,7985.0,6994000000.0,,,,,
610060,22660.0,0.0,,,,,
354240,10260.0,27000000.0,,,,,
430500,112735.0,9000000.0,,,,,
580052,22465.0,2000000.0,,,,,
00781K,14330.0,169000000.0,14570.0,15690.0,14320.0,11117.0,
550100,11200.0,0.0,,,,,
580088,22390.0,208000000.0,,,,,
407820,6185.0,333000000.0,,,,,
0216Z0,8875.0,384000000.0,,,,,
252650,18470.0,5000000.0,,,,,
448490,52685.0,12000000.0,,,,,
0224D0,10990.0,2325000000.0,,,,,
0002C0,10130.0,3000000.0,,,,,
500086,10935.0,0.0,,,,,
0093B0,12845.0,23000000.0,,,,,
580065,10865.0,0.0,,,,,
610055,21700.0,0.0,,,,,
610102,10790.0,0.0,,,,,
700011,10790.0,2000000.0,,,,,
610074,10730.0,0.0,,,,,
38380K,7310.0,9000000.0,7680.0,7680.0,7300.0,1309.0,
610079,53510.0,0.0,,,,,
0120X0,10095.0,0.0,10095.0,10095.0,10095.0,1.0,
580064,21390.0,0.0,,,,,
610058,21370.0,0.0,,,,,
610051,10680.0,0.0,,,,,
310080,9270.0,9000000.0,,,,,
0227L0,10655.0,684000000.0,,,,,
451150,17140.0,3000000.0,,,,,
446700,10210.0,13000000.0,,,,,
760032,10595.0,0.0,,,,,
280920,23540.0,2000000.0,,,,,
001067,50400.0,0.0,50400.0,50400.0,50400.0,1.0,
419420,8790.0,290000000.0,,,,,
0068M0,11710.0,1000000.0,,,,,
0191S0,14075.0,52000000.0,,,,,
140570,25930.0,1000000.0,,,,,
0189Z0,10360.0,13000000.0,,,,,
464610,6680.0,100000000.0,,,,,
371870,6455.0,4000000.0,,,,,
610056,20600.0,0.0,,,,,
291130,17135.0,5000000.0,,,,,
580059,10265.0,0.0,,,,,
463640,12825.0,47000000.0,,,,,
610057,20450.0,0.0,,,,,
570085,10200.0,31000000.0,,,,,
610106,10200.0,0.0,,,,,
0113G0,11280.0,88000000.0,,,,,
237440,10150.0,11000000.0,,,,,
610076,50745.0,0.0,,,,,
610112,20255.0,0.0,,,,,
385710,10110.0,15000000.0,,,,,
610111,10065.0,0.0,,,,,
700036,2010.0,1840000000.0,,,,,
460270,12380.0,10000000.0,,,,,
580054,20030.0,2000000.0,,,,,
610092,9995.0,0.0,,,,,
610077,9985.0,8000000.0,,,,,
610098,9980.0,0.0,,,,,
610034,9965.0,2000000.0,,,,,
004255,1885.0,2000000.0,1892.0,1892.0,1865.0,1162.0,
463690,18060.0,26000000.0,,,,,
0094L0,7060.0,24000000.0,,,,,
003075,13330.0,2000000.0,13100.0,13370.0,12920.0,171.0,
139240,11220.0,63000000.0,,,,,
181480,82050.0,8000000.0,,,,,
0219B0,12280.0,2995000000.0,,,,,
610082,9745.0,0.0,,,,,
281990,17710.0,20000000.0,,,,,
580087,9725.0,0.0,,,,,
580060,19380.0,0.0,,,,,
0174R0,11375.0,249000000.0,,,,,
610068,9655.0,98000000.0,,,,,
487910,8010.0,9000000.0,,,,,
0120J0,7685.0,60000000.0,,,,,
610105,9605.0,0.0,,,,,
117690,19190.0,117000000.0,,,,,
429010,19150.0,64000000.0,,,,,
482030,9085.0,110000000.0,,,,,
230480,4740.0,12000000.0,,,,,
019685,979.0,34000000.0,989.0,989.0,979.0,34884.0,
0001P0,8480.0,16000000.0,,,,,
700014,9495.0,0.0,,,,,
0194N0,12215.0,190000000.0,,,,,
530064,631.0,36000000.0,,,,,
145210,2240.0,0.0,0.0,0.0,0.0,0.0,
0242S0,10475.0,2019000000.0,,,,,
580035,9365.0,0.0,,,,,
399580,9340.0,62000000.0,,,,,
570107,3730.0,2000000.0,,,,,
580061,9315.0,0.0,,,,,
354350,17860.0,10000000.0,,,,,
461580,15445.0,12000000.0,,,,,
0227K0,9245.0,31000000.0,,,,,
610097,9230.0,0.0,,,,,
341850,4610.0,26000000.0,,,,,
580053,18435.0,1000000.0,,,,,
498050,9685.0,32000000.0,,,,,
001755,19360.0,11000000.0,19290.0,19440.0,19240.0,577.0,
456250,7945.0,59000000.0,,,,,
301400,14035.0,52000000.0,,,,,
700033,9115.0,0.0,,,,,
0084D0,11350.0,0.0,,,,,
580063,18150.0,0.0,,,,,
494180,12955.0,6000000.0,,,,,
266390,15085.0,20000000.0,,,,,
550099,8965.0,54000000.0,,,,,
0067Y0,9950.0,281000000.0,,,,,
0133E0,8490.0,13000000.0,,,,,
760027,4455.0,1504000000.0,,,,,
520097,8900.0,54000000.0,,,,,
105010,6350.0,17000000.0,,,,,
497510,12675.0,12000000.0,,,,,
375270,13650.0,8000000.0,,,,,
610084,8855.0,0.0,,,,,
0216K0,8805.0,249000000.0,,,,,
395150,1831.0,34000000.0,,,,,
0184N0,8720.0,118000000.0,,,,,
252000,19355.0,36000000.0,,,,,
610083,17340.0,2000000.0,,,,,
466810,5780.0,19000000.0,,,,,
500068,12355.0,0.0,,,,,
0226G0,12335.0,27000000.0,,,,,
33637L,2285.0,1000000.0,2305.0,2305.0,2225.0,604.0,
610100,8630.0,23000000.0,,,,,
217780,5560.0,39000000.0,,,,,
215620,15890.0,0.0,,,,,
0008E0,11425.0,71000000.0,,,,,
610059,17105.0,0.0,,,,,
270800,15530.0,43000000.0,,,,,
570094,8535.0,2000000.0,,,,,
435540,17055.0,38000000.0,,,,,
550095,17045.0,0.0,,,,,
449680,9970.0,1000000.0,,,,,
580085,8465.0,2000000.0,,,,,
520085,8465.0,0.0,,,,,
0221Z0,8900.0,52000000.0,,,,,
500101,8445.0,2000000.0,,,,,
429980,16875.0,8000000.0,,,,,
395750,21090.0,0.0,,,,,
610090,8430.0,0.0,,,,,
457930,28080.0,2000000.0,,,,,
610095,8410.0,60000000.0,,,,,
530135,8400.0,0.0,,,,,
371150,6435.0,3000000.0,,,,,
700031,8355.0,2000000.0,,,,,
381570,9825.0,86000000.0,,,,,
497520,12845.0,85000000.0,,,,,
500036,4170.0,0.0,,,,,
0219Z0,10390.0,1255000000.0,,,,,
462340,16530.0,0.0,,,,,
182490,13770.0,3000000.0,,,,,
000225,3640.0,16000000.0,3675.0,3695.0,3625.0,4429.0,
580079,8250.0,19000000.0,,,,,
0226D0,10270.0,55000000.0,,,,,
700035,8210.0,88000000.0,,,,,
0215T0,9055.0,629000000.0,,,,,
395280,3445.0,21000000.0,,,,,
610073,16115.0,0.0,,,,,
760025,11500.0,3000000.0,,,,,
610094,7980.0,7000000.0,,,,,
530114,7970.0,122000000.0,,,,,
0214M0,9340.0,4000000.0,,,,,
570097,7930.0,0.0,,,,,
227550,12390.0,485000000.0,,,,,
174350,20720.0,291000000.0,,,,,
001515,4010.0,7000000.0,4100.0,4115.0,4010.0,1832.0,
480460,9185.0,0.0,,,,,
261110,15550.0,55000000.0,,,,,
189400,25890.0,5000000.0,,,,,
580062,15510.0,0.0,,,,,
438740,34200.0,0.0,,,,,
530142,7690.0,5000000.0,,,,,
530141,7685.0,0.0,,,,,
570114,7605.0,0.0,,,,,
570109,15205.0,0.0,,,,,
285690,21685.0,0.0,,,,,
494210,10820.0,1446000000.0,,,,,
0172Y0,9460.0,26000000.0,,,,,
001065,22100.0,1000000.0,22950.0,22950.0,22100.0,54.0,
487920,7540.0,51000000.0,,,,,
0176P0,13710.0,244000000.0,,,,,
227570,20925.0,15000000.0,,,,,
435530,15025.0,8000000.0,,,,,
304670,12455.0,0.0,,,,,
225800,14640.0,26000000.0,,,,,
0094X0,8290.0,20000000.0,,,,,
139660,8540.0,6000000.0,,,,,
0218K0,10575.0,0.0,,,,,
256450,14775.0,13000000.0,,,,,
437370,10450.0,64000000.0,,,,,
0005C0,11240.0,7000000.0,,,,,
402460,14465.0,1000000.0,,,,,
610099,7220.0,0.0,,,,,
225050,15980.0,2000000.0,,,,,
0138D0,13055.0,46000000.0,,,,,
315270,18880.0,2000000.0,,,,,
510043,7105.0,0.0,,,,,
530056,1771.0,3000000.0,,,,,
253280,11805.0,75000000.0,,,,,
700030,1764.0,87000000.0,,,,,
488480,12815.0,44000000.0,,,,,
570111,35035.0,0.0,,,,,
0082F0,10000.0,1000000.0,,,,,
326230,10900.0,0.0,,,,,
530060,6960.0,0.0,,,,,
610091,13875.0,0.0,,,,,
760006,6925.0,0.0,,,,,
244670,11535.0,0.0,,,,,
400590,13820.0,7000000.0,,,,,
520084,6830.0,0.0,,,,,
500098,6820.0,0.0,,,,,
530122,6815.0,13000000.0,,,,,
580078,6780.0,7000000.0,,,,,
000325,27750.0,0.0,27100.0,27950.0,27100.0,22.0,
250780,2440.0,607000000.0,,,,,
570092,6685.0,0.0,,,,,
450180,10285.0,0.0,,,,,
500067,9490.0,0.0,,,,,
289670,51865.0,12000000.0,,,,,
004985,9000.0,4000000.0,9300.0,9300.0,8970.0,483.0,
0047N0,9450.0,11000000.0,,,,,
0036Z0,12000.0,27000000.0,,,,,
570101,6570.0,1000000.0,,,,,
139290,23460.0,427000000.0,,,,,
176950,60795.0,0.0,,,,,
138920,13095.0,8000000.0,,,,,
456200,59050.0,30000000.0,,,,,
550098,6470.0,173000000.0,,,,,
570095,6445.0,102000000.0,,,,,
570091,6325.0,0.0,,,,,
0191B0,31345.0,224000000.0,,,,,
530096,6180.0,2000000.0,,,,,
316300,12240.0,6000000.0,,,,,
429740,6120.0,3000000.0,,,,,
368680,7645.0,0.0,,,,,
469530,9550.0,18000000.0,,,,,
0166T0,9375.0,3000000.0,,,,,
400580,12155.0,0.0,,,,,
012205,5170.0,64000000.0,5150.0,5310.0,5150.0,12418.0,
570098,6035.0,0.0,,,,,
580084,12065.0,6000000.0,,,,,
760010,8565.0,0.0,,,,,
004835,4290.0,74000000.0,4300.0,4445.0,4150.0,17441.0,
307510,11890.0,48000000.0,,,,,
451670,11875.0,1000000.0,,,,,
044380,427.0,217000000.0,485.0,502.0,427.0,474504.0,
433250,23600.0,0.0,,,,,
0114X0,9000.0,7000000.0,,,,,
0087F0,11635.0,17000000.0,,,,,
483020,8950.0,11000000.0,,,,,
314700,10520.0,5000000.0,,,,,
610023,5775.0,2000000.0,,,,,
0053M0,12790.0,8000000.0,,,,,
407300,10455.0,0.0,,,,,
26490K,7420.0,0.0,7450.0,7450.0,7330.0,24.0,
001770,4700.0,392000000.0,5250.0,5270.0,4700.0,80217.0,
291890,12540.0,72000000.0,,,,,
267450,11285.0,0.0,,,,,
219900,4000.0,8000000.0,,,,,
401590,10970.0,33000000.0,,,,,
0229F0,7950.0,69000000.0,,,,,
220130,6930.0,41000000.0,,,,,
432600,55170.0,0.0,,,,,
570073,5515.0,0.0,,,,,
550096,10995.0,0.0,,,,,
530094,5495.0,0.0,,,,,
470310,18200.0,1000000.0,,,,,
570108,10870.0,0.0,,,,,
499150,10855.0,6000000.0,,,,,
238670,13555.0,20000000.0,,,,,
390400,6775.0,13000000.0,,,,,
0184V0,5155.0,273000000.0,,,,,
510027,1803.0,1000000.0,,,,,
0102X0,8980.0,6000000.0,,,,,
580044,1779.0,171000000.0,,,,,
0015E0,10545.0,16000000.0,,,,,
090355,11350.0,4000000.0,11800.0,11960.0,11350.0,391.0,
413220,4370.0,8000000.0,,,,,
0174J0,8720.0,174000000.0,,,,,
483030,11590.0,18000000.0,,,,,
295000,51005.0,0.0,,,,,
530062,39.0,11000000.0,,,,,
476310,9215.0,10000000.0,,,,,
0132D0,9060.0,10000000.0,,,,,
291630,3435.0,233000000.0,,,,,
0154H0,9035.0,7000000.0,,,,,
002995,17000.0,78000000.0,17290.0,17290.0,16820.0,4613.0,
411860,16280.0,9000000.0,,,,,
0015K0,6935.0,43000000.0,,,,,
0073X0,8800.0,3000000.0,,,,,
760014,6860.0,0.0,,,,,
267440,7995.0,1000000.0,,,,,
490330,13585.0,16000000.0,,,,,
498610,7810.0,0.0,,,,,
474390,40465.0,5000000.0,,,,,
0128D0,6585.0,14000000.0,,,,,
266550,18410.0,0.0,,,,,
391600,10115.0,1000000.0,,,,,
0078V0,9100.0,4000000.0,,,,,
610029,4545.0,17000000.0,,,,,
550070,4535.0,0.0,,,,,
227560,12520.0,366000000.0,,,,,
000545,5790.0,2000000.0,5810.0,5830.0,5790.0,348.0,
488200,12550.0,18000000.0,,,,,
205720,1442.0,17000000.0,,,,,
000145,9190.0,4000000.0,9190.0,9190.0,9190.0,501.0,
530125,4225.0,11000000.0,,,,,
277650,21060.0,3000000.0,,,,,
373790,14945.0,3000000.0,,,,,
0050E0,8235.0,28000000.0,,,,,
334690,5835.0,47000000.0,,,,,
009415,6270.0,2000000.0,6390.0,6390.0,6240.0,378.0,
0131A0,7210.0,185000000.0,,,,,
226380,5660.0,0.0,,,,,
005965,17300.0,1000000.0,17400.0,17400.0,17250.0,94.0,
291680,7785.0,0.0,,,,,
244660,9260.0,0.0,,,,,
225030,2240.0,25000000.0,,,,,
252420,73.0,376000000.0,,,,,
243890,8080.0,404000000.0,,,,,
014825,13310.0,2000000.0,13800.0,13890.0,13310.0,182.0,
500041,700.0,28000000.0,,,,,
427120,5120.0,64000000.0,,,,,
267490,4910.0,0.0,,,,,
007575,7650.0,1000000.0,7680.0,7680.0,7570.0,195.0,
570110,16615.0,0.0,,,,,
570023,664.0,7000000.0,,,,,
0079X0,9430.0,33000000.0,,,,,
36328K,2800.0,8000000.0,2995.0,2995.0,2710.0,2973.0,
014285,5490.0,2000000.0,5450.0,5490.0,5390.0,413.0,
321410,10535.0,0.0,,,,,
005745,5250.0,0.0,5190.0,5300.0,5190.0,137.0,
306530,6840.0,80000000.0,,,,,
454180,7330.0,6000000.0,,,,,
014915,4850.0,6000000.0,4760.0,4850.0,4760.0,1324.0,
491630,4975.0,69000000.0,,,,,
476000,5095.0,2000000.0,,,,,
280940,3455.0,3000000.0,,,,,
145670,1245.0,161000000.0,,,,,
252410,1265.0,30000000.0,,,,,
488210,25860.0,85000000.0,,,,,
000227,7690.0,3000000.0,7870.0,7870.0,7690.0,421.0,
291620,4315.0,30000000.0,,,,,
275750,2460.0,5000000.0,,,,,
253230,70.0,331000000.0,,,,,
580033,4585.0,16000000.0,,,,,
500051,1138.0,0.0,,,,,
001525,8430.0,53000000.0,8510.0,8520.0,8310.0,6311.0,
280320,22110.0,129000000.0,,,,,
008355,7100.0,1000000.0,7100.0,7100.0,6960.0,152.0,
334700,3340.0,0.0,,,,,
500030,57.0,6000000.0,,,,,
700018,1794.0,12000000.0,,,,,
570070,1652.0,0.0,,,,,
253240,1260.0,22000000.0,,,,,
306520,2290.0,68000000.0,,,,,
253160,142.0,219000000.0,,,,,
004545,3305.0,3000000.0,3790.0,3790.0,3305.0,935.0,
011155,5890.0,6000000.0,5730.0,5900.0,5720.0,1035.0,
261920,11550.0,7000000.0,,,,,
500038,1098.0,0.0,,,,,
001527,5180.0,18000000.0,5500.0,5500.0,5090.0,3542.0,
412560,1553.0,18000000.0,,,,,
004415,4305.0,4000000.0,4440.0,4440.0,4305.0,1049.0,
002785,10390.0,11000000.0,10420.0,10420.0,10100.0,1170.0,
465620,6395.0,0.0,,,,,
002787,14120.0,17000000.0,14050.0,14450.0,14050.0,1257.0,
196170,249500.0,63718000000.0,257000.0,257500.0,248500.0,252269.0,61571902000.0
086520,80100.0,24620000000.0,81000.0,81700.0,80000.0,305608.0,20230908000.0
247540,104300.0,27983000000.0,104700.0,106200.0,103400.0,267505.0,11393592000.0
036930,203500.0,172210000000.0,212000.0,213500.0,200500.0,833292.0,
277810,438000.0,25362000000.0,444500.0,453500.0,438000.0,56806.0,19985752000.0
240810,130300.0,163498000000.0,133000.0,134900.0,125600.0,1256365.0,
039030,473500.0,37870000000.0,491000.0,494500.0,473000.0,79200.0,17286380000.0
058470,75000.0,129115000000.0,71300.0,76900.0,70400.0,1735870.0,86644971000.0
222800,148100.0,272360000000.0,138600.0,156600.0,138400.0,1814102.0,255321456000.0
403870,54300.0,65139000000.0,56000.0,56000.0,53600.0,1187439.0,
095340,208000.0,47540000000.0,216000.0,221500.0,205000.0,223548.0,29091467999.999996
108490,300000.0,80961000000.0,308000.0,313500.0,297500.0,264982.0,92243375000.0
028300,31050.0,16904000000.0,31950.0,32150.0,30850.0,536486.0,14824007000.0
000250,162600.0,10008000000.0,162900.0,163800.0,158500.0,62093.0,6708315000.0
319660,130900.0,28516000000.0,138500.0,139200.0,129300.0,214666.0,25696454000.0
440110,72300.0,45472000000.0,68000.0,73000.0,67000.0,638241.0,
084370,149400.0,21951000000.0,144900.0,152800.0,143400.0,147663.0,12920953000.0
031980,158200.0,28317000000.0,172000.0,173200.0,157400.0,174292.0,0.0
214450,324000.0,19112000000.0,328500.0,329500.0,324000.0,58692.0,8074442999.999999
087010,142000.0,34417000000.0,158600.0,158600.0,141700.0,232289.0,22023602000.0
131290,281000.0,26570000000.0,275000.0,282500.0,262500.0,97169.0,0.0
064760,272500.0,9806000000.0,272500.0,282000.0,269000.0,35661.0,3945716000.0
067310,45650.0,170412000000.0,45200.0,47850.0,44100.0,3706701.0,
141080,80200.0,11665000000.0,82200.0,82300.0,79900.0,143782.0,6944441999.999999
095610,148600.0,26112000000.0,151200.0,153800.0,145900.0,173520.0,0.0
298380,51100.0,21943000000.0,53300.0,53400.0,50800.0,422106.0,20815266000.0
010170,17810.0,176345000000.0,18230.0,18750.0,17500.0,9843793.0,
310210,146700.0,15322000000.0,153000.0,159800.0,146500.0,101171.0,6245464000.0
357780,337000.0,5319000000.0,345500.0,347500.0,333500.0,15728.0,2452563000.0
257720,39800.0,33532000000.0,41200.0,42050.0,39750.0,826977.0,19226374000.0
080220,75600.0,106270000000.0,78000.0,80100.0,75000.0,1366592.0,
140410,78800.0,8116000000.0,79500.0,82000.0,78200.0,101796.0,
145020,190400.0,38675000000.0,205000.0,205500.0,188200.0,200748.0,13456897000.0
319400,21350.0,16797000000.0,21950.0,21950.0,21200.0,778051.0,
226950,102200.0,18328000000.0,105700.0,106600.0,101800.0,178056.0,9359799000.0
032820,13420.0,71344000000.0,13630.0,13800.0,13180.0,5285764.0,
058610,98800.0,18378000000.0,100700.0,100800.0,98800.0,184315.0,25666746999.999996
005290,42950.0,13422000000.0,43400.0,43600.0,42550.0,311175.0,16156549000.000002
263750,34150.0,7294000000.0,34800.0,35650.0,34000.0,211102.0,4128440000.0
214370,39350.0,1966000000.0,40550.0,40600.0,39300.0,49484.0,1000305000.0
030530,26500.0,30001000000.0,27100.0,27500.0,26300.0,1126436.0,
043260,26950.0,142444000000.0,27250.0,28700.0,26550.0,5183916.0,
178320,31500.0,30092000000.0,32900.0,33050.0,31200.0,937924.0,
214150,30550.0,2688000000.0,31250.0,31250.0,30450.0,87428.0,1159024000.0
083650,64300.0,37260000000.0,62500.0,65200.0,61500.0,585016.0,31302466000.0
098460,28900.0,33823000000.0,29000.0,29550.0,28500.0,1165026.0,
347850,42800.0,25978000000.0,44800.0,45450.0,42600.0,593163.0,
237690,90600.0,3685000000.0,92100.0,93000.0,90500.0,40318.0,3375960000.0
041510,81600.0,10422000000.0,84300.0,84700.0,81100.0,126558.0,2090870000.0
131970,93400.0,40211000000.0,98500.0,100800.0,91500.0,418330.0,55329893000.00001
089030,47600.0,31579000000.0,48900.0,49500.0,47000.0,651951.0,
140860,251500.0,10710000000.0,255000.0,263000.0,248500.0,42040.0,1555393000.0
036540,10620.0,154480000000.0,10730.0,11160.0,10300.0,14462002.0,
060370,33150.0,3615000000.0,33150.0,33550.0,32700.0,108876.0,2908148000.0
068760,38800.0,1390000000.0,39550.0,39750.0,38750.0,35533.0,877227000.0000001
437730,53900.0,21380000000.0,54900.0,55000.0,53100.0,395437.0,41384724000.0
007390,24900.0,2740000000.0,25050.0,25250.0,24750.0,109785.0,2530447000.0
096530,34200.0,7036000000.0,34000.0,34425.0,33700.0,206273.0,2794535000.0
183300,30950.0,21846000000.0,32300.0,33350.0,30500.0,684869.0,10322147000.0
218410,59000.0,32815000000.0,60900.0,60900.0,58200.0,553166.0,39290844000.0
420770,119500.0,43856000000.0,115300.0,122200.0,113500.0,373612.0,11691651000.0
089970,56600.0,37404000000.0,57900.0,58900.0,56000.0,651346.0,28817228000.0
204270,25050.0,46905000000.0,25200.0,26750.0,24500.0,1838102.0,
323280,46500.0,17887000000.0,46900.0,48700.0,46300.0,375840.0,20622853000.0
039200,36200.0,2460000000.0,36200.0,37000.0,35950.0,67399.0,912504000.0
0009K0,21200.0,2779000000.0,21850.0,22150.0,20900.0,129917.0,1145565000.0
078600,86900.0,9086000000.0,90100.0,90100.0,86700.0,103530.0,8892222000.0
241710,127400.0,8640000000.0,129000.0,133200.0,126700.0,67558.0,1993180000.0
035900,37500.0,6990000000.0,38250.0,38350.0,37500.0,184811.0,3507430999.9999995
082920,29000.0,6040000000.0,29650.0,30200.0,28850.0,205062.0,3280436000.0000005
950160,15320.0,7610000000.0,15390.0,15940.0,15150.0,493132.0,
290650,46950.0,5827000000.0,46300.0,48600.0,46100.0,122627.0,4137168000.0
127120,32750.0,4370000000.0,34700.0,34700.0,32200.0,132060.0,4455017000.0
003380,10850.0,3620000000.0,10870.0,10970.0,10770.0,334311.0,
232140,14310.0,112455000000.0,14310.0,15550.0,13920.0,7607123.0,
347700,22550.0,20200000000.0,23550.0,23550.0,22200.0,883677.0,
950260,23450.0,108412000000.0,21200.0,24100.0,20850.0,4842143.0,
166090,56800.0,5029000000.0,58200.0,58300.0,56200.0,87849.0,3532269999.9999995
195940,38450.0,3666000000.0,38950.0,39400.0,38400.0,94657.0,951437999.9999999
356860,44500.0,105757000000.0,41200.0,46500.0,41050.0,2384039.0,105011989000.0
252990,17370.0,11604000000.0,18300.0,18300.0,17110.0,660875.0,
056190,27950.0,3138000000.0,29100.0,29150.0,27800.0,110791.0,2622287000.0
458870,25600.0,5398000000.0,26000.0,26900.0,25350.0,207187.0,5921945000.0
293490,8890.0,1722000000.0,8990.0,8990.0,8790.0,193906.0,
086450,20500.0,7568000000.0,21000.0,21100.0,20000.0,371237.0,3732424000.0000005
100790,17300.0,10808000000.0,16980.0,17950.0,16910.0,617719.0,
101490,43050.0,8990000000.0,44500.0,44750.0,42700.0,205576.0,11946092000.0
083450,49050.0,7491000000.0,49100.0,49800.0,48300.0,152396.0,7623671000.0
417200,13350.0,14883000000.0,13950.0,14270.0,13350.0,1082768.0,
119850,54900.0,42326000000.0,54000.0,58000.0,53500.0,753393.0,41127727000.0
160190,28800.0,7835000000.0,29850.0,30650.0,28250.0,271257.0,
327260,48250.0,36451000000.0,49500.0,50100.0,46800.0,755199.0,
065350,30950.0,2126000000.0,31050.0,31500.0,30700.0,68292.0,1784202000.0000002
099320,77600.0,5127000000.0,76500.0,79600.0,76100.0,65748.0,2904735000.0
014620,31850.0,5422000000.0,32750.0,33300.0,31350.0,168471.0,3746212000.0
115180,22500.0,1946000000.0,22200.0,22850.0,21700.0,87798.0,519238000.0
035760,37800.0,2398000000.0,38850.0,39500.0,37450.0,62233.0,757186000.0
031330,8250.0,4646000000.0,8400.0,8530.0,8170.0,555430.0,
032500,19510.0,4258000000.0,19210.0,19650.0,18900.0,221054.0,4638939000.0
388210,84800.0,8263000000.0,85200.0,87800.0,83700.0,95970.0,4795098000.0
445680,47200.0,1271000000.0,48600.0,48600.0,47100.0,26715.0,887902000.0
388720,68300.0,981000000.0,69500.0,70800.0,68300.0,14157.0,1077932000.0
036830,39200.0,1885000000.0,40600.0,41000.0,39200.0,47084.0,524151000.0
044490,39800.0,20753000000.0,38150.0,41300.0,37100.0,525697.0,23327569000.0
425420,64400.0,34794000000.0,62100.0,67700.0,59700.0,535077.0,20064672000.0
122870,42500.0,5630000000.0,43600.0,43750.0,42450.0,130810.0,1902761000.0
053800,70800.0,7890000000.0,68900.0,72200.0,68400.0,111839.0,4895897000.0
090360,79000.0,9041000000.0,79300.0,81500.0,78500.0,113101.0,11422776000.0
090710,6400.0,7518000000.0,6580.0,6700.0,6400.0,1146442.0,
033100,47600.0,4388000000.0,48000.0,48900.0,47450.0,90874.0,3969507999.9999995
032190,19820.0,708000000.0,20100.0,20300.0,19810.0,35400.0,201487000.00000003
059090,22600.0,32924000000.0,20250.0,22800.0,19900.0,1501114.0,23382814000.0
161580,32150.0,5075000000.0,33150.0,33150.0,31950.0,156304.0,11365308000.0
074600,28650.0,5241000000.0,29100.0,29300.0,28250.0,182381.0,3708974000.0
041960,9870.0,1091000000.0,9730.0,9900.0,9710.0,111140.0,
491000,29050.0,3488000000.0,29700.0,30100.0,28800.0,119239.0,
189300,68100.0,4124000000.0,69500.0,71100.0,68000.0,59467.0,2506409000.0
041830,54200.0,7949000000.0,56800.0,57200.0,53500.0,144950.0,1785358000.0
085660,7810.0,1529000000.0,8090.0,8140.0,7770.0,193208.0,582210000.0
038500,6700.0,1843000000.0,6760.0,7090.0,6680.0,269811.0,
295310,58200.0,11134000000.0,59500.0,60500.0,57100.0,188183.0,8620472000.0
064290,55600.0,38155000000.0,55400.0,58100.0,53200.0,682654.0,
225570,10890.0,1284000000.0,10800.0,10990.0,10660.0,117985.0,352279000.0
213420,28700.0,2689000000.0,30000.0,30050.0,28650.0,92217.0,1213210000.0
251970,57400.0,3949000000.0,59200.0,60500.0,57000.0,68338.0,663690000.0
466100,22900.0,3548000000.0,23600.0,23700.0,22900.0,151993.0,5247987000.0
476830,25250.0,4855000000.0,26850.0,26850.0,25150.0,188246.0,3753629999.9999995
328130,9500.0,7874000000.0,10040.0,10040.0,9500.0,806843.0,11771540000.0
171090,69700.0,1620000000.0,70500.0,71400.0,69700.0,22998.0,1097324000.0
023160,27100.0,5429000000.0,27350.0,28200.0,26650.0,198890.0,2864510000.0
281740,10560.0,2526000000.0,10780.0,10920.0,10560.0,236933.0,
093320,141800.0,1438000000.0,137800.0,141800.0,137000.0,10341.0,200543000.0
006730,10700.0,3086000000.0,11010.0,11090.0,10640.0,285697.0,
124500,29300.0,5090000000.0,30800.0,31100.0,29000.0,169917.0,9458224000.0
122640,31400.0,11794000000.0,32700.0,33000.0,31200.0,367815.0,
137400,28650.0,3905000000.0,29750.0,30600.0,28600.0,133917.0,2835025000.0
476060,14730.0,2180000000.0,15070.0,15140.0,14660.0,146480.0,2743693000.0
048410,6830.0,6757000000.0,7080.0,7250.0,6820.0,967332.0,
053610,73200.0,6873000000.0,73800.0,76900.0,72200.0,92433.0,5165061000.0
036810,30200.0,4704000000.0,30400.0,30500.0,29550.0,156369.0,3783480999.9999995
033640,27500.0,8562000000.0,28250.0,28700.0,27200.0,304746.0,6160232000.0
121600,51200.0,2424000000.0,52500.0,52600.0,50800.0,47172.0,1191377000.0
033790,7480.0,7263000000.0,7890.0,7890.0,7460.0,956942.0,
102710,43050.0,2268000000.0,44100.0,44450.0,43050.0,51820.0,1666995000.0
046890,10440.0,16329000000.0,11530.0,11530.0,10370.0,1496260.0,50646187000.0
253450,20150.0,815000000.0,21000.0,21150.0,20150.0,39869.0,395346000.0
222080,7630.0,2438000000.0,7770.0,7860.0,7610.0,315636.0,
126340,81900.0,11277000000.0,87000.0,87400.0,80700.0,133727.0,12780306000.0
077360,12930.0,12485000000.0,12600.0,12930.0,12330.0,981742.0,
253590,13200.0,15766000000.0,13510.0,13510.0,13010.0,1188819.0,
050890,9500.0,12083000000.0,9410.0,9750.0,9370.0,1263972.0,
094170,27450.0,1346000000.0,28300.0,28450.0,27150.0,48655.0,1889115000.0
358570,8770.0,3032000000.0,9270.0,9650.0,8740.0,333552.0,1612928000.0000002
079940,41250.0,537000000.0,41450.0,41750.0,40750.0,13051.0,97814000.0
045100,31600.0,1323000000.0,32200.0,32200.0,31350.0,41581.0,1405319000.0
475830,25400.0,35526000000.0,27100.0,27100.0,24450.0,1381688.0,53568640000.00001
052400,37700.0,1334000000.0,38450.0,38600.0,37550.0,35042.0,795642000.0
399720,45200.0,12922000000.0,47800.0,47950.0,45050.0,277522.0,56725707000.0
144960,12220.0,15232000000.0,12020.0,12440.0,11860.0,1254125.0,
490470,15670.0,5566000000.0,16000.0,16400.0,15620.0,346881.0,
025980,5470.0,14619000000.0,5230.0,5630.0,5230.0,2677595.0,
456160,31900.0,2970000000.0,32150.0,32500.0,31550.0,93096.0,2812439000.0
060250,13110.0,2544000000.0,13470.0,13740.0,13090.0,189712.0,
052020,7700.0,1640000000.0,7780.0,7910.0,7310.0,215419.0,
009520,12450.0,991000000.0,12700.0,12830.0,12450.0,79123.0,511676000.0
214430,69600.0,2576000000.0,67200.0,70000.0,66000.0,37843.0,657109000.0
112040,14970.0,1169000000.0,15160.0,15290.0,14970.0,77251.0,713712000.0
101160,30650.0,1231000000.0,31750.0,31750.0,30350.0,39861.0,826470999.9999999
037460,30550.0,2004000000.0,30900.0,31100.0,30025.0,65739.0,
092870,38000.0,10609000000.0,38150.0,39000.0,36300.0,281318.0,
211050,10010.0,752000000.0,10310.0,10310.0,9900.0,75191.0,111147000.0
086900,67300.0,1235000000.0,68300.0,69200.0,67200.0,18178.0,251568000.0
397030,17800.0,1949000000.0,18470.0,18570.0,17800.0,107863.0,1263529000.0
376900,28050.0,2553000000.0,29200.0,29300.0,27950.0,89574.0,2700909000.0
033500,16220.0,1747000000.0,16510.0,16750.0,16140.0,107154.0,564182000.0
219130,76900.0,1341000000.0,75700.0,78000.0,74000.0,17496.0,
080580,23000.0,8875000000.0,23500.0,24100.0,22550.0,382095.0,
486990,22550.0,52639000000.0,19100.0,22550.0,18620.0,2447213.0,79379436000.0
027360,3970.0,11497000000.0,4035.0,4075.0,3900.0,2885124.0,
035890,2305.0,688000000.0,2310.0,2330.0,2245.0,300214.0,
041190,5980.0,69922000000.0,6200.0,6610.0,5950.0,11062872.0,
082270,10480.0,915000000.0,10550.0,10590.0,10360.0,87643.0,478226999.99999994
099190,16100.0,396000000.0,16040.0,16160.0,15850.0,24799.0,227460000.0
098120,56900.0,6961000000.0,58500.0,59200.0,56100.0,121246.0,
034950,104100.0,58000000.0,103600.0,104200.0,103300.0,563.0,38212000.0
356680,16540.0,38188000000.0,17910.0,18040.0,16510.0,2235505.0,
019210,12620.0,5787000000.0,12760.0,13120.0,12460.0,455186.0,
056080,12220.0,4472000000.0,12970.0,12970.0,12220.0,356925.0,
015750,5830.0,1136000000.0,5920.0,5980.0,5820.0,193114.0,750086000.0
460930,13050.0,674000000.0,13210.0,13260.0,13040.0,51357.0,776543000.0
383310,22000.0,1920000000.0,22050.0,22300.0,21700.0,87537.0,
348340,19570.0,6953000000.0,20300.0,20500.0,19420.0,349363.0,
024850,14300.0,983000000.0,14700.0,14920.0,14250.0,67405.0,
125490,12400.0,36742000000.0,12530.0,13350.0,12320.0,2884188.0,
089890,27100.0,3736000000.0,28600.0,29000.0,26950.0,134564.0,2517191000.0
386380,23950.0,112531000000.0,26150.0,26600.0,23550.0,4508513.0,
365340,34650.0,867000000.0,35250.0,35650.0,34650.0,24730.0,861135000.0
013030,37800.0,1318000000.0,36950.0,38000.0,36400.0,35215.0,524930000.0
340570,27650.0,2031000000.0,28300.0,28300.0,27350.0,73123.0,659962000.0
468530,39950.0,3745000000.0,41400.0,41800.0,39500.0,92779.0,4485505000.0
069540,3930.0,20469000000.0,4175.0,4190.0,3900.0,5122121.0,
348370,20200.0,2090000000.0,20600.0,20950.0,20150.0,102349.0,1887027000.0000002
368770,13430.0,2519000000.0,13500.0,13900.0,13250.0,185599.0,
336570,4915.0,1362000000.0,4960.0,5030.0,4885.0,274923.0,
078350,28350.0,16640000000.0,27400.0,29450.0,27050.0,585123.0,8816279000.0
104830,34250.0,1665000000.0,35500.0,35750.0,34200.0,47562.0,1013082000.0
290550,21350.0,6207000000.0,21700.0,22100.0,21250.0,286875.0,
187660,6630.0,7761000000.0,6430.0,6860.0,6240.0,1188209.0,
078340,35000.0,2911000000.0,34500.0,35300.0,34050.0,83307.0,1062057000.0000001
278280,34450.0,2225000000.0,35900.0,36150.0,34350.0,63960.0,680520000.0
241770,41150.0,935000000.0,40450.0,41900.0,39100.0,22813.0,572116000.0
067160,36400.0,938000000.0,37050.0,37250.0,36400.0,25617.0,314652000.0
272290,20900.0,2313000000.0,21300.0,21400.0,20700.0,109758.0,1942645000.0
204620,5850.0,4025000000.0,5830.0,5880.0,5670.0,695842.0,
332570,8760.0,21361000000.0,9440.0,9440.0,8700.0,2375509.0,
030520,16500.0,1748000000.0,16930.0,16980.0,16470.0,104813.0,619203000.0
376300,16710.0,745000000.0,17300.0,17390.0,16710.0,43878.0,303480000.0
018290,11310.0,1330000000.0,11530.0,11580.0,11250.0,117075.0,613338000.0
078130,3470.0,223000000.0,3405.0,3495.0,3390.0,64782.0,
477850,22000.0,14610000000.0,21250.0,22750.0,21250.0,663896.0,
101730,4640.0,1482000000.0,4805.0,4830.0,4590.0,314992.0,3091289000.0
033160,15680.0,33446000000.0,15170.0,16600.0,15010.0,2108194.0,
174900,19220.0,2562000000.0,19740.0,20200.0,19210.0,130884.0,
095660,17720.0,636000000.0,17840.0,17890.0,17490.0,35970.0,100059000.00000001
089010,22850.0,2016000000.0,23400.0,23600.0,22650.0,86954.0,2481708000.0
114810,13530.0,1441000000.0,14090.0,14090.0,13200.0,105087.0,1023373999.9999999
092730,23500.0,1218000000.0,23250.0,23750.0,23100.0,52258.0,448392000.00000006
0161M0,30750.0,434621000000.0,37350.0,40500.0,30150.0,12342395.0,
215200,36200.0,1067000000.0,36200.0,36650.0,36050.0,29354.0,199738000.0
170920,35300.0,6342000000.0,35750.0,37200.0,35100.0,175719.0,
439960,11460.0,5951000000.0,11670.0,12010.0,11450.0,511033.0,
006910,7550.0,9424000000.0,7560.0,7770.0,7470.0,1237796.0,
475960,27300.0,366000000.0,27700.0,28100.0,27050.0,13319.0,375421000.0
092190,8000.0,2135000000.0,9000.0,9140.0,7950.0,255245.0,
078020,6610.0,387000000.0,6600.0,6750.0,6500.0,58652.0,
018000,1245.0,1762000000.0,1239.0,1248.0,1210.0,1430740.0,
417840,15880.0,21034000000.0,15450.0,16290.0,15220.0,1319959.0,
042000,15000.0,860000000.0,15270.0,15400.0,14870.0,57126.0,306275000.0
003800,32700.0,55000000.0,32350.0,32750.0,32200.0,1685.0,
052710,19350.0,52674000000.0,17740.0,19800.0,17400.0,2770466.0,
236200,51800.0,1526000000.0,51100.0,52100.0,51100.0,29511.0,210954000.0
441270,8360.0,3478000000.0,8690.0,8690.0,8350.0,410811.0,2725304000.0
200710,26200.0,3385000000.0,27450.0,27450.0,26050.0,126055.0,7928783000.0
078160,8970.0,512000000.0,9090.0,9090.0,8840.0,57142.0,262363000.0
107640,38750.0,3823000000.0,41350.0,41550.0,38400.0,97125.0,3419762000.0
138080,28300.0,14882000000.0,27700.0,28850.0,26300.0,533909.0,
025320,3770.0,1304000000.0,3870.0,3895.0,3755.0,341665.0,864350000.0
079370,11150.0,2554000000.0,11510.0,11720.0,11100.0,222850.0,
348210,33000.0,1998000000.0,34000.0,34700.0,32950.0,58941.0,1220056000.0
069080,11140.0,722000000.0,11080.0,11230.0,10940.0,65302.0,25193000.0
200470,7820.0,7191000000.0,8180.0,8250.0,7710.0,901366.0,
025900,6750.0,239000000.0,6890.0,6980.0,6730.0,34961.0,307921000.0
036800,7460.0,894000000.0,7690.0,7740.0,7360.0,119672.0,513269000.0
448900,55800.0,3001000000.0,58200.0,58200.0,55200.0,53046.0,3907755000.0
452430,41050.0,6788000000.0,41300.0,43200.0,39650.0,164346.0,14262661000.0
330860,27700.0,5685000000.0,28250.0,29100.0,27600.0,200757.0,
093520,28350.0,1671000000.0,28200.0,29800.0,28200.0,57458.0,1314781000.0
393890,9910.0,1324000000.0,10320.0,10320.0,9870.0,132304.0,
046970,7610.0,13850000000.0,8000.0,8200.0,7600.0,1775365.0,
389470,25000.0,1840000000.0,25700.0,25700.0,24950.0,73326.0,3081538000.0
064260,4380.0,7378000000.0,4490.0,4685.0,4365.0,1631200.0,
121440,7700.0,50000000.0,7850.0,7850.0,7700.0,6427.0,
036620,3655.0,577000000.0,3760.0,3790.0,3655.0,155610.0,185067000.0
900290,3530.0,853000000.0,3695.0,3720.0,3485.0,239366.0,
060280,7930.0,1568000000.0,8110.0,8320.0,7910.0,192919.0,
455900,21200.0,442000000.0,21750.0,21800.0,21150.0,20617.0,776101000.0
110990,17210.0,1539000000.0,17830.0,18030.0,17060.0,87723.0,1338363000.0
159010,24250.0,4738000000.0,22650.0,24500.0,22150.0,204537.0,
456010,22250.0,17715000000.0,22050.0,23000.0,21700.0,788912.0,
039440,20800.0,1936000000.0,21600.0,21650.0,20450.0,92571.0,2137340000.0
168360,14300.0,2204000000.0,14630.0,14790.0,13560.0,153099.0,2105897999.9999998
067630,2625.0,516000000.0,2680.0,2730.0,2520.0,194750.0,
372320,20900.0,331000000.0,21100.0,21350.0,20850.0,15739.0,253460000.00000003
012210,13540.0,284951000000.0,11270.0,14140.0,10810.0,21624959.0,
215600,2235.0,1157000000.0,2210.0,2285.0,2205.0,514539.0,
199800,34100.0,1473000000.0,32600.0,35350.0,32450.0,43249.0,627126000.0
488900,10580.0,764000000.0,10840.0,10860.0,10490.0,71853.0,764006000.0
206650,8320.0,666000000.0,8350.0,8470.0,8300.0,79577.0,
061970,4320.0,1849000000.0,4370.0,4430.0,4250.0,425262.0,
482630,13730.0,1551000000.0,13920.0,14180.0,13540.0,112111.0,
352480,22000.0,227000000.0,22300.0,22300.0,21850.0,10233.0,35968000.0
234340,21400.0,12444000000.0,21800.0,22600.0,21100.0,567398.0,
017890,14400.0,922000000.0,14290.0,14530.0,14160.0,64111.0,
117730,13140.0,685000000.0,13420.0,13420.0,13100.0,51713.0,908773000.0
025770,7910.0,106000000.0,7990.0,8030.0,7910.0,13349.0,
035810,4585.0,703000000.0,4610.0,4635.0,4550.0,153573.0,
071200,11990.0,646000000.0,12040.0,12360.0,11880.0,53913.0,
101930,6390.0,53000000.0,6400.0,6510.0,6340.0,8357.0,47886000.0
389500,43800.0,7555000000.0,42700.0,45300.0,42400.0,171720.0,
098070,26100.0,8329000000.0,24450.0,27350.0,24000.0,320508.0,6451177000.0
424870,3145.0,2479000000.0,3240.0,3240.0,3125.0,783922.0,3597632000.0
042370,10970.0,16941000000.0,11100.0,11330.0,10655.0,1537303.0,
160980,26150.0,2775000000.0,26400.0,26600.0,25500.0,106419.0,
049070,18130.0,1347000000.0,18140.0,18490.0,18070.0,73945.0,434293000.0
099440,4180.0,487000000.0,4220.0,4295.0,4170.0,115197.0,
036200,9290.0,2069000000.0,9600.0,9610.0,9250.0,219450.0,2563684000.0
265520,18900.0,1127000000.0,19140.0,19220.0,18670.0,59487.0,355626000.0
472850,4925.0,68000000.0,5010.0,5010.0,4910.0,13783.0,43078000.0
091580,21150.0,3350000000.0,21600.0,21800.0,20650.0,157544.0,
136480,2645.0,293000000.0,2640.0,2650.0,2630.0,110837.0,
024840,6430.0,55684000000.0,6460.0,7090.0,6330.0,8265028.0,
054950,23000.0,194000000.0,23200.0,23350.0,23000.0,8361.0,64422000.0
446540,9440.0,5223000000.0,9410.0,9930.0,9120.0,547502.0,
035600,9950.0,411000000.0,9980.0,10000.0,9910.0,41350.0,158268000.0
448280,9240.0,94000000.0,9060.0,9400.0,9000.0,10230.0,44239000.0
092460,16000.0,436000000.0,16250.0,16460.0,15880.0,27136.0,163466000.0
203650,2690.0,9670000000.0,2790.0,2840.0,2650.0,3499941.0,
425040,12460.0,27832000000.0,12970.0,13280.0,12440.0,2168847.0,
200670,24200.0,644000000.0,24850.0,24950.0,24100.0,26441.0,406463000.0
084110,21450.0,852000000.0,21800.0,22200.0,21250.0,39581.0,319088000.0
228760,10900.0,1724000000.0,11190.0,11270.0,10810.0,156280.0,698937000.0
309710,21000.0,0.0,0.0,0.0,0.0,0.0,
484590,6480.0,396000000.0,6500.0,6580.0,6450.0,60834.0,
182400,3670.0,0.0,0.0,0.0,0.0,0.0,
216080,7110.0,982000000.0,7300.0,7410.0,7110.0,134945.0,
036890,12030.0,455000000.0,12130.0,12300.0,11960.0,37582.0,267171000.0
068930,9570.0,3767000000.0,9330.0,9800.0,9130.0,395782.0,
294570,26050.0,4052000000.0,27900.0,28250.0,26000.0,149083.0,11378116000.0
043150,17600.0,247000000.0,17600.0,17740.0,17580.0,13985.0,97078000.0
151860,5490.0,246000000.0,5510.0,5580.0,5430.0,44966.0,
060720,11010.0,2577000000.0,11000.0,11490.0,10870.0,232750.0,
051500,21950.0,165000000.0,21750.0,22100.0,21150.0,7593.0,67979000.0
378340,12020.0,425000000.0,12300.0,12410.0,11900.0,35011.0,491339000.0
086390,12290.0,2845000000.0,13000.0,13050.0,12200.0,225595.0,3093898000.0
0011T0,5530.0,1067000000.0,5520.0,5740.0,5500.0,190164.0,
267980,33850.0,86000000.0,33950.0,34250.0,33750.0,2518.0,19947000.0
452280,13440.0,11195000000.0,13610.0,13730.0,13090.0,831358.0,
317330,12620.0,366000000.0,13150.0,13150.0,12620.0,28633.0,423395000.0
091700,5160.0,354000000.0,5220.0,5260.0,5150.0,68171.0,
287840,17100.0,1237000000.0,17770.0,17800.0,16350.0,70871.0,928642000.0
121800,3320.0,0.0,0.0,0.0,0.0,0.0,
394280,9690.0,2373000000.0,9930.0,10080.0,9500.0,242941.0,10620304000.0
439090,15570.0,751000000.0,15770.0,15880.0,15530.0,47976.0,961738000.0000001
377460,4080.0,0.0,0.0,0.0,0.0,0.0,
067390,5990.0,536000000.0,6070.0,6170.0,5850.0,89105.0,
377450,14490.0,215000000.0,14640.0,14640.0,14220.0,14884.0,
304360,20100.0,361000000.0,20950.0,20950.0,19950.0,17785.0,161138000.0
023410,3240.0,569000000.0,3280.0,3300.0,3235.0,174176.0,
484120,22700.0,1451000000.0,23150.0,23400.0,21950.0,64351.0,602734000.0
089980,15550.0,582000000.0,15950.0,16050.0,15550.0,36835.0,726377000.0
094360,11630.0,1645000000.0,12120.0,12310.0,11450.0,138808.0,2421157000.0
461300,18560.0,262000000.0,18680.0,18680.0,18500.0,14114.0,
042520,17320.0,1637000000.0,17900.0,18180.0,17320.0,92991.0,425295000.0
376270,34000.0,85000000.0,34100.0,34750.0,33000.0,2510.0,110718000.0
047920,7440.0,2369000000.0,7410.0,7650.0,7270.0,318327.0,6502883000.0
073490,32000.0,1272000000.0,32150.0,32450.0,31400.0,39758.0,
011560,24050.0,1131000000.0,25000.0,25250.0,23800.0,46269.0,
064820,7830.0,234000000.0,7920.0,7970.0,7750.0,29787.0,197221000.0
445090,22100.0,644000000.0,22500.0,22550.0,21550.0,29058.0,1597383000.0
036030,4900.0,196000000.0,4850.0,4955.0,4810.0,40001.0,
019010,4970.0,1272000000.0,4935.0,4995.0,4905.0,257338.0,
108860,8900.0,2443000000.0,9240.0,9250.0,8890.0,269688.0,13820121000.0
354320,37450.0,4584000000.0,35800.0,37900.0,35350.0,124294.0,
272110,29750.0,2817000000.0,29900.0,30900.0,29550.0,93042.0,
065680,25750.0,3789000000.0,22450.0,27400.0,22450.0,145969.0,1753934000.0
043370,11250.0,236000000.0,11170.0,11340.0,11010.0,21119.0,41379000.0
493280,15920.0,7098000000.0,13900.0,16310.0,13770.0,463375.0,
389650,28300.0,709000000.0,28550.0,29400.0,28300.0,24643.0,335314000.0
254490,16170.0,2056000000.0,16820.0,17100.0,16000.0,123393.0,
180400,2370.0,74000000.0,2320.0,2375.0,2270.0,31766.0,
065710,44950.0,480000000.0,45500.0,45500.0,44600.0,10676.0,
045390,3260.0,6202000000.0,3330.0,3385.0,3150.0,1911159.0,
389260,12760.0,869000000.0,13050.0,13210.0,12760.0,67273.0,
243070,18950.0,1169000000.0,19490.0,19600.0,18850.0,61245.0,713841000.0
100120,25300.0,624000000.0,25450.0,26000.0,25300.0,24406.0,
481070,15680.0,223000000.0,15910.0,16200.0,15500.0,14237.0,126671000.0
215000,35750.0,1043000000.0,35350.0,35900.0,34950.0,29466.0,312341000.0
190510,15740.0,1032000000.0,16030.0,16110.0,15600.0,64962.0,1511062000.0
416180,24500.0,226000000.0,24300.0,24850.0,23900.0,9304.0,290174000.0
023760,1402.0,87000000.0,1412.0,1412.0,1399.0,62230.0,
314130,4230.0,3321000000.0,3965.0,4260.0,3905.0,797962.0,
200130,7670.0,278000000.0,7760.0,7810.0,7630.0,36089.0,71090000.0
462350,6510.0,1269000000.0,6630.0,6750.0,6450.0,191613.0,
144510,13950.0,779000000.0,14260.0,14350.0,13740.0,55760.0,205487999.99999997
005710,11000.0,115000000.0,11300.0,11300.0,10700.0,10556.0,25449000.0
114190,8430.0,325000000.0,8550.0,8620.0,8410.0,38252.0,376962000.0
085910,15960.0,12296000000.0,14490.0,16850.0,14220.0,768947.0,
036710,4160.0,5875000000.0,4060.0,4490.0,4045.0,1361023.0,
0008Z0,23250.0,236000000.0,23450.0,23850.0,23200.0,10076.0,170994000.0
237880,12080.0,502000000.0,12220.0,12330.0,12040.0,41390.0,340415000.0
094480,5540.0,2929000000.0,5780.0,5970.0,5510.0,509440.0,
298830,4050.0,490000000.0,4120.0,4170.0,4030.0,119682.0,
018310,14720.0,172000000.0,14770.0,14900.0,14480.0,11727.0,48479000.0
125020,6160.0,5688000000.0,6350.0,6550.0,6100.0,894385.0,
0001A0,8470.0,504000000.0,8530.0,8740.0,8400.0,59142.0,
241520,8100.0,1055000000.0,8310.0,8360.0,7900.0,128303.0,
475400,18130.0,576000000.0,18590.0,18680.0,18120.0,31311.0,638319000.0
064550,8260.0,2530000000.0,8550.0,8670.0,8210.0,302547.0,1612948000.0
462860,2970.0,9572000000.0,3240.0,3265.0,2965.0,3086911.0,
064850,18630.0,727000000.0,19180.0,19690.0,18610.0,38278.0,
307180,5750.0,1560000000.0,5820.0,6040.0,5720.0,264742.0,
243840,5480.0,495000000.0,5600.0,5810.0,5480.0,89310.0,
032580,6350.0,6910000000.0,6600.0,7140.0,6160.0,1043114.0,
112290,10300.0,1218000000.0,10450.0,10800.0,10220.0,115683.0,
036190,34700.0,110000000.0,33550.0,34750.0,33550.0,3239.0,
049430,23000.0,597000000.0,23000.0,23350.0,22450.0,26028.0,
353810,6260.0,362000000.0,6310.0,6310.0,6200.0,57914.0,
290690,3900.0,1511000000.0,3910.0,4075.0,3900.0,378740.0,
014940,4540.0,254000000.0,4560.0,4620.0,4540.0,55470.0,
382900,23600.0,2271000000.0,24250.0,24400.0,23500.0,94965.0,4192349000.0
380540,8450.0,0.0,0.0,0.0,0.0,0.0,
067080,11020.0,357000000.0,10950.0,11180.0,10950.0,32321.0,482229000.0
950170,4205.0,95000000.0,4270.0,4275.0,4195.0,22508.0,
365270,9220.0,769000000.0,9120.0,9450.0,9020.0,82922.0,
058970,16520.0,456000000.0,16890.0,16970.0,16460.0,27251.0,1362012000.0
061090,37300.0,211000000.0,37750.0,38250.0,36700.0,5653.0,321850000.0
206640,9300.0,261000000.0,9440.0,9440.0,9250.0,28034.0,112865000.0
099430,3305.0,311000000.0,3310.0,3320.0,3265.0,94595.0,
199430,18180.0,1306000000.0,18710.0,18820.0,18130.0,70712.0,1751696000.0
459510,15580.0,359000000.0,15820.0,15870.0,15550.0,22851.0,569135000.0
126730,23050.0,13462000000.0,23650.0,24850.0,22400.0,561685.0,
388050,10760.0,28477000000.0,10350.0,11530.0,10300.0,2588969.0,
095500,6480.0,352000000.0,6620.0,6670.0,6480.0,53742.0,314441000.0
053300,5070.0,602000000.0,5120.0,5200.0,5040.0,118021.0,
314930,6710.0,201000000.0,6740.0,6790.0,6560.0,30179.0,173837000.0
005160,3680.0,42636000000.0,3270.0,3980.0,3165.0,11387978.0,
417030,34250.0,9161000000.0,33900.0,35100.0,32400.0,272164.0,
046120,5810.0,7323000000.0,5630.0,5940.0,5510.0,1273736.0,
053030,6000.0,530000000.0,6120.0,6230.0,5990.0,87556.0,256128000.0
450950,5190.0,119000000.0,5390.0,5390.0,5030.0,23170.0,36522000.0
217730,2060.0,564000000.0,2135.0,2135.0,2030.0,273035.0,
123330,24300.0,5492000000.0,24250.0,24750.0,23500.0,227261.0,
024060,12860.0,15880000000.0,12270.0,13000.0,12250.0,1250811.0,
080720,2410.0,0.0,0.0,0.0,0.0,0.0,
078150,2020.0,2639000000.0,2090.0,2130.0,2010.0,1270468.0,
304100,15220.0,1871000000.0,15560.0,15860.0,15180.0,120107.0,5934939000.0
013120,2105.0,65000000.0,2075.0,2110.0,2075.0,31258.0,
452450,5260.0,1242000000.0,5210.0,5410.0,5210.0,234406.0,
083310,10630.0,1204000000.0,10500.0,10810.0,10360.0,113877.0,
036560,11950.0,109000000.0,12090.0,12250.0,11880.0,9080.0,
042420,23100.0,194000000.0,22650.0,23150.0,22650.0,8463.0,
126600,2995.0,136000000.0,3065.0,3070.0,2970.0,45406.0,
052330,10570.0,105000000.0,10690.0,10690.0,10410.0,10006.0,
143240,17490.0,89000000.0,17290.0,17490.0,17140.0,5155.0,
115450,1982.0,392000000.0,2000.0,2050.0,1981.0,195527.0,
034810,5940.0,71000000.0,5980.0,6000.0,5930.0,11943.0,
016790,994.0,0.0,0.0,0.0,0.0,0.0,
066620,24950.0,68000000.0,24500.0,25150.0,24500.0,2764.0,
192440,30000.0,140000000.0,29950.0,30450.0,29350.0,4685.0,
484810,12050.0,996000000.0,12400.0,12480.0,12050.0,81373.0,
086670,18750.0,2172000000.0,18780.0,19200.0,18540.0,114999.0,
256840,2705.0,4083000000.0,2885.0,2885.0,2690.0,1482753.0,
194700,10100.0,495000000.0,10380.0,10380.0,10000.0,48847.0,319298000.0
094820,12210.0,1141000000.0,12160.0,12480.0,12030.0,93511.0,
084850,8110.0,191000000.0,8140.0,8200.0,8020.0,23534.0,104961000.0
308430,14130.0,231000000.0,14100.0,14270.0,13590.0,16557.0,296146000.0
230240,13690.0,2172000000.0,13170.0,13785.0,12930.0,161395.0,
108380,19030.0,435000000.0,19180.0,19180.0,18800.0,22999.0,124094000.0
214180,13950.0,421000000.0,14100.0,14210.0,13810.0,30002.0,
102940,13800.0,335000000.0,13920.0,14080.0,13700.0,24206.0,249498000.0
176750,6330.0,962000000.0,6650.0,6660.0,6210.0,151113.0,7968687000.0
067290,3200.0,11940000000.0,3295.0,3310.0,3165.0,3695227.0,
051160,11570.0,1981000000.0,11930.0,12230.0,11490.0,166993.0,
318060,15860.0,663000000.0,16060.0,16170.0,15840.0,41529.0,
083930,12080.0,588000000.0,11850.0,12150.0,11800.0,48906.0,
403850,12310.0,1121000000.0,12660.0,12660.0,11650.0,90122.0,1367456000.0
419530,17300.0,484000000.0,17420.0,17650.0,17190.0,27778.0,276439000.0
293780,6270.0,261000000.0,6340.0,6590.0,6200.0,40849.0,
464080,9660.0,932000000.0,10030.0,10080.0,9610.0,94722.0,
138610,15190.0,1311000000.0,15340.0,15600.0,15130.0,85391.0,4157580000.0
054210,6820.0,1000000000.0,6860.0,6980.0,6650.0,147171.0,
340450,7290.0,5761000000.0,6850.0,7480.0,6710.0,796755.0,
405100,14020.0,411000000.0,14270.0,14360.0,14010.0,28970.0,
194480,14130.0,1237000000.0,14370.0,14370.0,13940.0,87884.0,230941999.99999997
082800,2830.0,487000000.0,2885.0,2920.0,2815.0,169568.0,
274090,12470.0,37084000000.0,12420.0,14300.0,12310.0,2777819.0,
092130,14240.0,46000000.0,13850.0,14490.0,13850.0,3246.0,
068790,7730.0,1475000000.0,7290.0,8160.0,7290.0,186681.0,
264850,5660.0,1141000000.0,5850.0,5870.0,5610.0,198904.0,
143160,15930.0,41000000.0,15920.0,16010.0,15760.0,2613.0,
199820,7680.0,1451000000.0,7920.0,7920.0,7580.0,187450.0,
149950,12430.0,5011000000.0,12860.0,13390.0,12250.0,387248.0,
039830,15780.0,1028000000.0,16480.0,16630.0,15430.0,65110.0,
270660,13360.0,260000000.0,13500.0,13630.0,13320.0,19314.0,260652999.99999997
032940,9310.0,3015000000.0,9550.0,9690.0,9100.0,323208.0,
475040,3120.0,2143000000.0,3225.0,3315.0,3095.0,667304.0,
118990,6820.0,583000000.0,6820.0,6890.0,6780.0,85447.0,
086820,6450.0,521000000.0,6380.0,6790.0,6290.0,79578.0,
245620,741.0,0.0,0.0,0.0,0.0,0.0,
012860,2280.0,657000000.0,2305.0,2350.0,2255.0,284951.0,
122990,6510.0,248000000.0,6510.0,6640.0,6500.0,37705.0,
489460,11310.0,234000000.0,11590.0,11590.0,11210.0,20608.0,
119830,6270.0,589000000.0,6200.0,6330.0,6110.0,94882.0,
038390,9950.0,49000000.0,10090.0,10100.0,9950.0,4941.0,
051370,7130.0,16397000000.0,6440.0,7800.0,6370.0,2247293.0,
0015G0,14180.0,781000000.0,14800.0,14800.0,14050.0,54333.0,
0007C0,20650.0,32527000000.0,19460.0,23600.0,19060.0,1481686.0,
204610,2970.0,185000000.0,2975.0,3015.0,2940.0,62203.0,
119610,14470.0,552000000.0,13900.0,14600.0,13850.0,38395.0,
357550,30250.0,61000000.0,30800.0,30950.0,29900.0,1997.0,56176000.0
088800,2180.0,708000000.0,2345.0,2345.0,2165.0,316670.0,
049630,7030.0,1346000000.0,7350.0,7350.0,7030.0,187046.0,
382800,5160.0,3410000000.0,5460.0,5470.0,5110.0,644056.0,
104480,1806.0,277000000.0,1820.0,1847.0,1791.0,152084.0,
123410,5870.0,439000000.0,5850.0,5930.0,5710.0,75033.0,
950140,8200.0,55000000.0,8300.0,8300.0,8120.0,6761.0,
260970,56200.0,344000000.0,56100.0,56700.0,55500.0,6134.0,
402030,12960.0,233000000.0,13250.0,13390.0,12950.0,17650.0,576443000.0
123860,13350.0,127000000.0,13550.0,13580.0,13120.0,9604.0,
263860,17770.0,3806000000.0,17200.0,18000.0,16700.0,217084.0,
032620,3085.0,84000000.0,3075.0,3100.0,3050.0,27295.0,
388790,5250.0,6070000000.0,5430.0,5790.0,5060.0,1121901.0,
289080,2670.0,3413000000.0,2690.0,2820.0,2660.0,1243471.0,
234690,8930.0,935000000.0,9070.0,9130.0,8890.0,104296.0,
134580,3245.0,1803000000.0,3450.0,3560.0,3060.0,553731.0,
355150,20500.0,2654000000.0,21400.0,21600.0,20300.0,127352.0,
474650,27750.0,780000000.0,28300.0,29350.0,27750.0,27418.0,
066410,1153.0,0.0,0.0,0.0,0.0,0.0,
372170,20000.0,98000000.0,20100.0,20500.0,19980.0,4858.0,98558000.0
041920,8580.0,696000000.0,8650.0,8760.0,8440.0,81450.0,
036170,2595.0,1254000000.0,2870.0,2870.0,2580.0,464173.0,
093190,8270.0,91000000.0,8140.0,8290.0,8040.0,11192.0,
039860,4170.0,519000000.0,4210.0,4275.0,4165.0,123262.0,
0082N0,11920.0,566000000.0,11890.0,12450.0,11470.0,47782.0,
126700,10600.0,352000000.0,10730.0,10890.0,10500.0,33022.0,
080160,8380.0,1080000000.0,8630.0,8690.0,8250.0,128986.0,
013990,4800.0,223000000.0,4750.0,4835.0,4745.0,46420.0,
024800,4470.0,172000000.0,4560.0,4585.0,4470.0,37930.0,
072870,13190.0,249000000.0,13200.0,13270.0,13090.0,18903.0,
023910,26200.0,28000000.0,26250.0,26350.0,26050.0,1089.0,
488280,14520.0,4426000000.0,14030.0,14590.0,13800.0,310503.0,5940129000.0
093640,4760.0,54000000.0,4815.0,4815.0,4725.0,11381.0,
226590,14580.0,1437000000.0,14480.0,14980.0,14470.0,98099.0,
264450,10650.0,1074000000.0,10700.0,11200.0,10500.0,99583.0,
187870,11210.0,1989000000.0,10710.0,11420.0,10580.0,178902.0,
413630,4250.0,4079000000.0,4440.0,4445.0,4205.0,943722.0,
011040,5020.0,104000000.0,5100.0,5100.0,4995.0,20660.0,
418550,4800.0,138000000.0,4800.0,4850.0,4745.0,28852.0,
054450,10080.0,1420000000.0,10190.0,10410.0,10010.0,138526.0,
163730,11910.0,4532000000.0,10900.0,12470.0,10870.0,380844.0,
432720,10700.0,2927000000.0,11270.0,11590.0,10480.0,268064.0,
041520,12440.0,422000000.0,12570.0,12800.0,12140.0,33460.0,
222040,7350.0,683000000.0,7440.0,7460.0,7090.0,93973.0,
478340,13030.0,15448000000.0,13950.0,14550.0,12810.0,1118254.0,
054800,14610.0,33000000.0,14700.0,14780.0,14500.0,2276.0,
007330,10010.0,127000000.0,10020.0,10030.0,9900.0,12719.0,
205500,1799.0,201000000.0,1868.0,1870.0,1770.0,111318.0,
067280,25350.0,1385000000.0,25000.0,25950.0,24650.0,54605.0,
041020,3020.0,622000000.0,3045.0,3135.0,3010.0,202032.0,
394800,4705.0,1670000000.0,4675.0,4960.0,4610.0,348914.0,1196101000.0
138360,1691.0,619000000.0,1719.0,1773.0,1677.0,364071.0,
092070,12800.0,282000000.0,12980.0,12990.0,12600.0,22120.0,
078070,8680.0,202000000.0,8680.0,8790.0,8510.0,23382.0,
046440,4060.0,212000000.0,4060.0,4065.0,4025.0,52406.0,
179290,4525.0,135000000.0,4550.0,4550.0,4495.0,29889.0,
065660,14560.0,281000000.0,14740.0,14740.0,14200.0,19495.0,193064000.0
023600,9070.0,45000000.0,9100.0,9200.0,9030.0,4911.0,
469610,16200.0,2853000000.0,16210.0,17140.0,16070.0,171210.0,4196935000.0
042600,11640.0,57000000.0,11690.0,11690.0,11360.0,4916.0,
489500,22600.0,414000000.0,22600.0,23000.0,22400.0,18256.0,
086890,3530.0,110000000.0,3600.0,3600.0,3505.0,31001.0,
0015N0,11430.0,8873000000.0,12320.0,12500.0,11230.0,763823.0,
005990,10800.0,3000000.0,10900.0,10920.0,10560.0,272.0,
101970,9670.0,55000000.0,9840.0,9840.0,9430.0,5744.0,
047770,3765.0,3936000000.0,3740.0,3885.0,3700.0,1036046.0,
049960,15150.0,143000000.0,15410.0,15410.0,15010.0,9403.0,
069510,13050.0,126000000.0,13160.0,13570.0,13020.0,9431.0,
147830,7100.0,1013000000.0,7090.0,7230.0,7020.0,142142.0,
035610,5180.0,109000000.0,5180.0,5350.0,5050.0,20984.0,
089600,12400.0,105000000.0,12550.0,12560.0,12350.0,8440.0,
300080,8560.0,500000000.0,8940.0,8970.0,8560.0,57524.0,482673000.00000006
148150,3960.0,251000000.0,3995.0,4070.0,3950.0,62883.0,
115310,9480.0,36000000.0,9530.0,9540.0,9300.0,3877.0,
0039P0,7460.0,4985000000.0,7990.0,8230.0,7460.0,638789.0,
212560,10350.0,925000000.0,10590.0,10600.0,10340.0,88606.0,
114840,8310.0,72000000.0,8400.0,8410.0,8300.0,8625.0,37771000.0
102120,7770.0,1952000000.0,7980.0,8110.0,7640.0,247479.0,
126640,3930.0,3920000000.0,3955.0,4175.0,3880.0,979683.0,
084990,2980.0,161000000.0,3020.0,3080.0,2970.0,53745.0,
445180,7990.0,168000000.0,8020.0,8170.0,7870.0,20925.0,
053260,7320.0,19957000000.0,7230.0,7860.0,7130.0,2640627.0,
073010,3405.0,1144000000.0,3475.0,3485.0,3310.0,335423.0,
003100,20400.0,118000000.0,20400.0,20400.0,20200.0,5839.0,
457550,14440.0,1025000000.0,14340.0,14850.0,14250.0,70448.0,
251370,7470.0,361000000.0,7590.0,7700.0,7410.0,47792.0,
451760,8150.0,652000000.0,8130.0,8570.0,8090.0,78571.0,
265740,7530.0,4057000000.0,7880.0,7960.0,7500.0,524758.0,
321550,4475.0,221000000.0,4620.0,4695.0,4470.0,48705.0,
220100,5980.0,971000000.0,6200.0,6200.0,5950.0,160528.0,277296000.0
232680,10110.0,1752000000.0,10000.0,10480.0,9900.0,172246.0,
140670,10430.0,464000000.0,10600.0,10790.0,10360.0,43684.0,
054920,4745.0,5684000000.0,5040.0,5100.0,4670.0,1160437.0,
146320,10450.0,349000000.0,10500.0,10880.0,10350.0,32914.0,
059120,7300.0,4136000000.0,7220.0,7480.0,7160.0,563311.0,
211270,8820.0,969000000.0,9130.0,9290.0,8590.0,107607.0,
035080,11890.0,328000000.0,12000.0,12000.0,11750.0,27762.0,
136540,10750.0,109000000.0,10820.0,10820.0,10680.0,10122.0,
158430,5380.0,4602000000.0,5670.0,5680.0,5310.0,840549.0,
228850,7890.0,740000000.0,8520.0,8520.0,7780.0,92949.0,
001540,10030.0,144000000.0,9980.0,10050.0,9960.0,14369.0,
417500,3990.0,657000000.0,4050.0,4100.0,3940.0,162599.0,
101360,7350.0,269000000.0,7580.0,7580.0,7330.0,36219.0,230256000.00000003
049720,9130.0,284000000.0,9120.0,9200.0,9040.0,31140.0,
039840,9680.0,555000000.0,9900.0,9900.0,9480.0,57558.0,163186000.0
950190,9960.0,368000000.0,9930.0,10180.0,9720.0,36796.0,
322310,13840.0,1440000000.0,13850.0,14460.0,13730.0,102178.0,
240550,6190.0,2230000000.0,6320.0,6390.0,6130.0,356229.0,
048870,1470.0,244000000.0,1484.0,1494.0,1469.0,165216.0,
264660,13280.0,325000000.0,13450.0,13670.0,13120.0,24413.0,
285490,12190.0,339000000.0,12280.0,12530.0,12170.0,27609.0,
0088M0,13030.0,2352000000.0,12300.0,13500.0,12180.0,179837.0,
282880,10990.0,311000000.0,10990.0,11180.0,10730.0,28502.0,
156100,5740.0,1596000000.0,5610.0,5980.0,5610.0,273912.0,
038290,11830.0,153000000.0,11990.0,12010.0,11780.0,12921.0,
142210,6180.0,888000000.0,6200.0,6300.0,6090.0,142969.0,
290740,12740.0,594000000.0,13270.0,13510.0,12520.0,46377.0,
037070,6380.0,230000000.0,6350.0,6410.0,6300.0,36292.0,
417010,6320.0,983000000.0,6560.0,6750.0,6300.0,150531.0,
080420,1591.0,1000000.0,1595.0,1595.0,1561.0,703.0,
079960,16790.0,697000000.0,16900.0,17100.0,16640.0,41399.0,
105330,7890.0,220000000.0,8030.0,8300.0,7820.0,27444.0,
418420,4100.0,1666000000.0,4210.0,4630.0,4040.0,384304.0,
021320,5880.0,49000000.0,6030.0,6120.0,5850.0,8235.0,
060150,2760.0,228000000.0,2830.0,2830.0,2735.0,82628.0,
036690,2885.0,0.0,0.0,0.0,0.0,0.0,
153890,10420.0,3122000000.0,10220.0,10930.0,10220.0,295153.0,
474170,7030.0,317000000.0,7080.0,7300.0,7000.0,44568.0,
027710,1123.0,152000000.0,1130.0,1130.0,1113.0,135385.0,
361390,12840.0,196000000.0,12840.0,13190.0,12700.0,15175.0,
267320,2175.0,399000000.0,2230.0,2245.0,2160.0,181785.0,
408920,2880.0,24000000.0,2915.0,2915.0,2855.0,8481.0,
095700,2725.0,1185000000.0,2975.0,2990.0,2680.0,429918.0,
297090,4550.0,481000000.0,4565.0,4625.0,4500.0,105664.0,
220260,3860.0,266000000.0,4025.0,4025.0,3750.0,68239.0,
307750,2290.0,149000000.0,2330.0,2330.0,2270.0,64816.0,
322510,4800.0,328000000.0,4900.0,4915.0,4720.0,68218.0,
255220,1125.0,1515000000.0,1102.0,1152.0,1102.0,1343104.0,
338840,8000.0,287000000.0,8200.0,8410.0,7970.0,35772.0,200220999.99999997
056090,1190.0,0.0,0.0,0.0,0.0,0.0,
396300,4625.0,12823000000.0,4650.0,5090.0,4585.0,2652315.0,
108230,3220.0,555000000.0,3290.0,3330.0,3200.0,170080.0,
331920,10930.0,137000000.0,11150.0,11150.0,10740.0,12640.0,
052860,6840.0,249000000.0,6990.0,7080.0,6840.0,35774.0,
494120,8000.0,455000000.0,7960.0,8270.0,7800.0,57230.0,149260000.0
321370,1727.0,20354000000.0,1705.0,1875.0,1671.0,11493256.0,
402490,7200.0,1716000000.0,7610.0,7620.0,7110.0,232220.0,
201490,3725.0,14595000000.0,4080.0,4080.0,3710.0,3773676.0,
041440,6800.0,344000000.0,6750.0,6870.0,6720.0,50594.0,
095190,1846.0,74000000.0,1834.0,1863.0,1834.0,39982.0,
008830,6260.0,1237000000.0,6270.0,6480.0,6240.0,195478.0,
443670,5000.0,2305000000.0,5200.0,5210.0,4980.0,454551.0,
256940,5970.0,140000000.0,5980.0,6070.0,5840.0,23620.0,
017510,7820.0,2104000000.0,7910.0,8160.0,7780.0,263518.0,
042510,10710.0,4219000000.0,11180.0,11350.0,10590.0,385009.0,
009780,6750.0,53000000.0,6770.0,6830.0,6700.0,7781.0,
094840,12100.0,118000000.0,11980.0,12130.0,11610.0,9795.0,
387690,15520.0,7868000000.0,17230.0,17360.0,15300.0,485090.0,
950250,3310.0,1744000000.0,3505.0,3535.0,3305.0,514147.0,
172670,13130.0,1035000000.0,13910.0,13910.0,13100.0,77741.0,
293580,1238.0,339000000.0,1225.0,1240.0,1185.0,279503.0,
037350,7710.0,1573000000.0,7790.0,7990.0,7570.0,202242.0,
079650,5850.0,3675000000.0,6160.0,6180.0,5850.0,614607.0,
336680,2985.0,25000000.0,2990.0,2995.0,2935.0,8496.0,
052260,3880.0,120000000.0,3875.0,3895.0,3790.0,31099.0,
041590,2370.0,0.0,0.0,0.0,0.0,0.0,
333430,3775.0,225000000.0,3825.0,3860.0,3750.0,59599.0,
049520,3760.0,151000000.0,3800.0,3825.0,3735.0,40183.0,
122450,2585.0,79000000.0,2630.0,2650.0,2575.0,30269.0,
115500,9650.0,1246000000.0,10270.0,10300.0,9650.0,125511.0,
290720,3035.0,342000000.0,3030.0,3095.0,2850.0,113298.0,
297890,1581.0,703000000.0,1618.0,1637.0,1555.0,441665.0,
047310,3145.0,210000000.0,3145.0,3185.0,3115.0,66504.0,
051980,1035.0,0.0,0.0,0.0,0.0,0.0,
101170,8500.0,258000000.0,8770.0,8840.0,8500.0,29797.0,
308080,5590.0,495000000.0,5720.0,5850.0,5560.0,86801.0,
458650,7600.0,40000000.0,7640.0,7700.0,7550.0,5204.0,
051360,11840.0,173000000.0,11810.0,12010.0,11700.0,14581.0,25650000.0
452190,4715.0,2057000000.0,4840.0,4950.0,4645.0,427623.0,
0011A0,12080.0,4393000000.0,13040.0,13050.0,12070.0,351470.0,
475230,10330.0,890000000.0,10200.0,10900.0,10140.0,84694.0,
053080,8640.0,397000000.0,8940.0,9030.0,8570.0,45263.0,
054050,7000.0,109000000.0,7060.0,7100.0,7000.0,15407.0,
141000,9250.0,328000000.0,9320.0,9400.0,9170.0,35284.0,
086980,1789.0,223000000.0,1842.0,1842.0,1779.0,123514.0,
071280,7290.0,1041000000.0,7360.0,7480.0,7210.0,141079.0,
389020,16120.0,1635000000.0,16520.0,17180.0,16050.0,98110.0,
473980,10190.0,267000000.0,10620.0,10620.0,10120.0,26025.0,140767000.0
474610,7680.0,855000000.0,7780.0,7880.0,7580.0,110669.0,
018120,16710.0,4000000.0,16540.0,16720.0,16540.0,238.0,
067990,3780.0,101000000.0,3795.0,3815.0,3755.0,26599.0,
063570,3230.0,51000000.0,3300.0,3325.0,3220.0,15829.0,
036630,7870.0,32000000.0,7850.0,8000.0,7840.0,4096.0,
090850,4895.0,203000000.0,4955.0,4960.0,4895.0,41359.0,
259630,9000.0,490000000.0,9090.0,9240.0,8970.0,54172.0,
175250,1780.0,568000000.0,1700.0,1870.0,1600.0,319829.0,
166480,2070.0,151000000.0,2070.0,2170.0,2035.0,71699.0,
217270,2385.0,54000000.0,2360.0,2400.0,2360.0,22542.0,
091440,2955.0,1209000000.0,2855.0,2955.0,2810.0,418450.0,
0007J0,13800.0,32178000000.0,12300.0,14850.0,11630.0,2339997.0,
351320,3650.0,965000000.0,3740.0,3845.0,3560.0,262281.0,
396470,6720.0,391000000.0,6890.0,6960.0,6710.0,57368.0,
246710,2265.0,239000000.0,2240.0,2300.0,2240.0,105515.0,
067900,5910.0,145000000.0,5950.0,5970.0,5860.0,24586.0,
039340,4880.0,15000000.0,4920.0,4920.0,4800.0,3148.0,
217820,2255.0,534000000.0,2320.0,2320.0,2240.0,234159.0,
334970,1375.0,400000000.0,1340.0,1408.0,1302.0,295607.0,
039560,2490.0,332000000.0,2550.0,2590.0,2470.0,131403.0,
339950,2370.0,90000000.0,2400.0,2400.0,2360.0,37851.0,
040300,2230.0,396000000.0,2280.0,2285.0,2190.0,177243.0,
189330,11280.0,1489000000.0,11310.0,11670.0,11110.0,130277.0,
120240,14710.0,238000000.0,14640.0,14750.0,14390.0,16305.0,
439580,3120.0,24846000000.0,2730.0,3485.0,2520.0,7826950.0,
299030,13200.0,256000000.0,13370.0,13490.0,13170.0,19212.0,156890000.0
073560,1523.0,88000000.0,1524.0,1532.0,1516.0,57942.0,
209640,3700.0,3097000000.0,3820.0,3940.0,3655.0,816523.0,
289930,7980.0,577000000.0,7800.0,8190.0,7760.0,72155.0,
394420,9530.0,1227000000.0,9800.0,10380.0,9450.0,125287.0,
072950,13000.0,11597000000.0,13900.0,13980.0,12730.0,873649.0,
242040,3025.0,670000000.0,3035.0,3140.0,2990.0,219254.0,
106190,9820.0,1058000000.0,9940.0,10030.0,9500.0,108805.0,
038540,1882.0,146000000.0,1916.0,1964.0,1851.0,77594.0,
109740,4045.0,206000000.0,4020.0,4085.0,3895.0,52185.0,
048550,1075.0,262000000.0,1083.0,1090.0,1054.0,245080.0,
130580,6750.0,226000000.0,6700.0,6820.0,6440.0,33785.0,
311320,8240.0,129000000.0,8430.0,8720.0,8230.0,15259.0,
357880,1916.0,2467000000.0,1925.0,2080.0,1882.0,1248563.0,
123040,1647.0,125000000.0,1669.0,1677.0,1639.0,75339.0,
063170,5800.0,96000000.0,5850.0,5940.0,5710.0,16446.0,
475580,7560.0,352000000.0,7600.0,7690.0,7450.0,46713.0,
053700,3855.0,552000000.0,3855.0,3945.0,3835.0,142054.0,
131030,5820.0,166000000.0,5760.0,5840.0,5720.0,28702.0,
125210,6160.0,1916000000.0,5990.0,6580.0,5980.0,303851.0,
100700,2305.0,445000000.0,2345.0,2345.0,2270.0,193928.0,
059210,3710.0,163000000.0,3735.0,3735.0,3660.0,44002.0,
310200,1931.0,267000000.0,1934.0,1940.0,1889.0,139978.0,
115440,9330.0,4666000000.0,10100.0,10240.0,9250.0,482168.0,
366030,4445.0,132000000.0,4510.0,4510.0,4360.0,30117.0,
307930,6420.0,374000000.0,6410.0,6570.0,6340.0,57746.0,
006620,3520.0,255000000.0,3490.0,3520.0,3415.0,73960.0,
453450,12600.0,144000000.0,12850.0,12850.0,12400.0,11396.0,
053350,4540.0,206000000.0,4345.0,4555.0,4335.0,46147.0,
309960,4305.0,88000000.0,4255.0,4320.0,4240.0,20652.0,
261780,3445.0,2532000000.0,3520.0,3740.0,3365.0,709047.0,
021080,2075.0,476000000.0,2110.0,2135.0,2050.0,228203.0,
246720,6070.0,0.0,0.0,0.0,0.0,0.0,
198440,1622.0,1088000000.0,1684.0,1689.0,1611.0,667787.0,
182360,6350.0,77000000.0,6200.0,6410.0,6200.0,12201.0,
099750,7210.0,940000000.0,7670.0,7670.0,7200.0,126770.0,
083500,11840.0,773000000.0,11760.0,12180.0,11480.0,65444.0,
306620,2050.0,862000000.0,2045.0,2135.0,2025.0,414375.0,
088130,5610.0,334000000.0,5740.0,5740.0,5510.0,59374.0,
352090,3645.0,101000000.0,3690.0,3690.0,3625.0,27627.0,
250060,3035.0,297000000.0,3045.0,3095.0,3015.0,97126.0,
317770,2635.0,618000000.0,2660.0,2780.0,2595.0,230820.0,
323990,4190.0,687000000.0,4360.0,4380.0,4110.0,164636.0,
066790,2205.0,0.0,0.0,0.0,0.0,0.0,
303810,3035.0,40361000000.0,2335.0,3035.0,2330.0,14249101.0,
036010,7300.0,1469000000.0,7290.0,7680.0,7210.0,196491.0,
411080,6350.0,2082000000.0,6200.0,6440.0,6050.0,332249.0,
298540,6670.0,46000000.0,6680.0,6730.0,6610.0,6930.0,
068240,2530.0,0.0,0.0,0.0,0.0,0.0,
052420,9870.0,205000000.0,9800.0,9920.0,9680.0,20818.0,
217190,7260.0,536000000.0,7480.0,7580.0,7260.0,72167.0,
017650,10800.0,0.0,0.0,0.0,0.0,0.0,
037030,3700.0,1014000000.0,3635.0,3770.0,3620.0,274897.0,
192410,3740.0,123000000.0,3920.0,4050.0,3600.0,32224.0,
014950,9350.0,4786000000.0,9690.0,9700.0,9300.0,504771.0,
348350,9600.0,590000000.0,9590.0,9920.0,9300.0,60617.0,
235980,2735.0,331000000.0,2730.0,2815.0,2700.0,119921.0,
330350,7100.0,748000000.0,7270.0,7310.0,7040.0,104311.0,
173130,7170.0,384000000.0,7060.0,7240.0,7040.0,53556.0,
074430,1047.0,79000000.0,1019.0,1055.0,995.0,76537.0,
042500,4190.0,158000000.0,4220.0,4250.0,4180.0,37543.0,
205100,1379.0,941000000.0,1441.0,1441.0,1379.0,673631.0,
162300,2240.0,5949000000.0,2380.0,2540.0,2195.0,2527779.0,
036220,6490.0,175000000.0,6560.0,6620.0,6460.0,26787.0,
187790,3005.0,5565000000.0,3050.0,3775.0,2965.0,1686178.0,
109610,1888.0,169000000.0,1890.0,1933.0,1869.0,88632.0,
255440,7060.0,247000000.0,7110.0,7110.0,6910.0,35181.0,
045970,3500.0,272000000.0,3525.0,3750.0,3450.0,76033.0,
457370,11400.0,18893000000.0,11350.0,12300.0,11250.0,1602594.0,
005860,2330.0,658000000.0,2360.0,2375.0,2280.0,280494.0,
419050,1603.0,13490000000.0,1531.0,1817.0,1524.0,7897035.0,
129920,5640.0,1979000000.0,5150.0,5980.0,5070.0,350348.0,
049950,10390.0,194000000.0,10650.0,10870.0,10390.0,18281.0,
002230,4960.0,260000000.0,5100.0,5160.0,4960.0,51335.0,
040420,5820.0,23000000.0,5800.0,5820.0,5800.0,4039.0,
493330,11280.0,383000000.0,11670.0,11670.0,11220.0,33606.0,
093920,4845.0,8000000.0,4845.0,4885.0,4800.0,1701.0,
023900,7150.0,111000000.0,7190.0,7240.0,7050.0,15556.0,
062970,2985.0,6665000000.0,3000.0,3050.0,2785.0,2265032.0,
380550,7370.0,1822000000.0,7220.0,7870.0,7090.0,243473.0,
282720,7410.0,96000000.0,7440.0,7520.0,7360.0,12960.0,
053580,6900.0,44000000.0,6890.0,7070.0,6890.0,6382.0,
009300,14030.0,10000000.0,14170.0,14170.0,13740.0,729.0,
047560,7600.0,180000000.0,7580.0,7800.0,7570.0,23447.0,
432470,10180.0,598000000.0,10270.0,10480.0,10150.0,58149.0,
357230,2155.0,31000000.0,2140.0,2160.0,2105.0,14702.0,
362320,4295.0,138000000.0,4370.0,4480.0,4295.0,31727.0,
013310,2285.0,129000000.0,2285.0,2315.0,2275.0,56211.0,
066590,2285.0,161000000.0,2305.0,2315.0,2260.0,70207.0,
307870,1189.0,489000000.0,1222.0,1226.0,1177.0,410413.0,
086960,2070.0,2108000000.0,2155.0,2165.0,2020.0,1013622.0,
048530,2845.0,95000000.0,2960.0,2960.0,2830.0,33030.0,
900260,1904.0,51000000.0,1889.0,2075.0,1876.0,25920.0,
322180,4070.0,169000000.0,4070.0,4185.0,3960.0,41868.0,
054540,6720.0,507000000.0,6720.0,6840.0,6690.0,75308.0,
052460,5960.0,873000000.0,5930.0,6040.0,5820.0,147319.0,
096240,8450.0,71000000.0,8550.0,8550.0,8370.0,8418.0,
033290,1522.0,8000000.0,1519.0,1524.0,1510.0,5359.0,
065450,2895.0,595000000.0,2885.0,2930.0,2850.0,204763.0,
226400,4130.0,748000000.0,4260.0,4310.0,4050.0,180772.0,
234300,3135.0,433000000.0,3185.0,3240.0,3000.0,135790.0,
004650,9280.0,72000000.0,9220.0,9280.0,9220.0,7738.0,
223250,3460.0,3674000000.0,3630.0,3640.0,3400.0,1053939.0,
299660,2885.0,5486000000.0,2410.0,2885.0,2410.0,1985002.0,
052900,1110.0,1782000000.0,1076.0,1165.0,1075.0,1583568.0,
072020,9150.0,90000000.0,9120.0,9310.0,9010.0,9875.0,
263720,6890.0,88000000.0,6970.0,6970.0,6790.0,12878.0,
100130,1473.0,4855000000.0,1419.0,1593.0,1402.0,3206073.0,
049180,1009.0,0.0,0.0,0.0,0.0,0.0,
025950,9990.0,101000000.0,10050.0,10100.0,9950.0,10107.0,
100590,4890.0,2222000000.0,5150.0,5150.0,4815.0,452027.0,
183490,990.0,0.0,0.0,0.0,0.0,0.0,
048910,6660.0,221000000.0,6670.0,6740.0,6550.0,33138.0,
330730,4590.0,52000000.0,4585.0,4660.0,4560.0,11361.0,
029480,1398.0,122000000.0,1410.0,1425.0,1380.0,87238.0,
185490,1930.0,120000000.0,1965.0,1985.0,1915.0,62061.0,
049080,9800.0,2930000000.0,10190.0,10190.0,9700.0,295106.0,
246960,2445.0,283000000.0,2485.0,2490.0,2370.0,116959.0,
086710,6770.0,26000000.0,6770.0,6880.0,6740.0,3860.0,
215100,4050.0,189000000.0,4085.0,4145.0,4025.0,46186.0,
036640,5030.0,127000000.0,5070.0,5070.0,5000.0,25334.0,
357580,6970.0,1654000000.0,6940.0,7400.0,6880.0,231735.0,
234030,3480.0,1864000000.0,3475.0,3845.0,3385.0,513998.0,
478560,3180.0,185000000.0,3265.0,3265.0,3115.0,58330.0,
078890,4455.0,262000000.0,4520.0,4560.0,4390.0,58977.0,
066430,2095.0,936000000.0,2165.0,2195.0,2095.0,437547.0,
044990,10670.0,226000000.0,10900.0,11500.0,10590.0,20893.0,
294630,3090.0,347000000.0,3190.0,3190.0,3055.0,111574.0,
078140,7370.0,114000000.0,7400.0,7470.0,7300.0,15488.0,
038110,1984.0,212000000.0,2000.0,2010.0,1983.0,106579.0,
101330,3525.0,124000000.0,3595.0,3595.0,3455.0,35579.0,
105740,8010.0,238000000.0,8100.0,8100.0,7920.0,29900.0,
037760,2405.0,187000000.0,2370.0,2430.0,2360.0,77904.0,
058820,549.0,474000000.0,572.0,581.0,542.0,856703.0,
033560,4750.0,15000000.0,4745.0,4775.0,4685.0,3145.0,
089230,2060.0,500000000.0,2145.0,2220.0,2050.0,233809.0,
412540,3935.0,0.0,0.0,0.0,0.0,0.0,
418470,9450.0,264000000.0,9470.0,9510.0,9360.0,28023.0,
007820,3430.0,308000000.0,3530.0,3545.0,3400.0,88629.0,
091120,4660.0,155000000.0,4860.0,4940.0,4650.0,32685.0,
067000,1142.0,274000000.0,1145.0,1148.0,1104.0,243227.0,
137950,3580.0,322000000.0,3540.0,3610.0,3495.0,90826.0,
140070,2155.0,103000000.0,2165.0,2165.0,2095.0,48609.0,
365330,1588.0,535000000.0,1556.0,1615.0,1556.0,336524.0,
381620,6070.0,220000000.0,6270.0,6300.0,6040.0,35715.0,
0015S0,8060.0,3855000000.0,8120.0,8930.0,7990.0,454843.0,
066980,1477.0,289000000.0,1506.0,1530.0,1460.0,192519.0,
412350,5430.0,1809000000.0,5260.0,5630.0,5260.0,333760.0,
032540,3785.0,16000000.0,3835.0,3835.0,3610.0,4353.0,
047820,3230.0,57000000.0,3245.0,3290.0,3100.0,17758.0,
004590,5260.0,106000000.0,5220.0,5330.0,5220.0,20156.0,
302550,2605.0,66000000.0,2690.0,2690.0,2565.0,25310.0,
040160,6630.0,152000000.0,6900.0,7180.0,6560.0,22120.0,
032300,7220.0,25000000.0,7300.0,7580.0,7180.0,3492.0,
079810,3650.0,155000000.0,3700.0,3760.0,3630.0,42383.0,
063080,11890.0,89000000.0,12040.0,12300.0,11820.0,7413.0,
000440,12560.0,155000000.0,12510.0,12680.0,12400.0,12387.0,
389140,5480.0,373000000.0,5490.0,5590.0,5330.0,67919.0,
0117P0,5510.0,279000000.0,5620.0,5620.0,5510.0,50146.0,
066700,2100.0,87000000.0,2130.0,2130.0,2090.0,41362.0,
030960,4870.0,130000000.0,4765.0,4880.0,4715.0,27010.0,
054670,5420.0,54000000.0,5500.0,5530.0,5410.0,10007.0,
102370,3005.0,197000000.0,2980.0,3025.0,2955.0,66168.0,
149980,4515.0,109000000.0,4645.0,4685.0,4515.0,23649.0,
950130,2200.0,153000000.0,2225.0,2270.0,2100.0,69941.0,
475430,4335.0,757000000.0,4310.0,4510.0,4280.0,171793.0,
131370,1450.0,74000000.0,1478.0,1497.0,1450.0,50438.0,
142280,3205.0,1464000000.0,3295.0,3320.0,3150.0,451991.0,
124560,1980.0,45000000.0,1980.0,1989.0,1950.0,23010.0,
389030,1945.0,170000000.0,1998.0,1998.0,1933.0,86509.0,
251120,8800.0,156000000.0,9150.0,9170.0,8700.0,17591.0,
024880,3835.0,177000000.0,3880.0,4060.0,3825.0,45701.0,
019550,948.0,155000000.0,963.0,963.0,948.0,162818.0,
225530,2100.0,17000000.0,2105.0,2110.0,2070.0,7950.0,
073640,654.0,0.0,0.0,0.0,0.0,0.0,
084730,6850.0,53000000.0,6800.0,6900.0,6690.0,7838.0,
382840,4980.0,233000000.0,5100.0,5270.0,4975.0,45682.0,
323350,9490.0,1657000000.0,8140.0,9750.0,8130.0,182082.0,
0017J0,2520.0,637000000.0,2560.0,2675.0,2515.0,246774.0,
041930,4985.0,146000000.0,5030.0,5050.0,4970.0,29190.0,
085670,3090.0,4290000000.0,3035.0,3385.0,2980.0,1332031.0,
117670,11340.0,758000000.0,11310.0,11620.0,11110.0,66830.0,
058400,5700.0,135000000.0,5980.0,5980.0,5580.0,23601.0,
088390,8040.0,43000000.0,8000.0,8220.0,8000.0,5393.0,
040350,3800.0,370000000.0,4010.0,4010.0,3715.0,96427.0,
253840,4500.0,387000000.0,4510.0,4580.0,4470.0,85586.0,
396270,2290.0,977000000.0,2275.0,2370.0,2260.0,423418.0,
012700,2890.0,51000000.0,2900.0,2925.0,2880.0,17763.0,
331380,2030.0,10000000.0,2060.0,2090.0,2005.0,5058.0,
049470,3180.0,14045000000.0,3120.0,3580.0,2840.0,4259440.0,
040910,4115.0,43000000.0,4065.0,4245.0,4065.0,10410.0,
017480,4840.0,22000000.0,4850.0,4855.0,4810.0,4611.0,
066310,8050.0,375000000.0,8200.0,8240.0,7910.0,46359.0,
020710,3720.0,4039000000.0,3705.0,4070.0,3565.0,1044523.0,
282620,12720.0,921000000.0,13150.0,13150.0,12720.0,71521.0,
263800,4585.0,632000000.0,4710.0,4795.0,4580.0,135239.0,
011320,3850.0,69000000.0,3825.0,3850.0,3760.0,18220.0,
168330,2340.0,37000000.0,2370.0,2375.0,2315.0,15986.0,
107600,13150.0,212000000.0,13650.0,13650.0,13150.0,15951.0,
090470,4250.0,149000000.0,4590.0,4590.0,4245.0,34299.0,
451250,7260.0,31000000.0,7270.0,7290.0,7230.0,4296.0,
371950,3140.0,394000000.0,3220.0,3400.0,3055.0,125140.0,
011370,3665.0,78000000.0,3715.0,3725.0,3660.0,21303.0,
136150,8800.0,533000000.0,8000.0,9120.0,8000.0,61049.0,
208140,2255.0,40000000.0,2265.0,2265.0,2235.0,17949.0,
360070,8980.0,115000000.0,8710.0,9060.0,8710.0,12885.0,
060590,3040.0,95000000.0,3085.0,3085.0,3000.0,31267.0,
039980,5110.0,753000000.0,5200.0,5430.0,5100.0,142852.0,
039010,8510.0,685000000.0,8100.0,8590.0,8010.0,81817.0,
377480,10320.0,1421000000.0,10290.0,10880.0,10130.0,135104.0,
080010,7460.0,16000000.0,7300.0,7460.0,7210.0,2140.0,
038680,3680.0,186000000.0,3775.0,3860.0,3660.0,50094.0,
012790,6110.0,29000000.0,6150.0,6150.0,6070.0,4665.0,
083790,949.0,79000000.0,978.0,978.0,949.0,82620.0,
487580,2895.0,341000000.0,2920.0,2965.0,2880.0,116797.0,
058630,3880.0,152000000.0,3895.0,3895.0,3830.0,39359.0,
170030,4740.0,38000000.0,4770.0,4820.0,4730.0,8053.0,
024740,2210.0,127000000.0,2240.0,2265.0,2200.0,56989.0,
060570,4875.0,12000000.0,4890.0,4910.0,4820.0,2394.0,
338220,5150.0,647000000.0,5340.0,5350.0,5070.0,125715.0,1234404000.0
038460,2850.0,192000000.0,2875.0,2885.0,2785.0,68086.0,
347890,4230.0,77000000.0,4190.0,4240.0,4155.0,18523.0,
320000,10400.0,3022000000.0,10690.0,11250.0,10390.0,278160.0,
234920,5310.0,0.0,0.0,0.0,0.0,0.0,
094860,1350.0,126000000.0,1472.0,1472.0,1339.0,91312.0,
048430,6220.0,419000000.0,6350.0,6400.0,6200.0,66535.0,
065510,6580.0,187000000.0,6670.0,6680.0,6540.0,28387.0,
171120,1993.0,99000000.0,2015.0,2015.0,1975.0,49685.0,
041910,5350.0,108000000.0,5340.0,5520.0,5340.0,19963.0,
045660,8600.0,78000000.0,8600.0,8730.0,8560.0,9049.0,
096350,1927.0,248000000.0,1890.0,1964.0,1890.0,128922.0,
388870,5480.0,187000000.0,5490.0,5490.0,5360.0,34659.0,
054040,4390.0,208000000.0,4450.0,4450.0,4380.0,47400.0,
0155E0,12840.0,18243000000.0,13730.0,14500.0,12550.0,1348208.0,
487400,6860.0,1193000000.0,7280.0,7370.0,6850.0,168417.0,
104460,6690.0,122000000.0,6470.0,6750.0,6360.0,18542.0,
302430,7170.0,418000000.0,7310.0,7450.0,7140.0,57320.0,
024830,8390.0,5000000.0,8760.0,8760.0,8250.0,560.0,
0004V0,6360.0,2028000000.0,6520.0,6790.0,6310.0,312326.0,
053280,2800.0,281000000.0,2800.0,2950.0,2770.0,99192.0,
128660,2820.0,158000000.0,2845.0,2845.0,2790.0,56405.0,
026150,3975.0,155000000.0,4090.0,4135.0,3950.0,38644.0,
228340,3485.0,1108000000.0,3530.0,3640.0,3385.0,319234.0,
332370,5250.0,13000000.0,5180.0,5460.0,5180.0,2470.0,
217330,3005.0,111000000.0,3070.0,3090.0,3000.0,36326.0,
091590,5910.0,658000000.0,6150.0,6260.0,5900.0,108237.0,
110790,2960.0,3000000.0,2970.0,2970.0,2935.0,894.0,
076610,1138.0,1021000000.0,1182.0,1199.0,1121.0,884133.0,
347000,1830.0,40000000.0,1855.0,1856.0,1825.0,22022.0,
204840,4460.0,144000000.0,4550.0,4550.0,4300.0,32617.0,
337930,2330.0,219000000.0,2385.0,2440.0,2320.0,93157.0,
294140,2775.0,69000000.0,2685.0,2840.0,2585.0,25246.0,
196490,6090.0,0.0,0.0,0.0,0.0,0.0,
067370,5660.0,58000000.0,5570.0,5820.0,5560.0,10253.0,
265560,6460.0,28000000.0,6420.0,6490.0,6400.0,4290.0,
277880,3475.0,89000000.0,3505.0,3515.0,3445.0,25637.0,
032850,4145.0,207000000.0,4270.0,4270.0,4135.0,49577.0,
413390,6100.0,164000000.0,6190.0,6230.0,6030.0,26987.0,
303360,5330.0,85000000.0,5390.0,5440.0,5330.0,15819.0,
417790,6550.0,27000000.0,6670.0,6670.0,6500.0,4086.0,
460940,5090.0,211000000.0,5180.0,5190.0,5020.0,41339.0,
483350,3085.0,901000000.0,3090.0,3120.0,3035.0,292434.0,
262260,4525.0,167000000.0,4715.0,4740.0,4525.0,36222.0,
067570,1616.0,69000000.0,1628.0,1650.0,1613.0,42879.0,
043610,1168.0,76000000.0,1182.0,1195.0,1150.0,65112.0,
147760,3390.0,260000000.0,3385.0,3445.0,3235.0,78563.0,
054620,3680.0,86000000.0,3840.0,3840.0,3675.0,23229.0,
049550,3450.0,3000000.0,3545.0,3545.0,3430.0,816.0,
019540,5000.0,113000000.0,5130.0,5130.0,4985.0,22555.0,
123010,3340.0,2335000000.0,3065.0,3560.0,3055.0,694360.0,
228670,4315.0,320000000.0,4470.0,4470.0,4250.0,73995.0,
097800,2470.0,576000000.0,2530.0,2620.0,2445.0,227870.0,
123420,6470.0,85000000.0,6450.0,6520.0,6370.0,13231.0,
067170,2450.0,560000000.0,2440.0,2550.0,2380.0,225793.0,
214260,7540.0,65000000.0,7500.0,7770.0,7500.0,8654.0,
061040,7430.0,43000000.0,7470.0,7750.0,7380.0,5565.0,
109860,7370.0,1000000.0,7430.0,7430.0,7350.0,160.0,
318160,7180.0,65000000.0,7140.0,7270.0,7040.0,9102.0,
153710,4570.0,44000000.0,4660.0,4660.0,4560.0,9477.0,
004780,4200.0,162000000.0,4210.0,4260.0,4200.0,38339.0,
002800,4400.0,79000000.0,4430.0,4465.0,4355.0,17879.0,
212710,6830.0,684000000.0,6730.0,7100.0,6650.0,99289.0,
417970,10350.0,139000000.0,10410.0,10610.0,10210.0,13302.0,
048770,4215.0,1812000000.0,4340.0,4410.0,4215.0,422832.0,
010280,5080.0,58000000.0,5130.0,5170.0,5020.0,11525.0,
006140,4450.0,167000000.0,4470.0,4550.0,4425.0,37174.0,
137080,6170.0,33000000.0,6150.0,6350.0,6120.0,5319.0,
104040,2450.0,97000000.0,2435.0,2450.0,2305.0,40952.0,
214680,3930.0,360000000.0,3790.0,4160.0,3790.0,90043.0,
222110,4830.0,6000000.0,4765.0,4850.0,4730.0,1306.0,
456070,5900.0,3124000000.0,5880.0,6550.0,5830.0,505370.0,
111710,3155.0,76000000.0,3200.0,3200.0,3140.0,24023.0,
0218L0,12310.0,160000000.0,12280.0,12780.0,12280.0,12756.0,
100030,19770.0,190000000.0,20550.0,20600.0,19770.0,9467.0,
0156T0,8340.0,503000000.0,8470.0,8520.0,8320.0,59777.0,
033130,1748.0,37000000.0,1785.0,1785.0,1710.0,21096.0,
014970,4370.0,110000000.0,4480.0,4480.0,4330.0,24968.0,
205470,2620.0,109000000.0,2660.0,2700.0,2580.0,41809.0,
096250,5450.0,154000000.0,5510.0,5570.0,5340.0,28279.0,
451220,8160.0,377000000.0,8300.0,8560.0,8020.0,45097.0,
039610,6170.0,2008000000.0,6050.0,6530.0,5980.0,317846.0,
041460,3380.0,54000000.0,3400.0,3420.0,3360.0,16121.0,
290660,1499.0,811000000.0,1612.0,1612.0,1490.0,534453.0,
043650,3595.0,127000000.0,3610.0,3620.0,3550.0,35495.0,
008370,5350.0,72000000.0,5330.0,5380.0,5300.0,13576.0,
299170,1545.0,5815000000.0,1220.0,1545.0,1210.0,3849785.0,
067920,5800.0,229000000.0,5930.0,5930.0,5710.0,39714.0,
424960,3855.0,23000000.0,3930.0,3985.0,3855.0,5814.0,
092040,897.0,203000000.0,890.0,912.0,889.0,225519.0,
081150,2610.0,244000000.0,2600.0,2720.0,2585.0,92489.0,
382480,1609.0,85000000.0,1586.0,1620.0,1582.0,53164.0,
950220,1845.0,463000000.0,1955.0,1956.0,1801.0,243202.0,
065170,2250.0,2435000000.0,2245.0,2470.0,2195.0,1047217.0,
001840,2215.0,0.0,0.0,0.0,0.0,0.0,
036000,2715.0,33000000.0,2745.0,2745.0,2690.0,12247.0,
241790,6230.0,877000000.0,6410.0,6530.0,6210.0,137809.0,
294090,1490.0,0.0,0.0,0.0,0.0,0.0,
089850,4220.0,20000000.0,4110.0,4240.0,4090.0,4844.0,
082210,1777.0,64000000.0,1814.0,1847.0,1776.0,35457.0,
005670,6210.0,127000000.0,6150.0,6450.0,6150.0,20482.0,
347860,1473.0,159000000.0,1461.0,1537.0,1461.0,106490.0,
900300,3015.0,182000000.0,3015.0,3100.0,2995.0,59707.0,
054300,1065.0,146000000.0,1087.0,1089.0,1062.0,135752.0,
291230,2570.0,83000000.0,2520.0,2605.0,2515.0,32275.0,
064240,1777.0,101000000.0,1763.0,1785.0,1680.0,58619.0,
460870,3070.0,322000000.0,3070.0,3090.0,2920.0,106972.0,
155650,3245.0,321000000.0,3345.0,3395.0,3230.0,96542.0,
241690,2510.0,30000000.0,2570.0,2570.0,2465.0,12089.0,
122350,1602.0,3471000000.0,1549.0,1730.0,1466.0,2112143.0,
340810,4395.0,1341000000.0,4610.0,4670.0,4270.0,301903.0,
126880,2645.0,335000000.0,2560.0,2720.0,2550.0,127055.0,
039420,2665.0,7000000.0,2680.0,2680.0,2645.0,2744.0,
214270,1351.0,64000000.0,1320.0,1388.0,1320.0,46557.0,
331740,6260.0,160000000.0,6330.0,6450.0,6230.0,25317.0,
010240,5210.0,55000000.0,5260.0,5260.0,5210.0,10581.0,
203400,676.0,0.0,0.0,0.0,0.0,0.0,
089790,5890.0,792000000.0,5980.0,6080.0,5730.0,133511.0,
352910,4795.0,25000000.0,4800.0,4865.0,4795.0,5158.0,
463020,6730.0,1580000000.0,6850.0,7530.0,6700.0,223244.0,
094850,4320.0,80000000.0,4305.0,4320.0,4270.0,18545.0,
066670,3230.0,34000000.0,3210.0,3240.0,3210.0,10619.0,
065530,1254.0,173000000.0,1288.0,1295.0,1240.0,136581.0,
216050,4915.0,33000000.0,4910.0,4990.0,4875.0,6730.0,
016250,11880.0,16000000.0,12200.0,12200.0,11660.0,1340.0,
457600,4360.0,214000000.0,4500.0,4545.0,4290.0,48480.0,
950200,3105.0,233000000.0,3145.0,3185.0,3065.0,74779.0,
208370,2320.0,383000000.0,2320.0,2515.0,2285.0,161790.0,
036090,1400.0,1550000000.0,1450.0,1530.0,1400.0,1066714.0,
010470,4940.0,11000000.0,4900.0,4980.0,4900.0,2155.0,
095270,4115.0,133000000.0,4265.0,4345.0,4100.0,31885.0,
033320,3090.0,185000000.0,3120.0,3170.0,3050.0,60029.0,
014470,1035.0,70000000.0,1060.0,1060.0,1028.0,67065.0,
049480,1878.0,221000000.0,1924.0,1935.0,1878.0,116206.0,
191420,7270.0,13000000.0,7360.0,7380.0,7160.0,1816.0,
365660,4370.0,1065000000.0,4480.0,4510.0,4360.0,240882.0,
187420,1800.0,279000000.0,1883.0,1883.0,1761.0,155514.0,
050960,8700.0,21000000.0,8610.0,8780.0,8600.0,2381.0,
033310,1468.0,68000000.0,1460.0,1474.0,1436.0,46826.0,
053620,6800.0,24000000.0,6860.0,6860.0,6750.0,3573.0,
037440,4200.0,654000000.0,4185.0,4285.0,4180.0,154532.0,
060310,1101.0,256000000.0,1147.0,1179.0,1082.0,230811.0,
059270,5210.0,161000000.0,5260.0,5260.0,5070.0,31267.0,
099520,1284.0,0.0,0.0,0.0,0.0,0.0,
036120,1651.0,115000000.0,1620.0,1654.0,1620.0,70161.0,
045340,6770.0,94000000.0,6690.0,6820.0,6370.0,14172.0,
448710,10950.0,180000000.0,11400.0,11400.0,10940.0,16204.0,
225190,821.0,0.0,0.0,0.0,0.0,0.0,
251630,3615.0,178000000.0,3470.0,3650.0,3395.0,51346.0,
273640,5240.0,134000000.0,5480.0,5480.0,5230.0,25365.0,
238090,1884.0,27000000.0,1887.0,1943.0,1804.0,14617.0,
003310,1622.0,139000000.0,1640.0,1646.0,1621.0,85352.0,
221800,3510.0,248000000.0,3625.0,3980.0,3465.0,69963.0,
175140,2295.0,38000000.0,2330.0,2330.0,2240.0,16571.0,
056360,5830.0,383000000.0,6090.0,6090.0,5770.0,65248.0,
088280,3260.0,620000000.0,3170.0,3415.0,3060.0,192347.0,
025550,2210.0,136000000.0,2205.0,2250.0,2180.0,61610.0,
053160,9370.0,38000000.0,9320.0,9770.0,9030.0,4000.0,
317530,3200.0,16000000.0,3225.0,3320.0,3190.0,4970.0,
215360,6130.0,53000000.0,6350.0,6350.0,6040.0,8626.0,
270520,2415.0,1369000000.0,2740.0,2755.0,2280.0,563953.0,
263690,4935.0,60000000.0,4925.0,4980.0,4890.0,12078.0,
007370,3945.0,29000000.0,3935.0,3970.0,3920.0,7330.0,
192250,7890.0,277000000.0,8000.0,8070.0,7830.0,35034.0,
053050,1857.0,104000000.0,1875.0,1891.0,1853.0,56004.0,
039020,2465.0,38000000.0,2480.0,2550.0,2460.0,15407.0,
315640,1894.0,189000000.0,1969.0,1979.0,1892.0,97958.0,
340930,806.0,0.0,0.0,0.0,0.0,0.0,
054930,18410.0,691000000.0,18600.0,19200.0,18390.0,36993.0,
288180,7430.0,205000000.0,7700.0,7730.0,7400.0,27128.0,
443250,5080.0,54000000.0,5100.0,5160.0,5000.0,10713.0,
217480,499.0,0.0,0.0,0.0,0.0,0.0,
064800,2140.0,141000000.0,2195.0,2280.0,2100.0,65215.0,
333620,4970.0,153000000.0,5180.0,5180.0,4880.0,30962.0,
040610,3200.0,43000000.0,3225.0,3230.0,3160.0,13617.0,
263600,3405.0,93000000.0,3525.0,3525.0,3355.0,27246.0,
036670,5040.0,71000000.0,5070.0,5100.0,4990.0,14095.0,
024950,4365.0,59000000.0,4415.0,4415.0,4365.0,13496.0,
061250,6420.0,115000000.0,6520.0,6520.0,6310.0,18053.0,
435570,7090.0,5000000.0,6900.0,7100.0,6870.0,687.0,
420570,9210.0,227000000.0,9150.0,9320.0,9150.0,24672.0,
024910,1502.0,17000000.0,1530.0,1530.0,1498.0,11396.0,
291650,1759.0,38000000.0,1824.0,1824.0,1715.0,21573.0,
459100,3980.0,27000000.0,3985.0,4040.0,3935.0,6870.0,
391710,1256.0,151000000.0,1268.0,1286.0,1245.0,119279.0,
104540,3970.0,34000000.0,4035.0,4040.0,3970.0,8556.0,
081180,6030.0,331000000.0,6260.0,6490.0,6010.0,53268.0,
170790,8300.0,76000000.0,8330.0,8350.0,8200.0,9188.0,
370090,6180.0,57000000.0,6250.0,6290.0,6100.0,9153.0,
109080,9370.0,269000000.0,9430.0,9650.0,9310.0,28364.0,
053270,1922.0,33000000.0,1982.0,1982.0,1922.0,17191.0,
019990,5390.0,817000000.0,5210.0,5690.0,5180.0,150198.0,
104620,3125.0,202000000.0,3170.0,3190.0,3105.0,64234.0,
179530,1783.0,678000000.0,1831.0,2150.0,1771.0,354944.0,
127710,1187.0,49000000.0,1306.0,1306.0,1187.0,39772.0,
340360,986.0,125000000.0,985.0,1000.0,929.0,127587.0,
317850,6270.0,737000000.0,6200.0,6420.0,6130.0,117585.0,
043710,3010.0,12000000.0,3015.0,3310.0,2995.0,3972.0,
261520,5070.0,132000000.0,5160.0,5440.0,5060.0,25740.0,
459550,2065.0,1503000000.0,2140.0,2190.0,2030.0,714550.0,
027050,1302.0,117000000.0,1312.0,1335.0,1300.0,89666.0,
408470,4920.0,247000000.0,4860.0,5090.0,4860.0,49456.0,
314140,6000.0,76000000.0,5970.0,6080.0,5820.0,12926.0,
347740,1725.0,62000000.0,1742.0,1784.0,1692.0,36079.0,
393210,3315.0,10014000000.0,2800.0,3315.0,2725.0,3278795.0,
046210,1133.0,49000000.0,1186.0,1186.0,1131.0,42555.0,
105760,5060.0,83000000.0,5010.0,5090.0,4930.0,16561.0,
246690,2165.0,92000000.0,2190.0,2215.0,2150.0,42120.0,
070300,1448.0,351000000.0,1461.0,1490.0,1420.0,243802.0,
088910,1999.0,76000000.0,2015.0,2020.0,1995.0,37676.0,
109670,8770.0,2739000000.0,6950.0,8770.0,6870.0,340229.0,
464490,4440.0,163000000.0,4960.0,4960.0,4405.0,36278.0,
094940,6110.0,288000000.0,6350.0,6350.0,6090.0,46378.0,
452400,5630.0,17000000.0,5790.0,5790.0,5530.0,3055.0,
015710,2910.0,11000000.0,2940.0,2970.0,2900.0,3624.0,
039240,1889.0,49000000.0,1882.0,1906.0,1878.0,26089.0,
189860,5240.0,3641000000.0,5180.0,5540.0,5010.0,688005.0,
419080,4670.0,322000000.0,4645.0,6000.0,4645.0,64213.0,
453860,7870.0,73000000.0,8190.0,8190.0,7850.0,9189.0,
348150,2610.0,45000000.0,2700.0,2700.0,2610.0,17082.0,
317830,4700.0,357000000.0,4940.0,4945.0,4560.0,75527.0,
393970,2825.0,0.0,0.0,0.0,0.0,0.0,
163280,3695.0,272000000.0,3685.0,3790.0,3635.0,73214.0,
256630,4330.0,47000000.0,4375.0,4375.0,4235.0,11094.0,
424980,8470.0,207000000.0,8630.0,8930.0,8400.0,23853.0,
179900,2320.0,527000000.0,2335.0,2445.0,2295.0,222311.0,
376290,2830.0,19000000.0,2850.0,2865.0,2740.0,6861.0,
033230,989.0,131000000.0,1014.0,1052.0,988.0,129481.0,
060560,1964.0,9000000.0,1973.0,1994.0,1948.0,4428.0,
463480,4020.0,130000000.0,4100.0,4175.0,3980.0,32003.0,
033170,2900.0,10489000000.0,3070.0,3420.0,2785.0,3347806.0,
044340,2775.0,171000000.0,2830.0,2895.0,2770.0,60333.0,
046940,2740.0,236000000.0,2780.0,2800.0,2715.0,85785.0,
071670,4945.0,75000000.0,4995.0,5040.0,4900.0,15092.0,
092300,2450.0,289000000.0,2420.0,2545.0,2415.0,116517.0,
0013V0,4975.0,225000000.0,5160.0,5200.0,4975.0,44375.0,
122310,3385.0,11000000.0,3305.0,3390.0,3305.0,3295.0,
348080,3815.0,912000000.0,4220.0,4240.0,3815.0,230338.0,
059100,6920.0,258000000.0,6700.0,7080.0,6680.0,37290.0,
063440,1079.0,77000000.0,1091.0,1091.0,1075.0,71513.0,
311690,3705.0,12000000.0,3800.0,3800.0,3665.0,3342.0,
038010,5350.0,234000000.0,5090.0,5370.0,5050.0,45248.0,
361570,1670.0,22000000.0,1700.0,1700.0,1669.0,13373.0,
217500,1507.0,51000000.0,1506.0,1538.0,1493.0,33693.0,
321260,1699.0,149000000.0,1703.0,1730.0,1665.0,87287.0,
042110,991.0,189000000.0,1003.0,1010.0,991.0,188994.0,
418250,6550.0,0.0,0.0,0.0,0.0,0.0,
440290,1730.0,85000000.0,1741.0,1754.0,1710.0,49534.0,
355690,4960.0,115000000.0,5050.0,5050.0,4885.0,23283.0,
382150,3625.0,309000000.0,3650.0,3725.0,3560.0,84492.0,
178780,2535.0,10000000.0,2450.0,2565.0,2440.0,4156.0,
189980,1176.0,41000000.0,1162.0,1179.0,1141.0,34988.0,
150900,4030.0,327000000.0,4095.0,4095.0,3935.0,81458.0,
199550,3170.0,138000000.0,3190.0,3260.0,3035.0,44356.0,
023440,521.0,0.0,0.0,0.0,0.0,0.0,
219550,1125.0,19000000.0,1073.0,1160.0,1073.0,16925.0,
277070,3365.0,23000000.0,3350.0,3490.0,3285.0,6816.0,
198080,2135.0,46000000.0,2125.0,2140.0,2100.0,21749.0,
014190,1297.0,113000000.0,1277.0,1330.0,1277.0,86909.0,
229000,1957.0,0.0,0.0,0.0,0.0,0.0,
073110,5150.0,10000000.0,5170.0,5210.0,5150.0,1859.0,
900340,1287.0,67000000.0,1320.0,1320.0,1278.0,51938.0,
384470,2550.0,273000000.0,2690.0,2690.0,2470.0,107727.0,
232830,2765.0,4600000000.0,2770.0,3165.0,2700.0,1556315.0,
131400,766.0,0.0,0.0,0.0,0.0,0.0,
471820,4035.0,2000000.0,3995.0,4080.0,3990.0,492.0,
037950,2700.0,43000000.0,2730.0,2750.0,2670.0,15997.0,
053980,2395.0,82000000.0,2395.0,2410.0,2375.0,34441.0,
260930,2350.0,20000000.0,2325.0,2380.0,2315.0,8659.0,
068330,1026.0,27000000.0,1049.0,1049.0,1020.0,25833.0,
051390,3985.0,30000000.0,3810.0,4040.0,3810.0,7781.0,
072470,2390.0,14000000.0,2310.0,2390.0,2310.0,5724.0,
083550,3310.0,17000000.0,3335.0,3335.0,3220.0,5223.0,
072990,3090.0,156000000.0,3180.0,3180.0,3050.0,50498.0,
143540,1000.0,113000000.0,1005.0,1013.0,985.0,113245.0,
033340,460.0,0.0,0.0,0.0,0.0,0.0,
321820,2850.0,217000000.0,2790.0,2950.0,2785.0,75384.0,
278650,2545.0,112000000.0,2595.0,2615.0,2510.0,43851.0,
900250,1238.0,72000000.0,1243.0,1264.0,1235.0,58073.0,
042040,5110.0,21000000.0,5130.0,5150.0,5100.0,4019.0,
053450,2995.0,116000000.0,2990.0,3030.0,2945.0,38879.0,
145170,2620.0,496000000.0,2555.0,2960.0,2540.0,183153.0,
222420,914.0,99000000.0,930.0,946.0,902.0,108636.0,
065130,2765.0,58000000.0,2670.0,2795.0,2665.0,21105.0,
208860,1303.0,0.0,0.0,0.0,0.0,0.0,
094970,2640.0,117000000.0,2680.0,2690.0,2635.0,43980.0,
0010V0,8660.0,22000000.0,8630.0,8840.0,8530.0,2552.0,
288330,416.0,0.0,0.0,0.0,0.0,0.0,
114450,2200.0,81000000.0,2185.0,2235.0,2160.0,36980.0,
082850,4520.0,141000000.0,4500.0,4640.0,4490.0,31135.0,
317690,2175.0,152000000.0,2265.0,2265.0,2145.0,69383.0,
476040,6630.0,515000000.0,6180.0,7410.0,6180.0,76513.0,
052790,3995.0,44000000.0,4060.0,4060.0,3965.0,10890.0,
099410,3110.0,63000000.0,3195.0,3195.0,3085.0,20163.0,
466410,8640.0,66000000.0,8570.0,8980.0,8570.0,7636.0,
258610,1186.0,23000000.0,1210.0,1233.0,1182.0,19232.0,
050120,3190.0,18000000.0,3240.0,3305.0,3190.0,5522.0,
066130,3380.0,31000000.0,3350.0,3390.0,3350.0,9045.0,
022220,835.0,7000000.0,803.0,835.0,794.0,8485.0,
317870,4880.0,31000000.0,4975.0,5000.0,4830.0,6318.0,
007680,3255.0,4000000.0,3280.0,3280.0,3240.0,1267.0,
224110,8470.0,19000000.0,8500.0,8650.0,8430.0,2267.0,
479960,6030.0,48000000.0,6080.0,6150.0,5960.0,8015.0,
307280,6000.0,337000000.0,5940.0,6020.0,5930.0,56611.0,
027830,787.0,108000000.0,800.0,814.0,750.0,137161.0,
263020,3070.0,78000000.0,3125.0,3125.0,3065.0,25494.0,
373200,1696.0,74000000.0,1750.0,1791.0,1653.0,43687.0,
413640,5890.0,58000000.0,5860.0,5920.0,5800.0,9974.0,
290670,5380.0,78000000.0,5690.0,5800.0,5330.0,14255.0,
140520,1999.0,16000000.0,2000.0,2000.0,1990.0,7913.0,
129890,923.0,50000000.0,937.0,949.0,923.0,53486.0,
227950,1217.0,89000000.0,1268.0,1280.0,1216.0,72006.0,
373160,3090.0,34000000.0,3015.0,3335.0,3015.0,10807.0,
190650,6550.0,13000000.0,6500.0,6570.0,6480.0,1958.0,
450330,5070.0,29000000.0,5130.0,5280.0,5060.0,5592.0,
256150,4930.0,30000000.0,4955.0,4980.0,4850.0,6000.0,
189690,1514.0,100000000.0,1563.0,1566.0,1471.0,67107.0,
056700,1417.0,30000000.0,1411.0,1417.0,1407.0,21264.0,
159580,2060.0,94000000.0,2120.0,2150.0,2045.0,45032.0,
452200,1695.0,66000000.0,1707.0,1730.0,1650.0,38388.0,
086060,4780.0,56000000.0,4755.0,4890.0,4730.0,11803.0,
238120,2885.0,38000000.0,3020.0,3020.0,2875.0,12983.0,
263700,2110.0,34000000.0,2055.0,2150.0,2025.0,16303.0,
136410,3715.0,76000000.0,3665.0,3735.0,3645.0,20571.0,
263810,2570.0,18000000.0,2595.0,2595.0,2550.0,7104.0,
037230,1370.0,31000000.0,1397.0,1397.0,1369.0,22396.0,
199480,3980.0,42000000.0,4015.0,4015.0,3915.0,10670.0,
196300,4265.0,39000000.0,4210.0,4435.0,4170.0,9009.0,
261200,2560.0,29000000.0,2580.0,2620.0,2555.0,11385.0,
002290,3255.0,24000000.0,3260.0,3270.0,3230.0,7445.0,
360350,7350.0,218000000.0,7470.0,7520.0,7090.0,30194.0,
286750,2495.0,53000000.0,2485.0,2565.0,2430.0,21295.0,
053950,2030.0,277000000.0,2110.0,2150.0,2015.0,134101.0,
465480,3920.0,56000000.0,3950.0,3970.0,3850.0,14125.0,
064090,798.0,0.0,0.0,0.0,0.0,0.0,
007530,1781.0,46000000.0,1894.0,1900.0,1781.0,25192.0,
226340,4720.0,880000000.0,4930.0,5070.0,4720.0,181980.0,
049830,6450.0,6000000.0,6340.0,6480.0,6300.0,972.0,
066900,1736.0,47000000.0,1770.0,1800.0,1728.0,26352.0,
184230,2095.0,208000000.0,2125.0,2200.0,2060.0,99326.0,
218150,1931.0,111000000.0,1925.0,1938.0,1890.0,57907.0,
263770,1654.0,3000000.0,1656.0,1659.0,1637.0,2076.0,
234100,2680.0,17000000.0,2645.0,2750.0,2635.0,6274.0,
221840,2090.0,12000000.0,2080.0,2090.0,2030.0,5829.0,
460470,2585.0,70000000.0,2660.0,2730.0,2560.0,26803.0,
044960,3085.0,25000000.0,3105.0,3125.0,3070.0,8074.0,
100660,3080.0,37000000.0,3115.0,3115.0,3010.0,12005.0,
042940,5670.0,134000000.0,5680.0,5940.0,5650.0,23531.0,
221980,9590.0,12000000.0,9520.0,9590.0,9380.0,1245.0,
065440,1418.0,242000000.0,1460.0,1485.0,1410.0,168713.0,
025880,2305.0,137000000.0,2305.0,2325.0,2300.0,59543.0,
032960,2190.0,33000000.0,2170.0,2255.0,2075.0,15585.0,
461030,2685.0,44000000.0,2610.0,2695.0,2610.0,16391.0,
352700,1456.0,23000000.0,1478.0,1478.0,1437.0,15674.0,
273060,3885.0,94000000.0,3835.0,4100.0,3835.0,23929.0,
050860,1691.0,34000000.0,1726.0,1726.0,1666.0,20310.0,
203450,2700.0,41000000.0,2685.0,2700.0,2635.0,15452.0,
250000,5610.0,11000000.0,5760.0,5760.0,5610.0,2003.0,
052220,1642.0,81000000.0,1688.0,1688.0,1640.0,48665.0,
101240,3325.0,17000000.0,3245.0,3335.0,3245.0,5031.0,
046310,2290.0,33000000.0,2295.0,2300.0,2260.0,14391.0,
122690,1621.0,7000000.0,1649.0,1649.0,1606.0,4385.0,
037370,4320.0,60000000.0,4410.0,4500.0,4300.0,13515.0,
019770,3190.0,50000000.0,3180.0,3215.0,3170.0,15543.0,
084650,500.0,0.0,0.0,0.0,0.0,0.0,
038070,3985.0,35000000.0,3990.0,3995.0,3935.0,8828.0,
014570,3360.0,4000000.0,3400.0,3405.0,3355.0,1166.0,
065500,1031.0,57000000.0,1018.0,1045.0,1017.0,55685.0,
081580,2375.0,151000000.0,2420.0,2430.0,2305.0,64174.0,
097870,4330.0,104000000.0,4345.0,4410.0,4290.0,24146.0,
219420,3205.0,98000000.0,3310.0,3340.0,3205.0,30031.0,
035460,2455.0,181000000.0,2540.0,2565.0,2450.0,72415.0,
171010,2560.0,48000000.0,2560.0,2590.0,2520.0,18927.0,
060540,1400.0,43000000.0,1396.0,1413.0,1381.0,31060.0,
026040,2215.0,243000000.0,2215.0,2305.0,2180.0,108613.0,
086040,2290.0,26000000.0,2275.0,2300.0,2245.0,11549.0,
051490,2570.0,120000000.0,2550.0,2750.0,2550.0,45870.0,
123570,1635.0,1000000.0,1666.0,1666.0,1607.0,796.0,
121890,2735.0,23000000.0,2740.0,2770.0,2695.0,8350.0,
043910,3200.0,44000000.0,3200.0,3235.0,3175.0,13836.0,
215380,2155.0,45000000.0,2110.0,2155.0,2030.0,21363.0,
046390,2100.0,9000000.0,2100.0,2150.0,2070.0,4202.0,
066360,1501.0,24000000.0,1500.0,1536.0,1500.0,15762.0,
284620,1087.0,0.0,0.0,0.0,0.0,0.0,
060850,4400.0,58000000.0,4500.0,4500.0,4355.0,13223.0,
057540,602.0,105000000.0,613.0,614.0,597.0,174620.0,
068940,778.0,0.0,0.0,0.0,0.0,0.0,
208710,2705.0,98000000.0,2730.0,2785.0,2685.0,35633.0,
260660,2320.0,74000000.0,2375.0,2390.0,2285.0,31958.0,
239890,3575.0,18000000.0,3610.0,3610.0,3525.0,5110.0,
318410,6390.0,22000000.0,6280.0,6390.0,6220.0,3481.0,
045060,2090.0,12000000.0,2125.0,2125.0,2080.0,5563.0,
363250,4160.0,17000000.0,4490.0,4490.0,4010.0,4131.0,
387570,6290.0,31000000.0,6300.0,6300.0,6170.0,4978.0,
263050,959.0,0.0,0.0,0.0,0.0,0.0,
045510,1121.0,16000000.0,1128.0,1136.0,1116.0,14071.0,
153460,5400.0,51000000.0,5780.0,5820.0,5400.0,9242.0,
024120,3055.0,9000000.0,3060.0,3075.0,3040.0,2912.0,
196450,3875.0,36000000.0,3880.0,3995.0,3810.0,9267.0,
075130,2170.0,57000000.0,2190.0,2190.0,2120.0,26470.0,
039290,4005.0,37000000.0,3855.0,4120.0,3855.0,9202.0,
446840,3150.0,29000000.0,3370.0,3370.0,3085.0,9162.0,
332290,4370.0,44000000.0,4400.0,4420.0,4290.0,10273.0,
186230,3170.0,83000000.0,3220.0,3220.0,3030.0,26712.0,
177900,3595.0,97000000.0,3680.0,3680.0,3520.0,27344.0,
207760,2070.0,30000000.0,2060.0,2095.0,2035.0,14389.0,
258790,6880.0,401000000.0,6980.0,7290.0,6790.0,57845.0,
452300,2425.0,268000000.0,2410.0,2480.0,2395.0,110033.0,
204020,1766.0,51000000.0,1753.0,1792.0,1745.0,29024.0,
106240,1292.0,49000000.0,1310.0,1362.0,1289.0,37555.0,
432430,2075.0,27000000.0,2060.0,2115.0,2030.0,13064.0,
469750,991.0,0.0,0.0,0.0,0.0,0.0,
434480,2770.0,139000000.0,2940.0,2940.0,2765.0,49264.0,
057030,2080.0,74000000.0,2075.0,2080.0,1999.0,36582.0,
215090,1464.0,54000000.0,1491.0,1532.0,1442.0,36578.0,
290120,2130.0,16000000.0,2150.0,2165.0,2110.0,7299.0,
290090,4510.0,14000000.0,4680.0,4680.0,4320.0,3079.0,
417860,7100.0,139000000.0,7290.0,7290.0,7030.0,19451.0,
052600,2890.0,27000000.0,2905.0,2915.0,2860.0,9503.0,
270870,3715.0,10000000.0,3710.0,3740.0,3620.0,2637.0,
016600,2390.0,30000000.0,2450.0,2465.0,2385.0,12400.0,
220180,1389.0,3000000.0,1385.0,1399.0,1364.0,2280.0,
038060,689.0,0.0,0.0,0.0,0.0,0.0,
131090,4310.0,108000000.0,4290.0,4350.0,4185.0,25009.0,
006920,3020.0,187000000.0,3100.0,3100.0,3000.0,61400.0,
080520,2910.0,36000000.0,2970.0,3045.0,2900.0,12127.0,
310870,1500.0,86000000.0,1487.0,1565.0,1478.0,56959.0,
064520,1470.0,7000000.0,1476.0,1481.0,1420.0,4597.0,
406820,2320.0,1443000000.0,2485.0,2500.0,2300.0,603417.0,
335810,1491.0,20000000.0,1527.0,1531.0,1447.0,13405.0,
397810,6340.0,72000000.0,6460.0,6480.0,5930.0,11518.0,
068050,1181.0,24000000.0,1142.0,1183.0,1142.0,20968.0,
072770,787.0,131000000.0,800.0,800.0,760.0,171551.0,
159910,3120.0,34000000.0,3085.0,3130.0,3020.0,10929.0,
087600,3995.0,5000000.0,4050.0,4050.0,3920.0,1255.0,
476080,4025.0,29000000.0,3925.0,4025.0,3910.0,7340.0,
109820,1588.0,50000000.0,1571.0,1595.0,1566.0,31840.0,
021650,1977.0,3000000.0,1984.0,1984.0,1965.0,1415.0,
089140,2110.0,32000000.0,2155.0,2155.0,2105.0,15103.0,
296640,6240.0,53000000.0,6260.0,6280.0,6000.0,8601.0,
099220,5130.0,83000000.0,5400.0,5400.0,5080.0,16203.0,
300120,3250.0,1662000000.0,3310.0,3725.0,3205.0,473718.0,
031510,1147.0,110000000.0,1133.0,1153.0,1126.0,96233.0,
133750,1371.0,5000000.0,1375.0,1388.0,1365.0,3354.0,
033830,1696.0,41000000.0,1679.0,1793.0,1673.0,24086.0,
408900,979.0,52000000.0,997.0,1010.0,970.0,53205.0,
200780,3000.0,22000000.0,2965.0,3050.0,2950.0,7468.0,
104200,2155.0,136000000.0,2240.0,2240.0,2145.0,62072.0,
025440,3275.0,26000000.0,3320.0,3320.0,3130.0,8103.0,
065950,1131.0,21000000.0,1144.0,1144.0,1120.0,18941.0,
318020,2595.0,23000000.0,2655.0,2655.0,2585.0,8780.0,
369370,3200.0,29000000.0,3215.0,3240.0,3095.0,9338.0,
153490,3100.0,39000000.0,3030.0,3125.0,2930.0,12898.0,
090410,3440.0,21000000.0,3500.0,3500.0,3400.0,6113.0,
271830,1075.0,112000000.0,1107.0,1110.0,1066.0,103305.0,
148930,3115.0,63000000.0,3185.0,3240.0,3050.0,20117.0,
368970,2810.0,190000000.0,2750.0,2820.0,2695.0,68079.0,
050110,1079.0,0.0,0.0,0.0,0.0,0.0,
419120,2215.0,76000000.0,2300.0,2360.0,2140.0,34071.0,
032790,1225.0,166000000.0,1276.0,1276.0,1201.0,135099.0,
043340,662.0,274000000.0,765.0,785.0,627.0,404211.0,
064480,2630.0,54000000.0,2620.0,2665.0,2590.0,20668.0,
127980,2650.0,27000000.0,2595.0,2750.0,2595.0,10170.0,
226330,1292.0,332000000.0,1235.0,1383.0,1235.0,250188.0,
173940,2030.0,33000000.0,2040.0,2040.0,1998.0,16251.0,
197140,2400.0,47000000.0,2395.0,2430.0,2385.0,19631.0,
258830,412.0,0.0,0.0,0.0,0.0,0.0,
263920,3175.0,8000000.0,3210.0,3400.0,3060.0,2368.0,
430690,2850.0,168000000.0,2835.0,2905.0,2805.0,59193.0,
099390,3770.0,17000000.0,3725.0,3785.0,3710.0,4477.0,
376980,3165.0,13000000.0,3170.0,3235.0,3110.0,3964.0,
093380,3125.0,233000000.0,3125.0,3210.0,3030.0,74832.0,
079170,5920.0,43000000.0,6200.0,6200.0,5830.0,7268.0,
037330,700.0,39000000.0,712.0,720.0,690.0,56184.0,
012620,6970.0,50000000.0,6830.0,7080.0,6830.0,7308.0,
020180,3970.0,36000000.0,4015.0,4015.0,3960.0,9012.0,
073540,2670.0,70000000.0,2680.0,2720.0,2600.0,26613.0,
464280,5500.0,40000000.0,5530.0,5530.0,5410.0,7375.0,
075970,1653.0,52000000.0,1664.0,1665.0,1617.0,31740.0,
049120,2865.0,38000000.0,2785.0,2995.0,2785.0,12992.0,
388610,5680.0,37000000.0,6040.0,6040.0,5650.0,6405.0,
246250,1969.0,0.0,0.0,0.0,0.0,0.0,
038870,2155.0,57000000.0,2045.0,2185.0,2045.0,26894.0,
038950,2945.0,3000000.0,2970.0,3085.0,2945.0,1017.0,
038620,1983.0,91000000.0,1975.0,2040.0,1965.0,45570.0,
462310,3800.0,24000000.0,3800.0,3870.0,3800.0,6178.0,
356890,2510.0,44000000.0,2575.0,2575.0,2470.0,17354.0,
444530,4650.0,13000000.0,4890.0,4890.0,4560.0,2705.0,
139670,2115.0,11000000.0,2115.0,2140.0,2075.0,5127.0,
187270,2940.0,14000000.0,3060.0,3060.0,2920.0,4799.0,
317240,1021.0,122000000.0,1026.0,1038.0,1010.0,119858.0,
097780,1466.0,2000000.0,1496.0,1540.0,1455.0,1571.0,
071850,1225.0,6000000.0,1240.0,1240.0,1161.0,5036.0,
900270,2770.0,391000000.0,2925.0,2925.0,2740.0,138886.0,
031310,997.0,38000000.0,997.0,1014.0,978.0,38966.0,
070590,2130.0,39000000.0,2110.0,2140.0,2100.0,18352.0,
462980,1620.0,119000000.0,1621.0,1635.0,1581.0,74091.0,
367000,3520.0,5000000.0,3560.0,3560.0,3460.0,1442.0,
237820,2300.0,34000000.0,2295.0,2305.0,2270.0,14825.0,
311390,2330.0,9000000.0,2300.0,2370.0,2300.0,4050.0,
091340,2505.0,23000000.0,2490.0,2527.0,2490.0,9069.0,
088340,6690.0,108000000.0,6680.0,7180.0,6670.0,15879.0,
336060,3030.0,29000000.0,2995.0,3035.0,2980.0,9723.0,
078590,2915.0,143000000.0,2985.0,2995.0,2895.0,49023.0,
351330,3510.0,1077000000.0,3395.0,3980.0,3300.0,287809.0,
290560,1300.0,578000000.0,1444.0,1449.0,1287.0,427686.0,
160550,1038.0,29000000.0,1066.0,1099.0,1000.0,27811.0,
288620,4150.0,65000000.0,4260.0,4265.0,4100.0,15745.0,
236810,1702.0,35000000.0,1677.0,1720.0,1653.0,21127.0,
169330,1574.0,76000000.0,1490.0,1704.0,1450.0,47044.0,
431190,3850.0,442000000.0,3805.0,4020.0,3740.0,114244.0,
128540,1077.0,45000000.0,1098.0,1154.0,1072.0,41104.0,
452160,2975.0,20000000.0,2980.0,2980.0,2925.0,6760.0,
262840,2705.0,10000000.0,2730.0,2730.0,2695.0,3700.0,
109960,1884.0,2000000.0,1860.0,1900.0,1805.0,859.0,
045300,2700.0,72000000.0,2695.0,2755.0,2695.0,26658.0,
008470,1692.0,27000000.0,1719.0,1719.0,1678.0,16268.0,
191410,1833.0,42000000.0,1855.0,1855.0,1805.0,23200.0,
119500,2390.0,79000000.0,2410.0,2440.0,2370.0,32785.0,
096630,1783.0,97000000.0,1800.0,1801.0,1726.0,55244.0,
450520,1924.0,9000000.0,1905.0,1934.0,1825.0,4558.0,
033540,2705.0,30000000.0,2730.0,2795.0,2705.0,10758.0,
089150,1646.0,55000000.0,1660.0,1680.0,1628.0,33401.0,
239610,5230.0,12000000.0,5190.0,5230.0,4990.0,2342.0,
043220,1710.0,0.0,0.0,0.0,0.0,0.0,
057680,1782.0,368000000.0,1859.0,1953.0,1721.0,201828.0,
016920,1095.0,42000000.0,1070.0,1095.0,1033.0,39924.0,
322780,1873.0,24000000.0,1872.0,1876.0,1819.0,12976.0,
007770,8000.0,3000000.0,8200.0,8210.0,8000.0,342.0,
333050,5700.0,47000000.0,5790.0,5790.0,5540.0,8372.0,
254120,910.0,57000000.0,950.0,950.0,898.0,62967.0,
377030,1955.0,237000000.0,2095.0,2190.0,1940.0,114484.0,
364950,3365.0,29000000.0,3370.0,3385.0,3330.0,8662.0,
066910,1813.0,23000000.0,1753.0,1875.0,1753.0,12573.0,
318010,3505.0,0.0,3480.0,3540.0,3440.0,122.0,
373170,1838.0,52000000.0,1899.0,1915.0,1814.0,28301.0,
188260,1998.0,9000000.0,2175.0,2175.0,1997.0,4376.0,
068100,2325.0,25000000.0,2325.0,2350.0,2215.0,10911.0,
148250,2035.0,88000000.0,2100.0,2100.0,1994.0,43552.0,
215790,687.0,1100000000.0,729.0,744.0,678.0,1564609.0,
101670,487.0,117000000.0,479.0,489.0,479.0,240659.0,
079000,3840.0,41000000.0,3900.0,3900.0,3835.0,10595.0,
115480,2280.0,14000000.0,2330.0,2385.0,2235.0,6175.0,
363260,4290.0,27000000.0,4255.0,4400.0,4220.0,6407.0,
130500,1897.0,4000000.0,1944.0,1944.0,1862.0,2076.0,
123840,1773.0,17000000.0,1850.0,1865.0,1703.0,9790.0,
464580,1498.0,20000000.0,1560.0,1560.0,1483.0,13238.0,
407400,1882.0,75000000.0,1954.0,1965.0,1881.0,39418.0,
195500,1722.0,44000000.0,1716.0,1736.0,1710.0,25424.0,
348030,2865.0,8000000.0,2870.0,2875.0,2850.0,2909.0,
067010,2525.0,85000000.0,2525.0,2550.0,2480.0,33846.0,
091970,3645.0,57000000.0,3605.0,3750.0,3600.0,15571.0,
096690,6810.0,450000000.0,6600.0,7990.0,6580.0,63058.0,
069920,1206.0,225000000.0,1265.0,1290.0,1176.0,182275.0,
080530,2465.0,25000000.0,2585.0,2585.0,2370.0,10312.0,
114630,1581.0,58000000.0,1604.0,1605.0,1570.0,36731.0,
013720,2235.0,24000000.0,2180.0,2335.0,2135.0,10952.0,
017000,2330.0,19000000.0,2400.0,2400.0,2275.0,8347.0,
225220,1414.0,26000000.0,1403.0,1459.0,1380.0,18833.0,
290270,2815.0,32000000.0,2880.0,2880.0,2785.0,11302.0,
083660,1552.0,56000000.0,1616.0,1665.0,1552.0,35758.0,
297570,3905.0,39000000.0,4070.0,4080.0,3800.0,10082.0,
376180,1450.0,162000000.0,1364.0,1550.0,1363.0,110319.0,
105550,1710.0,43000000.0,1720.0,1754.0,1680.0,24824.0,
032750,2965.0,11000000.0,2945.0,2965.0,2940.0,3629.0,
131220,3590.0,9000000.0,3595.0,3635.0,3580.0,2632.0,
193250,2000.0,52000000.0,2070.0,2105.0,2000.0,25158.0,
140430,2500.0,433000000.0,2690.0,2785.0,2500.0,163495.0,
198940,1339.0,19000000.0,1344.0,1354.0,1330.0,14108.0,
359090,2315.0,40000000.0,2300.0,2320.0,2220.0,17673.0,
138070,1517.0,16000000.0,1495.0,1559.0,1470.0,10758.0,
048470,2735.0,32000000.0,2790.0,2865.0,2725.0,11611.0,
900070,981.0,18000000.0,991.0,1005.0,950.0,18922.0,
052300,1621.0,130000000.0,1626.0,1659.0,1555.0,81027.0,
900310,2055.0,12000000.0,2145.0,2145.0,2055.0,5831.0,
054780,1331.0,14000000.0,1316.0,1344.0,1302.0,10930.0,
047080,1051.0,43000000.0,1066.0,1066.0,1031.0,40860.0,
069140,1727.0,23000000.0,1752.0,1800.0,1686.0,13300.0,
069410,2540.0,61000000.0,2580.0,2610.0,2490.0,23954.0,
458350,2990.0,54000000.0,3005.0,3075.0,2960.0,18013.0,
238490,2295.0,28000000.0,2365.0,2365.0,2225.0,12062.0,
043200,1240.0,131000000.0,1251.0,1259.0,1210.0,106124.0,
103840,1582.0,20000000.0,1575.0,1626.0,1565.0,12812.0,
019570,2710.0,28000000.0,2720.0,2780.0,2700.0,10391.0,
053290,1565.0,15000000.0,1588.0,1588.0,1514.0,9781.0,
001810,1165.0,572000000.0,1180.0,1348.0,1157.0,459454.0,
146060,1070.0,45000000.0,1075.0,1102.0,1045.0,42094.0,
033050,807.0,16000000.0,833.0,840.0,807.0,19782.0,
054090,1023.0,100000000.0,1029.0,1043.0,997.0,98313.0,
115530,2975.0,103000000.0,3045.0,3100.0,2790.0,35589.0,
0010F0,2285.0,139000000.0,2220.0,2330.0,2220.0,61157.0,
044780,1374.0,20000000.0,1374.0,1380.0,1360.0,14471.0,
060380,1285.0,8000000.0,1308.0,1328.0,1261.0,6161.0,
101400,1670.0,489000000.0,1670.0,1709.0,1591.0,298108.0,
021880,1193.0,21000000.0,1215.0,1215.0,1181.0,17997.0,
090150,6040.0,79000000.0,5990.0,6100.0,5860.0,13215.0,
134060,5300.0,13000000.0,5290.0,5340.0,5060.0,2459.0,
073570,2095.0,71000000.0,2060.0,2155.0,1950.0,34002.0,
475660,3180.0,92000000.0,3265.0,3265.0,3090.0,29736.0,
328380,3670.0,31000000.0,3775.0,3845.0,3670.0,8430.0,
076080,1109.0,23000000.0,1130.0,1167.0,1101.0,20405.0,
351870,2235.0,5000000.0,2255.0,2255.0,2225.0,2141.0,
016670,2440.0,28000000.0,2400.0,2495.0,2400.0,11628.0,
101680,2955.0,31000000.0,2975.0,3025.0,2950.0,10275.0,
290520,1575.0,11000000.0,1609.0,1626.0,1575.0,7023.0,
123750,1787.0,15000000.0,1825.0,1836.0,1772.0,8224.0,
200350,2470.0,75000000.0,2530.0,2570.0,2450.0,30097.0,
368600,956.0,0.0,0.0,0.0,0.0,0.0,
083640,5370.0,24000000.0,5450.0,5460.0,5340.0,4500.0,
148780,3920.0,1003000000.0,4050.0,4395.0,3760.0,244692.0,
405920,1912.0,3000000.0,1866.0,1919.0,1866.0,1690.0,
206400,656.0,26000000.0,655.0,677.0,645.0,39851.0,
131180,4190.0,27000000.0,4255.0,4255.0,4180.0,6287.0,
298060,2545.0,138000000.0,2390.0,2597.0,2265.0,57092.0,
415380,2140.0,11000000.0,2140.0,2155.0,2115.0,5128.0,
035200,2655.0,164000000.0,2735.0,2735.0,2655.0,61370.0,
177830,2160.0,11000000.0,2160.0,2160.0,2130.0,5337.0,
039740,3050.0,15000000.0,3030.0,3125.0,3025.0,5042.0,
054940,3685.0,173000000.0,3770.0,3805.0,3680.0,46273.0,
208350,3000.0,15000000.0,3030.0,3030.0,3000.0,4943.0,
020400,2675.0,10000000.0,2645.0,2705.0,2640.0,3847.0,
417180,4240.0,4000000.0,4295.0,4315.0,4230.0,892.0,
398120,2040.0,46000000.0,2025.0,2065.0,2015.0,22792.0,
267790,3130.0,12000000.0,3100.0,3260.0,3045.0,3743.0,
058110,1495.0,66000000.0,1543.0,1550.0,1489.0,43629.0,
318000,2745.0,9000000.0,2715.0,2775.0,2715.0,3320.0,
115160,5560.0,64000000.0,5410.0,5610.0,5410.0,11618.0,
222980,2165.0,21000000.0,2110.0,2230.0,2110.0,9774.0,
027040,1704.0,74000000.0,1681.0,1721.0,1667.0,43349.0,
352940,2180.0,28000000.0,2160.0,2215.0,2125.0,13103.0,
026910,2985.0,1364000000.0,3385.0,3425.0,2710.0,451798.0,
033200,2565.0,16000000.0,2575.0,2580.0,2485.0,6442.0,
378800,510.0,0.0,0.0,0.0,0.0,0.0,
464500,1684.0,119000000.0,1672.0,1734.0,1650.0,70036.0,
023770,2620.0,23000000.0,2600.0,2650.0,2575.0,8659.0,
365590,1271.0,86000000.0,1294.0,1397.0,1271.0,65344.0,
206560,919.0,317000000.0,918.0,1009.0,884.0,337443.0,
051380,1519.0,30000000.0,1525.0,1540.0,1490.0,19855.0,
188040,4970.0,8000000.0,4940.0,5020.0,4940.0,1618.0,
462510,2640.0,52000000.0,2710.0,2745.0,2595.0,19501.0,
036480,6110.0,21000000.0,6080.0,6330.0,6080.0,3410.0,
016100,1214.0,15000000.0,1269.0,1276.0,1205.0,11905.0,
389680,2785.0,381000000.0,2860.0,2910.0,2610.0,139240.0,
060230,1183.0,109000000.0,1295.0,1295.0,1170.0,90213.0,
044480,3470.0,48000000.0,3385.0,3590.0,3345.0,14049.0,
007720,1143.0,13000000.0,1162.0,1162.0,1126.0,11068.0,
032680,999.0,129000000.0,983.0,1010.0,950.0,130417.0,
187220,1981.0,5000000.0,1954.0,1989.0,1931.0,2747.0,
154040,1055.0,0.0,0.0,0.0,0.0,0.0,
013810,1556.0,26000000.0,1594.0,1594.0,1542.0,16577.0,
039310,1256.0,33000000.0,1249.0,1304.0,1240.0,26398.0,
018680,1949.0,2000000.0,1952.0,1952.0,1937.0,1262.0,
303530,3095.0,16000000.0,3170.0,3170.0,2970.0,5413.0,
115570,2845.0,43000000.0,2730.0,2855.0,2655.0,15492.0,
038880,3020.0,99000000.0,3250.0,3320.0,3020.0,31326.0,
032860,2805.0,11000000.0,2835.0,2930.0,2705.0,4125.0,
063760,2430.0,18000000.0,2360.0,2430.0,2325.0,7449.0,
043590,1659.0,118000000.0,1562.0,1660.0,1551.0,72219.0,
257370,1792.0,25000000.0,1811.0,1890.0,1790.0,13980.0,
017250,1063.0,13000000.0,1059.0,1069.0,1044.0,12110.0,
432980,2600.0,44000000.0,2635.0,2640.0,2550.0,17011.0,
065690,1857.0,57000000.0,1870.0,1889.0,1813.0,30374.0,
192390,1864.0,46000000.0,1886.0,1896.0,1856.0,24566.0,
362990,1327.0,40000000.0,1297.0,1339.0,1295.0,30092.0,
027580,1882.0,139000000.0,1945.0,1956.0,1842.0,73122.0,
355390,1403.0,362000000.0,1530.0,1530.0,1330.0,260052.0,
038530,4290.0,66000000.0,4295.0,4535.0,4050.0,15509.0,
317120,1453.0,17000000.0,1499.0,1500.0,1420.0,11641.0,
130740,1959.0,21000000.0,1936.0,1995.0,1935.0,11017.0,
289220,989.0,12000000.0,980.0,1000.0,980.0,11996.0,
237750,3395.0,19000000.0,3490.0,3490.0,3215.0,5686.0,
331520,2250.0,52000000.0,2270.0,2315.0,2205.0,22877.0,
032800,1457.0,40000000.0,1574.0,1594.0,1454.0,26651.0,
241840,2300.0,26000000.0,2340.0,2340.0,2250.0,11356.0,
372800,3115.0,141000000.0,3065.0,3185.0,2935.0,46293.0,
276730,928.0,149000000.0,994.0,1001.0,910.0,159228.0,
018700,1308.0,13000000.0,1280.0,1343.0,1278.0,9870.0,
032280,1340.0,13000000.0,1333.0,1342.0,1331.0,9615.0,
032080,1010.0,0.0,0.0,0.0,0.0,0.0,
429270,3360.0,248000000.0,3420.0,3500.0,3300.0,72722.0,
224060,4180.0,4070000000.0,5230.0,5230.0,4060.0,886972.0,
065370,2920.0,31000000.0,3040.0,3040.0,2800.0,10790.0,
215480,2005.0,17000000.0,2000.0,2020.0,1993.0,8524.0,
277410,5600.0,21000000.0,5680.0,5960.0,5580.0,3767.0,
053060,1218.0,27000000.0,1238.0,1239.0,1212.0,22030.0,
238200,2625.0,17000000.0,2670.0,2670.0,2600.0,6630.0,
054220,1705.0,97000000.0,1732.0,1757.0,1705.0,56074.0,
340440,756.0,0.0,0.0,0.0,0.0,0.0,
247660,4100.0,72000000.0,4230.0,4260.0,4010.0,17564.0,
043360,2370.0,27000000.0,2355.0,2385.0,2285.0,11789.0,
301300,1621.0,90000000.0,1802.0,1802.0,1621.0,53659.0,
067730,2200.0,30000000.0,2220.0,2220.0,2160.0,13834.0,
219750,1620.0,24000000.0,1637.0,1642.0,1602.0,14523.0,
440320,2120.0,31000000.0,2210.0,2210.0,2120.0,14660.0,
019660,1509.0,39000000.0,1518.0,1518.0,1475.0,26125.0,
095910,575.0,142000000.0,566.0,584.0,566.0,246162.0,
383930,1636.0,35000000.0,1663.0,1680.0,1636.0,20767.0,
045520,3200.0,134000000.0,3205.0,3260.0,3200.0,41979.0,
377330,2550.0,4000000.0,2655.0,2680.0,2550.0,1646.0,
344860,1377.0,64000000.0,1406.0,1429.0,1370.0,46338.0,
078860,3350.0,928000000.0,3035.0,3540.0,3035.0,279906.0,
438700,1855.0,34000000.0,1934.0,1934.0,1824.0,18183.0,
098660,1652.0,18000000.0,1617.0,1693.0,1602.0,10707.0,
085810,1458.0,20000000.0,1488.0,1515.0,1425.0,13874.0,
002680,2650.0,172000000.0,2645.0,2670.0,2560.0,65335.0,
275630,3905.0,14000000.0,3920.0,3920.0,3780.0,3670.0,
200230,2160.0,12000000.0,2190.0,2200.0,2150.0,5329.0,
353190,2600.0,10000000.0,2635.0,2635.0,2535.0,3756.0,
069330,1206.0,26000000.0,1207.0,1225.0,1190.0,21132.0,
361670,3590.0,10000000.0,3585.0,3590.0,3535.0,2916.0,
021040,936.0,10000000.0,941.0,976.0,929.0,10218.0,
424760,2010.0,98000000.0,2115.0,2115.0,2000.0,47959.0,
024940,2020.0,21000000.0,2045.0,2045.0,2005.0,10390.0,
274400,2220.0,49000000.0,2175.0,2230.0,2145.0,22405.0,
900110,5440.0,44000000.0,5590.0,5590.0,5300.0,7979.0,
060900,3060.0,30000000.0,3040.0,3100.0,2870.0,9896.0,
018620,2885.0,202000000.0,2720.0,2900.0,2670.0,70422.0,
405000,3720.0,224000000.0,3305.0,3720.0,3305.0,61551.0,
084440,5210.0,15000000.0,5300.0,5310.0,5190.0,2763.0,
050090,847.0,45000000.0,849.0,853.0,817.0,53334.0,
154030,1650.0,29000000.0,1672.0,1672.0,1628.0,17605.0,
353590,1543.0,9000000.0,1614.0,1615.0,1523.0,5580.0,
113810,3025.0,40000000.0,3030.0,3040.0,2875.0,13412.0,
080470,2700.0,19000000.0,2735.0,2735.0,2685.0,7110.0,
227610,1017.0,28000000.0,1063.0,1064.0,1017.0,27231.0,
065150,1231.0,22000000.0,1271.0,1338.0,1229.0,17592.0,
048830,1044.0,107000000.0,1051.0,1063.0,1007.0,102591.0,
096870,2340.0,118000000.0,2355.0,2425.0,2295.0,50362.0,
342870,3580.0,27000000.0,3690.0,3695.0,3530.0,7515.0,
347770,861.0,47000000.0,868.0,899.0,836.0,55277.0,
403490,2120.0,23000000.0,2250.0,2250.0,2115.0,10861.0,
054410,3400.0,24000000.0,3450.0,3490.0,3400.0,6891.0,
073190,1622.0,0.0,0.0,0.0,0.0,0.0,
051780,2550.0,68000000.0,2610.0,2645.0,2500.0,26752.0,
050760,1185.0,33000000.0,1187.0,1193.0,1172.0,28061.0,
023790,1477.0,259000000.0,1479.0,1545.0,1453.0,173065.0,
365900,2630.0,22000000.0,2625.0,2660.0,2605.0,8575.0,
214610,2290.0,0.0,0.0,0.0,0.0,0.0,
056730,1295.0,7000000.0,1276.0,1295.0,1230.0,5281.0,
083470,898.0,56000000.0,915.0,918.0,887.0,61426.0,
115610,1613.0,39000000.0,1660.0,1660.0,1590.0,24356.0,
196700,1327.0,39000000.0,1362.0,1362.0,1311.0,29249.0,
252500,2270.0,17000000.0,2400.0,2400.0,2260.0,7325.0,
0200G0,2155.0,742590000000.0,3415.0,5220.0,2120.0,179218903.0,
455180,1274.0,42000000.0,1265.0,1286.0,1237.0,33386.0,
195990,1149.0,34000000.0,1180.0,1218.0,1149.0,28735.0,
031860,6930.0,0.0,0.0,0.0,0.0,0.0,
419540,3130.0,43000000.0,3360.0,3655.0,3085.0,13261.0,
210120,1912.0,1407000000.0,2135.0,2245.0,1855.0,706030.0,
110020,2030.0,8000000.0,2130.0,2130.0,2030.0,3809.0,
137940,1869.0,45000000.0,1928.0,1962.0,1830.0,24130.0,
014100,1546.0,28000000.0,1538.0,1599.0,1527.0,18206.0,
279600,3885.0,24000000.0,4185.0,4185.0,3885.0,6097.0,
037400,3470.0,26000000.0,3545.0,3575.0,3470.0,7453.0,
065060,3035.0,41000000.0,3220.0,3220.0,3010.0,13007.0,
079950,1308.0,66000000.0,1365.0,1366.0,1271.0,50042.0,
060480,1605.0,211000000.0,1594.0,1620.0,1550.0,131935.0,
009620,5030.0,130000000.0,4780.0,5190.0,4780.0,26174.0,
0197V0,1921.0,1092000000.0,1925.0,1927.0,1917.0,568449.0,
900120,1040.0,0.0,0.0,0.0,0.0,0.0,
373110,998.0,59000000.0,1010.0,1010.0,990.0,58763.0,
335870,5130.0,3000000.0,5220.0,5220.0,5050.0,542.0,
482680,2055.0,0.0,0.0,0.0,0.0,0.0,
088290,2115.0,8000000.0,2185.0,2230.0,2080.0,4000.0,
477380,2075.0,40000000.0,2075.0,2075.0,2070.0,19424.0,
241820,6040.0,0.0,0.0,0.0,0.0,0.0,
291810,1193.0,3289000000.0,1125.0,1414.0,1111.0,2647996.0,
285800,4645.0,634000000.0,4955.0,4990.0,4550.0,135450.0,
034940,2675.0,72000000.0,2725.0,2730.0,2670.0,26868.0,
309930,858.0,39000000.0,895.0,896.0,830.0,46088.0,
225590,3215.0,41000000.0,3355.0,3355.0,3190.0,12600.0,
289010,1168.0,231000000.0,1165.0,1169.0,1154.0,198680.0,
223310,3105.0,87000000.0,3135.0,3270.0,3010.0,28133.0,
376930,1567.0,121000000.0,1699.0,1699.0,1536.0,77166.0,
103230,2230.0,61000000.0,2280.0,2280.0,2180.0,27501.0,
009730,1998.0,188000000.0,2015.0,2025.0,1901.0,95300.0,
0072Z0,1964.0,120000000.0,1975.0,1986.0,1960.0,61207.0,
131100,2400.0,28000000.0,2410.0,2480.0,2395.0,11556.0,
477340,2055.0,0.0,2050.0,2065.0,2050.0,144.0,
0130H0,1994.0,5000000.0,1986.0,1997.0,1977.0,2775.0,
065650,1400.0,20000000.0,1496.0,1584.0,1400.0,13769.0,
377220,2705.0,207000000.0,2890.0,2890.0,2560.0,77847.0,
0101C0,1970.0,8000000.0,1982.0,1983.0,1968.0,4053.0,
030350,973.0,0.0,0.0,0.0,0.0,0.0,
177350,1509.0,89000000.0,1597.0,1597.0,1481.0,58875.0,
0044K0,1978.0,80000000.0,1972.0,1978.0,1970.0,40480.0,
306040,1599.0,19000000.0,1558.0,1649.0,1533.0,11797.0,
473050,2100.0,34000000.0,2105.0,2105.0,2100.0,16199.0,
489480,2200.0,0.0,0.0,0.0,0.0,0.0,
0115H0,1974.0,8000000.0,1976.0,1998.0,1973.0,3999.0,
475460,2555.0,88000000.0,2680.0,2680.0,2550.0,34206.0,
478440,2060.0,5000000.0,2060.0,2070.0,2060.0,2195.0,
067770,1700.0,353000000.0,2420.0,2500.0,1700.0,167543.0,
479880,2070.0,92000000.0,2075.0,2075.0,2055.0,44521.0,
006050,4055.0,682000000.0,5340.0,5490.0,4040.0,147341.0,
092600,2800.0,3410000000.0,3005.0,3140.0,2550.0,1205593.0,
0165X0,1933.0,81000000.0,1942.0,1946.0,1933.0,42036.0,
0209J0,1914.0,332458000000.0,4000.0,4580.0,1912.0,93580060.0,
0099W0,1967.0,4000000.0,1981.0,1981.0,1966.0,2193.0,
101000,1379.0,261000000.0,1970.0,1990.0,1379.0,144144.0,
304840,561.0,0.0,0.0,0.0,0.0,0.0,
352770,5250.0,0.0,0.0,0.0,0.0,0.0,
244460,1651.0,0.0,0.0,0.0,0.0,0.0,
303030,1454.0,61000000.0,1499.0,1569.0,1410.0,40910.0,
0134X0,1973.0,9000000.0,1966.0,1978.0,1966.0,4314.0,
079190,1382.0,23000000.0,1447.0,1448.0,1353.0,16412.0,
0164H0,1950.0,86000000.0,1958.0,1958.0,1945.0,44005.0,
481890,2070.0,2000000.0,2070.0,2070.0,2055.0,1145.0,
0099X0,2180.0,0.0,0.0,0.0,0.0,0.0,
0096B0,1976.0,7000000.0,1986.0,1986.0,1965.0,3532.0,
418620,652.0,454000000.0,629.0,700.0,606.0,692626.0,
478390,2070.0,6000000.0,2065.0,2070.0,2055.0,2786.0,
489730,2025.0,3000000.0,2035.0,2035.0,2020.0,1522.0,
0097F0,1964.0,25000000.0,1978.0,1978.0,1960.0,12809.0,
054180,2295.0,0.0,0.0,0.0,0.0,0.0,
028080,5200.0,21000000.0,5630.0,5630.0,5050.0,3911.0,
492220,2030.0,24000000.0,2040.0,2050.0,2010.0,12001.0,
482520,2065.0,0.0,0.0,0.0,0.0,0.0,
0037T0,1988.0,105000000.0,1999.0,1999.0,1975.0,53110.0,
0093G0,1961.0,24000000.0,1961.0,1979.0,1958.0,12114.0,
0054V0,1999.0,5000000.0,1999.0,1999.0,1980.0,2563.0,
0131D0,1966.0,22000000.0,1960.0,1968.0,1955.0,11048.0,
208640,888.0,518000000.0,992.0,992.0,843.0,569168.0,
035620,664.0,111000000.0,640.0,679.0,627.0,169653.0,
0091W0,2030.0,5000000.0,2050.0,2050.0,2015.0,2266.0,
065570,764.0,0.0,0.0,0.0,0.0,0.0,
239340,2245.0,14000000.0,2430.0,2430.0,2230.0,6283.0,
477760,2065.0,33000000.0,2060.0,2065.0,2060.0,16191.0,
0088D0,2065.0,9000000.0,2065.0,2070.0,2040.0,4277.0,
0041L0,1970.0,90000000.0,1990.0,1990.0,1956.0,45519.0,
0132G0,1985.0,3000000.0,1991.0,1991.0,1975.0,1352.0,
469900,2095.0,109000000.0,2095.0,2100.0,2090.0,52088.0,
354200,1309.0,256000000.0,1367.0,1373.0,1303.0,192183.0,
060260,875.0,28000000.0,885.0,939.0,853.0,31117.0,
482690,2070.0,33000000.0,2075.0,2075.0,2060.0,15831.0,
474660,2080.0,1000000.0,2080.0,2085.0,2080.0,253.0,
487360,2030.0,7000000.0,2025.0,2030.0,2010.0,3686.0,
474490,2075.0,0.0,2080.0,2080.0,2070.0,178.0,
477470,2075.0,0.0,2080.0,2080.0,2060.0,112.0,
0071M0,1972.0,15000000.0,1970.0,1983.0,1970.0,7553.0,
0105P0,1986.0,0.0,1987.0,1992.0,1982.0,250.0,
496070,1986.0,4000000.0,2000.0,2000.0,1983.0,2005.0,
0129K0,1966.0,8000000.0,1972.0,1983.0,1964.0,4178.0,
486630,2045.0,30000000.0,2050.0,2050.0,2030.0,14782.0,
0096D0,1972.0,8000000.0,1960.0,1993.0,1955.0,4180.0,
0098T0,1991.0,22000000.0,1977.0,1999.0,1977.0,11172.0,
493790,2020.0,3000000.0,2025.0,2025.0,2015.0,1633.0,
0004Y0,2000.0,1000000.0,2010.0,2010.0,1991.0,738.0,
131760,1213.0,235000000.0,1211.0,1328.0,1185.0,190499.0,
489210,2030.0,35000000.0,2055.0,2055.0,2030.0,17157.0,
043100,520.0,0.0,0.0,0.0,0.0,0.0,
0130D0,1957.0,13000000.0,1970.0,1970.0,1956.0,6804.0,
478110,2055.0,0.0,2055.0,2065.0,2055.0,44.0,
466690,2010.0,3000000.0,2010.0,2010.0,2005.0,1504.0,
0041B0,2005.0,2000000.0,2005.0,2010.0,2000.0,1225.0,
498390,2035.0,0.0,0.0,0.0,0.0,0.0,
305090,538.0,0.0,0.0,0.0,0.0,0.0,
142760,470.0,55000000.0,470.0,500.0,464.0,114387.0,
488060,2045.0,0.0,2045.0,2045.0,2035.0,207.0,
240600,1156.0,76000000.0,1201.0,1298.0,1136.0,64365.0,
012340,434.0,148000000.0,469.0,471.0,434.0,330800.0,
065770,909.0,55000000.0,912.0,947.0,888.0,61046.0,
106080,1650.0,0.0,0.0,0.0,0.0,0.0,
288980,252.0,202000000.0,263.0,267.0,251.0,795079.0,
484130,2020.0,35000000.0,2025.0,2025.0,2015.0,17088.0,
473950,2045.0,20000000.0,2045.0,2050.0,2045.0,9784.0,
469480,2130.0,0.0,0.0,0.0,0.0,0.0,
487830,2035.0,5000000.0,2040.0,2040.0,2020.0,2239.0,
468760,2080.0,0.0,0.0,0.0,0.0,0.0,
472230,2100.0,10000000.0,2100.0,2105.0,2100.0,4703.0,
487720,2040.0,22000000.0,2035.0,2040.0,2030.0,10873.0,
0068Y0,1977.0,1000000.0,1985.0,1985.0,1966.0,275.0,
001000,1710.0,45000000.0,1739.0,1782.0,1698.0,26237.0,
03481K,5970.0,2000000.0,5960.0,5970.0,5830.0,365.0,
0041J0,1978.0,14000000.0,1987.0,1989.0,1976.0,7314.0,
087260,247.0,0.0,0.0,0.0,0.0,0.0,
475250,2085.0,0.0,2085.0,2085.0,2080.0,15.0,
079970,596.0,0.0,0.0,0.0,0.0,0.0,
474930,2090.0,27000000.0,2075.0,2095.0,2075.0,13111.0,
065420,940.0,0.0,0.0,0.0,0.0,0.0,
308100,277.0,36000000.0,289.0,293.0,275.0,127813.0,
276040,327.0,0.0,0.0,0.0,0.0,0.0,
473000,2080.0,33000000.0,2075.0,2080.0,2075.0,15785.0,
475240,2090.0,44000000.0,2090.0,2095.0,2090.0,20933.0,
250930,981.0,127000000.0,1186.0,1186.0,922.0,126064.0,
044180,205.0,0.0,0.0,0.0,0.0,0.0,
313760,468.0,0.0,0.0,0.0,0.0,0.0,
058450,910.0,14000000.0,900.0,920.0,899.0,15125.0,
052770,312.0,0.0,0.0,0.0,0.0,0.0,
225430,698.0,0.0,0.0,0.0,0.0,0.0,
025870,1059.0,0.0,0.0,0.0,0.0,0.0,
900100,801.0,227000000.0,1061.0,1143.0,801.0,240306.0,
199730,795.0,81000000.0,770.0,817.0,682.0,108275.0,
084180,210.0,1034000000.0,195.0,223.0,195.0,4944780.0,
011080,501.0,280000000.0,611.0,628.0,499.0,520119.0,
021045,2210.0,14000000.0,2255.0,2255.0,2175.0,6216.0,
035290,384.0,0.0,0.0,0.0,0.0,0.0,
312610,89.0,0.0,0.0,0.0,0.0,0.0,
032685,6660.0,3000000.0,6750.0,6970.0,6660.0,510.0,
