종목코드,현재가,거래대금,시가,고가,저가,거래량,NXT거래대금
005930,272500.0,4060004000000.0,266000.0,276000.0,266000.0,14945615.0,2042195000000.0
000660,1765000.0,4998578000000.0,1755000.0,1788000.0,1736000.0,2833194.0,1481216000000.0
005935,204000.0,723441000000.0,204000.0,207000.0,199900.0,3560427.0,
402340,1118000.0,466200000000.0,1096000.0,1121000.0,1087000.0,421195.0,136520000000.0
009150,1528000.0,797576000000.0,1525000.0,1560000.0,1493000.0,523745.0,595044000000.0
373220,352500.0,89365000000.0,359000.0,359000.0,348500.0,254139.0,21083000000.0
005380,350000.0,186451000000.0,351500.0,352000.0,344500.0,536237.0,95061000000.0
207940,1385000.0,42022000000.0,1386000.0,1390000.0,1362000.0,30572.0,6928000000.0
105560,173500.0,126363000000.0,173000.0,174500.0,171300.0,731727.0,7415000000.000001
032830,290500.0,52221000000.0,295500.0,295500.0,286000.0,180943.0,10834000000.0
028260,345000.0,91399000000.0,343500.0,349000.0,340500.0,265568.0,19553000000.0
012450,1012000.0,100326000000.0,1033000.0,1039000.0,1000000.0,99429.0,23646000000.0
055550,110500.0,78616000000.0,110000.0,110800.0,109200.0,713867.0,2832000000.0
034020,79700.0,162195000000.0,80500.0,81100.0,78700.0,2043567.0,122504000000.0
000270,116000.0,103753000000.0,116000.0,116300.0,113700.0,901447.0,14613999999.999998
329180,429000.0,80842000000.0,437000.0,438500.0,424500.0,188647.0,27905000000.0
034730,586000.0,61355000000.0,582000.0,587000.0,570000.0,105648.0,9747000000.0
068270,178900.0,48814000000.0,178400.0,179300.0,175500.0,274526.0,14419999999.999998
006400,511000.0,179037000000.0,526000.0,527000.0,505000.0,348991.0,104457000000.0
086790,135300.0,55495000000.0,135400.0,135400.0,133000.0,412822.0,3315999999.9999995
066570,213500.0,112768000000.0,212000.0,215500.0,210000.0,529276.0,82775000000.0
012330,367000.0,79536000000.0,369000.0,371500.0,362000.0,217217.0,24919000000.0
010120,205000.0,43753000000.0,203000.0,207500.0,201500.0,214605.0,24661000000.0
035420,194800.0,105230000000.0,196600.0,197200.0,193200.0,541019.0,48020000000.0
000810,653000.0,47480000000.0,664000.0,664000.0,646000.0,72915.0,1876000000.0000002
316140,36400.0,54964000000.0,36250.0,36500.0,35750.0,1517369.0,4204999999.9999995
298040,2804000.0,78087000000.0,2780000.0,2839000.0,2751000.0,27902.0,23237000000.0
069500,109990.0,2021944000000.0,,,,,
096770,145900.0,104796000000.0,156200.0,156400.0,144100.0,710564.0,58040000000.0
267260,681000.0,80476000000.0,681000.0,686000.0,670000.0,118946.0,21787000000.0
005490,304000.0,68950000000.0,313500.0,313500.0,302500.0,225632.0,29427000000.0
042660,78600.0,63909000000.0,80600.0,81000.0,78000.0,813247.0,35866000000.0
042700,252000.0,177697000000.0,235000.0,252000.0,235000.0,718071.0,156090000000.0
009540,323500.0,39438000000.0,332500.0,333000.0,320000.0,122131.0,8593000000.0
000150,1381000.0,95536000000.0,1412000.0,1413000.0,1361000.0,69377.0,31710000000.000004
010130,1064000.0,25337000000.0,1088000.0,1091000.0,1046000.0,23934.0,6663000000.0
138040,132700.0,16321000000.0,133500.0,133500.0,130600.0,123531.0,1652000000.0
360750,25855.0,855243000000.0,,,,,
011200,21000.0,11610000000.0,21350.0,21450.0,20850.0,551735.0,5386000000.0
015760,30100.0,38896000000.0,30300.0,30450.0,29900.0,1294504.0,12517000000.0
017670,86200.0,57101000000.0,87200.0,87200.0,84700.0,667137.0,30512000000.0
033780,177200.0,51138000000.0,176100.0,177700.0,173500.0,289871.0,4779000000.0
010950,157800.0,39593000000.0,163700.0,164800.0,154000.0,249917.0,9062000000.0
051910,250000.0,56555000000.0,259500.0,260000.0,247000.0,225318.0,11347000000.0
010140,19330.0,108845000000.0,20050.0,20100.0,19160.0,5607144.0,56540000000.0
006800,31150.0,23665000000.0,31550.0,31800.0,30650.0,762199.0,12449000000.0
003550,111400.0,20257000000.0,113400.0,113400.0,109100.0,183144.0,1957000000.0
018260,216500.0,25126000000.0,218500.0,220000.0,214000.0,116140.0,9290000000.0
024110,20700.0,9683000000.0,20750.0,20750.0,20450.0,470264.0,2096000000.0
267250,201500.0,23328000000.0,210000.0,210000.0,200000.0,115376.0,4696000000.0
003670,175400.0,54130000000.0,182900.0,183000.0,173300.0,308579.0,21438000000.0
035720,33700.0,36329000000.0,34100.0,34150.0,33400.0,1080907.0,
079550,678000.0,33250000000.0,692000.0,696000.0,664000.0,49210.0,12015000000.0
086280,197500.0,20664000000.0,199000.0,199000.0,194600.0,105273.0,4428000000.0
011070,585000.0,141251000000.0,573000.0,591000.0,561000.0,244178.0,72046000000.0
272210,71900.0,23568000000.0,72400.0,72500.0,70000.0,331799.0,13447000000.0
278470,362500.0,47399000000.0,371500.0,371500.0,358000.0,130933.0,15144999999.999998
030200,52900.0,9046000000.0,52800.0,52900.0,52300.0,171918.0,1641000000.0
000720,117000.0,69399000000.0,122900.0,123700.0,115500.0,590312.0,34305000000.0
005830,191600.0,30535000000.0,192000.0,193300.0,189200.0,159513.0,3178000000.0
047810,127400.0,20246000000.0,129800.0,130300.0,125900.0,159425.0,5119000000.0
064350,112300.0,41698000000.0,114900.0,115700.0,110700.0,372521.0,13294999999.999998
133690,181700.0,869163000000.0,,,,,
003490,31400.0,55178000000.0,31400.0,31500.0,30950.0,1766502.0,
443060,237500.0,14105000000.0,243500.0,243500.0,230500.0,60070.0,1220000000.0
379800,23510.0,723441000000.0,,,,,
396500,38310.0,336454000000.0,,,,,
307950,370000.0,15770000000.0,372500.0,376000.0,361500.0,43002.0,7895000000.0
102110,110265.0,1828637000000.0,,,,,
078930,108700.0,26180000000.0,113700.0,113800.0,106300.0,240947.0,3701000000.0
071050,179000.0,32332000000.0,181000.0,181400.0,174600.0,182248.0,7859999999.999999
006260,315500.0,25422000000.0,312000.0,322000.0,309000.0,80659.0,7555000000.0
488770,105665.0,56804000000.0,,,,,
379810,27170.0,782308000000.0,,,,,
005940,26250.0,11221000000.0,26100.0,26350.0,25800.0,428881.0,878999999.9999999
323410,20250.0,11651000000.0,20450.0,20450.0,20000.0,578837.0,2105999999.9999998
047050,54400.0,23904000000.0,56700.0,56700.0,53800.0,439153.0,9801000000.0
000500,314500.0,40259000000.0,296500.0,315500.0,296000.0,131255.0,49539000000.0
028050,47150.0,74475000000.0,49200.0,49450.0,46750.0,1561263.0,
003230,1225000.0,27759000000.0,1210000.0,1245000.0,1207000.0,22626.0,14516000000.0
259960,198700.0,14620000000.0,203000.0,203500.0,196000.0,73876.0,1814999999.9999998
180640,136200.0,9195000000.0,140800.0,140800.0,132800.0,68190.0,2613000000.0
007660,118000.0,64529000000.0,112000.0,118300.0,111500.0,556931.0,35051000000.0
0126Z0,339500.0,11925000000.0,332000.0,342000.0,324500.0,35830.0,6578000000.0
090430,142700.0,19460000000.0,142800.0,144200.0,141100.0,136523.0,2343000000.0
016360,88500.0,22716000000.0,88700.0,88800.0,87000.0,258794.0,4832000000.0
278530,39865.0,34411000000.0,,,,,
161390,59800.0,10771000000.0,59400.0,59900.0,58100.0,182614.0,959000000.0
009830,32500.0,157323000000.0,32800.0,33700.0,31500.0,4858152.0,
021240,101500.0,15981000000.0,100700.0,102900.0,98300.0,157157.0,513000000.0
047040,17370.0,136498000000.0,18470.0,18480.0,17150.0,7823988.0,
459580,1073205.0,1096831000000.0,,,,,
352820,158700.0,22931000000.0,161900.0,162500.0,156900.0,144709.0,9763000000.0
000880,127200.0,9223000000.0,132000.0,132400.0,125400.0,72257.0,1617000000.0000002
064400,69300.0,21749000000.0,69600.0,69700.0,68500.0,315623.0,
039490,255500.0,19004000000.0,256500.0,257000.0,249000.0,75323.0,4450000000.0
128940,507000.0,27307000000.0,503000.0,514000.0,490000.0,54150.0,11849000000.0
353200,130200.0,183193000000.0,123300.0,130300.0,121500.0,1437241.0,
062040,206000.0,31462000000.0,200500.0,206000.0,199800.0,155208.0,15822999999.999998
032640,14800.0,9904000000.0,14810.0,14840.0,14570.0,672511.0,1057000000.0
000990,139800.0,135018000000.0,125900.0,140000.0,125800.0,991945.0,100149000000.0
005387,177300.0,20953000000.0,180200.0,180200.0,174600.0,118126.0,
091160,141160.0,197512000000.0,,,,,
381180,44010.0,75458000000.0,,,,,
498400,20450.0,93013000000.0,,,,,
267270,124800.0,26174000000.0,128200.0,128400.0,122100.0,211347.0,8502000000.0
326030,74900.0,7266000000.0,76200.0,76200.0,73800.0,97579.0,3217000000.0
0167A0,18755.0,265276000000.0,,,,,
001440,29500.0,41614000000.0,29900.0,30025.0,29200.0,1411575.0,
175330,30900.0,9139000000.0,31250.0,31350.0,30400.0,297657.0,517000000.0
122630,110285.0,1291894000000.0,,,,,
377300,40100.0,6350000000.0,40800.0,40900.0,39750.0,158486.0,3017000000.0
000100,73000.0,14092000000.0,74400.0,74500.0,72500.0,193035.0,2815000000.0
241560,55200.0,12376000000.0,58200.0,58300.0,54100.0,223650.0,2687000000.0
088350,5830.0,7607000000.0,5790.0,5840.0,5740.0,1314527.0,
138930,16440.0,7631000000.0,16590.0,16590.0,16230.0,466160.0,811000000.0
029780,42500.0,3406000000.0,43450.0,43450.0,42200.0,80255.0,446000000.0
229200,14300.0,387939000000.0,,,,,
088980,9840.0,4702000000.0,9890.0,9910.0,9790.0,477304.0,
052690,121100.0,28668000000.0,122700.0,123800.0,119100.0,236397.0,28680000000.0
310970,49445.0,352000000.0,,,,,
011790,92000.0,16959000000.0,90200.0,93200.0,89000.0,185807.0,10104000000.0
036570,211000.0,16669000000.0,216500.0,220500.0,205500.0,79370.0,4828000000.0
148020,110845.0,78291000000.0,,,,,
454910,68500.0,15061000000.0,69800.0,70400.0,67500.0,220225.0,
066970,109000.0,38658000000.0,112700.0,112700.0,107400.0,354488.0,22943000000.0
271560,111500.0,5303000000.0,111600.0,111600.0,110200.0,47865.0,347000000.0
001450,50000.0,23736000000.0,49050.0,50700.0,48750.0,474446.0,2816000000.0
458730,14225.0,28958000000.0,,,,,
051900,280000.0,24477000000.0,292000.0,294000.0,275500.0,87022.0,3864000000.0
034220,8340.0,24286000000.0,8450.0,8460.0,8210.0,2925188.0,
395160,41950.0,169367000000.0,,,,,
0162Z0,13790.0,58877000000.0,,,,,
002380,471500.0,5649000000.0,480500.0,480500.0,466000.0,11999.0,847000000.0000001
005385,177200.0,9235000000.0,178700.0,179000.0,174800.0,52251.0,
010060,216500.0,68942000000.0,222000.0,225500.0,205000.0,320946.0,66587000000.0
004020,30000.0,18269000000.0,31000.0,31000.0,29500.0,610214.0,10932000000.0
001040,136800.0,17876000000.0,135100.0,137100.0,132200.0,131764.0,1660000000.0000002
360200,26130.0,19335000000.0,,,,,
082740,46550.0,22524000000.0,47600.0,47900.0,45550.0,488121.0,14072999999.999998
103590,80900.0,32308000000.0,81300.0,84000.0,80100.0,396293.0,22035000000.0
381170,31385.0,52332000000.0,,,,,
411060,25340.0,33935000000.0,,,,,
357870,58130.0,9529000000.0,,,,,
395270,59915.0,78570000000.0,,,,,
423160,110670.0,8662000000.0,,,,,
008930,52200.0,3615000000.0,52100.0,53000.0,50000.0,69720.0,1864999999.9999998
273130,109665.0,849000000.0,,,,,
367380,31235.0,16729000000.0,,,,,
161890,150000.0,21145000000.0,149500.0,150300.0,146100.0,142119.0,7589000000.0
233740,7130.0,327852000000.0,,,,,
102780,26305.0,9455000000.0,,,,,
018880,3200.0,9694000000.0,3280.0,3280.0,3165.0,3030686.0,
036460,35500.0,4521000000.0,35450.0,35500.0,34550.0,129518.0,1151000000.0
004170,340000.0,23285000000.0,341000.0,346000.0,332500.0,69228.0,3993000000.0
0043B0,103800.0,13601000000.0,,,,,
487240,36295.0,54084000000.0,,,,,
012750,83500.0,6101000000.0,83500.0,83800.0,82200.0,73426.0,118000000.0
111770,71100.0,2527000000.0,71600.0,71600.0,69800.0,35763.0,229999999.99999997
192820,277500.0,16414000000.0,270000.0,279000.0,268000.0,59538.0,3422999999.9999995
455890,55610.0,4239000000.0,,,,,
035250,14430.0,3350000000.0,14570.0,14570.0,14320.0,232733.0,683000000.0
028670,5700.0,22044000000.0,5740.0,6030.0,5660.0,3790908.0,
375500,78600.0,25679000000.0,81500.0,81700.0,77000.0,328703.0,
022100,19860.0,3659000000.0,20300.0,20300.0,19650.0,184845.0,1968000000.0
031210,43200.0,1579000000.0,42900.0,43250.0,42600.0,36736.0,419000000.00000006
139130,18860.0,5896000000.0,18890.0,18900.0,18420.0,315782.0,286000000.0
011780,116200.0,5746000000.0,118500.0,118700.0,114300.0,49767.0,1163000000.0
006360,34000.0,39953000000.0,35350.0,35350.0,33250.0,1175484.0,
023530,102000.0,6181000000.0,102300.0,102500.0,100400.0,60887.0,907000000.0
017800,73700.0,5559000000.0,73900.0,73900.0,72900.0,75899.0,1227000000.0
251270,34550.0,3314000000.0,35500.0,35550.0,34050.0,95884.0,505999999.99999994
007340,49100.0,5615000000.0,50700.0,50900.0,47550.0,113873.0,1551000000.0
336260,43800.0,40287000000.0,45500.0,45500.0,43000.0,923021.0,21897000000.0
302440,35900.0,1763000000.0,36400.0,36400.0,35450.0,49377.0,390000000.0
472150,20230.0,61666000000.0,,,,,
139260,142105.0,36711000000.0,,,,,
097950,179300.0,5501000000.0,178300.0,179400.0,178000.0,30787.0,1285000000.0
383220,69800.0,2095000000.0,69700.0,69800.0,68300.0,30204.0,272000000.0
003690,15130.0,3608000000.0,14930.0,15210.0,14860.0,239065.0,623000000.0
014680,247000.0,17332000000.0,239500.0,250000.0,237000.0,70419.0,1694000000.0000002
004800,158800.0,1172000000.0,158200.0,158800.0,155500.0,7468.0,368000000.0
486290,10405.0,10541000000.0,,,,,
481050,1021415.0,39695000000.0,,,,,
026960,25950.0,1426000000.0,25700.0,25950.0,25500.0,55543.0,214000000.0
426030,47135.0,40149000000.0,,,,,
085620,19050.0,1552000000.0,19310.0,19370.0,18800.0,81532.0,
011170,59800.0,8189000000.0,62300.0,62300.0,57000.0,135398.0,2235000000.0
004370,410500.0,11167000000.0,397500.0,412000.0,395000.0,27457.0,2873000000.0
489790,49050.0,10013000000.0,45850.0,49050.0,45600.0,209356.0,5305000000.0
450080,34350.0,13365000000.0,35550.0,35550.0,33600.0,391586.0,
278540,39135.0,957000000.0,,,,,
161510,24840.0,13212000000.0,,,,,
004990,24050.0,2408000000.0,24600.0,24700.0,23750.0,100022.0,665000000.0
449170,112005.0,4986000000.0,,,,,
000240,25000.0,1054000000.0,25300.0,25400.0,24550.0,42336.0,53000000.0
483650,188900.0,19200000000.0,185500.0,188900.0,181100.0,102945.0,7159999999.999999
005440,12700.0,5656000000.0,12880.0,12890.0,12520.0,446259.0,591000000.0
001720,141200.0,696000000.0,140500.0,141300.0,138200.0,4981.0,262000000.0
005850,49700.0,2431000000.0,50200.0,50400.0,48900.0,49299.0,554000000.0
282330,132600.0,5632000000.0,133700.0,133700.0,129900.0,42958.0,154000000.0
009420,43250.0,9507000000.0,43500.0,43950.0,42700.0,220103.0,3501000000.0
018670,241500.0,1421000000.0,242500.0,243000.0,235500.0,5963.0,313000000.0
020150,42550.0,6411000000.0,42300.0,43000.0,41500.0,151490.0,4526000000.0
279570,5450.0,1076000000.0,5450.0,5490.0,5400.0,198320.0,
385540,102760.0,77000000.0,,,,,
103140,77900.0,4190000000.0,78300.0,78300.0,76700.0,54214.0,1119000000.0
009970,166600.0,1223000000.0,168300.0,169500.0,164500.0,7387.0,106000000.0
204320,45900.0,6095000000.0,46800.0,46800.0,45400.0,133221.0,
0193T0,10665.0,183957000000.0,,,,,
112610,50400.0,19163000000.0,52400.0,52600.0,48750.0,383237.0,
456600,57970.0,13050000000.0,,,,,
030000,17880.0,3113000000.0,17820.0,17900.0,17740.0,174432.0,407000000.0
457190,68000.0,17795000000.0,64700.0,69000.0,62300.0,270907.0,14531000000.0
002790,26850.0,1542000000.0,26750.0,26900.0,26450.0,57753.0,129000000.0
081660,38500.0,4148000000.0,38000.0,38500.0,37550.0,108646.0,118000000.0
051600,45150.0,4643000000.0,45900.0,45900.0,44550.0,103381.0,1446000000.0
139480,72000.0,3699000000.0,72200.0,72400.0,71100.0,51743.0,927000000.0
284430,20530.0,6457000000.0,,,,,
073240,6840.0,5243000000.0,6820.0,6870.0,6670.0,776319.0,2953000000.0
214980,114475.0,6476000000.0,,,,,
069960,89500.0,10945000000.0,90900.0,91000.0,88100.0,122759.0,1848999999.9999998
007070,22950.0,2920000000.0,23050.0,23050.0,22350.0,128872.0,434000000.0
292150,38475.0,9640000000.0,,,,,
229640,62100.0,10061000000.0,60800.0,62500.0,59300.0,164251.0,7148999999.999999
000155,469000.0,3276000000.0,481000.0,492000.0,461000.0,6950.0,
462870,31200.0,960000000.0,31550.0,31900.0,31000.0,30772.0,139000000.0
294400,144515.0,19667000000.0,,,,,
089860,49750.0,1730000000.0,49000.0,49800.0,49000.0,35090.0,299000000.0
007810,74100.0,93077000000.0,69100.0,74700.0,68400.0,1290923.0,98975000000.0
181710,54900.0,7469000000.0,56500.0,56500.0,54000.0,136779.0,1376000000.0
305720,14275.0,82099000000.0,,,,,
442580,105145.0,80683000000.0,,,,,
281820,88100.0,11324000000.0,84400.0,88400.0,84000.0,130781.0,7704000000.000001
020560,8330.0,485000000.0,8360.0,8420.0,8260.0,58138.0,95000000.0
439260,45000.0,1557000000.0,45550.0,45700.0,44500.0,34754.0,649000000.0
475150,49900.0,26026000000.0,51200.0,51400.0,49500.0,519178.0,
441640,12200.0,9238000000.0,,,,,
023590,38150.0,2013000000.0,39400.0,39400.0,37750.0,52734.0,446000000.0
105190,110190.0,13464000000.0,,,,,
120110,54700.0,6440000000.0,56000.0,56000.0,53500.0,118864.0,2000000000.0
001820,157500.0,206011000000.0,143800.0,157700.0,142200.0,1354754.0,
001430,45300.0,5509000000.0,43950.0,45500.0,42700.0,124418.0,1725000000.0
368590,30260.0,3535000000.0,,,,,
000120,70600.0,1739000000.0,70900.0,71000.0,69900.0,24756.0,455999999.99999994
071970,47200.0,11767000000.0,48950.0,49000.0,46500.0,249753.0,4831000000.0
446770,79955.0,6051000000.0,,,,,
008770,40200.0,4081000000.0,40400.0,40550.0,39900.0,101653.0,1769000000.0000002
329200,4040.0,10565000000.0,,,,,
395400,5230.0,621000000.0,5280.0,5280.0,5160.0,119673.0,
006040,35600.0,802000000.0,36050.0,36050.0,35300.0,22601.0,125000000.0
001120,40400.0,3682000000.0,41000.0,41000.0,39650.0,91768.0,562000000.0
0193W0,13130.0,108022000000.0,,,,,
477080,107715.0,1793000000.0,,,,,
0177N0,14495.0,72764000000.0,,,,,
610063,55875.0,2000000.0,,,,,
009155,530000.0,14983000000.0,525000.0,534000.0,518000.0,28505.0,
294870,23150.0,4425000000.0,23500.0,24000.0,22750.0,191336.0,566000000.0
093370,14120.0,21923000000.0,13980.0,14150.0,13610.0,1573228.0,
012630,25300.0,1204000000.0,25750.0,26100.0,25000.0,47507.0,200000000.0
152100,111695.0,15179000000.0,,,,,
379780,22545.0,3891000000.0,,,,,
091230,149095.0,24775000000.0,,,,,
001800,24250.0,1306000000.0,24100.0,24350.0,23750.0,54169.0,236000000.0
011210,53100.0,1564000000.0,53600.0,53900.0,52500.0,29491.0,476000000.0
006280,123200.0,1558000000.0,124300.0,124600.0,121400.0,12760.0,224000000.00000003
487230,19150.0,5352000000.0,,,,,
226490,70810.0,10730000000.0,,,,,
005070,43050.0,6745000000.0,44350.0,44800.0,42200.0,156312.0,4813000000.0
232080,14565.0,200859000000.0,,,,,
453850,6860.0,5616000000.0,,,,,
0195S0,9055.0,87245000000.0,,,,,
466920,26015.0,24645000000.0,,,,,
361610,16830.0,6461000000.0,18000.0,18010.0,16680.0,378857.0,2790000000.0
322000,121300.0,24023000000.0,124000.0,124000.0,118500.0,199945.0,
390390,55255.0,41929000000.0,,,,,
097230,14550.0,2624000000.0,15000.0,15000.0,14350.0,180952.0,
475630,1078600.0,107434000000.0,,,,,
448330,17620.0,9694000000.0,,,,,
00680K,10230.0,2359000000.0,10580.0,10580.0,10070.0,230663.0,
530031,3205.0,816000000.0,,,,,
700026,107895.0,10000000.0,,,,,
157450,112705.0,2239000000.0,,,,,
436140,106015.0,430000000.0,,,,,
007310,315500.0,577000000.0,321000.0,321000.0,315000.0,1824.0,125000000.0
066575,73300.0,2628000000.0,72500.0,73900.0,71500.0,35959.0,
469150,63390.0,26186000000.0,,,,,
192080,58900.0,3122000000.0,59200.0,59200.0,58000.0,53247.0,30000000.0
001740,6200.0,2861000000.0,6140.0,6210.0,6070.0,464970.0,
069620,107300.0,2050000000.0,108300.0,108300.0,104900.0,19348.0,558000000.0
298020,287000.0,10923000000.0,315000.0,315000.0,286000.0,37591.0,2918000000.0
415640,10130.0,699000000.0,10070.0,10130.0,9990.0,69685.0,
438080,13810.0,3739000000.0,,,,,
003540,25700.0,1966000000.0,26100.0,26150.0,25400.0,76845.0,505999999.99999994
000815,403000.0,2816000000.0,412500.0,412500.0,399500.0,6996.0,
494310,94000.0,311592000000.0,,,,,
330590,4155.0,632000000.0,4150.0,4185.0,4060.0,152328.0,
455850,28415.0,103003000000.0,,,,,
300720,16240.0,563000000.0,16380.0,16380.0,16030.0,34970.0,83000000.0
487340,106135.0,941000000.0,,,,,
356540,101095.0,136000000.0,,,,,
280360,125200.0,1306000000.0,127500.0,128100.0,124300.0,10436.0,49000000.0
030610,9960.0,330000000.0,10000.0,10020.0,9850.0,33364.0,138000000.0
0072R0,12120.0,15851000000.0,,,,,
004000,43350.0,1752000000.0,44150.0,44150.0,42750.0,40738.0,507000000.0
0183J0,7575.0,9740000000.0,,,,,
006120,63900.0,1647000000.0,63100.0,65500.0,62500.0,25906.0,360000000.0
497570,22210.0,10829000000.0,,,,,
0139F0,102315.0,5000000.0,,,,,
465580,24195.0,17356000000.0,,,,,
469830,54515.0,6595000000.0,,,,,
195870,63000.0,10574000000.0,59600.0,63100.0,59400.0,172395.0,5895000000.0
000080,15110.0,1265000000.0,15140.0,15300.0,15000.0,83915.0,218000000.00000003
445290,30485.0,4429000000.0,,,,,
494890,31710.0,4594000000.0,,,,,
000210,50300.0,3121000000.0,52400.0,52500.0,49600.0,62093.0,571000000.0
494300,8775.0,9172000000.0,,,,,
451540,52740.0,215000000.0,,,,,
003160,36700.0,15097000000.0,36100.0,37400.0,35850.0,412110.0,10691000000.0
479520,106610.0,788000000.0,,,,,
003570,31000.0,24345000000.0,29150.0,36200.0,27700.0,767635.0,10861000000.0
449180,17150.0,8460000000.0,,,,,
017960,19860.0,2921000000.0,20150.0,20300.0,19500.0,147939.0,1628000000.0
295040,41255.0,2693000000.0,,,,,
006340,13000.0,12734000000.0,13080.0,13230.0,12870.0,978757.0,
0117V0,19010.0,11625000000.0,,,,,
003240,904000.0,734000000.0,915000.0,916000.0,891000.0,820.0,102000000.0
446720,13040.0,2506000000.0,,,,,
760009,107590.0,1000000.0,,,,,
003530,4550.0,2535000000.0,4595.0,4595.0,4490.0,560321.0,
192400,27450.0,252000000.0,27150.0,27550.0,27150.0,9221.0,31000000.0
451800,5340.0,301000000.0,5280.0,5340.0,5160.0,57639.0,
449450,49595.0,14363000000.0,,,,,
315930,79670.0,740000000.0,,,,,
495050,32350.0,1433000000.0,,,,,
0195R0,11940.0,82612000000.0,,,,,
030190,16360.0,891000000.0,16250.0,16400.0,16120.0,54932.0,60000000.0
009240,40150.0,918000000.0,40850.0,40900.0,39650.0,22976.0,82000000.0
438100,15135.0,3129000000.0,,,,,
237350,87600.0,11892000000.0,,,,,
402970,14480.0,3815000000.0,,,,,
032350,11600.0,1520000000.0,11810.0,11820.0,11440.0,131441.0,457000000.0
000370,7880.0,2735000000.0,7910.0,7960.0,7760.0,348172.0,
0219E0,8295.0,42784000000.0,,,,,
071320,79300.0,961000000.0,79200.0,79300.0,78100.0,12232.0,516000000.0
0048J0,13500.0,5140000000.0,,,,,
003090,15640.0,1013000000.0,16040.0,16050.0,15390.0,65195.0,236000000.0
305540,18095.0,6766000000.0,,,,,
285130,51500.0,1554000000.0,52000.0,52000.0,50600.0,30379.0,415000000.00000006
009450,61100.0,1963000000.0,61000.0,61300.0,60000.0,32304.0,309000000.0
185750,64400.0,1428000000.0,65400.0,65400.0,64000.0,22200.0,264000000.0
479080,53900.0,1115000000.0,,,,,
005300,95200.0,850000000.0,96700.0,96800.0,95000.0,8899.0,125000000.0
006110,58100.0,5129000000.0,57500.0,58500.0,55300.0,90146.0,2961000000.0
034230,9470.0,2299000000.0,9660.0,9660.0,9380.0,242997.0,972000000.0000001
0117L0,10180.0,97000000.0,,,,,
466940,27105.0,10451000000.0,,,,,
498410,11705.0,18373000000.0,,,,,
051915,112800.0,1714000000.0,116900.0,116900.0,111700.0,15187.0,
475720,12490.0,8848000000.0,,,,,
077970,21350.0,2361000000.0,21850.0,21950.0,21200.0,109972.0,1698000000.0
079160,5140.0,1874000000.0,5210.0,5260.0,5110.0,362761.0,
069660,109955.0,10661000000.0,,,,,
003470,4365.0,1069000000.0,4400.0,4400.0,4315.0,245878.0,
0177R0,11770.0,13841000000.0,,,,,
071055,142900.0,2369000000.0,144000.0,144100.0,139800.0,16807.0,
004490,59700.0,2294000000.0,59600.0,59700.0,58800.0,38766.0,1056000000.0
490590,14120.0,4762000000.0,,,,,
441800,28730.0,3476000000.0,,,,,
252670,72.0,336214000000.0,,,,,
272580,57200.0,990000000.0,,,,,
550082,55910.0,0.0,,,,,
114800,993.0,692279000000.0,,,,,
499790,39350.0,1230000000.0,39400.0,39850.0,38200.0,31693.0,277000000.0
0025N0,11825.0,1871000000.0,,,,,
153130,113190.0,1292000000.0,,,,,
000670,42100.0,3151000000.0,42600.0,42600.0,40750.0,75788.0,840000000.0
700028,220355.0,716000000.0,,,,,
365550,3125.0,448000000.0,3170.0,3170.0,3080.0,144281.0,
005180,86800.0,1362000000.0,87000.0,88800.0,85500.0,15788.0,360000000.0
036530,46350.0,2094000000.0,47700.0,49900.0,46100.0,44154.0,1143000000.0
100840,36300.0,4476000000.0,36350.0,36550.0,35200.0,124813.0,3865999999.9999995
476550,6460.0,6720000000.0,,,,,
094800,8000.0,914000000.0,7730.0,8000.0,7510.0,116235.0,
456610,59095.0,1748000000.0,,,,,
418660,40510.0,10324000000.0,,,,,
137310,6100.0,603000000.0,6100.0,6120.0,6020.0,99578.0,206000000.0
457480,17745.0,2834000000.0,,,,,
495850,32125.0,1354000000.0,,,,,
462330,965.0,89716000000.0,,,,,
214320,18170.0,723000000.0,18190.0,18190.0,18020.0,39968.0,81000000.0
005690,12080.0,5586000000.0,12150.0,12210.0,11850.0,465540.0,
100090,11540.0,3445000000.0,11750.0,11820.0,11400.0,298952.0,
481060,7090.0,3941000000.0,,,,,
144600,9860.0,5821000000.0,,,,,
298050,160600.0,1840000000.0,168000.0,168000.0,158600.0,11514.0,462000000.0
064960,26850.0,2094000000.0,26950.0,27000.0,26150.0,78836.0,817000000.0
329750,12835.0,1725000000.0,,,,,
367760,61440.0,9205000000.0,,,,,
003850,8270.0,254000000.0,8200.0,8290.0,8180.0,31057.0,126000000.0
580058,53945.0,0.0,,,,,
0127P0,10485.0,689000000.0,,,,,
090460,20500.0,7466000000.0,20050.0,20550.0,20000.0,368077.0,7819000000.0
005090,47800.0,2766000000.0,48200.0,48750.0,46900.0,57931.0,1580000000.0
002960,525000.0,209000000.0,525000.0,525000.0,515000.0,403.0,103000000.0
290130,48060.0,2134000000.0,,,,,
0061Z0,51100.0,8000000.0,,,,,
293940,5590.0,291000000.0,5620.0,5620.0,5540.0,52307.0,
364980,9880.0,48541000000.0,,,,,
434730,56890.0,6595000000.0,,,,,
458760,10385.0,1614000000.0,,,,,
069260,16340.0,1007000000.0,16370.0,16390.0,16100.0,62083.0,651000000.0
456040,74500.0,2001000000.0,78900.0,79500.0,72600.0,26551.0,1044000000.0
0101N0,21160.0,5170000000.0,,,,,
482730,11480.0,4700000000.0,,,,,
314250,63820.0,1358000000.0,,,,,
0167B0,11720.0,7565000000.0,,,,,
268280,132600.0,176000000.0,130900.0,135000.0,130500.0,1333.0,12000000.0
488080,37705.0,179213000000.0,,,,,
005880,2035.0,1388000000.0,2070.0,2090.0,2020.0,678590.0,
0007F0,10180.0,100000000.0,,,,,
371460,9020.0,1067000000.0,,,,,
102970,17365.0,6745000000.0,,,,,
0148J0,9385.0,17599000000.0,,,,,
000400,2055.0,268000000.0,2050.0,2070.0,2030.0,130890.0,
093050,21800.0,163000000.0,21950.0,22000.0,21550.0,7525.0,50000000.0
000640,94500.0,748000000.0,95600.0,95600.0,92000.0,8043.0,55000000.00000001
001570,9900.0,0.0,0.0,0.0,0.0,0.0,
017940,92200.0,464000000.0,93800.0,93800.0,90500.0,5102.0,43000000.0
434060,16645.0,1036000000.0,,,,,
001680,18080.0,654000000.0,18370.0,18400.0,18030.0,36020.0,69000000.0
248070,13040.0,622000000.0,12950.0,13080.0,12750.0,48010.0,180000000.0
383800,8130.0,389000000.0,8230.0,8230.0,8070.0,47839.0,188000000.0
001060,26500.0,697000000.0,26700.0,26800.0,26100.0,26535.0,428000000.0
002840,137000.0,392000000.0,138700.0,138700.0,134400.0,2883.0,13000000.0
0015B0,19175.0,13733000000.0,,,,,
491010,24330.0,839000000.0,,,,,
317450,42150.0,208000000.0,42550.0,42550.0,41950.0,4946.0,169000000.0
453340,18870.0,595000000.0,19150.0,19150.0,18650.0,31782.0,147000000.0
423920,87630.0,23020000000.0,,,,,
0091P0,16800.0,24419000000.0,,,,,
014820,20900.0,333000000.0,21200.0,21400.0,20750.0,15950.0,86000000.0
138540,46050.0,5440000000.0,,,,,
108320,36750.0,803000000.0,36550.0,36750.0,35950.0,22078.0,426999999.99999994
004710,11230.0,13958000000.0,10550.0,11380.0,10520.0,1273139.0,
079900,40700.0,1387000000.0,40550.0,40750.0,39500.0,34598.0,1579000000.0
251600,15270.0,2452000000.0,,,,,
491620,10350.0,4541000000.0,,,,,
489250,12275.0,3061000000.0,,,,,
277630,71975.0,2128000000.0,,,,,
466950,30950.0,2245000000.0,,,,,
0019K0,13355.0,3022000000.0,,,,,
033240,26650.0,736000000.0,26250.0,26850.0,26000.0,27915.0,725000000.0
006650,88500.0,2587000000.0,92300.0,92300.0,87700.0,29128.0,1069999999.9999999
00088K,39150.0,419000000.0,40600.0,40600.0,39050.0,10631.0,
484790,7870.0,5226000000.0,,,,,
451000,107035.0,3000000.0,,,,,
00104K,133800.0,678000000.0,131300.0,133800.0,128200.0,5134.0,
025540,55800.0,716000000.0,57000.0,57000.0,55500.0,12787.0,236000000.0
449190,22760.0,3151000000.0,,,,,
016380,5610.0,800000000.0,5620.0,5680.0,5500.0,143747.0,
114090,8970.0,867000000.0,8940.0,8980.0,8800.0,97577.0,138000000.0
452260,2855.0,3946000000.0,2725.0,2870.0,2650.0,1414629.0,
002350,5640.0,352000000.0,5760.0,5760.0,5600.0,62537.0,
017900,9450.0,8799000000.0,9590.0,9690.0,9210.0,936003.0,
477050,53620.0,822000000.0,,,,,
075580,9600.0,3451000000.0,9930.0,9990.0,9420.0,359080.0,1270000000.0
178920,18570.0,389000000.0,18960.0,18960.0,18380.0,21049.0,298000000.0
192650,8250.0,10637000000.0,7990.0,8430.0,7900.0,1288210.0,
003300,17610.0,106000000.0,17740.0,17740.0,17280.0,6146.0,11000000.0
336370,7670.0,839000000.0,7710.0,7820.0,7560.0,109928.0,295000000.0
455030,11640.0,1036000000.0,,,,,
284740,23800.0,278000000.0,24250.0,24350.0,23750.0,11581.0,14000000.000000002
0105E0,12820.0,2205000000.0,,,,,
005810,36650.0,433000000.0,37100.0,37100.0,36350.0,11833.0,134000000.00000001
001530,25450.0,248000000.0,26450.0,26450.0,25100.0,9711.0,76000000.0
007700,13440.0,35000000.0,13450.0,13500.0,13330.0,2620.0,33000000.0
494670,20610.0,8558000000.0,,,,,
365780,81965.0,762000000.0,,,,,
001510,2265.0,3133000000.0,2285.0,2295.0,2240.0,1387186.0,
001270,50500.0,81000000.0,50600.0,51400.0,50000.0,1612.0,39000000.0
396520,12585.0,1684000000.0,,,,,
315960,78210.0,2437000000.0,,,,,
496020,52600.0,306000000.0,,,,,
371160,6310.0,3909000000.0,,,,,
058650,126200.0,187000000.0,129800.0,129800.0,124400.0,1492.0,
009410,1600.0,327000000.0,1632.0,1642.0,1597.0,203652.0,
435420,14050.0,1885000000.0,,,,,
029460,46250.0,2237000000.0,44000.0,46250.0,43700.0,49552.0,726000000.0
462010,4640.0,9188000000.0,,,,,
496080,32220.0,5376000000.0,,,,,
361580,62545.0,7126000000.0,,,,,
003620,2485.0,568000000.0,2540.0,2540.0,2475.0,228614.0,
438330,115335.0,379000000.0,,,,,
0163Y0,10090.0,5288000000.0,,,,,
114260,61650.0,528000000.0,,,,,
444200,44765.0,1074000000.0,,,,,
484870,17990.0,1949000000.0,18060.0,18500.0,17900.0,107595.0,635000000.0
0220W0,5840.0,9564000000.0,6070.0,6090.0,5800.0,1620726.0,
161000,10110.0,806000000.0,10100.0,10120.0,9890.0,80751.0,777000000.0
471990,28110.0,61583000000.0,,,,,
003545,20100.0,515000000.0,20300.0,20350.0,20050.0,25525.0,
251350,38075.0,1319000000.0,,,,,
448290,17770.0,1646000000.0,,,,,
476800,4185.0,2436000000.0,,,,,
001500,7820.0,275000000.0,7860.0,7860.0,7760.0,35410.0,85000000.0
463250,32305.0,5438000000.0,,,,,
008060,15230.0,904000000.0,15110.0,15230.0,14760.0,59986.0,199000000.0
004690,131000.0,515000000.0,132300.0,132300.0,129000.0,3970.0,57999999.99999999
145990,46000.0,516000000.0,46000.0,46150.0,44950.0,11317.0,65000000.0
002990,12720.0,10305000000.0,12800.0,13090.0,12580.0,803283.0,
377740,4645.0,182000000.0,4670.0,4675.0,4580.0,39370.0,
019170,8980.0,1061000000.0,9200.0,9210.0,8960.0,117348.0,1139000000.0
039130,30300.0,381000000.0,30200.0,30300.0,29850.0,12696.0,396000000.0
499660,999905.0,12469000000.0,,,,,
460860,9420.0,1379000000.0,9600.0,9600.0,9210.0,147951.0,534999999.99999994
003030,111200.0,3443000000.0,108500.0,111200.0,104000.0,31806.0,369000000.0
483280,11665.0,1520000000.0,,,,,
0190C0,7600.0,3211000000.0,,,,,
490490,10525.0,1681000000.0,,,,,
448730,4990.0,246000000.0,4915.0,4990.0,4840.0,50081.0,
090435,43000.0,1503000000.0,42800.0,43500.0,41750.0,35125.0,
243880,348175.0,28004000000.0,,,,,
471230,103170.0,6308000000.0,,,,,
000070,57800.0,303000000.0,58500.0,58500.0,57500.0,5249.0,74000000.0
005250,9520.0,337000000.0,9520.0,9630.0,9420.0,35630.0,119000000.0
002240,16550.0,123000000.0,16750.0,16790.0,16490.0,7475.0,54000000.0
004700,66900.0,29000000.0,65100.0,66900.0,65100.0,447.0,20000000.0
451060,35240.0,4368000000.0,,,,,
016610,10300.0,665000000.0,10290.0,10300.0,10130.0,64955.0,50000000.0
020000,20350.0,2768000000.0,20400.0,20500.0,20050.0,136099.0,484000000.0
249420,13770.0,2159000000.0,13900.0,13910.0,13530.0,157661.0,1612000000.0
034310,11850.0,172000000.0,12180.0,12190.0,11850.0,14328.0,10000000.0
293180,110250.0,5593000000.0,,,,,
760013,87045.0,1237000000.0,,,,,
010780,14630.0,1328000000.0,15130.0,15170.0,14580.0,90313.0,158000000.0
447770,13700.0,2025000000.0,,,,,
003280,1796.0,3997000000.0,1836.0,1850.0,1794.0,2204830.0,
005945,22600.0,651000000.0,22900.0,22900.0,22500.0,28764.0,
009900,8090.0,1004000000.0,8230.0,8260.0,8040.0,123821.0,806000000.0
002030,206000.0,431000000.0,208000.0,210500.0,203500.0,2094.0,94000000.0
474220,14970.0,1226000000.0,,,,,
0016X0,51490.0,693000000.0,,,,,
448300,23470.0,2030000000.0,,,,,
0162M0,10040.0,15000000.0,,,,,
357120,4280.0,164000000.0,4250.0,4280.0,4200.0,38869.0,
385560,50360.0,664000000.0,,,,,
0023A0,23735.0,2420000000.0,,,,,
306200,146200.0,1085000000.0,145200.0,146900.0,142400.0,7508.0,178000000.0
072710,89200.0,221000000.0,90000.0,90100.0,88900.0,2477.0,87000000.0
0210A0,7680.0,12914000000.0,,,,,
403550,10740.0,59000000.0,10780.0,10820.0,10620.0,5567.0,16000000.0
014830,60200.0,622000000.0,61600.0,61600.0,59700.0,10381.0,216000000.0
092230,96100.0,64000000.0,96300.0,97400.0,95000.0,666.0,19000000.0
005389,174500.0,566000000.0,175200.0,175200.0,172900.0,3260.0,
426020,31695.0,1432000000.0,,,,,
002810,21650.0,757000000.0,21550.0,21800.0,21200.0,35081.0,101000000.0
148070,103850.0,816000000.0,,,,,
302450,71590.0,141000000.0,,,,,
001200,4090.0,1505000000.0,4110.0,4125.0,4035.0,370437.0,
0173Y0,10610.0,4774000000.0,,,,,
130660,12090.0,1624000000.0,12300.0,12300.0,11940.0,134861.0,
0046A0,9380.0,4384000000.0,,,,,
003000,3970.0,388000000.0,3965.0,4010.0,3950.0,97813.0,
385720,25575.0,623000000.0,,,,,
005420,10180.0,1172000000.0,10360.0,10380.0,10010.0,116106.0,419000000.00000006
0060H0,12380.0,793000000.0,,,,,
480260,53880.0,53000000.0,,,,,
271940,10680.0,243000000.0,11130.0,11130.0,10580.0,22694.0,115999999.99999999
015360,14660.0,137000000.0,14650.0,14800.0,14590.0,9407.0,41000000.0
474590,49340.0,2217000000.0,,,,,
241180,34155.0,579000000.0,,,,,
029530,39150.0,90000000.0,39400.0,39400.0,38550.0,2334.0,21000000.0
344820,23700.0,129000000.0,24050.0,24050.0,23600.0,5435.0,30000000.0
476760,8395.0,7531000000.0,,,,,
016590,9280.0,131000000.0,9500.0,9600.0,9210.0,14012.0,119000000.0
317400,9620.0,8495000000.0,9760.0,9800.0,9170.0,898122.0,
089590,4625.0,1017000000.0,4510.0,4630.0,4455.0,222163.0,
126560,3405.0,707000000.0,3360.0,3440.0,3340.0,208894.0,
484880,23085.0,9386000000.0,,,,,
183190,10320.0,242000000.0,10480.0,10480.0,10240.0,23555.0,68000000.0
439860,113375.0,1000000.0,,,,,
194370,12720.0,409000000.0,12850.0,12850.0,12470.0,32346.0,112999999.99999999
031430,10520.0,484000000.0,10610.0,10610.0,10390.0,45932.0,315000000.0
520054,183830.0,269000000.0,,,,,
001940,25850.0,175000000.0,26750.0,26750.0,25500.0,6794.0,22000000.0
006220,9640.0,490000000.0,9690.0,9740.0,9570.0,50833.0,
0040Y0,7885.0,3529000000.0,,,,,
950210,6040.0,177000000.0,6170.0,6170.0,5780.0,29578.0,
469070,10780.0,2247000000.0,,,,,
008730,14570.0,599000000.0,14780.0,14810.0,14310.0,41517.0,181000000.0
310960,64290.0,1518000000.0,,,,,
245710,27875.0,404000000.0,,,,,
091180,25235.0,2986000000.0,,,,,
458250,32345.0,5451000000.0,,,,,
027410,3715.0,147000000.0,3745.0,3745.0,3690.0,39920.0,
011930,17490.0,2345000000.0,17640.0,17660.0,17040.0,135961.0,
0131V0,10820.0,556000000.0,,,,,
060980,39200.0,400000000.0,39250.0,39250.0,38500.0,10306.0,36000000.0
007690,37900.0,731000000.0,38000.0,38200.0,36700.0,19502.0,322000000.0
442570,17320.0,1205000000.0,,,,,
132030,23215.0,10734000000.0,,,,,
0182R0,11065.0,26514000000.0,,,,,
012030,1730.0,898000000.0,1750.0,1751.0,1694.0,524438.0,
0167Z0,7560.0,6794000000.0,,,,,
279530,17445.0,3120000000.0,,,,,
010955,86200.0,988000000.0,88600.0,88600.0,85100.0,11474.0,
003350,15280.0,5464000000.0,15480.0,15480.0,14820.0,362776.0,
0144L0,9440.0,900000000.0,,,,,
02826K,234000.0,379000000.0,231500.0,234000.0,227500.0,1645.0,
092790,13200.0,2197000000.0,13600.0,13600.0,13110.0,165701.0,
0094M0,17215.0,17629000000.0,,,,,
105630,8540.0,127000000.0,8580.0,8590.0,8510.0,14895.0,48000000.0
472170,14010.0,1019000000.0,,,,,
104700,9320.0,132000000.0,9480.0,9550.0,9290.0,14161.0,15000000.0
0026S0,12615.0,3400000000.0,,,,,
015860,6870.0,491000000.0,7090.0,7090.0,6810.0,71652.0,
0080G0,9750.0,12576000000.0,,,,,
0120G0,45400.0,1542000000.0,47100.0,47100.0,44550.0,34010.0,1245000000.0
170900,34700.0,79000000.0,34700.0,34750.0,34400.0,2318.0,22000000.0
005610,39000.0,49000000.0,39300.0,39500.0,38700.0,1285.0,31000000.0
385510,38610.0,1802000000.0,,,,,
570090,55880.0,0.0,,,,,
475300,25545.0,52096000000.0,,,,,
0052D0,15350.0,968000000.0,,,,,
097520,19200.0,463000000.0,18630.0,19200.0,18500.0,24581.0,115999999.99999999
006405,206000.0,813000000.0,214500.0,214500.0,203000.0,3934.0,
270810,14230.0,3941000000.0,,,,,
217590,13810.0,4901000000.0,13740.0,13910.0,13400.0,357939.0,
017810,8700.0,98000000.0,8830.0,8830.0,8690.0,11318.0,56999999.99999999
000157,369500.0,105000000.0,385000.0,385000.0,363500.0,285.0,
456880,11950.0,568000000.0,,,,,
448630,15220.0,1119000000.0,,,,,
011760,24650.0,464000000.0,25300.0,25400.0,24450.0,18864.0,166000000.0
462900,12440.0,7249000000.0,,,,,
473290,10895.0,102000000.0,,,,,
0052S0,11365.0,929000000.0,,,,,
0043Y0,18670.0,1410000000.0,,,,,
001230,2050.0,849000000.0,2110.0,2120.0,2005.0,414453.0,
096760,4300.0,154000000.0,4315.0,4370.0,4280.0,35847.0,
024720,9260.0,84000000.0,9190.0,9410.0,9190.0,9041.0,53000000.0
145720,36650.0,418000000.0,37000.0,37250.0,36000.0,11486.0,234000000.0
009290,6330.0,1225000000.0,6500.0,6600.0,6270.0,192531.0,
009160,4810.0,269000000.0,4785.0,4820.0,4720.0,56718.0,
002310,7960.0,1477000000.0,8240.0,8280.0,7790.0,186979.0,
453810,10795.0,547000000.0,,,,,
381970,6370.0,563000000.0,6390.0,6500.0,6210.0,89326.0,139000000.0
0094K0,99495.0,695000000.0,,,,,
272450,5940.0,242000000.0,6000.0,6000.0,5890.0,40996.0,
026890,7990.0,192000000.0,8010.0,8020.0,7860.0,24212.0,6000000.0
485540,15400.0,1826000000.0,,,,,
0111P0,10760.0,1088000000.0,,,,,
489030,6220.0,2458000000.0,,,,,
002020,23500.0,460000000.0,24150.0,24150.0,23300.0,19586.0,271000000.0
025860,6100.0,1458000000.0,6110.0,6150.0,5980.0,241047.0,
126720,21200.0,286000000.0,21450.0,21450.0,21000.0,13554.0,304000000.0
385550,114305.0,594000000.0,,,,,
471780,39225.0,3410000000.0,,,,,
454780,99370.0,14000000.0,,,,,
010820,6170.0,2568000000.0,6220.0,6410.0,6090.0,412224.0,
497880,50010.0,6763000000.0,,,,,
433330,21565.0,2030000000.0,,,,,
091170,16540.0,10865000000.0,,,,,
020120,8010.0,2937000000.0,8390.0,8970.0,7850.0,357227.0,
190620,102105.0,366000000.0,,,,,
123890,2425.0,236000000.0,2465.0,2470.0,2415.0,97292.0,
018250,11190.0,86000000.0,11140.0,11240.0,11090.0,7789.0,
483320,25365.0,10690000000.0,,,,,
002710,11240.0,698000000.0,11480.0,11480.0,11170.0,62067.0,688000000.0
108670,32800.0,233000000.0,33450.0,33450.0,32650.0,7123.0,81000000.0
200880,10800.0,313000000.0,10940.0,10950.0,10760.0,28964.0,124000000.0
0008S0,9385.0,2226000000.0,,,,,
0038A0,15295.0,927000000.0,,,,,
481190,17035.0,13909000000.0,,,,,
570022,57975.0,2000000.0,,,,,
244920,12810.0,114000000.0,13010.0,13350.0,12400.0,9051.0,
001750,19160.0,63000000.0,19160.0,19380.0,19120.0,3326.0,33000000.0
003120,21700.0,79000000.0,21550.0,23000.0,21550.0,3561.0,62000000.0
136340,103710.0,5344000000.0,,,,,
034830,1136.0,197000000.0,1131.0,1138.0,1123.0,175397.0,
005720,5410.0,66000000.0,5570.0,5570.0,5370.0,12381.0,
000430,4580.0,397000000.0,4750.0,4795.0,4550.0,85130.0,
475080,7805.0,801000000.0,,,,,
084690,7800.0,88000000.0,7880.0,7880.0,7710.0,11356.0,24000000.0
033270,17690.0,354000000.0,17750.0,17750.0,17430.0,20175.0,104000000.0
441680,10665.0,391000000.0,,,,,
044450,12430.0,2242000000.0,12410.0,12570.0,12180.0,180414.0,
273140,114635.0,305000000.0,,,,,
001390,4210.0,665000000.0,4280.0,4310.0,4150.0,158342.0,
122900,8330.0,665000000.0,8280.0,8350.0,8180.0,80356.0,
461490,14450.0,519000000.0,,,,,
0098F0,15530.0,11880000000.0,,,,,
005430,87400.0,218000000.0,87900.0,89200.0,86100.0,2492.0,
005950,10490.0,3148000000.0,10880.0,10980.0,10340.0,300398.0,
016800,23950.0,19000000.0,24550.0,24900.0,23650.0,801.0,10000000.0
004310,8530.0,23712000000.0,8810.0,9170.0,8440.0,2703108.0,
084010,7940.0,108000000.0,8000.0,8030.0,7860.0,13731.0,16000000.0
078520,10880.0,425000000.0,10870.0,11030.0,10770.0,39090.0,156000000.0
010580,2440.0,4045000000.0,2650.0,2690.0,2405.0,1600273.0,
473330,7505.0,1918000000.0,,,,,
0228G0,10105.0,5376000000.0,,,,,
004430,11250.0,931000000.0,11500.0,11500.0,11170.0,82552.0,
439870,87150.0,698000000.0,,,,,
0162Y0,8000.0,1927000000.0,,,,,
017390,54300.0,188000000.0,54500.0,54500.0,53900.0,3489.0,104000000.0
105840,13300.0,1982000000.0,13570.0,13580.0,13150.0,149550.0,
0183V0,11950.0,6807000000.0,,,,,
002900,6460.0,1059000000.0,6690.0,6690.0,6390.0,164317.0,
058430,4455.0,613000000.0,4620.0,4620.0,4435.0,137001.0,
423170,59635.0,2821000000.0,,,,,
091810,2605.0,83000000.0,2655.0,2670.0,2590.0,31716.0,
307520,21775.0,4993000000.0,,,,,
213610,22310.0,410000000.0,,,,,
409820,20935.0,1165000000.0,,,,,
453870,10560.0,445000000.0,,,,,
388420,29945.0,1323000000.0,,,,,
471040,29275.0,744000000.0,,,,,
421320,27445.0,3508000000.0,,,,,
037710,34300.0,457000000.0,34600.0,34700.0,34100.0,13323.0,326000000.0
0232A0,100330.0,0.0,,,,,
286940,17130.0,106000000.0,17390.0,17390.0,17010.0,6253.0,67000000.00000001
196230,117070.0,561000000.0,,,,,
123320,111315.0,8354000000.0,,,,,
010690,7330.0,666000000.0,7410.0,7450.0,7300.0,90885.0,
004360,13380.0,168000000.0,13400.0,13400.0,13180.0,12690.0,42000000.0
334890,3670.0,108000000.0,3685.0,3720.0,3610.0,29810.0,
486830,53415.0,70000000.0,,,,,
005680,12700.0,126000000.0,12620.0,12770.0,12560.0,9980.0,
472920,97775.0,10000000.0,,,,,
364970,6715.0,5000000000.0,,,,,
003200,10870.0,355000000.0,11110.0,11130.0,10450.0,32807.0,100000000.0
005500,18730.0,293000000.0,18860.0,18860.0,18580.0,15688.0,190000000.0
483340,22145.0,1655000000.0,,,,,
432320,1645.0,511000000.0,1653.0,1653.0,1607.0,315195.0,
003960,27050.0,20000000.0,26900.0,27200.0,26850.0,769.0,26000000.0
044820,25800.0,309000000.0,25350.0,26000.0,25000.0,12019.0,
495230,31380.0,1043000000.0,,,,,
298690,1509.0,64000000.0,1515.0,1515.0,1500.0,42676.0,
001790,2850.0,112000000.0,2845.0,2865.0,2825.0,39527.0,
228790,4285.0,10151000000.0,,,,,
404990,3950.0,134000000.0,3950.0,3950.0,3835.0,34662.0,
139230,12385.0,1305000000.0,,,,,
007160,48250.0,95000000.0,49100.0,49150.0,47500.0,1989.0,45000000.0
136490,10110.0,667000000.0,10400.0,10400.0,10000.0,66157.0,
030210,3935.0,229000000.0,3970.0,3970.0,3860.0,59126.0,
003920,42200.0,112000000.0,42400.0,42950.0,41850.0,2675.0,110000000.00000001
025000,57700.0,238000000.0,57800.0,57800.0,56700.0,4182.0,
493810,11325.0,509000000.0,,,,,
363580,57575.0,3049000000.0,,,,,
117700,6735.0,15486000000.0,,,,,
002320,15260.0,895000000.0,14570.0,15290.0,14570.0,59347.0,112999999.99999999
0182S0,12770.0,1677000000.0,,,,,
283580,14270.0,1469000000.0,,,,,
0053L0,8695.0,3167000000.0,,,,,
348950,1182.0,0.0,0.0,0.0,0.0,0.0,
003070,9150.0,32000000.0,9200.0,9260.0,9080.0,3529.0,
008490,20050.0,425000000.0,20200.0,20200.0,19510.0,21506.0,175000000.0
900140,1199.0,408000000.0,1208.0,1220.0,1180.0,343284.0,
363570,86045.0,892000000.0,,,,,
226320,10510.0,134000000.0,10560.0,10600.0,10370.0,12855.0,64000000.0
472160,19430.0,2549000000.0,,,,,
0089D0,13515.0,1550000000.0,,,,,
329650,13920.0,208000000.0,,,,,
0092C0,50280.0,42000000.0,,,,,
000680,2910.0,78000000.0,2945.0,2970.0,2905.0,26744.0,
053690,20850.0,2024000000.0,21250.0,21600.0,20450.0,97514.0,
001470,5820.0,0.0,0.0,0.0,0.0,0.0,
001340,4980.0,324000000.0,5080.0,5080.0,4900.0,65631.0,
0030R0,3745.0,70000000.0,3805.0,3805.0,3695.0,19029.0,
017860,12670.0,852000000.0,12760.0,12760.0,12400.0,67913.0,
000540,3480.0,36000000.0,3500.0,3500.0,3440.0,10439.0,
001460,35750.0,24000000.0,34600.0,35750.0,34600.0,703.0,1000000.0
134380,10150.0,24000000.0,10130.0,10150.0,10050.0,2445.0,
498270,14705.0,519000000.0,,,,,
001250,2685.0,1726000000.0,2655.0,2720.0,2635.0,646346.0,
028100,19710.0,755000000.0,19410.0,19790.0,19310.0,38567.0,
009680,10140.0,107000000.0,10140.0,10180.0,10050.0,10607.0,28999999.999999996
488980,52230.0,143000000.0,,,,,
452360,12945.0,802000000.0,,,,,
437080,94010.0,668000000.0,,,,,
0151S0,15830.0,5529000000.0,,,,,
000490,7560.0,487000000.0,7620.0,7670.0,7450.0,64761.0,
0104N0,21135.0,1213000000.0,,,,,
000050,7920.0,122000000.0,7980.0,7980.0,7800.0,15537.0,
034120,11700.0,21000000.0,11700.0,11760.0,11610.0,1840.0,6000000.0
271050,1717.0,4676000000.0,,,,,
458260,44630.0,195000000.0,,,,,
422420,6620.0,824000000.0,,,,,
478150,17720.0,373000000.0,,,,,
003650,124200.0,305000000.0,125100.0,127400.0,122900.0,2471.0,
077500,10000.0,3571000000.0,9730.0,10150.0,9400.0,364578.0,
005010,3840.0,700000000.0,3945.0,3945.0,3800.0,182544.0,
003720,6330.0,753000000.0,6310.0,6400.0,6140.0,121131.0,
035510,15260.0,1183000000.0,15510.0,15660.0,15200.0,77355.0,
0119H0,9900.0,316000000.0,,,,,
433500,56020.0,3485000000.0,,,,,
475560,14340.0,267000000.0,14600.0,14770.0,14200.0,18689.0,
266160,33485.0,287000000.0,,,,,
03473K,373000.0,133000000.0,372500.0,373000.0,370000.0,360.0,
442320,33550.0,211000000.0,,,,,
033920,7400.0,181000000.0,7440.0,7490.0,7330.0,24622.0,
530145,12395.0,1206000000.0,,,,,
0233J0,10520.0,1752000000.0,,,,,
305080,11680.0,773000000.0,,,,,
157500,11790.0,3506000000.0,,,,,
011500,13420.0,366000000.0,13380.0,13430.0,12960.0,27967.0,
025560,7550.0,5812000000.0,7060.0,7550.0,6990.0,790592.0,
092200,5390.0,865000000.0,5590.0,5600.0,5300.0,159743.0,
332930,144265.0,107000000.0,,,,,
000320,15700.0,71000000.0,15860.0,15860.0,15420.0,4577.0,39000000.0
490090,16015.0,2610000000.0,,,,,
448540,26680.0,861000000.0,,,,,
088260,3285.0,185000000.0,3275.0,3285.0,3230.0,57081.0,
244580,7900.0,1742000000.0,,,,,
003555,68200.0,111000000.0,68600.0,68600.0,67500.0,1645.0,
520094,102520.0,1971000000.0,,,,,
035150,10350.0,244000000.0,10490.0,10500.0,10200.0,23577.0,4000000.0
000650,142600.0,90000000.0,142700.0,147800.0,142200.0,631.0,
298000,53700.0,817000000.0,52600.0,55000.0,51500.0,15361.0,
004980,8290.0,164000000.0,8200.0,8390.0,8180.0,19890.0,89000000.0
267770,84460.0,20881000000.0,,,,,
486450,18365.0,400000000.0,,,,,
000480,4285.0,79000000.0,4350.0,4350.0,4265.0,18647.0,
0005A0,9090.0,1462000000.0,,,,,
0093A0,36350.0,4877000000.0,,,,,
051905,95300.0,2047000000.0,99400.0,99400.0,94300.0,21333.0,
0069M0,13580.0,714000000.0,,,,,
463050,10970.0,1610000000.0,,,,,
100250,3095.0,51000000.0,3070.0,3095.0,3065.0,16741.0,
037270,3100.0,261000000.0,3135.0,3150.0,3060.0,84656.0,
480040,14510.0,2649000000.0,,,,,
039570,7520.0,27000000.0,7450.0,7520.0,7430.0,3633.0,
013580,21850.0,1136000000.0,22300.0,22550.0,21650.0,51859.0,
117580,7060.0,854000000.0,7200.0,7200.0,6990.0,120847.0,
095570,4290.0,152000000.0,4320.0,4340.0,4265.0,35414.0,
000390,7130.0,452000000.0,7160.0,7180.0,6950.0,63981.0,
302190,49840.0,41000000.0,,,,,
495060,28225.0,878000000.0,,,,,
500099,19165.0,109000000.0,,,,,
487570,51400.0,173000000.0,50700.0,51500.0,49100.0,3439.0,
339770,3830.0,117000000.0,3790.0,3835.0,3790.0,30748.0,
433980,15670.0,382000000.0,,,,,
053210,4005.0,80000000.0,4010.0,4010.0,3975.0,20129.0,
0005G0,55100.0,489000000.0,,,,,
0204D0,5580.0,1990000000.0,,,,,
495550,32935.0,205000000.0,,,,,
002420,6070.0,15000000.0,6080.0,6150.0,5910.0,2566.0,
494330,33035.0,600000000.0,,,,,
003520,1027.0,212000000.0,1043.0,1045.0,1022.0,206408.0,
0082V0,11180.0,637000000.0,,,,,
005960,8180.0,262000000.0,8440.0,8440.0,8100.0,32017.0,
016580,10080.0,108000000.0,10050.0,10120.0,9980.0,10798.0,
001630,37250.0,75000000.0,37650.0,37650.0,37100.0,2024.0,34000000.0
500029,18660.0,174000000.0,,,,,
102260,3670.0,273000000.0,3700.0,3700.0,3635.0,74694.0,
003547,19340.0,183000000.0,19570.0,19730.0,19310.0,9392.0,
261260,5520.0,419000000.0,,,,,
530104,185490.0,95000000.0,,,,,
500069,185375.0,1000000.0,,,,,
102460,9970.0,291000000.0,10080.0,10100.0,9895.0,29249.0,
004560,12270.0,322000000.0,12380.0,12380.0,12130.0,26488.0,
001130,10940.0,134000000.0,11070.0,11070.0,10800.0,12356.0,32000000.0
0091C0,9235.0,1437000000.0,,,,,
0115D0,7130.0,5640000000.0,,,,,
520098,30695.0,329000000.0,,,,,
466930,23265.0,3225000000.0,,,,,
033530,6780.0,147000000.0,6790.0,6810.0,6650.0,21966.0,
494220,52230.0,2903000000.0,,,,,
128820,4035.0,401000000.0,4090.0,4090.0,4000.0,99911.0,
0190G0,9675.0,2251000000.0,,,,,
000140,7830.0,121000000.0,7860.0,8100.0,7750.0,15542.0,
429000,12605.0,604000000.0,,,,,
473460,23930.0,553000000.0,,,,,
0153K0,12250.0,763000000.0,,,,,
414780,13035.0,321000000.0,,,,,
009470,26950.0,1826000000.0,25800.0,27150.0,25650.0,68321.0,
377190,2015.0,857000000.0,2055.0,2055.0,1986.0,426408.0,
007860,7570.0,161000000.0,7560.0,7600.0,7440.0,21520.0,
480020,9920.0,2098000000.0,,,,,
332500,73960.0,1995000000.0,,,,,
002100,9010.0,56000000.0,9040.0,9050.0,8990.0,6305.0,
0047A0,11725.0,1303000000.0,,,,,
122090,82565.0,1943000000.0,,,,,
000520,8100.0,441000000.0,8130.0,8260.0,7940.0,54423.0,
213500,7340.0,409000000.0,7450.0,7450.0,7290.0,55865.0,
233160,7885.0,12211000000.0,,,,,
0099L0,99470.0,20000000.0,,,,,
003610,5430.0,349000000.0,5640.0,5640.0,5390.0,64312.0,
000700,6690.0,101000000.0,6630.0,6690.0,6620.0,15219.0,
003220,7760.0,263000000.0,7920.0,7920.0,7710.0,33903.0,217000000.0
000300,4200.0,0.0,0.0,0.0,0.0,0.0,
0192Z0,100820.0,201000000.0,,,,,
234080,10960.0,73000000.0,11050.0,11050.0,10930.0,6735.0,
016450,4295.0,53000000.0,4330.0,4330.0,4280.0,12375.0,
014710,9970.0,111000000.0,9290.0,10000.0,9290.0,11450.0,
483290,9740.0,1512000000.0,,,,,
015230,6310.0,416000000.0,6460.0,6480.0,6230.0,65861.0,
0040X0,9080.0,534000000.0,,,,,
476450,52880.0,9000000.0,,,,,
002150,5050.0,113000000.0,5050.0,5060.0,4960.0,22652.0,
403790,57850.0,1000000.0,,,,,
003460,2980.0,56000000.0,3005.0,3010.0,2960.0,19013.0,
412570,1123.0,7925000000.0,,,,,
461950,4730.0,3636000000.0,,,,,
337160,48475.0,322000000.0,,,,,
241590,2690.0,90000000.0,2770.0,2910.0,2650.0,33566.0,
490600,8505.0,1504000000.0,,,,,
237370,15535.0,531000000.0,,,,,
101530,5530.0,0.0,0.0,0.0,0.0,0.0,
480030,9540.0,956000000.0,,,,,
488720,48570.0,1000000.0,,,,,
0193G0,8440.0,1637000000.0,,,,,
491820,43510.0,1110000000.0,,,,,
272560,114875.0,1181000000.0,,,,,
000860,12190.0,67000000.0,12130.0,12200.0,12100.0,5549.0,
460850,5300.0,216000000.0,5280.0,5430.0,5260.0,40520.0,
530134,1753.0,3970000000.0,,,,,
472870,6505.0,1080000000.0,,,,,
160580,16180.0,443000000.0,,,,,
090350,7840.0,136000000.0,7930.0,7940.0,7800.0,17424.0,
002170,52200.0,152000000.0,53500.0,53500.0,52100.0,2911.0,
200250,19760.0,110000000.0,,,,,
152870,110940.0,29000000.0,,,,,
004380,7470.0,208000000.0,7550.0,7570.0,7230.0,28359.0,
00279K,21800.0,41000000.0,21500.0,21800.0,21400.0,1919.0,
570051,30920.0,3000000.0,,,,,
400760,2800.0,113000000.0,2780.0,2800.0,2775.0,40532.0,
0005D0,14700.0,6716000000.0,,,,,
013890,6990.0,128000000.0,7080.0,7090.0,6870.0,18507.0,57999999.99999999
354500,14450.0,1087000000.0,,,,,
007570,8010.0,111000000.0,7900.0,8110.0,7900.0,13937.0,
001045,67500.0,156000000.0,67600.0,67600.0,66600.0,2330.0,
006805,11260.0,244000000.0,11420.0,11560.0,11140.0,21788.0,
011785,50000.0,209000000.0,49900.0,50100.0,49650.0,4205.0,
0064K0,11705.0,954000000.0,,,,,
462520,12670.0,39000000.0,12700.0,12780.0,12610.0,3105.0,
471760,15880.0,15118000000.0,,,,,
0180V0,7875.0,642000000.0,,,,,
001780,1546.0,236000000.0,1580.0,1580.0,1540.0,152626.0,
000970,6560.0,64000000.0,6600.0,6600.0,6510.0,9853.0,
458210,110865.0,225000000.0,,,,,
394670,10175.0,139000000.0,,,,,
272550,9840.0,51000000.0,9800.0,9850.0,9720.0,5289.0,
700023,148120.0,0.0,,,,,
0151P0,15000.0,1337000000.0,,,,,
004090,11610.0,1286000000.0,11720.0,11890.0,11590.0,110135.0,
219480,33100.0,631000000.0,,,,,
004150,3585.0,230000000.0,3620.0,3635.0,3545.0,64155.0,
438560,100190.0,11000000.0,,,,,
293480,8240.0,52000000.0,8230.0,8270.0,8180.0,6401.0,
097955,110300.0,472000000.0,111500.0,111500.0,109900.0,4281.0,
271980,9940.0,83000000.0,10070.0,10120.0,9860.0,8428.0,
138520,36040.0,284000000.0,,,,,
491610,105105.0,173000000.0,,,,,
0199C0,9085.0,4019000000.0,,,,,
003830,108600.0,10000000.0,109600.0,109600.0,107500.0,97.0,
0104H0,11815.0,201000000.0,,,,,
004970,9000.0,31000000.0,9010.0,9020.0,8930.0,3537.0,
550089,143890.0,2000000.0,,,,,
016880,1799.0,223000000.0,1820.0,1834.0,1731.0,125977.0,
0127M0,11955.0,841000000.0,,,,,
0051G0,11595.0,413000000.0,,,,,
071840,6040.0,39000000.0,6000.0,6050.0,5950.0,6579.0,
000020,5070.0,248000000.0,5100.0,5140.0,4985.0,49441.0,
107590,61000.0,1000000.0,62000.0,62000.0,60400.0,24.0,
481180,16445.0,563000000.0,,,,,
025820,4190.0,519000000.0,4270.0,4270.0,4160.0,123811.0,
498180,92630.0,0.0,,,,,
003480,4725.0,139000000.0,4725.0,4760.0,4665.0,29848.0,
0048K0,7765.0,2483000000.0,,,,,
015890,4765.0,17000000.0,4730.0,4790.0,4700.0,3711.0,
014280,4735.0,3504000000.0,4830.0,4945.0,4600.0,736204.0,
457990,35450.0,10868000000.0,,,,,
143860,34735.0,422000000.0,,,,,
0041E0,16070.0,1805000000.0,,,,,
008350,1070.0,618000000.0,1068.0,1085.0,1059.0,574901.0,
094280,11940.0,110000000.0,11970.0,11990.0,11900.0,9284.0,
0131W0,102315.0,14000000.0,,,,,
451530,34880.0,481000000.0,,,,,
495330,31970.0,139000000.0,,,,,
245340,33970.0,249000000.0,,,,,
001080,3890.0,82000000.0,3675.0,3950.0,3635.0,21328.0,
004080,14500.0,20000000.0,14580.0,14690.0,14470.0,1434.0,
760007,33635.0,4000000.0,,,,,
476030,17220.0,1513000000.0,,,,,
012610,3225.0,285000000.0,3220.0,3240.0,3180.0,89260.0,
018470,5210.0,213000000.0,5260.0,5280.0,5160.0,41106.0,
570050,26260.0,0.0,,,,,
081000,9220.0,96000000.0,9470.0,9470.0,9090.0,10505.0,
463680,22760.0,464000000.0,,,,,
0091M0,10160.0,0.0,,,,,
024090,11390.0,18000000.0,11460.0,11510.0,11340.0,1609.0,
530136,12855.0,489000000.0,,,,,
139220,7595.0,2562000000.0,,,,,
0197X0,5995.0,74019000000.0,,,,,
0181B0,10115.0,2412000000.0,,,,,
0092B0,15395.0,1677000000.0,,,,,
214390,5340.0,40000000.0,5530.0,5530.0,5340.0,7558.0,
411420,26875.0,420000000.0,,,,,
267290,21600.0,50000000.0,21700.0,21700.0,21300.0,2335.0,
461500,104860.0,449000000.0,,,,,
520066,21050.0,1483000000.0,,,,,
463290,109470.0,111000000.0,,,,,
325010,43515.0,47000000.0,,,,,
013520,2520.0,117000000.0,2510.0,2520.0,2480.0,47237.0,
570106,50280.0,0.0,,,,,
011690,3410.0,426000000.0,3360.0,3420.0,3320.0,126161.0,
0074K0,16890.0,258000000.0,,,,,
092220,3100.0,1455000000.0,3130.0,3160.0,3055.0,468556.0,
004960,10750.0,87000000.0,11070.0,11090.0,10680.0,8130.0,
500037,62160.0,24000000.0,,,,,
448100,112660.0,4819000000.0,,,,,
304660,6945.0,269000000.0,,,,,
0000Y0,102065.0,0.0,,,,,
447620,15820.0,412000000.0,,,,,
078000,13340.0,17000000.0,13290.0,13360.0,13100.0,1298.0,
009270,1072.0,210000000.0,1085.0,1101.0,1063.0,196004.0,
210540,11080.0,189000000.0,11230.0,11250.0,11040.0,17044.0,
006060,2210.0,105000000.0,2260.0,2260.0,2195.0,47833.0,
001210,9650.0,6024000000.0,9940.0,9960.0,9590.0,618343.0,
089470,3810.0,63000000.0,3830.0,3830.0,3760.0,16897.0,
005800,13500.0,13000000.0,13410.0,13570.0,13270.0,992.0,
350520,3295.0,73000000.0,3375.0,3375.0,3285.0,22245.0,
001360,1290.0,208000000.0,1328.0,1328.0,1274.0,160665.0,
002620,7600.0,12000000.0,7500.0,7720.0,7360.0,1668.0,
002210,1251.0,36000000.0,1268.0,1278.0,1239.0,28919.0,
760011,7785.0,88000000.0,,,,,
192090,11630.0,392000000.0,,,,,
438570,97560.0,13000000.0,,,,,
001520,1122.0,486000000.0,1151.0,1151.0,1113.0,432518.0,
214420,4995.0,119000000.0,5010.0,5010.0,4955.0,24012.0,
037560,1544.0,103000000.0,1553.0,1553.0,1518.0,68008.0,
377990,24135.0,1092000000.0,,,,,
491230,52615.0,43000000.0,,,,,
0085P0,9325.0,3633000000.0,,,,,
0184L0,100500.0,11000000.0,,,,,
328370,38470.0,1000000.0,,,,,
003010,9380.0,2750000000.0,9380.0,9440.0,8820.0,301961.0,
0123G0,5770.0,1090000000.0,,,,,
009070,3960.0,251000000.0,4035.0,4050.0,3950.0,63104.0,
008970,1141.0,443000000.0,1163.0,1169.0,1131.0,388828.0,
227840,12950.0,45000000.0,12860.0,13000.0,12620.0,3531.0,
332940,48875.0,4000000.0,,,,,
002390,8500.0,40000000.0,8800.0,8800.0,8390.0,4750.0,
014530,3355.0,189000000.0,3375.0,3375.0,3300.0,56685.0,
399110,20505.0,305000000.0,,,,,
0135Y0,100130.0,11000000.0,,,,,
034590,26400.0,17000000.0,26300.0,26400.0,26250.0,675.0,
469170,5675.0,2736000000.0,,,,,
0168K0,5445.0,4754000000.0,,,,,
0209D0,7965.0,5278000000.0,,,,,
016740,3990.0,28000000.0,4055.0,4055.0,3920.0,7253.0,
326240,44980.0,78000000.0,,,,,
015590,2135.0,117000000.0,2090.0,2150.0,2035.0,55653.0,
182480,12940.0,136000000.0,,,,,
304940,33220.0,33000000.0,,,,,
017550,1810.0,294000000.0,1832.0,1832.0,1789.0,163855.0,
023450,32250.0,28000000.0,32100.0,32300.0,31850.0,884.0,
004100,3070.0,731000000.0,3115.0,3125.0,3030.0,238102.0,
079430,5600.0,20000000.0,5620.0,5680.0,5570.0,3615.0,
002460,11090.0,81000000.0,11200.0,11200.0,10930.0,7387.0,
016710,6980.0,14000000.0,7000.0,7000.0,6890.0,2125.0,
114820,104825.0,166000000.0,,,,,
0191W0,100700.0,100000000.0,,,,,
319640,24315.0,718000000.0,,,,,
570116,55850.0,0.0,,,,,
083420,4640.0,43000000.0,4620.0,4680.0,4585.0,9408.0,
008040,7880.0,127000000.0,7060.0,7940.0,7060.0,17048.0,
266370,71500.0,995000000.0,,,,,
0000J0,27695.0,1640000000.0,,,,,
0174B0,15055.0,582000000.0,,,,,
0036R0,19710.0,169000000.0,,,,,
367770,21390.0,1005000000.0,,,,,
011810,3530.0,0.0,0.0,0.0,0.0,0.0,
013570,4160.0,27000000.0,4145.0,4175.0,4110.0,6668.0,
550092,109060.0,4000000.0,,,,,
488500,12000.0,456000000.0,,,,,
251340,2360.0,84107000000.0,,,,,
012200,3060.0,1858000000.0,3130.0,3130.0,2980.0,610584.0,
0221V0,100705.0,11000000.0,,,,,
309230,29225.0,233000000.0,,,,,
570019,7120.0,0.0,,,,,
476850,21765.0,2312000000.0,,,,,
012800,1169.0,369000000.0,1175.0,1185.0,1157.0,316894.0,
009580,1707.0,1304000000.0,1808.0,1808.0,1702.0,751586.0,
0193M0,50340.0,0.0,,,,,
203780,34995.0,252000000.0,,,,,
496090,32165.0,23000000.0,,,,,
021820,10570.0,65000000.0,10740.0,10810.0,10490.0,6196.0,
0132K0,7910.0,1377000000.0,,,,,
078935,59100.0,156000000.0,60400.0,60400.0,59000.0,2645.0,
455860,4335.0,1794000000.0,,,,,
372330,6295.0,210000000.0,,,,,
004250,2835.0,82000000.0,2840.0,2885.0,2815.0,29016.0,
014580,3770.0,161000000.0,3780.0,3815.0,3710.0,43108.0,
120030,82600.0,26000000.0,83900.0,83900.0,81900.0,323.0,
006660,12780.0,969000000.0,12610.0,12780.0,12340.0,77101.0,
0137V0,11475.0,839000000.0,,,,,
0138Y0,9440.0,1232000000.0,,,,,
027970,2725.0,50000000.0,2725.0,2735.0,2675.0,18867.0,
500050,51725.0,1000000.0,,,,,
010100,3395.0,89000000.0,3415.0,3415.0,3350.0,26512.0,
0162L0,12675.0,1825000000.0,,,,,
37550L,48700.0,216000000.0,51800.0,51800.0,48700.0,4370.0,
003580,2030.0,13225000000.0,2195.0,2540.0,2010.0,5738127.0,
464310,13165.0,107000000.0,,,,,
0008T0,17395.0,10651000000.0,,,,,
464930,20445.0,27000000.0,,,,,
475050,6880.0,1895000000.0,,,,,
0122W0,51090.0,3000000.0,,,,,
012320,43050.0,296000000.0,43750.0,44450.0,42600.0,6878.0,
267850,9140.0,75000000.0,9210.0,9240.0,9000.0,8295.0,
248170,22100.0,339000000.0,22300.0,22300.0,22000.0,15354.0,
119650,918.0,0.0,0.0,0.0,0.0,0.0,
123690,6260.0,320000000.0,6390.0,6390.0,6210.0,51210.0,
465610,41905.0,254000000.0,,,,,
530107,1672.0,44778000000.0,,,,,
168580,32085.0,25000000.0,,,,,
458030,55160.0,4000000.0,,,,,
475310,30380.0,15556000000.0,,,,,
008700,1280.0,295000000.0,1265.0,1290.0,1256.0,231110.0,
002450,1088.0,48000000.0,1077.0,1109.0,1073.0,44519.0,
530055,98270.0,59000000.0,,,,,
070960,2035.0,53000000.0,2080.0,2080.0,1970.0,26682.0,
610037,6980.0,0.0,,,,,
011280,1380.0,22000000.0,1356.0,1381.0,1356.0,16245.0,
0177X0,9470.0,2136000000.0,,,,,
035000,6010.0,2146000000.0,6180.0,6180.0,5990.0,355991.0,
394660,14795.0,54000000.0,,,,,
264900,7700.0,15000000.0,7790.0,7790.0,7650.0,1982.0,
417310,2385.0,470000000.0,2390.0,2390.0,2360.0,197559.0,
0080Y0,7520.0,4660000000.0,,,,,
0142D0,10145.0,797000000.0,,,,,
014790,2515.0,113000000.0,2600.0,2635.0,2500.0,44838.0,
002780,6540.0,364000000.0,6800.0,6800.0,6520.0,55140.0,
013700,1588.0,93000000.0,1619.0,1619.0,1576.0,58706.0,
486240,30565.0,43000000.0,,,,,
473440,10870.0,56000000.0,,,,,
007540,46850.0,479000000.0,47300.0,47400.0,46450.0,10291.0,
008260,3300.0,53000000.0,3315.0,3315.0,3260.0,16469.0,
433970,13820.0,135000000.0,,,,,
025620,5160.0,92000000.0,5260.0,5260.0,4920.0,18422.0,
067830,2285.0,38000000.0,2285.0,2285.0,2230.0,17183.0,
014440,4685.0,19000000.0,4690.0,4700.0,4645.0,4179.0,
032560,5510.0,86000000.0,5560.0,5630.0,5440.0,15738.0,
007210,1431.0,34000000.0,1432.0,1435.0,1420.0,24290.0,
002200,2790.0,89000000.0,2770.0,2800.0,2740.0,32438.0,
114100,105795.0,1198000000.0,,,,,
195980,15160.0,174000000.0,,,,,
0035T0,19085.0,183000000.0,,,,,
580039,184535.0,17000000.0,,,,,
530061,30650.0,870000000.0,,,,,
479620,26580.0,535000000.0,,,,,
453080,23475.0,120000000.0,,,,,
363280,2010.0,16000000.0,1993.0,2055.0,1987.0,7928.0,
036580,2485.0,58000000.0,2495.0,2540.0,2470.0,23346.0,
308620,10980.0,827000000.0,,,,,
0052T0,50750.0,0.0,,,,,
325020,29280.0,57000000.0,,,,,
143850,77170.0,198000000.0,,,,,
001275,30150.0,12000000.0,30200.0,30350.0,30100.0,398.0,
058850,2175.0,155000000.0,2190.0,2190.0,2162.0,71504.0,
269540,30005.0,1237000000.0,,,,,
058860,2585.0,549000000.0,2570.0,2605.0,2550.0,214006.0,
0176E0,9450.0,63000000.0,,,,,
019180,4980.0,248000000.0,5010.0,5020.0,4940.0,49940.0,
475280,10735.0,0.0,,,,,
001290,4120.0,174000000.0,4280.0,4285.0,4020.0,42258.0,
006840,6730.0,34000000.0,6850.0,6850.0,6600.0,5205.0,
261270,8255.0,63000000.0,,,,,
454320,41410.0,62000000.0,,,,,
096775,71300.0,614000000.0,74000.0,75800.0,70300.0,8566.0,
298770,82980.0,86000000.0,,,,,
0007N0,110725.0,7000000.0,,,,,
444490,19845.0,400000000.0,,,,,
610064,55155.0,0.0,,,,,
468380,10445.0,291000000.0,,,,,
023000,2200.0,18000000.0,2210.0,2220.0,2180.0,8337.0,
0198A0,8595.0,7563000000.0,,,,,
211900,27685.0,104000000.0,,,,,
0066W0,11900.0,617000000.0,,,,,
139990,2240.0,25000000.0,2240.0,2245.0,2215.0,11575.0,
329670,21610.0,151000000.0,,,,,
495040,31740.0,2000000.0,,,,,
453330,18135.0,338000000.0,,,,,
004140,1768.0,103000000.0,1760.0,1781.0,1756.0,58428.0,
004890,34750.0,21000000.0,34400.0,34750.0,34250.0,631.0,
006090,8880.0,1000000.0,8820.0,8890.0,8820.0,223.0,
007980,1782.0,389000000.0,1801.0,1807.0,1755.0,219789.0,
000850,37700.0,139000000.0,37300.0,38500.0,36850.0,3751.0,
461460,50990.0,380000000.0,,,,,
460960,10460.0,1906000000.0,,,,,
329660,17570.0,263000000.0,,,,,
002600,137500.0,0.0,137500.0,137500.0,137500.0,1.0,
359210,35810.0,65000000.0,,,,,
33626K,6120.0,58000000.0,6510.0,6510.0,6070.0,9556.0,
485690,22370.0,143000000.0,,,,,
0017Y0,93885.0,27000000.0,,,,,
001260,8250.0,3492000000.0,8930.0,9400.0,8070.0,404339.0,
000590,70200.0,16000000.0,68400.0,70300.0,68300.0,231.0,
429760,19225.0,476000000.0,,,,,
449770,20690.0,67000000.0,,,,,
0018C0,10500.0,598000000.0,,,,,
337140,36500.0,199000000.0,,,,,
0057H0,11440.0,915000000.0,,,,,
108450,39895.0,140000000.0,,,,,
111380,12940.0,29000000.0,12930.0,13170.0,12760.0,2274.0,
023800,5000.0,270000000.0,5070.0,5070.0,4920.0,54351.0,
0098N0,13050.0,423000000.0,,,,,
495750,31990.0,5000000.0,,,,,
138530,12075.0,727000000.0,,,,,
069730,5430.0,119000000.0,5500.0,5550.0,5350.0,21939.0,
007610,4340.0,981000000.0,4380.0,4380.0,4215.0,229135.0,
570120,15615.0,335000000.0,,,,,
011700,2400.0,177000000.0,2455.0,2455.0,2375.0,74085.0,
0049M0,11005.0,95000000.0,,,,,
009180,2755.0,123000000.0,2780.0,2785.0,2755.0,44336.0,
210780,23380.0,125000000.0,,,,,
272910,105695.0,1000000.0,,,,,
365040,36485.0,640000000.0,,,,,
469060,36450.0,203000000.0,,,,,
004840,3970.0,63000000.0,3935.0,4000.0,3875.0,16140.0,
005740,5140.0,22000000.0,5210.0,5220.0,5120.0,4341.0,
0225V0,11725.0,7072000000.0,,,,,
163560,5460.0,77000000.0,5540.0,5540.0,5410.0,14145.0,
550093,37875.0,0.0,,,,,
007590,5540.0,7000000.0,5560.0,5560.0,5510.0,1306.0,
084680,532.0,0.0,0.0,0.0,0.0,0.0,
228810,3070.0,427000000.0,,,,,
0238F0,10750.0,3268000000.0,,,,,
000105,64600.0,23000000.0,66000.0,66000.0,64000.0,360.0,
010960,3075.0,169000000.0,3095.0,3100.0,3050.0,55233.0,
0080X0,10570.0,154000000.0,,,,,
490480,27305.0,980000000.0,,,,,
109070,6950.0,209000000.0,7360.0,7360.0,6920.0,29832.0,
0240J0,10485.0,4534000000.0,,,,,
013360,1351.0,202000000.0,1371.0,1392.0,1350.0,148626.0,
002220,2730.0,664000000.0,2845.0,2845.0,2685.0,243798.0,
364960,6115.0,279000000.0,,,,,
157490,7840.0,348000000.0,,,,,
292190,48430.0,374000000.0,,,,,
002795,11380.0,160000000.0,11210.0,11480.0,11010.0,14109.0,
298340,56320.0,807000000.0,,,,,
055490,15110.0,191000000.0,14980.0,15180.0,14590.0,12874.0,
475350,14160.0,722000000.0,,,,,
013870,3780.0,61000000.0,3825.0,3825.0,3760.0,16243.0,
004770,2030.0,619000000.0,2045.0,2055.0,2000.0,306031.0,
024900,2200.0,365000000.0,2125.0,2215.0,2125.0,167773.0,
412770,12420.0,179000000.0,,,,,
014160,655.0,0.0,0.0,0.0,0.0,0.0,
063160,12940.0,32000000.0,13110.0,13120.0,12870.0,2509.0,
500096,14195.0,0.0,,,,,
338100,3795.0,185000000.0,3795.0,3810.0,3760.0,48915.0,
214330,6770.0,251000000.0,6710.0,6890.0,6620.0,37425.0,
0210E0,7220.0,3602000000.0,,,,,
211560,35055.0,199000000.0,,,,,
0098Z0,93865.0,3000000.0,,,,,
005750,4225.0,124000000.0,4400.0,4400.0,4180.0,29648.0,
009770,28000.0,33000000.0,28200.0,28200.0,27050.0,1227.0,
095720,1230.0,42000000.0,1232.0,1242.0,1200.0,35155.0,
120115,25200.0,160000000.0,25500.0,25500.0,24875.0,6406.0,
0102A0,8610.0,100000000.0,,,,,
441540,25710.0,222000000.0,,,,,
001560,9110.0,1000000.0,8980.0,9120.0,8910.0,121.0,
0022T0,12135.0,1535000000.0,,,,,
084670,23850.0,151000000.0,24100.0,24150.0,23500.0,6388.0,
001020,1937.0,5000000.0,1968.0,1997.0,1921.0,2750.0,
010040,1675.0,74000000.0,1677.0,1726.0,1632.0,43994.0,
002720,3245.0,58000000.0,3220.0,3265.0,3195.0,17998.0,
0190Y0,8475.0,144000000.0,,,,,
004440,5390.0,257000000.0,5520.0,5520.0,5340.0,47507.0,
0233A0,10705.0,2024000000.0,,,,,
530115,68400.0,6000000.0,,,,,
031820,5650.0,124000000.0,5750.0,5750.0,5570.0,22170.0,
000230,5920.0,41000000.0,5970.0,5970.0,5870.0,7086.0,
011150,1900.0,12000000.0,1892.0,1924.0,1885.0,6421.0,
155660,4265.0,107000000.0,4320.0,4320.0,4170.0,25378.0,
520095,27265.0,2347000000.0,,,,,
130730,103145.0,2000000.0,,,,,
492500,51305.0,2000000.0,,,,,
266420,15770.0,219000000.0,,,,,
550091,33905.0,200000000.0,,,,,
530131,22580.0,3000000.0,,,,,
000180,4855.0,24000000.0,4875.0,4895.0,4830.0,5097.0,
210980,3630.0,1317000000.0,3510.0,3845.0,3460.0,362962.0,
228800,2615.0,165000000.0,,,,,
002700,980.0,2354000000.0,928.0,1009.0,920.0,2418766.0,
433880,18305.0,116000000.0,,,,,
550084,33360.0,0.0,,,,,
278620,119085.0,9000000.0,,,,,
010660,3030.0,152000000.0,3000.0,3080.0,3000.0,50315.0,
0113D0,11680.0,100000000.0,,,,,
071090,3295.0,694000000.0,3380.0,3395.0,3250.0,209889.0,
079980,1927.0,36000000.0,1924.0,1980.0,1903.0,19168.0,
491700,110575.0,0.0,,,,,
610066,55190.0,0.0,,,,,
530126,33100.0,0.0,,,,,
473640,31360.0,322000000.0,,,,,
465330,11045.0,1972000000.0,,,,,
0222D0,10210.0,1861000000.0,,,,,
085310,8790.0,155000000.0,8780.0,9000.0,8670.0,17810.0,
019680,1616.0,17000000.0,1634.0,1634.0,1601.0,11121.0,
100220,5000.0,63000000.0,5010.0,5030.0,4950.0,12788.0,
007280,2260.0,24000000.0,2325.0,2325.0,2205.0,10768.0,
004720,2855.0,35000000.0,2985.0,2985.0,2835.0,12288.0,
700022,32305.0,0.0,,,,,
453950,33100.0,421000000.0,,,,,
277640,37950.0,157000000.0,,,,,
017370,3520.0,36000000.0,3445.0,3570.0,3415.0,10581.0,
418670,18670.0,1939000000.0,,,,,
458750,12340.0,192000000.0,,,,,
520081,63735.0,1000000.0,,,,,
058730,3140.0,889000000.0,3245.0,3260.0,3080.0,284210.0,
140700,21100.0,1488000000.0,,,,,
0123S0,10200.0,15000000.0,,,,,
005870,4465.0,180000000.0,4420.0,4500.0,4370.0,40519.0,
520080,20965.0,0.0,,,,,
570100,20945.0,26000000.0,,,,,
009200,1506.0,79000000.0,1503.0,1508.0,1490.0,52894.0,
261240,14040.0,877000000.0,,,,,
292770,58175.0,5000000.0,,,,,
419890,107455.0,0.0,,,,,
016090,1403.0,52000000.0,1403.0,1408.0,1392.0,37632.0,
018500,1328.0,43000000.0,1316.0,1388.0,1316.0,32667.0,
306950,77600.0,19000000.0,,,,,
580010,10325.0,0.0,,,,,
530067,30930.0,53000000.0,,,,,
500071,24695.0,0.0,,,,,
068290,6150.0,19000000.0,6200.0,6200.0,6100.0,3202.0,
004450,28500.0,16000000.0,28950.0,29100.0,27900.0,578.0,
252400,102295.0,152000000.0,,,,,
455660,9160.0,136000000.0,,,,,
520086,24510.0,25000000.0,,,,,
0115E0,14035.0,118000000.0,,,,,
495940,19295.0,74000000.0,,,,,
453640,14070.0,297000000.0,,,,,
072130,4755.0,80000000.0,4790.0,4790.0,4700.0,17053.0,
520100,12035.0,1665000000.0,,,,,
002760,1004.0,53000000.0,1001.0,1008.0,993.0,53237.0,
760018,9970.0,0.0,,,,,
0166S0,11375.0,244000000.0,,,,,
440640,112875.0,75000000.0,,,,,
204480,20890.0,48000000.0,,,,,
275980,23685.0,41000000.0,,,,,
372910,2130.0,459000000.0,2145.0,2160.0,2085.0,217445.0,
0181L0,7085.0,554000000.0,,,,,
491220,130620.0,877000000.0,,,,,
580082,23455.0,14000000.0,,,,,
007815,19770.0,24000000.0,19000.0,19780.0,19000.0,1241.0,
000220,3700.0,179000000.0,3745.0,3745.0,3670.0,48712.0,
610088,58160.0,256000000.0,,,,,
0040S0,23250.0,148000000.0,,,,,
480310,21430.0,1496000000.0,,,,,
111110,6380.0,42000000.0,6500.0,6500.0,6310.0,6763.0,
480370,1776.0,113000000.0,1781.0,1785.0,1703.0,65177.0,
003780,4430.0,112000000.0,4385.0,4440.0,4290.0,25696.0,
001465,26550.0,62000000.0,26550.0,26600.0,25850.0,2392.0,
278240,8065.0,638000000.0,,,,,
476750,7035.0,1033000000.0,,,,,
003925,30050.0,72000000.0,30750.0,30750.0,30050.0,2387.0,
225040,67390.0,368000000.0,,,,,
580068,56560.0,1114000000.0,,,,,
37550K,26700.0,52000000.0,26900.0,26900.0,26200.0,1996.0,
0172V0,7770.0,1388000000.0,,,,,
090080,1026.0,80000000.0,1024.0,1031.0,1006.0,78773.0,
442560,16315.0,218000000.0,,,,,
0220WL,2380.0,996000000.0,2460.0,2470.0,2360.0,416156.0,
075180,2930.0,3000000.0,2930.0,2930.0,2915.0,1271.0,
129260,1891.0,74000000.0,1889.0,1911.0,1873.0,39355.0,
304780,124630.0,16000000.0,,,,,
700029,56000.0,4000000.0,,,,,
530133,55990.0,992000000.0,,,,,
006890,4820.0,201000000.0,4940.0,4970.0,4805.0,41562.0,
500093,55730.0,203000000.0,,,,,
0226A0,11135.0,1017000000.0,,,,,
520087,27830.0,1192000000.0,,,,,
020760,902.0,0.0,0.0,0.0,0.0,0.0,
434960,110795.0,3000000.0,,,,,
385590,24085.0,9000000.0,,,,,
000725,52200.0,129000000.0,53700.0,53700.0,51600.0,2478.0,
455960,11960.0,23000000.0,,,,,
479730,9235.0,71000000.0,,,,,
28513K,25750.0,142000000.0,25350.0,26100.0,25350.0,5605.0,
092440,1863.0,206000000.0,1867.0,1880.0,1839.0,111019.0,
0000D0,8620.0,150000000.0,,,,,
150460,7385.0,40000000.0,,,,,
760016,54040.0,39000000.0,,,,,
0141S0,8335.0,921000000.0,,,,,
025530,3595.0,11000000.0,3645.0,3645.0,3585.0,3054.0,
003475,4185.0,18000000.0,4200.0,4200.0,4165.0,4348.0,
378850,2820.0,48000000.0,2835.0,2835.0,2780.0,17144.0,
401470,9315.0,61000000.0,,,,,
520089,10690.0,0.0,,,,,
580076,26705.0,0.0,,,,,
006980,17280.0,27000000.0,17480.0,17580.0,17150.0,1570.0,
396690,1347.0,145000000.0,1390.0,1390.0,1346.0,107014.0,
0238P0,10045.0,850000000.0,,,,,
35320K,25450.0,243000000.0,24900.0,25500.0,24500.0,9658.0,
481430,97445.0,57000000.0,,,,,
002410,1935.0,0.0,0.0,0.0,0.0,0.0,
520101,10625.0,143000000.0,,,,,
001550,10220.0,452000000.0,10500.0,10610.0,10160.0,44016.0,
520057,1682.0,13926000000.0,,,,,
580034,105540.0,9000000.0,,,,,
0046Y0,12245.0,56000000.0,,,,,
570104,17530.0,0.0,,,,,
520092,26245.0,1215000000.0,,,,,
0041D0,13995.0,737000000.0,,,,,
0111J0,11850.0,678000000.0,,,,,
0220B0,11835.0,6729000000.0,,,,,
530113,52060.0,0.0,,,,,
101280,30230.0,74000000.0,,,,,
006125,42100.0,67000000.0,42900.0,43050.0,42000.0,1580.0,
275300,30410.0,98000000.0,,,,,
003465,2955.0,1000000.0,2950.0,3200.0,2945.0,429.0,
261070,11060.0,2948000000.0,,,,,
123700,3295.0,53000000.0,3350.0,3350.0,3260.0,16170.0,
010770,3510.0,53000000.0,3515.0,3540.0,3470.0,15361.0,
014990,3415.0,1421000000.0,3600.0,3695.0,3295.0,409100.0,
012690,1402.0,41000000.0,1415.0,1415.0,1384.0,29355.0,
011230,2675.0,332000000.0,2660.0,2685.0,2600.0,125919.0,
005305,66000.0,12000000.0,66300.0,66300.0,65200.0,194.0,
0113P0,102645.0,0.0,,,,,
011300,2965.0,195000000.0,2925.0,3040.0,2855.0,65511.0,
0118Z0,8585.0,64000000.0,,,,,
253150,204065.0,732000000.0,,,,,
0139P0,13400.0,115000000.0,,,,,
000950,30300.0,6000000.0,29950.0,30300.0,29250.0,209.0,
336160,99615.0,3000000.0,,,,,
006880,4285.0,58000000.0,4380.0,4380.0,4205.0,13919.0,
530124,50640.0,1000000.0,,,,,
021050,1066.0,118000000.0,1068.0,1068.0,1052.0,111291.0,
004830,3225.0,31000000.0,3320.0,3320.0,3205.0,9725.0,
287180,56050.0,149000000.0,,,,,
002630,1701.0,124000000.0,1793.0,1793.0,1685.0,72260.0,
023810,5040.0,62000000.0,4965.0,5070.0,4950.0,12420.0,
007460,1956.0,250000000.0,2025.0,2025.0,1941.0,127167.0,
261220,27445.0,1382000000.0,,,,,
0194T0,9080.0,771000000.0,,,,,
445150,26990.0,110000000.0,,,,,
152500,45300.0,556000000.0,,,,,
520072,16605.0,0.0,,,,,
475260,10765.0,0.0,,,,,
0185L0,7035.0,83000000.0,,,,,
114470,107150.0,12000000.0,,,,,
0118S0,10695.0,305000000.0,,,,,
360140,22335.0,238000000.0,,,,,
440910,21825.0,264000000.0,,,,,
316670,7155.0,1749000000.0,,,,,
002140,1950.0,152000000.0,1994.0,1994.0,1940.0,77831.0,
292560,7970.0,329000000.0,,,,,
011000,2670.0,0.0,0.0,0.0,0.0,0.0,
218420,19765.0,135000000.0,,,,,
473490,32300.0,102000000.0,,,,,
001620,2175.0,22000000.0,2180.0,2190.0,2120.0,10260.0,
520056,24200.0,54000000.0,,,,,
140950,86320.0,19000000.0,,,,,
476260,14590.0,4884000000.0,,,,,
004410,1220.0,123000000.0,1202.0,1224.0,1202.0,101537.0,
442260,38620.0,2000000.0,,,,,
461340,43530.0,42000000.0,,,,,
009320,970.0,34000000.0,978.0,990.0,970.0,35811.0,
0178H0,10170.0,159000000.0,,,,,
123310,1108.0,3830000000.0,,,,,
011390,45200.0,212000000.0,46900.0,47050.0,45000.0,4667.0,
580056,23795.0,0.0,,,,,
610101,47410.0,200000000.0,,,,,
0000Z0,8100.0,657000000.0,,,,,
004920,907.0,0.0,0.0,0.0,0.0,0.0,
447430,16600.0,364000000.0,,,,,
305050,71980.0,222000000.0,,,,,
007110,603.0,0.0,0.0,0.0,0.0,0.0,
041650,2175.0,6000000.0,2150.0,2180.0,2150.0,2874.0,
0020H0,22180.0,148000000.0,,,,,
0086B0,9485.0,67000000.0,,,,,
009835,18230.0,215000000.0,18240.0,18350.0,17370.0,12064.0,
610061,23180.0,17000000.0,,,,,
069460,2660.0,0.0,0.0,0.0,0.0,0.0,
004540,1243.0,37000000.0,1226.0,1245.0,1198.0,31052.0,
520102,23115.0,50971000000.0,,,,,
357250,1849.0,39000000.0,1850.0,1858.0,1848.0,21544.0,
002920,1778.0,193000000.0,1810.0,1834.0,1775.0,107903.0,
442090,30595.0,6000000.0,,,,,
000910,2925.0,68000000.0,2980.0,3030.0,2905.0,23072.0,
530143,45595.0,15000000.0,,,,,
570119,45500.0,1000000.0,,,,,
580081,45475.0,44000000.0,,,,,
092780,3450.0,443000000.0,3600.0,3600.0,3345.0,130381.0,
473590,19295.0,777000000.0,,,,,
700027,45305.0,801000000.0,,,,,
371470,8565.0,231000000.0,,,,,
101140,4490.0,84000000.0,4990.0,4990.0,4255.0,18781.0,
084870,2200.0,9000000.0,2220.0,2220.0,2150.0,4133.0,
375770,24995.0,0.0,,,,,
453650,17980.0,187000000.0,,,,,
196030,89860.0,15000000.0,,,,,
074610,5110.0,0.0,0.0,0.0,0.0,0.0,
200030,39500.0,54000000.0,,,,,
003080,2215.0,103000000.0,2240.0,2245.0,2205.0,46739.0,
520078,14715.0,0.0,,,,,
276990,24935.0,37000000.0,,,,,
004910,3420.0,17000000.0,3450.0,3450.0,3380.0,5056.0,
0141T0,50195.0,0.0,,,,,
005320,1280.0,234000000.0,1338.0,1356.0,1209.0,184177.0,
487130,30150.0,86000000.0,,,,,
440650,11380.0,172000000.0,,,,,
0186S0,8465.0,1714000000.0,,,,,
238720,47710.0,32000000.0,,,,,
014910,1947.0,287000000.0,1960.0,1974.0,1918.0,148205.0,
256750,13905.0,31000000.0,,,,,
0194M0,11980.0,526000000.0,,,,,
0089C0,11175.0,6000000.0,,,,,
004060,2095.0,100000000.0,2135.0,2145.0,2075.0,47865.0,
481850,975.0,7000000.0,978.0,989.0,967.0,8014.0,
017180,1244.0,54000000.0,1225.0,1244.0,1219.0,44370.0,
008420,2060.0,70000000.0,2080.0,2090.0,2040.0,34063.0,
491830,22785.0,976000000.0,,,,,
0207G0,7230.0,2689000000.0,,,,,
550041,59900.0,0.0,,,,,
0191M0,100810.0,0.0,,,,,
0112X0,41450.0,854000000.0,,,,,
100910,17260.0,8000000.0,,,,,
0132H0,6955.0,268000000.0,,,,,
520073,41350.0,0.0,,,,,
019490,541.0,0.0,0.0,0.0,0.0,0.0,
000215,24500.0,42000000.0,25000.0,25000.0,24300.0,1713.0,
026940,2065.0,271000000.0,2100.0,2120.0,2035.0,132169.0,
023350,3770.0,101000000.0,3950.0,3950.0,3725.0,26850.0,
520074,13715.0,0.0,,,,,
446070,3870.0,166000000.0,3870.0,3890.0,3830.0,43288.0,
472840,109415.0,124000000.0,,,,,
472830,7365.0,141000000.0,,,,,
520091,10175.0,1000000.0,,,,,
401170,10425.0,8000000.0,,,,,
183700,96545.0,49000000.0,,,,,
448570,30030.0,151000000.0,,,,,
017040,932.0,0.0,0.0,0.0,0.0,0.0,
011330,4015.0,182000000.0,4050.0,4100.0,3950.0,45707.0,
011420,1445.0,17000000.0,1457.0,1457.0,1428.0,11943.0,
322410,22730.0,75000000.0,,,,,
047400,946.0,657000000.0,992.0,1090.0,935.0,656507.0,
008870,39500.0,4000000.0,40300.0,40300.0,39400.0,110.0,
0197W0,8920.0,1259000000.0,,,,,
275280,43605.0,117000000.0,,,,,
009810,1926.0,12000000.0,1990.0,1990.0,1858.0,6300.0,
760024,8680.0,31000000.0,,,,,
002870,1115.0,63000000.0,1118.0,1118.0,1073.0,58328.0,
500095,6490.0,23000000.0,,,,,
139280,12165.0,17000000.0,,,,,
469050,33715.0,186000000.0,,,,,
139320,17220.0,155000000.0,,,,,
023960,1018.0,16000000.0,1012.0,1033.0,999.0,16297.0,
570117,1757.0,1521000000.0,,,,,
0189B0,7505.0,437000000.0,,,,,
494840,11535.0,56000000.0,,,,,
610038,3860.0,41000000.0,,,,,
610078,31865.0,501000000.0,,,,,
520082,12730.0,0.0,,,,,
145270,794.0,15000000.0,800.0,800.0,784.0,19413.0,
428510,22440.0,98000000.0,,,,,
570103,3770.0,32000000.0,,,,,
520099,2895.0,12215000000.0,,,,,
051630,1765.0,159000000.0,1754.0,1809.0,1745.0,90193.0,
570118,9345.0,39000000.0,,,,,
049800,1860.0,20000000.0,1815.0,1860.0,1811.0,11485.0,
195930,23200.0,101000000.0,,,,,
134790,18550.0,6000000.0,18990.0,18990.0,18550.0,373.0,
570102,18440.0,0.0,,,,,
500094,1755.0,351000000.0,,,,,
449690,49090.0,0.0,,,,,
0007G0,12050.0,201000000.0,,,,,
010640,2200.0,220000000.0,2150.0,2205.0,2065.0,100987.0,
450910,14000.0,1090000000.0,,,,,
002360,3300.0,1694000000.0,2930.0,3345.0,2720.0,541745.0,
0234N0,10430.0,3822000000.0,,,,,
352540,10705.0,87000000.0,,,,,
147970,78780.0,877000000.0,,,,,
027740,1138.0,158000000.0,1156.0,1166.0,1124.0,138320.0,
0192L0,9260.0,204000000.0,,,,,
365000,3560.0,377000000.0,,,,,
570029,7185.0,4000000.0,,,,,
0085N0,9425.0,632000000.0,,,,,
276650,47620.0,32000000.0,,,,,
133820,960.0,38000000.0,926.0,986.0,926.0,40435.0,
494410,14250.0,62000000.0,,,,,
000890,1289.0,130000000.0,1304.0,1304.0,1285.0,100795.0,
400970,7085.0,193000000.0,,,,,
520079,35365.0,0.0,,,,,
104530,17195.0,183000000.0,,,,,
276970,7465.0,50000000.0,,,,,
760005,35070.0,0.0,,,,,
580077,11570.0,7000000.0,,,,,
0023B0,16130.0,215000000.0,,,,,
510045,23105.0,0.0,,,,,
241390,15715.0,43000000.0,,,,,
407830,14385.0,15000000.0,,,,,
013000,1198.0,105000000.0,1178.0,1200.0,1163.0,89411.0,
0184E0,11080.0,1182000000.0,,,,,
0204S0,7745.0,1312000000.0,,,,,
464470,44905.0,936000000.0,,,,,
266360,9250.0,287000000.0,,,,,
385520,15900.0,47000000.0,,,,,
012280,3450.0,38000000.0,3520.0,3560.0,3450.0,11075.0,
500085,34075.0,1000000.0,,,,,
570082,1700.0,8000000.0,,,,,
530117,33900.0,38000000.0,,,,,
008250,3095.0,69000000.0,3050.0,3135.0,3045.0,22702.0,
474800,15380.0,291000000.0,,,,,
004365,9170.0,109000000.0,9210.0,9310.0,9120.0,11892.0,
475270,10735.0,0.0,,,,,
0154F0,12295.0,95000000.0,,,,,
009460,2740.0,18000000.0,2770.0,2770.0,2600.0,6697.0,
005820,14670.0,10000000.0,14400.0,14670.0,14350.0,733.0,
000760,12030.0,9000000.0,11980.0,12880.0,11860.0,771.0,
0100K0,5610.0,2390000000.0,,,,,
380340,28010.0,77000000.0,,,,,
449780,18665.0,228000000.0,,,,,
143210,1199.0,0.0,0.0,0.0,0.0,0.0,
610007,6705.0,0.0,,,,,
452250,4325.0,60000000.0,,,,,
0089B0,11150.0,142000000.0,,,,,
610089,1954.0,1798000000.0,,,,,
138910,10040.0,108000000.0,,,,,
465350,16565.0,855000000.0,,,,,
261250,15390.0,1306000000.0,,,,,
117460,13870.0,343000000.0,,,,,
580069,1783.0,226000000.0,,,,,
498860,16470.0,65000000.0,,,,,
491090,18280.0,179000000.0,,,,,
459560,21850.0,20000000.0,,,,,
105780,16385.0,26000000.0,,,,,
0083S0,12125.0,677000000.0,,,,,
099140,20430.0,222000000.0,,,,,
530118,10885.0,0.0,,,,,
0138T0,9260.0,94000000.0,,,,,
500040,32370.0,0.0,,,,,
122260,104185.0,229000000.0,,,,,
570127,32170.0,37000000.0,,,,,
090370,1171.0,16000000.0,1171.0,1212.0,1156.0,14072.0,
009190,711.0,1101000000.0,895.0,899.0,701.0,1395277.0,
520077,12760.0,102000000.0,,,,,
475070,28950.0,151000000.0,,,,,
012160,2025.0,27000000.0,2070.0,2070.0,2020.0,13294.0,
520065,15805.0,1000000.0,,,,,
322400,9570.0,10000000.0,,,,,
156080,52555.0,127000000.0,,,,,
006370,2910.0,175000000.0,2970.0,2980.0,2805.0,61249.0,
002880,3365.0,37000000.0,3440.0,3460.0,3325.0,11195.0,
275290,34965.0,83000000.0,,,,,
139270,17075.0,230000000.0,,,,,
217770,1082.0,413000000.0,,,,,
520096,12535.0,8697000000.0,,,,,
261140,24475.0,526000000.0,,,,,
500102,15630.0,107000000.0,,,,,
520075,31150.0,0.0,,,,,
395290,4900.0,92000000.0,,,,,
446690,62185.0,55000000.0,,,,,
009140,19740.0,323000000.0,21750.0,21750.0,19690.0,16165.0,
252710,78.0,14881000000.0,,,,,
261060,27170.0,572000000.0,,,,,
014130,2620.0,12000000.0,2630.0,2635.0,2585.0,4874.0,
468630,10265.0,192000000.0,,,,,
010400,4050.0,21000000.0,4290.0,4290.0,4050.0,5397.0,
469790,44045.0,38000000.0,,,,,
465660,24600.0,213000000.0,,,,,
003535,6400.0,43000000.0,6610.0,6610.0,6220.0,6833.0,
395170,15355.0,16000000.0,,,,,
426150,50980.0,15000000.0,,,,,
088790,2465.0,89000000.0,2490.0,2525.0,2455.0,36315.0,
530148,30530.0,41472000000.0,,,,,
153270,84725.0,82000000.0,,,,,
0166N0,8705.0,241000000.0,,,,,
459750,17390.0,63000000.0,,,,,
0218J0,8945.0,636000000.0,,,,,
494340,20275.0,199000000.0,,,,,
024070,1984.0,6000000.0,1998.0,1998.0,1975.0,3381.0,
570072,30375.0,0.0,,,,,
025750,1885.0,11000000.0,1890.0,1900.0,1869.0,6095.0,
227540,18235.0,519000000.0,,,,,
0150K0,10810.0,173000000.0,,,,,
174360,21610.0,25000000.0,,,,,
001070,5700.0,24000000.0,5860.0,5860.0,5650.0,4195.0,
248270,25915.0,298000000.0,,,,,
0192M0,12130.0,419000000.0,,,,,
476690,9990.0,50000000.0,,,,,
069640,1378.0,6000000.0,1424.0,1424.0,1340.0,4876.0,
0192T0,6955.0,3738000000.0,,,,,
036420,1549.0,56000000.0,1549.0,1563.0,1505.0,37103.0,
245350,18535.0,45000000.0,,,,,
450190,49290.0,8000000.0,,,,,
025890,2650.0,30000000.0,2615.0,2650.0,2580.0,11817.0,
387270,25445.0,9000000.0,,,,,
145850,117820.0,0.0,,,,,
117680,12010.0,730000000.0,,,,,
192720,57605.0,43000000.0,,,,,
459790,20260.0,0.0,,,,,
006570,1928.0,4000000.0,1934.0,1934.0,1880.0,2429.0,
0155N0,7510.0,220000000.0,,,,,
253250,100780.0,317000000.0,,,,,
256440,4765.0,107000000.0,,,,,
520090,7260.0,322000000.0,,,,,
308170,3365.0,4000000.0,3470.0,3470.0,3350.0,1338.0,
500035,14420.0,0.0,,,,,
500023,14410.0,0.0,,,,,
003680,4610.0,173000000.0,4615.0,4645.0,4550.0,38018.0,
464920,23780.0,197000000.0,,,,,
496770,15785.0,98000000.0,,,,,
002690,1399.0,56000000.0,1456.0,1456.0,1399.0,40080.0,
570069,28345.0,10000000.0,,,,,
006740,4760.0,69000000.0,4770.0,4855.0,4555.0,15022.0,
352560,11555.0,47000000.0,,,,,
415920,6010.0,521000000.0,,,,,
007120,1031.0,101000000.0,1000.0,1031.0,972.0,101305.0,
071950,1922.0,63000000.0,1892.0,1931.0,1890.0,33128.0,
489290,14620.0,38000000.0,,,,,
019175,13930.0,28000000.0,13600.0,14200.0,13550.0,2068.0,
520093,2305.0,44000000.0,,,,,
415340,13350.0,206000000.0,,,,,
289480,13150.0,163000000.0,,,,,
0224X0,9680.0,575000000.0,,,,,
223190,27585.0,32000000.0,,,,,
0223R0,9490.0,127000000.0,,,,,
476070,10370.0,297000000.0,,,,,
700013,27390.0,0.0,,,,,
271060,8850.0,596000000.0,,,,,
0155M0,6040.0,168000000.0,,,,,
118000,1229.0,55000000.0,1270.0,1274.0,1201.0,44856.0,
0107F0,10810.0,48000000.0,,,,,
610075,44905.0,74000000.0,,,,,
0049K0,10945.0,103000000.0,,,,,
033250,4185.0,186000000.0,4145.0,4330.0,4105.0,44020.0,
760004,9905.0,0.0,,,,,
570047,26720.0,0.0,,,,,
0013R0,7420.0,85000000.0,,,,,
005110,1254.0,0.0,0.0,0.0,0.0,0.0,
0137W0,10170.0,30000000.0,,,,,
0152E0,10745.0,360000000.0,,,,,
357430,861.0,11000000.0,890.0,890.0,850.0,13408.0,
167860,90080.0,0.0,,,,,
520083,26035.0,0.0,,,,,
437350,11815.0,190000000.0,,,,,
550069,25990.0,0.0,,,,,
0203S0,8515.0,124000000.0,,,,,
580049,12985.0,0.0,,,,,
610028,25825.0,100000000.0,,,,,
440340,11470.0,105000000.0,,,,,
277540,32220.0,30000000.0,,,,,
475380,9685.0,65000000.0,,,,,
570124,12830.0,0.0,,,,,
002355,3940.0,5000000.0,3940.0,3940.0,3925.0,1373.0,
530063,25600.0,39000000.0,,,,,
006345,9750.0,128000000.0,9810.0,9870.0,9540.0,13188.0,
483570,15885.0,29000000.0,,,,,
0047R0,15385.0,29000000.0,,,,,
493420,12070.0,51000000.0,,,,,
33637K,1495.0,9000000.0,1466.0,1495.0,1465.0,6200.0,
004270,5530.0,10000000.0,5620.0,5650.0,5530.0,1882.0,
510044,16780.0,0.0,,,,,
139250,17720.0,872000000.0,,,,,
481340,7955.0,1477000000.0,,,,,
496120,33360.0,63000000.0,,,,,
0115C0,10620.0,30000000.0,,,,,
023150,4020.0,8000000.0,4045.0,4095.0,4005.0,2019.0,
610069,16495.0,347000000.0,,,,,
0209Z0,7045.0,964000000.0,,,,,
245360,11735.0,853000000.0,,,,,
292500,49225.0,1000000.0,,,,,
700017,24605.0,2000000.0,,,,,
760026,16400.0,801000000.0,,,,,
0164G0,11700.0,66000000.0,,,,,
003060,1507.0,344000000.0,1568.0,1569.0,1486.0,228432.0,
003495,22050.0,46000000.0,22100.0,22100.0,21900.0,2113.0,
580057,12245.0,0.0,,,,,
0238C0,10160.0,11000000.0,,,,,
159800,87050.0,0.0,,,,,
610022,8120.0,1000000.0,,,,,
0097L0,12455.0,32000000.0,,,,,
530106,24275.0,22000000.0,,,,,
580048,12130.0,0.0,,,,,
295020,61240.0,0.0,,,,,
292160,48325.0,297000000.0,,,,,
367740,43925.0,9000000.0,,,,,
520047,24110.0,2000000.0,,,,,
610001,12025.0,0.0,,,,,
0239Z0,11710.0,5453000000.0,,,,,
185680,45000.0,156000000.0,,,,,
368190,7480.0,1000000.0,,,,,
570081,23815.0,0.0,,,,,
479850,17580.0,504000000.0,,,,,
530128,23615.0,2000000.0,,,,,
195970,16150.0,122000000.0,,,,,
414270,11215.0,27000000.0,,,,,
364690,39175.0,0.0,,,,,
442550,14645.0,95000000.0,,,,,
0093D0,18000.0,43000000.0,,,,,
001380,1040.0,202000000.0,1103.0,1124.0,1009.0,195051.0,
009310,5330.0,0.0,0.0,0.0,0.0,0.0,
0198D0,9425.0,400000000.0,,,,,
570115,23215.0,0.0,,,,,
006490,1306.0,109000000.0,1499.0,1499.0,1300.0,81090.0,
0103T0,8105.0,238000000.0,,,,,
138230,15900.0,28000000.0,,,,,
0177A0,9150.0,382000000.0,,,,,
0206G0,7745.0,1619000000.0,,,,,
388280,6990.0,10000000.0,,,,,
0192S0,9455.0,1033000000.0,,,,,
001420,2970.0,83000000.0,3000.0,3005.0,2885.0,28301.0,
0047P0,14480.0,13000000.0,,,,,
004870,991.0,101000000.0,954.0,1038.0,930.0,103906.0,
280930,15910.0,26000000.0,,,,,
300950,5300.0,90000000.0,,,,,
419430,7925.0,16000000.0,,,,,
33626L,7430.0,4000000.0,7680.0,7680.0,7300.0,639.0,
005360,1173.0,251000000.0,1173.0,1189.0,1150.0,216487.0,
376410,24495.0,7000000.0,,,,,
500100,11010.0,2000000.0,,,,,
261120,5500.0,15000000.0,,,,,
0127R0,16295.0,35000000.0,,,,,
375760,24400.0,14000000.0,,,,,
239660,121755.0,148000000.0,,,,,
108590,109575.0,1000000.0,,,,,
580072,10905.0,0.0,,,,,
760012,30930.0,0.0,,,,,
225130,43170.0,113000000.0,,,,,
411540,16590.0,37000000.0,,,,,
610047,10780.0,0.0,,,,,
550087,10775.0,0.0,,,,,
030720,4630.0,191000000.0,4880.0,4880.0,4590.0,40892.0,
447660,13860.0,179000000.0,,,,,
0026E0,11560.0,0.0,,,,,
0186L0,9290.0,105000000.0,,,,,
530116,4255.0,129000000.0,,,,,
269420,20615.0,20000000.0,,,,,
461600,7980.0,130000000.0,,,,,
433220,28570.0,2000000.0,,,,,
0239Y0,10570.0,1428000000.0,,,,,
570122,10520.0,0.0,,,,,
464600,23375.0,338000000.0,,,,,
760008,10485.0,0.0,,,,,
550085,10470.0,0.0,,,,,
700012,20915.0,0.0,,,,,
008775,27800.0,6000000.0,28150.0,28150.0,27600.0,239.0,
469160,24570.0,219000000.0,,,,,
760028,2610.0,6936000000.0,,,,,
012170,2855.0,30000000.0,2945.0,2945.0,2840.0,10791.0,
337120,34565.0,0.0,,,,,
204450,2160.0,93000000.0,,,,,
471460,45080.0,31000000.0,,,,,
226980,23030.0,102000000.0,,,,,
530138,20695.0,7000000.0,,,,,
580070,20640.0,11000000.0,,,,,
550088,20625.0,0.0,,,,,
610087,20610.0,100000000.0,,,,,
0231Z0,10295.0,3545000000.0,,,,,
0223A0,11430.0,1336000000.0,,,,,
300640,6322.0,2000000.0,,,,,
253290,11405.0,50000000.0,,,,,
520106,10255.0,199000000.0,,,,,
152380,64385.0,46000000.0,,,,,
500091,10230.0,0.0,,,,,
371450,13460.0,64000000.0,,,,,
091220,17310.0,464000000.0,,,,,
610103,20420.0,0.0,,,,,
520104,10200.0,890000000.0,,,,,
000040,1036.0,19000000.0,1050.0,1060.0,1010.0,18753.0,
580067,10170.0,0.0,,,,,
0190M0,8475.0,47000000.0,,,,,
530130,6775.0,593000000.0,,,,,
289040,33845.0,7000000.0,,,,,
304770,14300.0,49000000.0,,,,,
477730,6880.0,29000000.0,,,,,
530119,20235.0,16000000.0,,,,,
489000,9125.0,213000000.0,,,,,
461450,15410.0,80000000.0,,,,,
001685,14620.0,11000000.0,14620.0,14680.0,14550.0,775.0,
580073,20010.0,0.0,,,,,
417630,19050.0,592000000.0,,,,,
289250,35020.0,0.0,,,,,
015020,928.0,0.0,0.0,0.0,0.0,0.0,
0241R0,9940.0,3917000000.0,,,,,
364990,4405.0,572000000.0,,,,,
610036,19810.0,72000000.0,,,,,
00499K,24500.0,9000000.0,24900.0,24950.0,24050.0,381.0,
463300,12330.0,17000000.0,,,,,
379790,17150.0,92000000.0,,,,,
610018,9855.0,0.0,,,,,
530132,19690.0,100000000.0,,,,,
456680,4815.0,139000000.0,,,,,
520103,9800.0,1900000000.0,,,,,
437070,56605.0,47000000.0,,,,,
284980,22715.0,100000000.0,,,,,
520105,9765.0,2142000000.0,,,,,
404120,24385.0,9000000.0,,,,,
610040,19460.0,2000000.0,,,,,
0067V0,8820.0,110000000.0,,,,,
0153X0,10485.0,528000000.0,,,,,
760021,27615.0,0.0,,,,,
465670,15445.0,284000000.0,,,,,
438320,4455.0,71000000.0,,,,,
416090,11990.0,85000000.0,,,,,
530112,19140.0,1000000.0,,,,,
169950,23900.0,11000000.0,,,,,
580074,9530.0,0.0,,,,,
304760,47505.0,2000000.0,,,,,
228820,18930.0,62000000.0,,,,,
108675,18320.0,6000000.0,18500.0,18500.0,18130.0,335.0,
404260,23600.0,18000000.0,,,,,
487950,12995.0,45000000.0,,,,,
461910,37640.0,6000000.0,,,,,
580071,9375.0,110000000.0,,,,,
183710,93560.0,13000000.0,,,,,
610104,18685.0,0.0,,,,,
229720,37330.0,8000000.0,,,,,
497780,9815.0,102000000.0,,,,,
760022,9290.0,0.0,,,,,
0104P0,10870.0,257000000.0,,,,,
445910,20460.0,38000000.0,,,,,
213630,19895.0,48000000.0,,,,,
445690,30465.0,0.0,,,,,
002070,3800.0,348000000.0,3665.0,4020.0,3435.0,93464.0,
276000,20260.0,40000000.0,,,,,
093240,296.0,0.0,0.0,0.0,0.0,0.0,
461900,22695.0,17000000.0,,,,,
570125,18120.0,1000000.0,,,,,
580089,18110.0,107000000.0,,,,,
0018Z0,17920.0,97000000.0,,,,,
381560,17000.0,21000000.0,,,,,
0144M0,6490.0,39000000.0,,,,,
227830,71275.0,61000000.0,,,,,
407310,16155.0,3000000.0,,,,,
011090,1498.0,106000000.0,1554.0,1611.0,1475.0,70419.0,
550097,17735.0,100000000.0,,,,,
449580,16055.0,54000000.0,,,,,
008600,2620.0,0.0,0.0,0.0,0.0,0.0,
0198B0,12295.0,2711000000.0,,,,,
610003,8790.0,0.0,,,,,
009440,756.0,0.0,0.0,0.0,0.0,0.0,
195920,35080.0,592000000.0,,,,,
610025,17455.0,0.0,,,,,
292050,49845.0,11000000.0,,,,,
385600,11610.0,38000000.0,,,,,
391670,29025.0,1000000.0,,,,,
289260,28935.0,414000000.0,,,,,
570071,17280.0,0.0,,,,,
0065G0,8015.0,56000000.0,,,,,
610085,28710.0,177000000.0,,,,,
225060,16230.0,1000000.0,,,,,
0086C0,9820.0,31000000.0,,,,,
006200,1835.0,11000000.0,1904.0,1904.0,1828.0,6429.0,
530123,17150.0,0.0,,,,,
0203R0,50380.0,0.0,,,,,
0105D0,8980.0,104000000.0,,,,,
580066,8530.0,1000000.0,,,,,
500072,1705.0,356000000.0,,,,,
0193L0,7880.0,14817000000.0,,,,,
465770,2355.0,537000000.0,2540.0,2540.0,2310.0,227204.0,
468370,10155.0,80000000.0,,,,,
457690,10430.0,196000000.0,,,,,
580075,16825.0,0.0,,,,,
460660,11195.0,29000000.0,,,,,
415760,12185.0,123000000.0,,,,,
570126,16525.0,3000000.0,,,,,
483330,15010.0,46000000.0,,,,,
477490,18340.0,6000000.0,,,,,
250730,9670.0,2000000.0,,,,,
130680,8010.0,294000000.0,,,,,
0233N0,10940.0,636000000.0,,,,,
494420,8620.0,40000000.0,,,,,
580090,16330.0,90000000.0,,,,,
451600,84110.0,2000000.0,,,,,
474920,17330.0,7000000.0,,,,,
530140,16245.0,18000000.0,,,,,
570121,8035.0,0.0,,,,,
18064K,30200.0,13000000.0,30600.0,30600.0,29700.0,452.0,
530120,15900.0,0.0,,,,,
265690,8535.0,0.0,,,,,
131890,39440.0,2000000.0,,,,,
005257,18570.0,0.0,18000.0,18570.0,18000.0,11.0,
219390,7850.0,49000000.0,,,,,
700034,10420.0,160000000.0,,,,,
580086,15600.0,255000000.0,,,,,
332620,82930.0,68000000.0,,,,,
432840,19370.0,157000000.0,,,,,
419650,4695.0,83000000.0,,,,,
484890,52650.0,509000000.0,,,,,
610039,15380.0,9000000.0,,,,,
005725,4245.0,13000000.0,4170.0,4245.0,4170.0,3092.0,
488290,43545.0,8000000.0,,,,,
491510,17910.0,0.0,,,,,
413930,27575.0,60000000.0,,,,,
0193K0,13170.0,35000000.0,,,,,
0106J0,20120.0,0.0,20140.0,20140.0,19980.0,7.0,
114460,99895.0,25000000.0,,,,,
530095,14980.0,0.0,,,,,
580050,14930.0,0.0,,,,,
002025,12850.0,22000000.0,13100.0,13100.0,12630.0,1741.0,
244620,21295.0,5000000.0,,,,,
610081,29810.0,0.0,,,,,
520076,5960.0,286000000.0,,,,,
0222F0,12925.0,11000000.0,,,,,
337150,24725.0,0.0,,,,,
453010,110095.0,915000000.0,,,,,
760017,21045.0,0.0,,,,,
0207Z0,7000.0,224000000.0,,,,,
570099,14680.0,0.0,,,,,
387280,11510.0,123000000.0,,,,,
0051A0,24215.0,20000000.0,,,,,
002820,1204.0,67000000.0,1221.0,1275.0,1176.0,56820.0,
0084E0,9995.0,0.0,,,,,
104520,14470.0,24000000.0,,,,,
570105,4795.0,0.0,,,,,
530129,14305.0,7000000.0,,,,,
024890,1732.0,58000000.0,1814.0,1819.0,1715.0,33368.0,
234310,28365.0,3000000.0,,,,,
438900,10900.0,76000000.0,,,,,
610024,14165.0,0.0,,,,,
236350,22785.0,46000000.0,,,,,
0088N0,11300.0,30000000.0,,,,,
453630,11770.0,30000000.0,,,,,
404650,23350.0,0.0,,,,,
000087,12330.0,27000000.0,12300.0,12470.0,12190.0,2234.0,
0090B0,7120.0,1264000000.0,,,,,
487750,34490.0,44000000.0,,,,,
485810,11970.0,123000000.0,,,,,
500024,6860.0,0.0,,,,,
373490,24870.0,1000000.0,,,,,
0153P0,9430.0,12000000.0,,,,,
496130,25285.0,0.0,,,,,
001795,2095.0,9000000.0,2105.0,2160.0,2090.0,4330.0,
610062,67650.0,4000000.0,,,,,
004105,4065.0,266000000.0,4180.0,4180.0,3965.0,65468.0,
760015,6705.0,144000000.0,,,,,
472720,25565.0,4000000.0,,,,,
610086,66400.0,2000000.0,,,,,
0127V0,10610.0,40000000.0,,,,,
137610,5750.0,23000000.0,,,,,
610072,26405.0,0.0,,,,,
102960,13100.0,35000000.0,,,,,
45226K,4500.0,8000000.0,4500.0,4500.0,4445.0,1891.0,
580080,12965.0,1000000.0,,,,,
0127T0,10795.0,13000000.0,,,,,
417450,15235.0,13000000.0,,,,,
580032,25835.0,10000000.0,,,,,
0004G0,8600.0,46000000.0,,,,,
00806K,10600.0,13000000.0,10640.0,10640.0,10500.0,1310.0,
290080,7330.0,26000000.0,,,,,
0013P0,11660.0,186000000.0,,,,,
279540,21375.0,34000000.0,,,,,
363510,112290.0,133000000.0,,,,,
084695,14000.0,57000000.0,13730.0,14050.0,13730.0,4102.0,
360150,3115.0,223000000.0,,,,,
610080,12740.0,0.0,,,,,
453820,9785.0,43000000.0,,,,,
300610,5410.0,221000000.0,,,,,
409810,5410.0,558000000.0,,,,,
520088,6350.0,12000000.0,,,,,
580083,25375.0,0.0,,,,,
610035,12670.0,8000000.0,,,,,
530092,2520.0,74000000.0,,,,,
0028X0,10935.0,54000000.0,,,,,
140710,6615.0,29000000.0,,,,,
500097,12565.0,1000000.0,,,,,
410870,8975.0,46000000.0,,,,,
0208N0,7615.0,4000000.0,,,,,
610030,12530.0,0.0,,,,,
580052,25030.0,11000000.0,,,,,
0015F0,10350.0,39000000.0,,,,,
570074,12390.0,0.0,,,,,
489860,14575.0,11000000.0,,,,,
570096,12385.0,0.0,,,,,
530137,12345.0,3000000.0,,,,,
166400,24690.0,39000000.0,,,,,
145995,33350.0,10000000.0,33950.0,33950.0,33350.0,308.0,
570123,6165.0,5000000.0,,,,,
610070,24610.0,0.0,,,,,
453060,111675.0,109000000.0,,,,,
0220A0,8730.0,50000000.0,,,,,
610071,12160.0,0.0,,,,,
580043,24225.0,320000000.0,,,,,
435550,17300.0,18000000.0,,,,,
610020,12095.0,0.0,,,,,
251590,17275.0,47000000.0,,,,,
580051,8050.0,13000000.0,,,,,
760023,12055.0,353000000.0,,,,,
457700,9110.0,41000000.0,,,,,
140580,24000.0,0.0,,,,,
0194R0,8810.0,719000000.0,,,,,
400570,11770.0,14000000.0,,,,,
610093,23770.0,0.0,,,,,
0104G0,5160.0,159000000.0,,,,,
396510,6590.0,14000000.0,,,,,
395760,21455.0,0.0,,,,,
282000,115470.0,0.0,,,,,
332610,122480.0,17000000.0,,,,,
610079,58600.0,4000000.0,,,,,
404540,23410.0,482000000.0,,,,,
530121,11655.0,0.0,,,,,
0203D0,8945.0,107000000.0,,,,,
580088,23145.0,117000000.0,,,,,
610060,23135.0,0.0,,,,,
520046,11545.0,67000000.0,,,,,
266410,9545.0,40000000.0,,,,,
610049,11430.0,0.0,,,,,
530127,11410.0,0.0,,,,,
015260,242.0,176000000.0,262.0,263.0,238.0,720488.0,
610045,11380.0,0.0,,,,,
00781K,14500.0,27000000.0,14450.0,14520.0,14450.0,1875.0,
500086,11300.0,0.0,,,,,
428560,14980.0,26000000.0,,,,,
430500,111990.0,134000000.0,,,,,
269370,15965.0,2000000.0,,,,,
453660,15940.0,6000000.0,,,,,
269530,18505.0,52000000.0,,,,,
448490,52470.0,0.0,,,,,
354240,10015.0,22000000.0,,,,,
0000H0,9575.0,44000000.0,,,,,
407820,6110.0,30000000.0,,,,,
38380K,7500.0,0.0,7770.0,7770.0,7410.0,58.0,
610096,10975.0,203000000.0,,,,,
252650,18220.0,24000000.0,,,,,
580065,10900.0,0.0,,,,,
700032,10890.0,100000000.0,,,,,
520064,5440.0,36000000.0,,,,,
610055,21650.0,0.0,,,,,
530139,10820.0,0.0,,,,,
580064,21535.0,0.0,,,,,
610058,21535.0,0.0,,,,,
0191S0,14515.0,220000000.0,,,,,
610051,10710.0,0.0,,,,,
610076,53475.0,0.0,,,,,
0120X0,10085.0,0.0,10085.0,10085.0,10085.0,0.0,
0002C0,9860.0,3000000.0,,,,,
580054,21220.0,0.0,,,,,
272570,107465.0,0.0,,,,,
0227L0,10510.0,277000000.0,,,,,
446700,10105.0,14000000.0,,,,,
610074,10490.0,0.0,,,,,
760032,10480.0,0.0,,,,,
0068M0,11615.0,0.0,,,,,
580047,10450.0,0.0,,,,,
451150,16825.0,0.0,,,,,
464610,6715.0,97000000.0,,,,,
0189Z0,10365.0,6000000.0,,,,,
0113G0,11510.0,51000000.0,,,,,
280920,22990.0,80000000.0,,,,,
610056,20665.0,0.0,,,,,
435040,18735.0,3000000.0,,,,,
001067,48950.0,3000000.0,48500.0,48950.0,48500.0,71.0,
610106,10275.0,0.0,,,,,
310080,8920.0,2000000.0,,,,,
0216Z0,8525.0,202000000.0,,,,,
610102,10205.0,0.0,,,,,
419420,8500.0,9000000.0,,,,,
0219B0,11995.0,689000000.0,,,,,
140570,25425.0,46000000.0,,,,,
610057,20295.0,0.0,,,,,
438740,33765.0,0.0,,,,,
0093B0,12640.0,143000000.0,,,,,
385710,10090.0,27000000.0,,,,,
610092,10090.0,0.0,,,,,
550100,10065.0,0.0,,,,,
237440,10060.0,138000000.0,,,,,
580059,10030.0,1000000.0,,,,,
460270,12380.0,7000000.0,,,,,
700011,10005.0,0.0,,,,,
291130,16660.0,27000000.0,,,,,
610111,9985.0,0.0,,,,,
004255,1890.0,0.0,1903.0,1921.0,1890.0,132.0,
463640,12420.0,14000000.0,,,,,
371870,6200.0,7000000.0,,,,,
0242S0,10415.0,746000000.0,,,,,
530064,659.0,7000000.0,,,,,
482030,9390.0,90000000.0,,,,,
610098,9850.0,0.0,,,,,
700014,9830.0,0.0,,,,,
610112,19645.0,0.0,,,,,
760027,4865.0,375000000.0,,,,,
281990,17690.0,3000000.0,,,,,
570085,9725.0,29000000.0,,,,,
610082,9695.0,0.0,,,,,
610068,9675.0,34000000.0,,,,,
003075,13020.0,0.0,13200.0,13200.0,13020.0,74.0,
0001P0,8610.0,12000000.0,,,,,
550099,9630.0,6000000.0,,,,,
230480,4790.0,12000000.0,,,,,
0120J0,7690.0,129000000.0,,,,,
610077,9605.0,14000000.0,,,,,
0224D0,10660.0,626000000.0,,,,,
610034,9555.0,0.0,,,,,
463690,17355.0,18000000.0,,,,,
461580,15905.0,191000000.0,,,,,
570107,3815.0,1000000.0,,,,,
181480,79435.0,6000000.0,,,,,
145210,2240.0,0.0,0.0,0.0,0.0,0.0,
610105,9460.0,0.0,,,,,
0094L0,6740.0,20000000.0,,,,,
429010,18845.0,2000000.0,,,,,
487910,7845.0,27000000.0,,,,,
301400,14405.0,115000000.0,,,,,
139240,10600.0,387000000.0,,,,,
700036,1864.0,1841000000.0,,,,,
117690,18610.0,18000000.0,,,,,
580035,9305.0,0.0,,,,,
019685,958.0,32000000.0,965.0,965.0,955.0,33530.0,
0194N0,11980.0,564000000.0,,,,,
580060,18450.0,0.0,,,,,
354350,17660.0,2000000.0,,,,,
580087,9175.0,0.0,,,,,
001755,19340.0,13000000.0,19300.0,20000.0,19200.0,690.0,
498050,9610.0,26000000.0,,,,,
341850,4555.0,20000000.0,,,,,
0227K0,9060.0,13000000.0,,,,,
456250,7855.0,20000000.0,,,,,
0174R0,11290.0,24000000.0,,,,,
217780,5825.0,2000000.0,,,,,
610095,9000.0,232000000.0,,,,,
700031,8975.0,4000000.0,,,,,
266390,14920.0,50000000.0,,,,,
497510,12780.0,5000000.0,,,,,
0084D0,11165.0,0.0,,,,,
580061,8925.0,1000000.0,,,,,
399580,8905.0,16000000.0,,,,,
700035,8905.0,282000000.0,,,,,
395150,1852.0,262000000.0,,,,,
494180,12660.0,12000000.0,,,,,
530135,8805.0,0.0,,,,,
580085,8800.0,3000000.0,,,,,
500068,12560.0,0.0,,,,,
500101,8780.0,99000000.0,,,,,
610083,17495.0,0.0,,,,,
270800,15865.0,2000000.0,,,,,
700033,8705.0,0.0,,,,,
0216K0,8700.0,298000000.0,,,,,
610097,8685.0,0.0,,,,,
520097,8680.0,96000000.0,,,,,
580063,17355.0,0.0,,,,,
215620,16065.0,0.0,,,,,
580053,17345.0,0.0,,,,,
466810,5770.0,125000000.0,,,,,
0221Z0,9100.0,43000000.0,,,,,
105010,6140.0,35000000.0,,,,,
381570,10095.0,64000000.0,,,,,
0226G0,12250.0,2000000.0,,,,,
33637L,2270.0,0.0,2270.0,2270.0,2270.0,18.0,
252000,19050.0,193000000.0,,,,,
570094,8555.0,0.0,,,,,
0133E0,8110.0,19000000.0,,,,,
610059,16940.0,3000000.0,,,,,
497520,13030.0,32000000.0,,,,,
550095,16870.0,0.0,,,,,
0184N0,8430.0,436000000.0,,,,,
435540,16800.0,5000000.0,,,,,
610090,8395.0,0.0,,,,,
0008E0,11185.0,11000000.0,,,,,
174350,20815.0,439000000.0,,,,,
375270,12790.0,6000000.0,,,,,
610094,8295.0,25000000.0,,,,,
0067Y0,9212.0,22000000.0,,,,,
500036,4140.0,0.0,,,,,
000225,3650.0,7000000.0,3645.0,3855.0,3605.0,2052.0,
429980,16535.0,12000000.0,,,,,
457930,27555.0,0.0,,,,,
0219Z0,10330.0,503000000.0,,,,,
520085,8230.0,8000000.0,,,,,
610084,8215.0,0.0,,,,,
182490,13645.0,2000000.0,,,,,
395750,20460.0,0.0,,,,,
0226D0,10215.0,25000000.0,,,,,
462340,16340.0,0.0,,,,,
530114,8155.0,110000000.0,,,,,
449680,9585.0,0.0,,,,,
610073,16245.0,0.0,,,,,
371150,6135.0,3000000.0,,,,,
0215T0,8750.0,30000000.0,,,,,
570097,7875.0,2000000.0,,,,,
0214M0,9260.0,1000000.0,,,,,
395280,3345.0,0.0,,,,,
001515,4000.0,36000000.0,3900.0,4000.0,3850.0,9385.0,
304670,12970.0,11000000.0,,,,,
480460,9115.0,2000000.0,,,,,
760025,11045.0,0.0,,,,,
261110,15445.0,34000000.0,,,,,
227550,12005.0,999000000.0,,,,,
189400,25580.0,3000000.0,,,,,
0176P0,13930.0,96000000.0,,,,,
530056,1906.0,95000000.0,,,,,
570114,7595.0,23000000.0,,,,,
001065,22200.0,0.0,22200.0,22200.0,22200.0,2.0,
227570,20990.0,152000000.0,,,,,
530122,7490.0,83000000.0,,,,,
490330,13585.0,19000000.0,,,,,
285690,21300.0,0.0,,,,,
435530,14885.0,5000000.0,,,,,
610100,7435.0,169000000.0,,,,,
139660,8540.0,8000000.0,,,,,
225800,14510.0,57000000.0,,,,,
494210,10570.0,19000000.0,,,,,
530141,7330.0,0.0,,,,,
0218K0,10460.0,0.0,,,,,
520084,7310.0,0.0,,,,,
487920,7300.0,7000000.0,,,,,
0172Y0,9095.0,13000000.0,,,,,
402460,14530.0,3000000.0,,,,,
0005C0,11140.0,1000000.0,,,,,
437370,10280.0,9000000.0,,,,,
253280,11980.0,17000000.0,,,,,
0138D0,13015.0,4000000.0,,,,,
225050,15850.0,1000000.0,,,,,
580062,14260.0,1000000.0,,,,,
580079,7120.0,79000000.0,,,,,
530142,7100.0,2000000.0,,,,,
500098,7045.0,0.0,,,,,
315270,18525.0,5000000.0,,,,,
488480,12785.0,3000000.0,,,,,
570109,14055.0,0.0,,,,,
530060,7025.0,0.0,,,,,
0094X0,7800.0,20000000.0,,,,,
760006,6995.0,0.0,,,,,
700030,1742.0,81000000.0,,,,,
244670,11505.0,4000000.0,,,,,
400590,13765.0,4000000.0,,,,,
000325,28200.0,0.0,28200.0,28200.0,28200.0,1.0,
0082F0,9800.0,1000000.0,,,,,
610091,13650.0,0.0,,,,,
256450,13565.0,0.0,,,,,
570092,6670.0,11000000.0,,,,,
004985,9020.0,16000000.0,9300.0,9300.0,8850.0,1805.0,
570101,6615.0,3000000.0,,,,,
176950,61200.0,12000000.0,,,,,
289670,51635.0,10000000.0,,,,,
610099,6605.0,2000000.0,,,,,
0191B0,33010.0,45000000.0,,,,,
0036Z0,11895.0,25000000.0,,,,,
500067,9335.0,0.0,,,,,
326230,10830.0,15000000.0,,,,,
456200,58955.0,7000000.0,,,,,
139290,23125.0,375000000.0,,,,,
570095,6420.0,1000000.0,,,,,
450180,9860.0,0.0,,,,,
138920,12700.0,2000000.0,,,,,
530096,6350.0,0.0,,,,,
250780,2385.0,500000000.0,,,,,
580078,6290.0,9000000.0,,,,,
570091,6260.0,0.0,,,,,
0047N0,8940.0,8000000.0,,,,,
570111,31250.0,0.0,,,,,
580084,12425.0,0.0,,,,,
004835,4445.0,31000000.0,4475.0,4475.0,4220.0,7241.0,
550098,6135.0,3000000.0,,,,,
469530,9560.0,0.0,,,,,
307510,12160.0,209000000.0,,,,,
044380,436.0,0.0,0.0,0.0,0.0,0.0,
570098,6045.0,7000000.0,,,,,
368680,7535.0,1000000.0,,,,,
429740,6000.0,4000000.0,,,,,
316300,11995.0,3000000.0,,,,,
451670,11980.0,0.0,,,,,
483020,9215.0,94000000.0,,,,,
760010,8505.0,0.0,,,,,
0166T0,9005.0,0.0,,,,,
400580,11700.0,0.0,,,,,
530062,45.0,22000000.0,,,,,
267450,11660.0,0.0,,,,,
314700,10580.0,4000000.0,,,,,
0053M0,12930.0,0.0,,,,,
012205,4920.0,34000000.0,4955.0,4955.0,4920.0,6889.0,
433250,22865.0,0.0,,,,,
0114X0,8730.0,0.0,,,,,
26490K,7260.0,0.0,7480.0,7480.0,7260.0,25.0,
401590,10990.0,2000000.0,,,,,
407300,10155.0,0.0,,,,,
570073,5585.0,0.0,,,,,
0229F0,7900.0,6000000.0,,,,,
610023,5525.0,0.0,,,,,
432600,55135.0,0.0,,,,,
291890,12240.0,2000000.0,,,,,
470310,18310.0,6000000.0,,,,,
0087F0,10920.0,24000000.0,,,,,
0184V0,5175.0,119000000.0,,,,,
238670,13510.0,192000000.0,,,,,
550096,10795.0,0.0,,,,,
530094,5390.0,0.0,,,,,
090355,11590.0,0.0,11680.0,11680.0,11450.0,73.0,
499150,10670.0,7000000.0,,,,,
570108,10655.0,0.0,,,,,
291630,3610.0,158000000.0,,,,,
220130,6535.0,0.0,,,,,
390400,6525.0,17000000.0,,,,,
483030,11570.0,6000000.0,,,,,
0174J0,8675.0,199000000.0,,,,,
001770,4275.0,0.0,0.0,0.0,0.0,0.0,
0102X0,8630.0,4000000.0,,,,,
0015E0,10285.0,19000000.0,,,,,
510027,1699.0,7000000.0,,,,,
295000,50965.0,0.0,,,,,
219900,3635.0,8000000.0,,,,,
476310,9215.0,2000000.0,,,,,
580044,1686.0,130000000.0,,,,,
0132D0,8985.0,64000000.0,,,,,
760014,7020.0,0.0,,,,,
413220,4085.0,0.0,,,,,
0154H0,8845.0,31000000.0,,,,,
610029,4825.0,0.0,,,,,
411860,16065.0,5000000.0,,,,,
550070,4800.0,0.0,,,,,
0015K0,6765.0,5000000.0,,,,,
227560,12450.0,6000000.0,,,,,
002995,15900.0,90000000.0,16510.0,16560.0,15900.0,5554.0,
267440,7715.0,21000000.0,,,,,
474390,40400.0,0.0,,,,,
0073X0,8350.0,19000000.0,,,,,
266550,18045.0,0.0,,,,,
498610,7425.0,3000000.0,,,,,
0078V0,8820.0,3000000.0,,,,,
0128D0,6255.0,17000000.0,,,,,
391600,9660.0,129000000.0,,,,,
205720,1440.0,0.0,,,,,
000545,5600.0,2000000.0,5880.0,5880.0,5600.0,441.0,
530125,4295.0,69000000.0,,,,,
000145,9110.0,0.0,9190.0,9190.0,9030.0,36.0,
277650,20915.0,0.0,,,,,
373790,14660.0,3000000.0,,,,,
0050E0,8030.0,3000000.0,,,,,
226380,5725.0,0.0,,,,,
252420,76.0,278000000.0,,,,,
009415,6070.0,3000000.0,6220.0,6220.0,6070.0,501.0,
291680,7870.0,0.0,,,,,
0131A0,7105.0,0.0,,,,,
005965,17210.0,20000000.0,17210.0,17210.0,17210.0,1191.0,
334690,5435.0,20000000.0,,,,,
243890,8320.0,94000000.0,,,,,
225030,2260.0,15000000.0,,,,,
500041,743.0,0.0,,,,,
244660,9220.0,0.0,,,,,
427120,5205.0,40000000.0,,,,,
007575,7950.0,0.0,7970.0,7970.0,7950.0,8.0,
014825,13340.0,0.0,13400.0,13500.0,13340.0,16.0,
005030,37.0,941000000.0,26.0,50.0,23.0,28114687.0,
570023,681.0,0.0,,,,,
36328K,2810.0,12000000.0,2890.0,2890.0,2690.0,4639.0,
570110,16325.0,5000000.0,,,,,
267490,4590.0,5000000.0,,,,,
005745,5280.0,0.0,5300.0,5300.0,5180.0,21.0,
306530,7190.0,130000000.0,,,,,
0079X0,8985.0,3000000.0,,,,,
014285,5320.0,15000000.0,5410.0,5520.0,5320.0,2853.0,
321410,10430.0,0.0,,,,,
280940,3645.0,131000000.0,,,,,
014915,4850.0,2000000.0,5240.0,5240.0,4845.0,456.0,
491630,4940.0,7000000.0,,,,,
145670,1267.0,164000000.0,,,,,
476000,5015.0,6000000.0,,,,,
252410,1291.0,335000000.0,,,,,
000227,7690.0,7000000.0,7650.0,7800.0,7650.0,927.0,
580033,4810.0,15000000.0,,,,,
253230,72.0,143000000.0,,,,,
334700,3575.0,2000000.0,,,,,
500051,1152.0,0.0,,,,,
275750,2400.0,15000000.0,,,,,
500030,66.0,2000000.0,,,,,
008355,7020.0,4000000.0,7170.0,7300.0,7020.0,617.0,
280320,21295.0,42000000.0,,,,,
001525,7630.0,10000000.0,8330.0,8340.0,7630.0,1295.0,
570070,1835.0,0.0,,,,,
291620,4220.0,34000000.0,,,,,
700018,1706.0,17000000.0,,,,,
253240,1284.0,46000000.0,,,,,
253160,147.0,121000000.0,,,,,
306520,2340.0,34000000.0,,,,,
004545,3325.0,1000000.0,3480.0,3480.0,3325.0,485.0,
500038,1208.0,1000000.0,,,,,
011155,5950.0,5000000.0,6100.0,6100.0,5670.0,1037.0,
261920,11555.0,11000000.0,,,,,
001527,5080.0,6000000.0,5110.0,5360.0,5080.0,1233.0,
412560,1538.0,13000000.0,,,,,
004415,4100.0,6000000.0,4345.0,4355.0,4100.0,1415.0,
002785,8700.0,31000000.0,9850.0,9850.0,8700.0,3506.0,
465620,6515.0,0.0,,,,,
002787,12620.0,15000000.0,12890.0,12900.0,12120.0,1185.0,
196170,253500.0,71472000000.0,250000.0,255000.0,244000.0,286347.0,48177327000.0
086520,78800.0,54123000000.0,81000.0,81000.0,77700.0,687865.0,28270900000.0
247540,106100.0,39508000000.0,109500.0,110100.0,104600.0,373406.0,13812662000.0
036930,222000.0,213508000000.0,209000.0,222000.0,208000.0,990532.0,
277810,416500.0,18706000000.0,425000.0,426000.0,410500.0,45018.0,14177894000.0
240810,130300.0,119605000000.0,122600.0,130400.0,122600.0,940407.0,
039030,495500.0,51406000000.0,474500.0,497000.0,471500.0,104806.0,14148568000.0
222800,152200.0,85006000000.0,147300.0,153500.0,145500.0,568442.0,59165220000.0
058470,73500.0,52094000000.0,71300.0,73800.0,71300.0,716012.0,21045557000.0
028300,40150.0,284072000000.0,46600.0,47700.0,38700.0,6662846.0,458991801000.00006
403870,61000.0,279923000000.0,55800.0,61500.0,55800.0,4688489.0,
095340,209500.0,25704000000.0,204500.0,210000.0,199900.0,125297.0,7479599000.0
319660,148800.0,38902000000.0,137900.0,148800.0,137800.0,267766.0,0.0
440110,83600.0,51185000000.0,79900.0,85700.0,79700.0,611887.0,
108490,285000.0,53524000000.0,293500.0,293500.0,277000.0,187654.0,88920666000.0
031980,180800.0,33240000000.0,166900.0,180800.0,165000.0,187790.0,0.0
000250,166100.0,12951000000.0,162100.0,168000.0,158400.0,79196.0,7089744000.0
084370,167100.0,27036000000.0,153900.0,167500.0,153500.0,166458.0,6959536000.0
064760,300000.0,24329000000.0,286500.0,300000.0,279000.0,83843.0,7094913000.0
095610,170800.0,58320000000.0,163500.0,172800.0,163400.0,345850.0,20097525000.0
214450,316500.0,21113000000.0,319500.0,320000.0,312000.0,67193.0,8076709000.0
131290,297000.0,34137000000.0,293000.0,309500.0,283500.0,115909.0,11188543000.0
067310,46500.0,56895000000.0,45300.0,46600.0,44800.0,1241371.0,
087010,131900.0,25533000000.0,134300.0,135300.0,125100.0,196037.0,14895230000.0
357780,386500.0,24906000000.0,364500.0,389000.0,361000.0,65474.0,4472456000.0
141080,79500.0,12803000000.0,79000.0,80600.0,77300.0,162846.0,6414663000.0
298380,49300.0,18195000000.0,49400.0,49450.0,48050.0,373000.0,7876566000.0
080220,77000.0,52257000000.0,74100.0,77100.0,73500.0,691479.0,
010170,16600.0,100007000000.0,17200.0,17270.0,16310.0,5955934.0,
257720,38150.0,18379000000.0,38900.0,39200.0,37650.0,480261.0,10892670000.0
310210,132400.0,7463000000.0,136500.0,136500.0,130600.0,56597.0,2509462000.0
005290,46600.0,21513000000.0,45100.0,46600.0,44750.0,470534.0,14252643000.0
178320,36950.0,52863000000.0,35750.0,37350.0,35100.0,1453248.0,
226950,102800.0,15556000000.0,102500.0,105100.0,99700.0,152789.0,6836047000.000001
145020,183300.0,18428000000.0,180900.0,189000.0,178600.0,101393.0,4710737000.0
319400,20400.0,10275000000.0,20900.0,20950.0,20050.0,506840.0,
140410,73800.0,9321000000.0,78300.0,78800.0,73400.0,123675.0,
214370,41700.0,2500000000.0,40450.0,41700.0,39500.0,61744.0,1138939000.0
058610,97300.0,10560000000.0,99200.0,99500.0,96200.0,108492.0,21935529000.0
032820,12190.0,27575000000.0,12480.0,12520.0,12010.0,2255723.0,
098460,30750.0,54088000000.0,29050.0,30750.0,28800.0,1802207.0,
030530,26600.0,25173000000.0,28000.0,28050.0,26000.0,945813.0,
263750,32650.0,5812000000.0,33000.0,33300.0,32350.0,177889.0,2116619000.0
214150,30750.0,2822000000.0,30900.0,31000.0,30300.0,92704.0,838287000.0
237690,93300.0,4787000000.0,92400.0,93500.0,91100.0,52021.0,1923391000.0000002
347850,41950.0,19681000000.0,42650.0,42750.0,40500.0,475761.0,
041510,83800.0,8990000000.0,82400.0,84000.0,81500.0,108531.0,1987437000.0
089030,51100.0,33927000000.0,49100.0,51100.0,48850.0,678949.0,
140860,270000.0,7530000000.0,264500.0,273000.0,260000.0,28331.0,1207335000.0
131970,96300.0,28111000000.0,89900.0,96300.0,89900.0,300209.0,15529497000.0
083650,58100.0,14105000000.0,59500.0,59800.0,57100.0,243525.0,11231935000.0
043260,23650.0,52197000000.0,24700.0,25200.0,23400.0,2158309.0,
036540,10550.0,36868000000.0,10450.0,10770.0,10320.0,3531100.0,
183300,33600.0,20301000000.0,30250.0,33600.0,30200.0,625809.0,8350100999.999999
068760,38600.0,4392000000.0,39300.0,39300.0,38050.0,114519.0,1124930000.0
060370,32200.0,5530000000.0,32950.0,32950.0,31650.0,172789.0,1999294000.0
323280,54000.0,42200000000.0,47650.0,54300.0,45500.0,823709.0,40179888000.0
420770,129000.0,19975000000.0,120400.0,130200.0,117300.0,162063.0,0.0
089970,61000.0,27023000000.0,59600.0,61300.0,59000.0,451016.0,16045209000.0
096530,33700.0,5381000000.0,34150.0,34200.0,33100.0,160399.0,2046309000.0
007390,24350.0,6463000000.0,24800.0,24850.0,23850.0,267053.0,7035124000.0
437730,48500.0,18682000000.0,51500.0,51600.0,47350.0,384470.0,33313853999.999996
218410,57800.0,13954000000.0,56200.0,58000.0,55800.0,244669.0,13891035000.0
078600,89800.0,10521000000.0,90900.0,90900.0,88200.0,118001.0,8067650999.999999
0009K0,21500.0,2271000000.0,22100.0,22150.0,20800.0,107234.0,1408616000.0
241710,129600.0,9791000000.0,126700.0,130300.0,124500.0,76698.0,1489731000.0
039200,35650.0,3879000000.0,35150.0,35800.0,34300.0,110274.0,902056000.0
035900,38000.0,6168000000.0,37850.0,38050.0,37500.0,163185.0,2039096000.0
204270,23050.0,16129000000.0,23100.0,23800.0,22200.0,702263.0,
950160,15060.0,14465000000.0,16300.0,16300.0,14860.0,944344.0,
290650,47300.0,4279000000.0,45450.0,47550.0,45000.0,92039.0,1964513000.0000002
082920,28100.0,5047000000.0,28750.0,28750.0,27550.0,180775.0,1250904000.0
950260,25300.0,31547000000.0,24200.0,26050.0,24000.0,1264086.0,
003380,10840.0,2995000000.0,11050.0,11130.0,10750.0,275456.0,
252990,19950.0,21723000000.0,18480.0,20150.0,18220.0,1107603.0,
166090,59800.0,7542000000.0,56500.0,59800.0,56500.0,128888.0,3032382000.0
232140,14230.0,22515000000.0,13750.0,14230.0,13500.0,1616473.0,
195940,39650.0,4112000000.0,39000.0,39700.0,38500.0,105234.0,797364000.0
127120,29700.0,8162000000.0,32100.0,32100.0,29200.0,272755.0,3954208000.0
347700,21250.0,18248000000.0,22200.0,22200.0,20600.0,863920.0,
356860,45500.0,24681000000.0,44200.0,45500.0,43950.0,549969.0,22171837000.0
056190,28500.0,2350000000.0,27850.0,28550.0,27800.0,83285.0,783304000.0
293490,9520.0,1700000000.0,9550.0,9560.0,9380.0,179493.0,
458870,25600.0,7181000000.0,27450.0,27450.0,25150.0,276707.0,6793064000.0
083450,52900.0,13276000000.0,48750.0,53200.0,48750.0,256777.0,10162899000.0
086450,21400.0,6535000000.0,20700.0,21550.0,20400.0,308470.0,2153555000.0
101490,45000.0,7780000000.0,42850.0,45000.0,42700.0,176851.0,6766164999.999999
445680,53600.0,4416000000.0,50500.0,53600.0,49000.0,85857.0,2777314000.0
100790,17330.0,4202000000.0,17050.0,17370.0,16670.0,246587.0,
119850,55500.0,11589000000.0,53900.0,56600.0,53100.0,209665.0,9934775000.0
161580,38500.0,83496000000.0,33650.0,39400.0,33200.0,2228972.0,89055945000.0
417200,13060.0,7283000000.0,12960.0,13160.0,12580.0,564695.0,
160190,28450.0,4454000000.0,30300.0,30300.0,27300.0,158367.0,
328130,11800.0,17094000000.0,11570.0,12000.0,11100.0,1467020.0,40609595000.0
327260,48800.0,43713000000.0,45400.0,50200.0,44750.0,904214.0,
099320,78900.0,4953000000.0,79200.0,82000.0,76100.0,63645.0,3627082999.9999995
388210,88800.0,6937000000.0,85400.0,89200.0,82700.0,80734.0,3999616000.0000005
035760,39000.0,2197000000.0,39000.0,39350.0,38350.0,56337.0,590266000.0
053800,76700.0,7375000000.0,74700.0,76700.0,72200.0,98461.0,4521318000.0
036830,41550.0,2025000000.0,40000.0,41550.0,39500.0,49915.0,574187000.0
065350,30650.0,3016000000.0,31050.0,31050.0,29750.0,99785.0,2038769000.0
031330,8400.0,2343000000.0,8280.0,8520.0,8250.0,281128.0,
014620,30600.0,3603000000.0,31000.0,31050.0,30100.0,118750.0,838242000.0
115180,21500.0,1558000000.0,22800.0,22850.0,21350.0,71788.0,685167000.0
122870,43000.0,4509000000.0,42700.0,43250.0,42250.0,105437.0,812670999.9999999
032500,18800.0,3373000000.0,18780.0,19120.0,18110.0,182496.0,2246073000.0
388720,67100.0,1197000000.0,68600.0,68600.0,65900.0,17927.0,1176292000.0
074600,29800.0,6381000000.0,28450.0,29800.0,28150.0,219631.0,2562985000.0
425420,63300.0,4783000000.0,63000.0,64300.0,61700.0,76191.0,1647707000.0000002
251970,63000.0,2478000000.0,61700.0,63300.0,61200.0,39621.0,1316401000.0
491000,30300.0,1977000000.0,30050.0,30750.0,29050.0,65903.0,
085660,8180.0,1813000000.0,8320.0,8340.0,8030.0,222960.0,1592225000.0
033100,47100.0,2147000000.0,47050.0,47800.0,46550.0,45769.0,1621447999.9999998
044490,37450.0,3873000000.0,36300.0,37450.0,35500.0,106182.0,3394896000.0
090360,76000.0,3810000000.0,77900.0,77900.0,74700.0,50342.0,5470785000.0
032190,19210.0,1273000000.0,19830.0,19860.0,18920.0,65972.0,473725000.00000006
281740,11150.0,5270000000.0,11030.0,11200.0,10650.0,484247.0,
213420,29400.0,3136000000.0,29200.0,29500.0,28800.0,107495.0,640182000.0
064290,56300.0,19277000000.0,53700.0,57200.0,52700.0,347502.0,
059090,21800.0,5350000000.0,21500.0,21800.0,20900.0,251167.0,3690661000.0
041830,53800.0,3214000000.0,53500.0,54300.0,52400.0,60362.0,297760000.0
225570,10990.0,1211000000.0,10970.0,11050.0,10750.0,110955.0,157314000.0
041960,9700.0,1295000000.0,9850.0,9900.0,9680.0,132607.0,
090710,6050.0,5916000000.0,6260.0,6260.0,5950.0,981721.0,
295310,58200.0,13692000000.0,56100.0,59500.0,53300.0,240280.0,7883779000.0
189300,67000.0,2214000000.0,67500.0,67500.0,64900.0,33437.0,1363552000.0
023160,27400.0,3239000000.0,27750.0,27800.0,26400.0,119963.0,1323005000.0
053610,78500.0,2534000000.0,72600.0,78700.0,72600.0,33507.0,1527971000.0
171090,69700.0,3134000000.0,70400.0,70900.0,67200.0,45573.0,1784281000.0
122640,32550.0,7843000000.0,31100.0,32750.0,31100.0,242938.0,
038500,6510.0,2331000000.0,6710.0,6710.0,6450.0,358809.0,
476060,15330.0,3477000000.0,15610.0,15670.0,15150.0,226967.0,5019298000.0
036810,32100.0,4923000000.0,30000.0,32100.0,29950.0,156922.0,2547518000.0
466100,22350.0,3692000000.0,22850.0,22850.0,22050.0,165320.0,6712984000.0
006730,10720.0,3220000000.0,11170.0,11240.0,10590.0,298032.0,
033790,8210.0,9311000000.0,8370.0,8370.0,7930.0,1140095.0,
033640,29400.0,11451000000.0,26750.0,29550.0,26700.0,399027.0,6311399000.0
137400,28500.0,3106000000.0,29200.0,29250.0,28050.0,109463.0,1885633000.0
102710,47100.0,2257000000.0,45650.0,47250.0,45300.0,48975.0,717374000.0
476830,23850.0,6010000000.0,25250.0,25250.0,23500.0,250644.0,4966481000.0
124500,28600.0,4153000000.0,28950.0,29100.0,28050.0,146184.0,2993272000.0
121600,54100.0,3573000000.0,55700.0,55800.0,53200.0,66149.0,1622389000.0
048410,6830.0,4817000000.0,6790.0,6900.0,6560.0,714299.0,
093320,132900.0,3312000000.0,137200.0,137800.0,130000.0,24902.0,337770000.0
490470,18840.0,168705000000.0,16020.0,19830.0,15750.0,9033845.0,
077360,14090.0,18111000000.0,12690.0,14140.0,12680.0,1324677.0,
092870,48000.0,18027000000.0,46050.0,48850.0,45850.0,380676.0,
253450,20650.0,617000000.0,20650.0,20850.0,20350.0,30101.0,156043000.0
046890,10450.0,2573000000.0,10040.0,10470.0,9990.0,248686.0,1914999000.0
126340,84300.0,6224000000.0,81500.0,84900.0,80600.0,74855.0,5818793000.0
468530,53600.0,8908000000.0,53200.0,55000.0,51000.0,167082.0,6962794000.0
253590,13410.0,5734000000.0,13170.0,13470.0,13030.0,433044.0,
222080,7500.0,2605000000.0,7520.0,7530.0,7310.0,351610.0,
050890,9490.0,5734000000.0,9430.0,9510.0,9260.0,610520.0,
219130,91000.0,7563000000.0,82900.0,91400.0,80700.0,86329.0,
045100,32550.0,1851000000.0,31500.0,32600.0,31350.0,57831.0,1464851000.0
144960,13030.0,14717000000.0,12570.0,13080.0,12150.0,1165047.0,
456160,33900.0,4223000000.0,34350.0,34950.0,33150.0,125125.0,2470325000.0
094170,26850.0,1531000000.0,27000.0,27100.0,26250.0,57468.0,1556953000.0
052400,38250.0,1189000000.0,38300.0,38350.0,37650.0,31332.0,445749999.99999994
399720,46250.0,4006000000.0,44900.0,46300.0,44650.0,87838.0,4103634000.0000005
089890,32500.0,7628000000.0,29600.0,32550.0,29550.0,241673.0,3760794000.0
060250,13410.0,1650000000.0,13410.0,13640.0,13230.0,123678.0,
079940,40000.0,900000000.0,40600.0,40600.0,39800.0,22369.0,44465000.0
101160,32250.0,3121000000.0,30000.0,32300.0,30000.0,99242.0,1434569000.0
080580,25150.0,10722000000.0,24700.0,25700.0,23800.0,437092.0,
112040,15220.0,1408000000.0,15470.0,15500.0,15060.0,92558.0,445472000.0
397030,18690.0,3161000000.0,18510.0,18920.0,17760.0,172639.0,1439651000.0
358570,7970.0,3042000000.0,8590.0,8600.0,7850.0,377345.0,1150311000.0
024850,16140.0,32190000000.0,19070.0,19080.0,15950.0,1882830.0,
009520,12280.0,962000000.0,12300.0,12430.0,12100.0,78900.0,332786000.0
356680,17800.0,27333000000.0,18960.0,19040.0,17320.0,1518421.0,
037460,31100.0,795000000.0,31350.0,31500.0,30700.0,25624.0,
052020,7360.0,1156000000.0,7600.0,7660.0,7320.0,155460.0,
214430,68200.0,1011000000.0,66400.0,68200.0,64700.0,15225.0,336426000.0
086900,67100.0,962000000.0,67500.0,67700.0,66400.0,14401.0,458779999.99999994
475830,22500.0,15179000000.0,23600.0,23600.0,20850.0,693484.0,14740465000.0
211050,9760.0,844000000.0,9840.0,9950.0,9580.0,86739.0,124381000.00000001
098120,57700.0,7320000000.0,58000.0,58700.0,55700.0,128247.0,
187660,7490.0,13337000000.0,6840.0,7590.0,6700.0,1833556.0,
104830,38000.0,6233000000.0,36100.0,38650.0,35400.0,166519.0,1092326000.0
376900,27400.0,3784000000.0,28750.0,28850.0,27150.0,136652.0,5673177000.0
348340,20150.0,4269000000.0,20850.0,20850.0,19800.0,212658.0,
034950,103600.0,92000000.0,104000.0,104000.0,102900.0,893.0,25962000.0
033500,15650.0,2261000000.0,15950.0,15950.0,15300.0,146047.0,848928000.0000001
099190,15850.0,151000000.0,16250.0,16250.0,15730.0,9514.0,74302000.0
082270,10220.0,1142000000.0,10090.0,10270.0,9900.0,113196.0,625782000.0
027360,3830.0,5935000000.0,3740.0,3845.0,3650.0,1590623.0,
015750,5790.0,641000000.0,5870.0,5870.0,5740.0,111115.0,728544000.0
383310,21900.0,1529000000.0,22600.0,22600.0,21650.0,69898.0,
041190,5750.0,4454000000.0,5760.0,5780.0,5670.0,778577.0,
019210,12280.0,5791000000.0,12730.0,12850.0,12070.0,470975.0,
025980,4675.0,9550000000.0,4950.0,4960.0,4610.0,2011310.0,
069540,4025.0,10699000000.0,3995.0,4060.0,3870.0,2689228.0,
042000,18750.0,3517000000.0,18780.0,19200.0,18120.0,189486.0,2726444000.0
078340,37400.0,2147000000.0,37350.0,37800.0,37100.0,57301.0,840198000.0
290550,22600.0,5701000000.0,22300.0,22750.0,21900.0,254740.0,
035890,2175.0,338000000.0,2230.0,2245.0,2175.0,152580.0,
460930,12630.0,1142000000.0,12940.0,13060.0,12520.0,90121.0,913317000.0
348370,20250.0,2647000000.0,20550.0,20550.0,19840.0,131974.0,1676957000.0000002
340570,27600.0,1817000000.0,27800.0,27900.0,27350.0,66039.0,455030999.99999994
056080,11600.0,3024000000.0,11830.0,11830.0,11400.0,261992.0,
170920,41950.0,9892000000.0,39350.0,42000.0,38700.0,244930.0,
067630,3630.0,27752000000.0,3970.0,4290.0,3485.0,7003015.0,
365340,34250.0,831000000.0,35450.0,35450.0,33650.0,24403.0,484029000.00000006
174900,21750.0,7161000000.0,19350.0,22550.0,19110.0,340787.0,
078350,28450.0,9783000000.0,26400.0,28800.0,25900.0,355084.0,0.0
089010,25850.0,7790000000.0,24950.0,26000.0,24550.0,304795.0,10147139000.0
376300,18190.0,3209000000.0,16930.0,18620.0,16770.0,179533.0,1903384000.0000002
018290,12350.0,5131000000.0,12000.0,12390.0,11760.0,423239.0,6464787000.0
278280,35100.0,770000000.0,35350.0,35650.0,33450.0,22214.0,329641000.0
272290,21550.0,1457000000.0,21000.0,21550.0,20800.0,68734.0,694107000.0
013030,36500.0,945000000.0,38050.0,38050.0,35950.0,25841.0,317769000.0
336570,4810.0,1704000000.0,4880.0,4880.0,4745.0,355025.0,
475960,31800.0,1670000000.0,30650.0,32550.0,29800.0,53000.0,901978000.0000001
486990,19960.0,10890000000.0,20900.0,21150.0,19550.0,541030.0,24640493000.0
114810,15110.0,3658000000.0,14580.0,15410.0,14570.0,242401.0,1250779000.0
067160,36850.0,1583000000.0,37000.0,37300.0,36300.0,43219.0,213165000.0
030520,17480.0,1772000000.0,17470.0,17520.0,17240.0,101861.0,302650000.0
125490,11570.0,6083000000.0,11980.0,12040.0,11420.0,524473.0,
204620,6000.0,1116000000.0,6080.0,6090.0,5930.0,186217.0,
368770,12700.0,1063000000.0,12940.0,12950.0,12570.0,83764.0,
033160,16830.0,11667000000.0,16170.0,16830.0,16100.0,706632.0,
079370,13300.0,14667000000.0,12490.0,13420.0,12320.0,1120186.0,
241770,40300.0,332000000.0,40450.0,40800.0,39250.0,8276.0,85292000.0
332570,8910.0,8670000000.0,8690.0,8960.0,8610.0,985035.0,
417840,17480.0,9805000000.0,16730.0,17490.0,16600.0,574584.0,
078130,3500.0,282000000.0,3465.0,3515.0,3455.0,81049.0,
047920,12030.0,46818000000.0,12140.0,12500.0,11100.0,3871610.0,81556159000.0
095660,18060.0,630000000.0,18020.0,18100.0,17730.0,35103.0,37986000.0
159010,29250.0,5391000000.0,28600.0,29400.0,27300.0,188464.0,
236200,55800.0,510000000.0,56800.0,56800.0,54700.0,9181.0,263465999.99999997
092190,8430.0,2012000000.0,7610.0,8460.0,7480.0,249348.0,
330860,31550.0,10620000000.0,27900.0,31900.0,27600.0,353324.0,
477850,21550.0,8380000000.0,22600.0,23000.0,21250.0,382734.0,
092730,23850.0,1561000000.0,22950.0,24000.0,22850.0,65810.0,509204000.0
215200,36800.0,1236000000.0,36900.0,37400.0,34550.0,33555.0,122666000.00000001
441270,8840.0,3380000000.0,8780.0,8950.0,8550.0,386354.0,2481811000.0
101730,4460.0,585000000.0,4520.0,4530.0,4430.0,131030.0,662708000.0
200710,27550.0,2274000000.0,26350.0,27700.0,26350.0,83704.0,2014103000.0
078020,6610.0,166000000.0,6600.0,6630.0,6430.0,25579.0,
107640,39900.0,1430000000.0,40650.0,40700.0,39550.0,35843.0,907886000.0000001
069080,11660.0,1470000000.0,11670.0,11750.0,11460.0,126313.0,101621999.99999999
003800,32500.0,36000000.0,32500.0,32750.0,32250.0,1106.0,
348210,34400.0,1666000000.0,33400.0,34750.0,32950.0,49186.0,414387000.0
200470,8190.0,6430000000.0,7780.0,8250.0,7700.0,802893.0,
486510,18220.0,1025457000000.0,21150.0,29750.0,16210.0,41211426.0,
078160,9050.0,321000000.0,9210.0,9210.0,8850.0,35766.0,192573000.0
036800,7790.0,437000000.0,7660.0,7790.0,7600.0,56693.0,63132000.0
052710,18940.0,12995000000.0,18680.0,19690.0,18600.0,683073.0,
039440,22750.0,5961000000.0,20700.0,23200.0,20700.0,263634.0,4972086000.0
025320,3820.0,1759000000.0,3770.0,3820.0,3650.0,472097.0,1432950000.0
439960,10740.0,6132000000.0,11510.0,11530.0,10620.0,561336.0,
138080,28100.0,5339000000.0,27400.0,28600.0,26850.0,191957.0,
456010,23950.0,28627000000.0,26200.0,26500.0,23275.0,1170179.0,
093520,29000.0,476000000.0,28300.0,29050.0,28250.0,16559.0,248098999.99999997
006910,7010.0,3412000000.0,7250.0,7250.0,7000.0,482294.0,
025900,6810.0,369000000.0,6850.0,6990.0,6690.0,54524.0,144650000.0
393890,10030.0,1793000000.0,10000.0,10240.0,9510.0,183068.0,
117730,14950.0,5712000000.0,15230.0,15280.0,14550.0,382772.0,32731554999.999996
060280,8130.0,1333000000.0,8210.0,8210.0,7880.0,166306.0,
386380,17700.0,32639000000.0,20850.0,21200.0,17450.0,1739444.0,
036620,3695.0,520000000.0,3675.0,3710.0,3620.0,142221.0,139399000.0
018000,1137.0,2643000000.0,1232.0,1232.0,1126.0,2265605.0,
372320,21650.0,326000000.0,21600.0,22200.0,20850.0,15420.0,164827000.0
455900,21400.0,1148000000.0,22000.0,22000.0,21050.0,53463.0,5405175000.0
110990,17410.0,985000000.0,16820.0,17420.0,16770.0,57313.0,798604000.0
064260,4335.0,2459000000.0,4415.0,4440.0,4325.0,563784.0,
452430,39550.0,1124000000.0,38800.0,40200.0,38400.0,28688.0,636212000.0
121440,7620.0,92000000.0,7970.0,7970.0,7520.0,12143.0,
017890,15520.0,859000000.0,15620.0,15780.0,15180.0,55629.0,
036200,10440.0,10437000000.0,9250.0,10500.0,9250.0,1034905.0,6447050000.0
215600,2300.0,1033000000.0,2290.0,2310.0,2220.0,455612.0,
046970,7260.0,9046000000.0,7510.0,7580.0,7140.0,1241580.0,
061970,4510.0,1213000000.0,4335.0,4530.0,4335.0,271745.0,
389470,23750.0,2991000000.0,25400.0,25600.0,23600.0,123174.0,12046645000.0
448900,52000.0,1783000000.0,53800.0,53800.0,50500.0,34571.0,2019691000.0
168360,13910.0,1389000000.0,13500.0,13960.0,12750.0,100807.0,455685000.0
199800,34550.0,1437000000.0,35800.0,35800.0,33450.0,42216.0,503388000.0
234340,22200.0,3311000000.0,21900.0,22500.0,21850.0,150120.0,
446540,10600.0,6846000000.0,10050.0,10730.0,9780.0,660799.0,
424870,3370.0,4271000000.0,3505.0,3505.0,3310.0,1260928.0,25890562999.999996
0035S0,29900.0,577560000000.0,56000.0,60000.0,26500.0,12428660.0,
488900,10540.0,442000000.0,10680.0,10680.0,10180.0,42760.0,428425000.0
900290,3290.0,257000000.0,3315.0,3365.0,3255.0,77947.0,
482630,13900.0,2112000000.0,13580.0,13990.0,13390.0,155110.0,
206650,8230.0,443000000.0,8420.0,8420.0,8170.0,53715.0,
042520,21050.0,4913000000.0,18010.0,21400.0,17920.0,246824.0,2070292000.0
484590,7280.0,2569000000.0,7150.0,7570.0,7060.0,352369.0,
425040,13360.0,9096000000.0,13090.0,13420.0,12880.0,690072.0,
160980,26800.0,1673000000.0,26000.0,26800.0,25550.0,63760.0,
071200,11950.0,528000000.0,12050.0,12250.0,11820.0,44219.0,
035810,4515.0,723000000.0,4565.0,4590.0,4465.0,160736.0,
054950,23950.0,316000000.0,23300.0,23950.0,23100.0,13344.0,83460000.0
025770,7720.0,222000000.0,7780.0,7840.0,7560.0,28951.0,
265520,19160.0,628000000.0,19130.0,19260.0,18860.0,32991.0,185810000.0
352480,21150.0,271000000.0,22300.0,22300.0,21000.0,12727.0,87466000.0
049070,18280.0,691000000.0,18130.0,18290.0,17900.0,38281.0,456923000.0
092460,16590.0,110000000.0,16480.0,16880.0,16360.0,6662.0,58697999.99999999
136480,2655.0,308000000.0,2665.0,2675.0,2650.0,115904.0,
200670,25050.0,384000000.0,24800.0,25050.0,24150.0,15567.0,266934000.0
101930,6130.0,129000000.0,6260.0,6390.0,6050.0,21063.0,57276000.00000001
084110,21950.0,510000000.0,21850.0,22000.0,21500.0,23478.0,189280000.0
086390,13130.0,2104000000.0,12690.0,13300.0,12690.0,161000.0,1394174000.0
448280,9360.0,27000000.0,9580.0,9640.0,9280.0,2916.0,17629000.0
472850,4810.0,150000000.0,4975.0,4975.0,4770.0,31008.0,59880999.99999999
389500,41450.0,1801000000.0,42300.0,42300.0,40500.0,43470.0,
203650,2705.0,7565000000.0,2905.0,2905.0,2665.0,2767165.0,
042370,10430.0,7475000000.0,10960.0,10970.0,10270.0,714124.0,
035600,9910.0,262000000.0,9960.0,9970.0,9850.0,26467.0,101712000.0
228760,10950.0,619000000.0,11160.0,11280.0,10770.0,56905.0,408401000.0
068930,9830.0,2250000000.0,9750.0,9960.0,9690.0,228398.0,
099440,3980.0,687000000.0,4100.0,4105.0,3950.0,171033.0,
091580,20350.0,4942000000.0,21250.0,21250.0,20050.0,243601.0,
309710,21000.0,0.0,0.0,0.0,0.0,0.0,
182400,3670.0,0.0,0.0,0.0,0.0,0.0,
294570,26300.0,896000000.0,26150.0,26400.0,25550.0,34510.0,1168055000.0
094360,12410.0,2131000000.0,12200.0,12440.0,11930.0,174401.0,2682288000.0
012210,11480.0,10630000000.0,12150.0,12200.0,11300.0,912081.0,
484120,24150.0,2077000000.0,23050.0,24650.0,22500.0,87725.0,881697999.9999999
024840,6010.0,6877000000.0,5870.0,6060.0,5810.0,1159175.0,
091700,5220.0,431000000.0,5230.0,5230.0,5130.0,83401.0,
394280,9880.0,900000000.0,9610.0,9950.0,9310.0,92362.0,643607000.0
060720,10990.0,551000000.0,10890.0,11050.0,10800.0,50343.0,
043150,17470.0,212000000.0,17660.0,17670.0,17300.0,12188.0,73505000.0
378340,11960.0,215000000.0,11840.0,12240.0,11660.0,18127.0,198800000.0
304360,20600.0,638000000.0,21000.0,21000.0,20000.0,31330.0,1978367000.0
493280,17270.0,1654000000.0,17670.0,17670.0,16750.0,96460.0,
098070,23050.0,1288000000.0,23600.0,23600.0,22700.0,56142.0,1478609000.0
121800,3320.0,0.0,0.0,0.0,0.0,0.0,
051500,21550.0,152000000.0,22050.0,22050.0,21300.0,7103.0,39488000.0
036890,11550.0,1159000000.0,11820.0,11820.0,11410.0,100474.0,264810000.0
032580,7670.0,15386000000.0,7010.0,7830.0,6970.0,2045159.0,
151860,5330.0,287000000.0,5470.0,5470.0,5280.0,53736.0,
389650,30650.0,416000000.0,31800.0,31800.0,30300.0,13512.0,197350000.0
377460,4080.0,0.0,0.0,0.0,0.0,0.0,
267980,33000.0,81000000.0,33450.0,33500.0,32800.0,2464.0,32029999.999999996
354320,39400.0,3601000000.0,39200.0,40200.0,37600.0,92263.0,
067390,5960.0,283000000.0,6120.0,6190.0,5940.0,47291.0,
216080,6730.0,750000000.0,7030.0,7030.0,6700.0,110850.0,
0011T0,5330.0,519000000.0,5500.0,5500.0,5195.0,98084.0,
287840,16640.0,498000000.0,17100.0,17400.0,15900.0,30062.0,346273000.0
089980,15620.0,344000000.0,16190.0,16190.0,15450.0,22053.0,284711000.0
377450,14410.0,290000000.0,14990.0,15000.0,14340.0,19967.0,
317330,12190.0,1256000000.0,13110.0,13110.0,12090.0,100993.0,526874000.0
254490,17240.0,1426000000.0,16600.0,17240.0,16500.0,84009.0,
023410,3215.0,403000000.0,3245.0,3250.0,3185.0,125930.0,
461300,18520.0,316000000.0,18970.0,18980.0,18470.0,17022.0,
036710,4660.0,1277000000.0,4590.0,4740.0,4495.0,277318.0,
073490,32200.0,958000000.0,31800.0,32500.0,31200.0,30137.0,
439090,14910.0,1109000000.0,15240.0,15300.0,14840.0,73790.0,1144601000.0
100120,26950.0,584000000.0,25850.0,27200.0,25450.0,22064.0,
036030,4930.0,51000000.0,4875.0,4940.0,4805.0,10404.0,
115450,2550.0,9610000000.0,2875.0,2965.0,2410.0,3527166.0,
272110,29900.0,1483000000.0,29150.0,29950.0,28550.0,50701.0,
452280,12430.0,5350000000.0,12910.0,12910.0,12180.0,430607.0,
043370,11390.0,114000000.0,11295.0,11400.0,11250.0,10044.0,33907000.0
085910,17320.0,6876000000.0,16330.0,17500.0,16320.0,404304.0,
064850,20800.0,1573000000.0,20350.0,21550.0,19460.0,74865.0,
445090,21700.0,527000000.0,21550.0,21800.0,21150.0,24510.0,413155000.0
108860,8740.0,1371000000.0,8890.0,8900.0,8640.0,156856.0,2251836000.0
314130,4490.0,1658000000.0,4665.0,4665.0,4380.0,369919.0,
019010,4870.0,1818000000.0,4775.0,4895.0,4595.0,385072.0,
065680,25350.0,359000000.0,26400.0,26700.0,24600.0,14244.0,141373000.0
376270,32350.0,147000000.0,33100.0,33100.0,32000.0,4541.0,135449000.0
064820,7500.0,299000000.0,7660.0,7660.0,7440.0,39751.0,123956000.0
011560,22950.0,1069000000.0,23350.0,23350.0,22600.0,46713.0,
065710,44800.0,237000000.0,44750.0,45100.0,44500.0,5313.0,
389260,12840.0,941000000.0,13290.0,13310.0,12700.0,72992.0,
0010S0,22750.0,91607000000.0,29400.0,29450.0,22750.0,3741976.0,
215000,36150.0,345000000.0,36500.0,36500.0,35650.0,9618.0,172238000.0
243070,18930.0,282000000.0,19140.0,19150.0,18840.0,14927.0,143917000.0
144510,14330.0,328000000.0,14500.0,14500.0,13950.0,23272.0,179252000.0
200130,7830.0,230000000.0,8000.0,8000.0,7630.0,29425.0,117009000.0
416180,24850.0,654000000.0,25550.0,25550.0,24450.0,26293.0,699933000.0
180400,2280.0,36000000.0,2395.0,2395.0,2255.0,15987.0,
256840,3280.0,84758000000.0,3605.0,3680.0,3190.0,24447836.0,
023760,1420.0,47000000.0,1431.0,1431.0,1410.0,33051.0,
094480,5690.0,793000000.0,5650.0,5700.0,5560.0,141189.0,
190510,15640.0,773000000.0,15950.0,15950.0,15340.0,49415.0,1522348000.0
298830,4100.0,429000000.0,4090.0,4160.0,4040.0,105309.0,
462350,6450.0,1255000000.0,6690.0,6760.0,6350.0,192490.0,
365270,9840.0,651000000.0,9690.0,9920.0,9500.0,67068.0,
112290,10780.0,1509000000.0,10490.0,10920.0,10390.0,141012.0,
237880,12020.0,433000000.0,12140.0,12250.0,12010.0,35859.0,291468000.0
064550,8410.0,1146000000.0,8540.0,8560.0,8300.0,136446.0,1269679000.0
475400,18350.0,588000000.0,18680.0,18680.0,18200.0,32022.0,1664269000.0000002
241520,8130.0,642000000.0,8180.0,8280.0,8000.0,79348.0,
018310,14700.0,141000000.0,14420.0,14700.0,14420.0,9650.0,27077000.0
067080,11560.0,338000000.0,11550.0,11560.0,11290.0,29586.0,400614000.0
0008Z0,22800.0,135000000.0,23150.0,23300.0,22750.0,5881.0,272821000.0
005710,10670.0,74000000.0,10760.0,10760.0,10400.0,6947.0,69141000.0
481070,14830.0,87000000.0,15150.0,15340.0,14580.0,5923.0,43239000.0
114190,8130.0,374000000.0,8360.0,8360.0,7700.0,46062.0,352830000.0
243840,5480.0,497000000.0,5510.0,5520.0,5290.0,92831.0,
394800,6630.0,11629000000.0,6800.0,6930.0,6430.0,1752420.0,22333972000.0
450950,5600.0,103000000.0,5610.0,5630.0,5460.0,18723.0,122159000.0
307180,5700.0,619000000.0,5770.0,5860.0,5630.0,109032.0,
125020,5980.0,1792000000.0,6020.0,6070.0,5890.0,300958.0,
0001A0,8200.0,419000000.0,8450.0,8490.0,8160.0,50796.0,
290690,3915.0,2232000000.0,3995.0,4045.0,3855.0,566942.0,
950170,4250.0,46000000.0,4195.0,4300.0,4140.0,10941.0,
340450,8760.0,5543000000.0,8680.0,8880.0,8510.0,637482.0,
380540,8450.0,0.0,0.0,0.0,0.0,0.0,
206640,9430.0,110000000.0,9530.0,9530.0,9360.0,11629.0,109427999.99999999
078150,2175.0,13386000000.0,2070.0,2275.0,2035.0,6128228.0,
176750,7240.0,3227000000.0,7090.0,7380.0,6760.0,454340.0,11668243000.0
126730,23500.0,11762000000.0,22050.0,24250.0,22050.0,501498.0,
0161M0,16870.0,86068000000.0,20450.0,20900.0,15840.0,4793501.0,
099430,3320.0,235000000.0,3310.0,3350.0,3290.0,70942.0,
045390,2900.0,2692000000.0,3060.0,3060.0,2880.0,920526.0,
036190,34000.0,38000000.0,33400.0,34200.0,33400.0,1128.0,
462860,2835.0,1893000000.0,2945.0,2980.0,2810.0,661842.0,
053030,6210.0,447000000.0,6320.0,6350.0,6130.0,71917.0,195156000.0
459510,15600.0,483000000.0,15680.0,15880.0,15420.0,31024.0,2296627000.0
353810,6120.0,268000000.0,6180.0,6200.0,6110.0,43474.0,
058970,16320.0,154000000.0,16440.0,16670.0,16130.0,9493.0,122591000.0
095500,6470.0,345000000.0,6520.0,6540.0,6250.0,53959.0,167418000.0
382900,22900.0,1310000000.0,23450.0,23450.0,22500.0,57207.0,2081296000.0
053300,5060.0,589000000.0,5150.0,5150.0,4975.0,117413.0,
014940,4380.0,516000000.0,4500.0,4500.0,4330.0,117889.0,
049430,21950.0,243000000.0,22400.0,22600.0,21800.0,11044.0,
061090,36300.0,247000000.0,36800.0,36800.0,35500.0,6860.0,112874000.00000001
199430,17720.0,1047000000.0,18220.0,18350.0,17010.0,58804.0,2618481000.0
217730,2100.0,226000000.0,2125.0,2135.0,2075.0,107673.0,
314930,6590.0,131000000.0,6520.0,6680.0,6460.0,20025.0,76538000.0
083310,11010.0,629000000.0,10810.0,11030.0,10590.0,58089.0,
293780,6900.0,481000000.0,6800.0,6930.0,6490.0,71049.0,
308430,14970.0,3315000000.0,16870.0,16870.0,14800.0,210131.0,16010068999.999998
086670,19390.0,639000000.0,19490.0,19550.0,19150.0,33030.0,
080720,2410.0,0.0,0.0,0.0,0.0,0.0,
042420,23250.0,140000000.0,23000.0,23700.0,23000.0,5969.0,
034810,5990.0,142000000.0,5980.0,6000.0,5880.0,23939.0,
036560,12010.0,39000000.0,12110.0,12200.0,11980.0,3209.0,
464080,10430.0,1186000000.0,10100.0,10440.0,9960.0,115462.0,
016790,994.0,0.0,0.0,0.0,0.0,0.0,
143240,17450.0,160000000.0,17500.0,17580.0,17340.0,9121.0,
052330,10500.0,31000000.0,10480.0,10520.0,10360.0,2935.0,
123330,23400.0,2984000000.0,24000.0,24100.0,23100.0,127890.0,
013120,2050.0,155000000.0,2085.0,2105.0,2030.0,75398.0,
084850,8190.0,108000000.0,8050.0,8230.0,7950.0,13343.0,65713000.0
194700,10150.0,248000000.0,10330.0,10480.0,10100.0,24359.0,196592000.0
066620,24650.0,84000000.0,25050.0,25100.0,24450.0,3390.0,
126600,2945.0,89000000.0,3020.0,3020.0,2925.0,30106.0,
304100,14630.0,735000000.0,14820.0,15020.0,14540.0,50100.0,725189000.0
417030,31750.0,7429000000.0,33100.0,33750.0,30800.0,233935.0,
192440,29500.0,103000000.0,30400.0,30900.0,29450.0,3473.0,
452450,5070.0,1639000000.0,5120.0,5260.0,4925.0,323580.0,
484810,11820.0,944000000.0,12290.0,12290.0,11620.0,79895.0,
388050,9760.0,2891000000.0,9890.0,9920.0,9520.0,299725.0,
024060,12140.0,14488000000.0,12630.0,12700.0,12010.0,1175011.0,
041920,9760.0,993000000.0,9460.0,9820.0,9310.0,103374.0,
102940,13850.0,511000000.0,14230.0,14270.0,13730.0,36820.0,352270000.0
083930,12350.0,397000000.0,12280.0,12430.0,12190.0,32238.0,
214180,13890.0,213000000.0,14020.0,14020.0,13720.0,15424.0,
403850,12570.0,508000000.0,12310.0,12600.0,12120.0,40737.0,435659000.0
419530,17590.0,382000000.0,17430.0,17690.0,17300.0,21828.0,232649000.00000003
230240,13480.0,1027000000.0,13590.0,13590.0,13200.0,76630.0,
068790,8020.0,286000000.0,7940.0,8150.0,7900.0,35720.0,
005160,3260.0,1055000000.0,3485.0,3550.0,3260.0,312915.0,
274090,12720.0,5588000000.0,12640.0,12850.0,12000.0,453011.0,
149950,12760.0,2085000000.0,11700.0,12780.0,11550.0,169330.0,
138610,15330.0,238000000.0,15310.0,15410.0,15040.0,15638.0,295568000.0
405100,14160.0,213000000.0,14410.0,14440.0,14030.0,15008.0,
108380,18180.0,409000000.0,18270.0,18270.0,17830.0,22730.0,98344000.0
194480,14290.0,414000000.0,14520.0,14600.0,14140.0,29048.0,148358000.0
094820,11530.0,701000000.0,11810.0,11830.0,11430.0,60767.0,
318060,15510.0,693000000.0,15770.0,15990.0,15210.0,45099.0,
220100,6700.0,756000000.0,6900.0,6900.0,6460.0,114699.0,1098141000.0
260970,59700.0,1136000000.0,57100.0,60900.0,56200.0,19136.0,
122990,6720.0,355000000.0,6560.0,6720.0,6560.0,53256.0,
163730,13500.0,2496000000.0,14160.0,14160.0,13110.0,184590.0,
046120,5090.0,2791000000.0,5440.0,5440.0,5020.0,543904.0,
0015G0,14680.0,951000000.0,15160.0,15530.0,13800.0,65479.0,
263860,18920.0,4967000000.0,20500.0,20650.0,18600.0,256569.0,
255220,1137.0,2675000000.0,1135.0,1160.0,1080.0,2384513.0,
092130,14210.0,35000000.0,14200.0,14440.0,14120.0,2460.0,
039860,4485.0,1323000000.0,4475.0,4550.0,4360.0,298101.0,
086820,6590.0,334000000.0,6790.0,6800.0,6430.0,51146.0,
143160,15940.0,43000000.0,15970.0,15970.0,15740.0,2695.0,
039830,15860.0,529000000.0,16000.0,16160.0,15670.0,33140.0,
489460,11570.0,261000000.0,11790.0,11990.0,11420.0,22445.0,
052260,5670.0,78235000000.0,4535.0,5670.0,4260.0,15372231.0,
382800,5340.0,2509000000.0,5240.0,5360.0,5170.0,476064.0,
270660,13390.0,315000000.0,13590.0,13640.0,13160.0,23680.0,726890000.0
082800,2785.0,223000000.0,2825.0,2825.0,2765.0,80094.0,
054210,6670.0,664000000.0,6770.0,6770.0,6530.0,100555.0,
051160,12480.0,2646000000.0,13100.0,13400.0,12230.0,209130.0,
488280,15500.0,7966000000.0,15500.0,15880.0,15310.0,509548.0,23265010000.0
012860,2290.0,526000000.0,2325.0,2325.0,2265.0,230568.0,
104480,1841.0,170000000.0,1845.0,1868.0,1782.0,93015.0,
245620,741.0,0.0,0.0,0.0,0.0,0.0,
264450,11370.0,1021000000.0,11310.0,11660.0,11120.0,89359.0,
119610,14590.0,171000000.0,14750.0,15130.0,14420.0,11741.0,
234690,9270.0,932000000.0,9550.0,9570.0,9140.0,100116.0,
199820,7490.0,521000000.0,7650.0,7650.0,7380.0,69704.0,
357550,30500.0,79000000.0,30250.0,30650.0,29300.0,2626.0,25262000.0
038390,9930.0,35000000.0,9960.0,10060.0,9930.0,3497.0,
264850,5480.0,776000000.0,5680.0,5700.0,5390.0,140301.0,
032620,3180.0,164000000.0,3195.0,3195.0,3135.0,52065.0,
067290,2945.0,10808000000.0,3170.0,3170.0,2910.0,3642544.0,
119830,6190.0,442000000.0,6160.0,6230.0,6070.0,71803.0,
123410,5900.0,263000000.0,6100.0,6100.0,5850.0,44468.0,
355150,21050.0,1262000000.0,20050.0,21100.0,20000.0,60966.0,
126700,10970.0,249000000.0,10970.0,11100.0,10670.0,22968.0,
036170,2670.0,232000000.0,2710.0,2740.0,2600.0,86950.0,
0082N0,12290.0,267000000.0,12060.0,12300.0,11910.0,22045.0,
187870,11760.0,1190000000.0,11220.0,11760.0,11000.0,103275.0,
204610,2915.0,152000000.0,2920.0,2960.0,2865.0,52663.0,
049630,6950.0,1076000000.0,7100.0,7100.0,6830.0,155233.0,
950140,8170.0,16000000.0,8250.0,8250.0,8080.0,1909.0,
475040,3005.0,1087000000.0,3100.0,3195.0,2985.0,357849.0,
032940,8850.0,1971000000.0,8910.0,9070.0,8720.0,222326.0,
051370,6890.0,1656000000.0,7250.0,7250.0,6800.0,237510.0,
478340,13800.0,9319000000.0,13800.0,13830.0,12900.0,699182.0,
013990,4865.0,139000000.0,4880.0,4885.0,4830.0,28558.0,
289080,2660.0,1531000000.0,2745.0,2745.0,2620.0,575393.0,
093190,8300.0,23000000.0,8470.0,8470.0,8270.0,2757.0,
066410,1153.0,0.0,0.0,0.0,0.0,0.0,
123860,13160.0,80000000.0,13200.0,13200.0,13020.0,6122.0,
072870,13370.0,172000000.0,13250.0,13390.0,13220.0,12932.0,
088800,2110.0,251000000.0,2130.0,2185.0,2085.0,118206.0,
134580,3220.0,541000000.0,3290.0,3460.0,3115.0,166301.0,
402030,12610.0,136000000.0,13100.0,13100.0,12490.0,10803.0,105728000.0
023910,26300.0,145000000.0,25700.0,26300.0,25700.0,5620.0,
388790,5140.0,993000000.0,5070.0,5170.0,5040.0,194624.0,
086890,3850.0,449000000.0,3740.0,3860.0,3695.0,119404.0,
080160,8300.0,304000000.0,8310.0,8470.0,8250.0,36652.0,
118990,6390.0,306000000.0,6680.0,6680.0,6280.0,47173.0,
0039P0,8320.0,25296000000.0,8950.0,9120.0,8220.0,2922785.0,
445180,9100.0,356000000.0,9100.0,9220.0,8830.0,39398.0,
024800,4440.0,57000000.0,4480.0,4540.0,4330.0,12942.0,
092070,13490.0,322000000.0,13220.0,13600.0,13080.0,24010.0,
372170,19550.0,269000000.0,20100.0,20150.0,19370.0,13689.0,119782000.00000001
950250,4355.0,35706000000.0,3355.0,4355.0,3245.0,8741462.0,
011040,5040.0,62000000.0,5030.0,5060.0,4990.0,12330.0,
067280,26150.0,226000000.0,26200.0,26350.0,25850.0,8653.0,
474650,26800.0,356000000.0,26700.0,26950.0,25850.0,13538.0,
054450,10170.0,439000000.0,10130.0,10170.0,9960.0,43590.0,
226590,14360.0,501000000.0,13870.0,14390.0,13610.0,35662.0,
041020,3090.0,725000000.0,3115.0,3245.0,3030.0,234264.0,
041520,12590.0,94000000.0,12430.0,12630.0,12360.0,7507.0,
418550,4775.0,180000000.0,4900.0,4965.0,4765.0,37321.0,
432720,10760.0,724000000.0,10520.0,10760.0,10330.0,68250.0,
387690,19930.0,41842000000.0,23000.0,23050.0,19300.0,2045682.0,
054800,14680.0,26000000.0,14910.0,14910.0,14350.0,1813.0,
251370,8400.0,1584000000.0,7950.0,8450.0,7890.0,192794.0,
078070,8850.0,124000000.0,8770.0,8870.0,8610.0,14218.0,
007330,10000.0,39000000.0,10000.0,10000.0,9960.0,3928.0,
093640,4585.0,768000000.0,4640.0,5100.0,4585.0,161400.0,
222040,7270.0,682000000.0,7470.0,7470.0,7200.0,93708.0,
489500,23250.0,255000000.0,23250.0,23500.0,22650.0,11020.0,
179290,4590.0,68000000.0,4620.0,4635.0,4535.0,14845.0,
267320,2580.0,34137000000.0,2210.0,2825.0,2170.0,12921162.0,
452190,6190.0,146712000000.0,5410.0,6690.0,5180.0,23458408.0,
084990,3210.0,290000000.0,3195.0,3260.0,3115.0,90693.0,
300080,8930.0,348000000.0,8740.0,8950.0,8530.0,39749.0,289490000.0
0007C0,18380.0,8365000000.0,19420.0,21200.0,18060.0,421930.0,
413630,4050.0,1853000000.0,4170.0,4200.0,3975.0,457109.0,
046440,4050.0,153000000.0,4070.0,4070.0,4025.0,37941.0,
148150,4130.0,133000000.0,4160.0,4210.0,4060.0,32306.0,
396300,5520.0,14061000000.0,5950.0,6000.0,5450.0,2474769.0,
042600,11720.0,68000000.0,11720.0,11740.0,11420.0,5855.0,
065660,14520.0,135000000.0,14690.0,14710.0,14110.0,9333.0,44599000.0
023600,9060.0,16000000.0,9110.0,9200.0,9020.0,1801.0,
005990,10840.0,3000000.0,10900.0,10900.0,10700.0,317.0,
069510,13210.0,53000000.0,13290.0,13490.0,13180.0,3994.0,
205500,1720.0,157000000.0,1716.0,1760.0,1693.0,91523.0,
052860,7960.0,1117000000.0,7620.0,8220.0,7460.0,139872.0,
048870,1608.0,431000000.0,1578.0,1609.0,1545.0,274214.0,
049960,14990.0,85000000.0,15000.0,15140.0,14870.0,5653.0,
089600,12340.0,49000000.0,12400.0,12440.0,12190.0,4007.0,
264660,14420.0,1117000000.0,13570.0,14430.0,13540.0,78995.0,
220260,4365.0,1050000000.0,4455.0,4475.0,4300.0,240964.0,
147830,6990.0,813000000.0,7090.0,7090.0,6880.0,117006.0,
115310,9400.0,7000000.0,9380.0,9540.0,9300.0,765.0,
322310,14860.0,1256000000.0,13940.0,14870.0,13940.0,86627.0,
469610,15530.0,776000000.0,15190.0,15620.0,15100.0,50270.0,370156000.0
102120,7800.0,769000000.0,7580.0,7820.0,7320.0,99842.0,
228850,8340.0,806000000.0,7860.0,8400.0,7680.0,99187.0,
101970,9320.0,39000000.0,9500.0,9500.0,9200.0,4222.0,
035610,5020.0,63000000.0,5020.0,5110.0,4945.0,12533.0,
212560,10150.0,1194000000.0,10570.0,10780.0,9960.0,116569.0,
0015N0,10880.0,2721000000.0,11690.0,11690.0,10820.0,245347.0,
114840,8200.0,152000000.0,8210.0,8310.0,8150.0,18538.0,103536000.0
494120,8900.0,1380000000.0,9160.0,9160.0,8530.0,157279.0,3238449000.0
265740,7600.0,2106000000.0,7470.0,7650.0,7380.0,280510.0,
138360,1541.0,1086000000.0,1644.0,1644.0,1530.0,688182.0,
059120,7400.0,2003000000.0,7570.0,7630.0,7350.0,268532.0,
211270,8960.0,488000000.0,9200.0,9200.0,8770.0,54940.0,
003100,20450.0,264000000.0,20500.0,20500.0,20100.0,13067.0,
321550,4480.0,222000000.0,4520.0,4520.0,4415.0,49847.0,
060150,2950.0,233000000.0,2875.0,2970.0,2850.0,79552.0,
232680,10130.0,805000000.0,10320.0,10400.0,9920.0,79758.0,
101360,7540.0,272000000.0,7780.0,7830.0,7450.0,36009.0,140265000.0
156100,6000.0,848000000.0,5850.0,6080.0,5800.0,142982.0,
038290,12350.0,90000000.0,12370.0,12400.0,12100.0,7334.0,
0088M0,13530.0,2133000000.0,14160.0,14200.0,13260.0,156954.0,
142210,6430.0,1063000000.0,6280.0,6460.0,6240.0,167583.0,
037070,6670.0,268000000.0,6570.0,6670.0,6500.0,40812.0,
136540,10840.0,140000000.0,10940.0,10940.0,10770.0,12881.0,
105330,8290.0,170000000.0,8080.0,8290.0,7910.0,20878.0,
451760,8010.0,767000000.0,8290.0,8430.0,7900.0,95492.0,
417500,4030.0,289000000.0,3995.0,4035.0,3935.0,72302.0,
146320,10300.0,88000000.0,10500.0,10650.0,10060.0,8524.0,
140670,10240.0,450000000.0,10400.0,10530.0,10100.0,43943.0,
418420,4270.0,512000000.0,4260.0,4430.0,4205.0,119124.0,
322510,5100.0,558000000.0,5090.0,5230.0,4975.0,110016.0,
073010,3260.0,536000000.0,3375.0,3375.0,3205.0,164827.0,
158430,5350.0,4168000000.0,5750.0,5750.0,5260.0,773729.0,
049720,9150.0,187000000.0,9130.0,9190.0,9110.0,20380.0,
126640,3720.0,1317000000.0,3740.0,3765.0,3660.0,355771.0,
035080,11670.0,287000000.0,11790.0,11820.0,11380.0,24927.0,
054920,4620.0,2430000000.0,4850.0,4925.0,4585.0,515683.0,
001540,9960.0,299000000.0,10000.0,10040.0,9830.0,30268.0,
115500,10670.0,3011000000.0,11010.0,11010.0,10270.0,285813.0,
285490,12090.0,360000000.0,12240.0,12240.0,11980.0,29846.0,
240550,6080.0,1039000000.0,6310.0,6350.0,6020.0,168386.0,
402490,7510.0,3614000000.0,7150.0,7800.0,7100.0,479505.0,
079960,16740.0,286000000.0,16940.0,16980.0,16660.0,17104.0,
094840,12890.0,150000000.0,12970.0,12970.0,12560.0,11712.0,
080420,1585.0,7000000.0,1665.0,1665.0,1555.0,4447.0,
950190,9690.0,231000000.0,9720.0,9720.0,9450.0,24073.0,
457550,13510.0,419000000.0,13930.0,13930.0,13400.0,30930.0,
036690,2885.0,0.0,0.0,0.0,0.0,0.0,
047770,3320.0,2680000000.0,3450.0,3490.0,3285.0,798773.0,
474170,7040.0,323000000.0,6950.0,7150.0,6760.0,46438.0,
408920,2900.0,28000000.0,2895.0,2905.0,2840.0,9911.0,
039840,9310.0,320000000.0,9390.0,9500.0,9100.0,34607.0,150949000.0
361390,12800.0,207000000.0,12860.0,13100.0,12650.0,16181.0,
027710,1115.0,220000000.0,1130.0,1133.0,1106.0,197815.0,
297090,4555.0,475000000.0,4670.0,4715.0,4490.0,103141.0,
282880,10610.0,135000000.0,10710.0,10840.0,10530.0,12728.0,
042510,11150.0,7935000000.0,12100.0,12400.0,10840.0,682808.0,
053260,6610.0,2033000000.0,7000.0,7070.0,6480.0,306504.0,
338840,8030.0,135000000.0,8350.0,8350.0,8000.0,16724.0,146840000.0
115440,11450.0,10664000000.0,12070.0,12160.0,11190.0,920949.0,
021320,5750.0,58000000.0,6000.0,6000.0,5660.0,10122.0,
056090,1190.0,0.0,0.0,0.0,0.0,0.0,
307750,2275.0,172000000.0,2355.0,2355.0,2270.0,74698.0,
417010,6060.0,834000000.0,6330.0,6400.0,5980.0,136887.0,
095700,2675.0,275000000.0,2770.0,2770.0,2640.0,102476.0,
256940,6060.0,69000000.0,6220.0,6220.0,5960.0,11519.0,
293580,1279.0,250000000.0,1282.0,1306.0,1247.0,197331.0,
108230,3190.0,243000000.0,3200.0,3235.0,3160.0,75887.0,
071280,7900.0,502000000.0,7800.0,7970.0,7650.0,64759.0,
095190,1848.0,43000000.0,1841.0,1859.0,1816.0,23440.0,
351320,3880.0,560000000.0,3885.0,3925.0,3675.0,147815.0,
079650,6010.0,4865000000.0,6500.0,6630.0,6010.0,771359.0,
091440,3250.0,1043000000.0,3130.0,3250.0,3060.0,330998.0,
008830,6260.0,797000000.0,6210.0,6270.0,6140.0,128550.0,
331920,10670.0,707000000.0,10450.0,11000.0,9870.0,69123.0,
009780,6770.0,16000000.0,6740.0,6810.0,6720.0,2299.0,
321370,1681.0,5525000000.0,1803.0,1820.0,1658.0,3242794.0,
153890,9790.0,6114000000.0,10400.0,11280.0,9770.0,595070.0,
141000,9690.0,382000000.0,9420.0,9780.0,9420.0,39811.0,
041440,6550.0,448000000.0,6620.0,6670.0,6470.0,68424.0,
037350,7670.0,773000000.0,7390.0,7750.0,7390.0,101048.0,
338220,8320.0,21605000000.0,7700.0,8690.0,7350.0,2669672.0,37953511000.0
172670,12980.0,913000000.0,13110.0,13350.0,12660.0,70925.0,
041590,2370.0,0.0,0.0,0.0,0.0,0.0,
297890,1581.0,499000000.0,1570.0,1581.0,1520.0,321156.0,
166480,2180.0,98000000.0,2195.0,2250.0,2140.0,44742.0,
474610,7990.0,502000000.0,7890.0,7990.0,7610.0,64571.0,
049520,3730.0,122000000.0,3730.0,3735.0,3670.0,33104.0,
051980,1035.0,0.0,0.0,0.0,0.0,0.0,
443670,4780.0,1473000000.0,4910.0,4955.0,4740.0,306414.0,
336680,2925.0,63000000.0,2995.0,2995.0,2805.0,21463.0,
017510,7500.0,1247000000.0,7690.0,7770.0,7430.0,165558.0,
458650,7570.0,37000000.0,7600.0,7600.0,7420.0,4935.0,
290740,11290.0,737000000.0,11600.0,11600.0,11100.0,64980.0,
308080,5540.0,516000000.0,5800.0,5890.0,5450.0,92931.0,
053080,8730.0,392000000.0,9000.0,9280.0,8580.0,44698.0,
047310,3095.0,193000000.0,3100.0,3125.0,3050.0,62760.0,
054050,7050.0,37000000.0,7050.0,7070.0,7030.0,5311.0,
122450,2510.0,64000000.0,2575.0,2580.0,2490.0,25577.0,
473980,10310.0,119000000.0,10190.0,10430.0,10030.0,11690.0,58155000.0
067990,3840.0,164000000.0,3885.0,3900.0,3810.0,42633.0,
333430,3640.0,286000000.0,3765.0,3785.0,3610.0,78110.0,
090850,4975.0,161000000.0,4995.0,5020.0,4910.0,32590.0,
018120,16840.0,2000000.0,16990.0,16990.0,16640.0,138.0,
086980,1785.0,93000000.0,1801.0,1820.0,1775.0,52105.0,
083500,13390.0,889000000.0,13260.0,13390.0,12810.0,67863.0,
396470,6890.0,415000000.0,6850.0,6920.0,6740.0,60871.0,
259630,9070.0,493000000.0,9130.0,9210.0,8960.0,54513.0,
201490,3385.0,7335000000.0,3665.0,3700.0,3350.0,2120362.0,
051360,11810.0,46000000.0,11880.0,12040.0,11650.0,3883.0,29396000.0
101170,8150.0,339000000.0,8530.0,8530.0,8100.0,41191.0,
389020,15900.0,736000000.0,16050.0,16100.0,15590.0,46500.0,
063570,3210.0,44000000.0,3195.0,3245.0,3195.0,13742.0,
217820,2305.0,517000000.0,2375.0,2375.0,2275.0,223348.0,
072950,13540.0,13786000000.0,13720.0,14480.0,13100.0,1009916.0,
290720,2855.0,103000000.0,2960.0,2960.0,2800.0,36152.0,
0011A0,11650.0,2283000000.0,11830.0,11990.0,11110.0,198653.0,
261780,3755.0,3918000000.0,3690.0,3925.0,3460.0,1056954.0,
036630,7760.0,30000000.0,8310.0,8310.0,7760.0,3848.0,
040300,2270.0,383000000.0,2240.0,2320.0,2215.0,168218.0,
129920,6650.0,2577000000.0,6260.0,7000.0,6130.0,394161.0,
067900,5920.0,49000000.0,5840.0,5920.0,5840.0,8259.0,
334970,1382.0,129000000.0,1378.0,1384.0,1305.0,97746.0,
339950,2390.0,60000000.0,2400.0,2400.0,2350.0,25187.0,
242040,3100.0,1370000000.0,3330.0,3330.0,3050.0,435468.0,
039340,4870.0,1000000.0,4875.0,4875.0,4835.0,261.0,
120240,14890.0,106000000.0,14880.0,14890.0,14660.0,7193.0,
217270,2340.0,170000000.0,2375.0,2400.0,2330.0,72127.0,
299030,13350.0,231000000.0,13920.0,13920.0,13100.0,17374.0,85413000.0
311320,8440.0,108000000.0,8250.0,8440.0,8110.0,13018.0,
310200,2040.0,1553000000.0,1925.0,2105.0,1901.0,767399.0,
039560,2475.0,333000000.0,2545.0,2545.0,2425.0,135135.0,
0007J0,13440.0,1495000000.0,14300.0,14300.0,13440.0,107812.0,
182360,6800.0,116000000.0,6790.0,6870.0,6630.0,17166.0,
073560,1520.0,219000000.0,1520.0,1530.0,1508.0,144952.0,
289930,8000.0,363000000.0,8100.0,8130.0,7700.0,45890.0,
130580,6830.0,84000000.0,6940.0,6940.0,6790.0,12202.0,
106190,9890.0,116000000.0,10030.0,10040.0,9790.0,11763.0,
394420,9540.0,305000000.0,9680.0,9730.0,9300.0,32149.0,
475230,9610.0,647000000.0,10140.0,10140.0,9590.0,67085.0,
109740,4065.0,35000000.0,3965.0,4160.0,3965.0,8602.0,
255440,7980.0,906000000.0,7720.0,8200.0,7630.0,112908.0,
131030,5900.0,76000000.0,5830.0,5950.0,5790.0,12862.0,
053350,4725.0,170000000.0,4800.0,4925.0,4660.0,35959.0,
038540,1877.0,23000000.0,1924.0,1939.0,1876.0,12300.0,
209640,3650.0,1702000000.0,3830.0,3835.0,3585.0,465190.0,
053700,3860.0,251000000.0,3890.0,3930.0,3825.0,65149.0,
175250,1669.0,87000000.0,1680.0,1710.0,1630.0,52003.0,
366030,4545.0,279000000.0,4640.0,4680.0,4445.0,61976.0,
217190,7820.0,1679000000.0,7640.0,7900.0,7520.0,216968.0,
246710,2155.0,490000000.0,2215.0,2300.0,2140.0,224467.0,
123040,1640.0,54000000.0,1674.0,1674.0,1625.0,32910.0,
086960,2410.0,26065000000.0,2285.0,2620.0,2260.0,10559009.0,
099750,7470.0,9678000000.0,7650.0,8650.0,7410.0,1181086.0,
036010,7640.0,805000000.0,7300.0,7750.0,7230.0,107323.0,
048550,1050.0,174000000.0,1064.0,1071.0,1039.0,166150.0,
125210,6130.0,362000000.0,6200.0,6230.0,6020.0,59471.0,
411080,6610.0,4609000000.0,6720.0,6820.0,6280.0,696137.0,
173130,7730.0,613000000.0,7660.0,7730.0,7560.0,80223.0,
306620,2100.0,1478000000.0,2020.0,2155.0,2010.0,706010.0,
100700,2295.0,98000000.0,2330.0,2330.0,2285.0,42899.0,
493330,12500.0,487000000.0,11600.0,12500.0,11600.0,39823.0,
063170,5650.0,62000000.0,5710.0,5740.0,5520.0,11042.0,
419050,1752.0,4347000000.0,1852.0,1870.0,1724.0,2440652.0,
475580,7350.0,508000000.0,7470.0,7470.0,7170.0,69772.0,
235980,2910.0,166000000.0,2865.0,2940.0,2790.0,57477.0,
309960,4290.0,166000000.0,4255.0,4290.0,4205.0,39115.0,
246720,6070.0,0.0,0.0,0.0,0.0,0.0,
250060,3090.0,1271000000.0,3080.0,3380.0,3005.0,405536.0,
059210,3650.0,143000000.0,3700.0,3820.0,3630.0,38814.0,
323990,4260.0,260000000.0,4395.0,4395.0,4225.0,60981.0,
453450,12460.0,245000000.0,12900.0,12900.0,12400.0,19686.0,
021080,2060.0,250000000.0,2080.0,2090.0,2045.0,121380.0,
357880,1824.0,625000000.0,1899.0,1899.0,1815.0,340248.0,
352090,3670.0,248000000.0,3625.0,3680.0,3600.0,68137.0,
198440,1617.0,1322000000.0,1693.0,1745.0,1547.0,797765.0,
307930,6310.0,106000000.0,6390.0,6430.0,6190.0,16945.0,
006620,3455.0,107000000.0,3525.0,3530.0,3445.0,30982.0,
189330,10460.0,1363000000.0,10930.0,10940.0,10240.0,129949.0,
088130,5610.0,129000000.0,5600.0,5690.0,5520.0,23183.0,
298540,6760.0,75000000.0,6650.0,6770.0,6460.0,11465.0,
109670,16730.0,1845000000.0,16730.0,16730.0,16730.0,110303.0,
205100,1442.0,483000000.0,1428.0,1445.0,1408.0,336996.0,
066790,2205.0,0.0,0.0,0.0,0.0,0.0,
068240,2530.0,0.0,0.0,0.0,0.0,0.0,
303810,3000.0,14386000000.0,3370.0,3505.0,2980.0,4442789.0,
049950,10840.0,205000000.0,10610.0,10840.0,10450.0,19254.0,
091120,5550.0,212000000.0,5470.0,5600.0,5300.0,39049.0,
246960,2795.0,946000000.0,2920.0,2920.0,2580.0,348642.0,
002230,5160.0,127000000.0,5150.0,5160.0,5020.0,25069.0,
074430,1063.0,50000000.0,1077.0,1086.0,1059.0,46783.0,
017650,10800.0,0.0,0.0,0.0,0.0,0.0,
317770,2560.0,171000000.0,2585.0,2615.0,2520.0,67252.0,
045970,3595.0,121000000.0,3530.0,3610.0,3440.0,34097.0,
105740,9300.0,5749000000.0,9620.0,9620.0,9100.0,619665.0,
330350,7160.0,444000000.0,7260.0,7340.0,7000.0,62480.0,
037030,3695.0,792000000.0,3735.0,3735.0,3540.0,218676.0,
042500,4220.0,122000000.0,4225.0,4245.0,4180.0,28883.0,
380550,7680.0,1493000000.0,8020.0,8280.0,7420.0,193143.0,
052420,9580.0,118000000.0,9850.0,9850.0,9540.0,12230.0,
457370,11530.0,75883000000.0,10880.0,12840.0,10830.0,6257669.0,
005860,2355.0,506000000.0,2355.0,2400.0,2335.0,214860.0,
053580,7130.0,84000000.0,7130.0,7160.0,7000.0,11950.0,
052460,6320.0,1469000000.0,6020.0,6440.0,5960.0,236678.0,
036220,6440.0,420000000.0,6620.0,6670.0,6380.0,64682.0,
040420,5830.0,60000000.0,5840.0,5870.0,5820.0,10274.0,
109610,1864.0,71000000.0,1879.0,1891.0,1845.0,38130.0,
187790,2950.0,267000000.0,2980.0,3000.0,2915.0,90366.0,
048910,7220.0,387000000.0,7030.0,7220.0,6950.0,54215.0,
234030,3845.0,16751000000.0,3355.0,4095.0,3300.0,4328952.0,
900260,1968.0,45000000.0,1919.0,1968.0,1829.0,24078.0,
439580,2670.0,2834000000.0,2825.0,2910.0,2600.0,1046501.0,
065450,3060.0,20122000000.0,2950.0,3275.0,2920.0,6463835.0,
023900,7160.0,42000000.0,7200.0,7350.0,7100.0,5881.0,
348350,9200.0,58000000.0,9330.0,9380.0,9020.0,6313.0,
062970,2980.0,2593000000.0,2945.0,3050.0,2885.0,878741.0,
282720,7390.0,188000000.0,7570.0,7570.0,7150.0,25952.0,
093920,4805.0,53000000.0,4860.0,4860.0,4740.0,11120.0,
047560,7600.0,151000000.0,7790.0,7790.0,7460.0,19928.0,
033560,5220.0,235000000.0,4830.0,5230.0,4720.0,46485.0,
307870,1200.0,329000000.0,1252.0,1253.0,1195.0,271362.0,
014950,8850.0,16426000000.0,10190.0,10230.0,8760.0,1769592.0,
362320,4300.0,276000000.0,4345.0,4425.0,4235.0,63453.0,
009300,13960.0,6000000.0,14200.0,14240.0,13680.0,445.0,
013310,2290.0,75000000.0,2285.0,2305.0,2265.0,32983.0,
066590,2295.0,71000000.0,2310.0,2310.0,2280.0,30733.0,
357230,2140.0,46000000.0,2170.0,2175.0,2115.0,21294.0,
432470,10060.0,2050000000.0,10150.0,10840.0,9900.0,196477.0,
389030,2230.0,885000000.0,2320.0,2435.0,2170.0,385397.0,
048530,2830.0,107000000.0,2895.0,2895.0,2800.0,37791.0,
322180,4065.0,139000000.0,4140.0,4140.0,4005.0,34469.0,
162300,2105.0,817000000.0,2170.0,2200.0,2070.0,388405.0,
052900,1138.0,471000000.0,1116.0,1141.0,1112.0,419017.0,
234300,3205.0,333000000.0,3080.0,3205.0,3060.0,105735.0,
412350,5970.0,1952000000.0,6020.0,6210.0,5800.0,326845.0,
192410,3455.0,207000000.0,3610.0,3715.0,3350.0,59572.0,
096240,8420.0,37000000.0,8460.0,8480.0,8360.0,4449.0,
078140,7750.0,372000000.0,8100.0,8250.0,7670.0,46958.0,
100130,1502.0,706000000.0,1541.0,1556.0,1490.0,464541.0,
004650,9290.0,31000000.0,9320.0,9320.0,9260.0,3346.0,
054540,6550.0,322000000.0,6680.0,6690.0,6470.0,49277.0,
033290,1515.0,15000000.0,1529.0,1529.0,1508.0,10162.0,
357580,7190.0,721000000.0,7090.0,7300.0,6930.0,101643.0,
263720,6880.0,37000000.0,6810.0,6940.0,6810.0,5468.0,
072020,9100.0,25000000.0,9220.0,9220.0,9080.0,2748.0,
223250,3415.0,948000000.0,3465.0,3465.0,3300.0,280726.0,
049180,1009.0,0.0,0.0,0.0,0.0,0.0,
330730,4605.0,79000000.0,4630.0,4660.0,4530.0,17294.0,
183490,990.0,0.0,0.0,0.0,0.0,0.0,
478560,3235.0,402000000.0,3245.0,3455.0,3155.0,121321.0,
044990,10870.0,78000000.0,10950.0,11270.0,10730.0,7256.0,
066700,2245.0,586000000.0,2200.0,2400.0,2170.0,256580.0,
140070,2255.0,156000000.0,2210.0,2265.0,2165.0,70437.0,
085670,3400.0,2931000000.0,3425.0,3690.0,3360.0,832354.0,
086710,6820.0,24000000.0,6900.0,6900.0,6670.0,3522.0,
185490,1923.0,68000000.0,1994.0,1994.0,1919.0,35225.0,
094860,1562.0,175000000.0,1586.0,1586.0,1510.0,112856.0,
101330,3580.0,58000000.0,3595.0,3595.0,3490.0,16577.0,
251120,9520.0,167000000.0,9500.0,9640.0,9330.0,17589.0,
029480,1386.0,58000000.0,1419.0,1419.0,1369.0,42199.0,
063080,12470.0,62000000.0,12560.0,12600.0,12240.0,5010.0,
038110,1994.0,131000000.0,2015.0,2050.0,1993.0,65305.0,
058820,553.0,281000000.0,541.0,557.0,537.0,513332.0,
025950,9740.0,117000000.0,9990.0,9990.0,9730.0,11948.0,
215100,4020.0,173000000.0,4070.0,4075.0,3970.0,43268.0,
037760,2400.0,38000000.0,2350.0,2400.0,2350.0,15892.0,
137950,3645.0,117000000.0,3765.0,3765.0,3570.0,32265.0,
412540,3935.0,0.0,0.0,0.0,0.0,0.0,
036640,4950.0,74000000.0,4965.0,5010.0,4940.0,14931.0,
147760,4040.0,517000000.0,3950.0,4040.0,3780.0,132412.0,
226400,3900.0,1393000000.0,4030.0,4030.0,3780.0,361833.0,
302550,2660.0,54000000.0,2660.0,2670.0,2600.0,20387.0,
066430,2055.0,471000000.0,2150.0,2150.0,2040.0,227237.0,
089230,2040.0,203000000.0,2060.0,2110.0,1995.0,98597.0,
0117P0,5670.0,369000000.0,5640.0,5820.0,5610.0,64764.0,
067000,1148.0,58000000.0,1117.0,1149.0,1117.0,51324.0,
418470,9360.0,198000000.0,9460.0,9610.0,9270.0,21163.0,
078890,4350.0,193000000.0,4350.0,4480.0,4270.0,44671.0,
007820,3425.0,244000000.0,3445.0,3465.0,3360.0,71622.0,
049080,9410.0,1584000000.0,9710.0,9710.0,9150.0,167917.0,
294630,3010.0,324000000.0,3080.0,3080.0,2980.0,107790.0,
100590,4645.0,1534000000.0,4860.0,4860.0,4550.0,330680.0,
149980,4615.0,72000000.0,4660.0,4660.0,4410.0,16017.0,
032540,3790.0,26000000.0,3790.0,3800.0,3750.0,7008.0,
032300,7260.0,35000000.0,7470.0,7470.0,7180.0,4772.0,
475430,4415.0,291000000.0,4400.0,4430.0,4325.0,66485.0,
131370,1477.0,64000000.0,1460.0,1488.0,1460.0,43566.0,
058400,5940.0,120000000.0,5840.0,6000.0,5800.0,20329.0,
066980,1460.0,231000000.0,1490.0,1509.0,1438.0,157586.0,
047820,3210.0,27000000.0,3215.0,3215.0,3185.0,8515.0,
004590,5220.0,91000000.0,5360.0,5360.0,5210.0,17276.0,
0015S0,7900.0,449000000.0,8200.0,8360.0,7830.0,55970.0,
323350,9710.0,1088000000.0,9740.0,9920.0,8770.0,116389.0,
054670,5410.0,38000000.0,5480.0,5480.0,5370.0,7082.0,
000440,12440.0,165000000.0,12480.0,12490.0,12180.0,13413.0,
102370,2990.0,142000000.0,3080.0,3080.0,2910.0,47767.0,
381620,5880.0,146000000.0,6100.0,6100.0,5860.0,24803.0,
024880,3865.0,300000000.0,3895.0,3895.0,3805.0,78163.0,
389140,5390.0,659000000.0,5700.0,5760.0,5300.0,117681.0,
365330,1533.0,232000000.0,1551.0,1585.0,1520.0,151383.0,
083790,998.0,142000000.0,953.0,1013.0,939.0,143626.0,
088390,8140.0,34000000.0,8050.0,8170.0,7920.0,4138.0,
950130,2170.0,118000000.0,2185.0,2300.0,2140.0,54245.0,
331380,2065.0,19000000.0,2175.0,2175.0,1993.0,9349.0,
225530,2100.0,7000000.0,2110.0,2110.0,2060.0,3427.0,
073640,654.0,0.0,0.0,0.0,0.0,0.0,
382840,4980.0,84000000.0,5060.0,5110.0,4920.0,16911.0,
030960,4750.0,96000000.0,4870.0,4900.0,4750.0,20014.0,
124560,1960.0,25000000.0,1947.0,1970.0,1920.0,12697.0,
041930,4990.0,121000000.0,4975.0,5000.0,4910.0,24608.0,
066310,8180.0,261000000.0,8280.0,8320.0,7990.0,32251.0,
0017J0,2510.0,429000000.0,2555.0,2585.0,2475.0,171754.0,
396270,2300.0,439000000.0,2295.0,2360.0,2255.0,190170.0,
012700,2905.0,7000000.0,2925.0,2925.0,2880.0,2433.0,
079810,3505.0,68000000.0,3550.0,3590.0,3500.0,19294.0,
142280,3145.0,574000000.0,3240.0,3240.0,3100.0,182076.0,
091590,6400.0,2841000000.0,6300.0,6710.0,6170.0,440028.0,
060570,5040.0,15000000.0,4925.0,5040.0,4805.0,3039.0,
080010,7590.0,15000000.0,7350.0,7600.0,7250.0,1981.0,
011320,3860.0,49000000.0,3880.0,3880.0,3795.0,12742.0,
019550,924.0,203000000.0,940.0,940.0,905.0,221405.0,
040160,6250.0,52000000.0,6410.0,6590.0,6250.0,8287.0,
040910,4080.0,34000000.0,4065.0,4125.0,3980.0,8398.0,
208370,2880.0,16395000000.0,2800.0,3100.0,2615.0,5643089.0,
371950,3145.0,152000000.0,3150.0,3190.0,3025.0,49120.0,
123010,3665.0,1312000000.0,3560.0,3680.0,3330.0,373283.0,
060590,3060.0,123000000.0,3050.0,3075.0,3010.0,40345.0,
084730,6660.0,39000000.0,6680.0,6680.0,6460.0,5974.0,
303360,5740.0,2388000000.0,5220.0,5940.0,5160.0,416874.0,
388870,5710.0,329000000.0,6000.0,6050.0,5640.0,56368.0,
208140,2260.0,42000000.0,2265.0,2280.0,2230.0,18542.0,
168330,2320.0,17000000.0,2350.0,2350.0,2270.0,7160.0,
253840,4395.0,525000000.0,4550.0,4555.0,4380.0,117841.0,
011370,3645.0,62000000.0,3720.0,3720.0,3635.0,16850.0,
487580,2920.0,383000000.0,2975.0,3010.0,2910.0,130344.0,
360070,8970.0,82000000.0,9300.0,9300.0,8960.0,9052.0,
320000,10620.0,1102000000.0,10230.0,10760.0,10230.0,104272.0,
263800,4525.0,422000000.0,4580.0,4590.0,4470.0,93472.0,
012790,6120.0,8000000.0,6120.0,6130.0,6080.0,1389.0,
058630,3905.0,202000000.0,3960.0,3960.0,3875.0,51776.0,
170030,4760.0,33000000.0,4750.0,4785.0,4735.0,6890.0,
451250,7130.0,47000000.0,7210.0,7240.0,7120.0,6596.0,
065510,6700.0,88000000.0,6720.0,6720.0,6630.0,13212.0,
017480,4715.0,89000000.0,4775.0,4775.0,4690.0,18923.0,
020710,3630.0,466000000.0,3725.0,3725.0,3580.0,128537.0,
347890,4275.0,36000000.0,4260.0,4350.0,4205.0,8449.0,
302430,7400.0,1350000000.0,7450.0,7800.0,7300.0,178898.0,
041910,5460.0,95000000.0,5600.0,5600.0,5450.0,17314.0,
171120,2015.0,17000000.0,2015.0,2015.0,1992.0,8555.0,
038680,3630.0,147000000.0,3730.0,3750.0,3595.0,40514.0,
228340,3600.0,1707000000.0,3770.0,3960.0,3580.0,460872.0,
377480,10110.0,287000000.0,10300.0,10300.0,9990.0,28584.0,
234920,5310.0,0.0,0.0,0.0,0.0,0.0,
347000,1900.0,125000000.0,1899.0,1900.0,1818.0,67602.0,
282620,12250.0,842000000.0,12660.0,12780.0,12150.0,68174.0,
024740,2180.0,537000000.0,2250.0,2305.0,2135.0,243015.0,
053280,2845.0,29000000.0,2865.0,2865.0,2810.0,10406.0,
104040,2650.0,86000000.0,2630.0,2665.0,2550.0,33019.0,
054040,4420.0,46000000.0,4395.0,4465.0,4395.0,10450.0,
038460,2800.0,319000000.0,2815.0,2815.0,2710.0,116463.0,
090470,4045.0,81000000.0,4360.0,4360.0,4020.0,19880.0,
299660,2395.0,1564000000.0,2605.0,2605.0,2355.0,637803.0,
413390,6260.0,34000000.0,6400.0,6410.0,6020.0,5589.0,
332370,5320.0,2000000.0,5440.0,5440.0,5280.0,292.0,
039980,4895.0,350000000.0,5010.0,5010.0,4790.0,71546.0,
024830,8420.0,10000000.0,8400.0,8450.0,8340.0,1220.0,
104460,6680.0,18000000.0,6750.0,6840.0,6630.0,2702.0,
217330,3030.0,133000000.0,3185.0,3185.0,3015.0,43294.0,
107600,12400.0,262000000.0,13210.0,13210.0,12070.0,21230.0,
039010,8120.0,190000000.0,8390.0,8410.0,7930.0,23404.0,
128660,2820.0,61000000.0,2825.0,2830.0,2800.0,21548.0,
067170,2545.0,873000000.0,2505.0,2650.0,2420.0,342292.0,
212710,7190.0,458000000.0,7000.0,7250.0,6930.0,64705.0,
045660,8450.0,74000000.0,8410.0,8510.0,8380.0,8754.0,
048430,6050.0,275000000.0,6100.0,6210.0,5970.0,45466.0,
294140,2775.0,83000000.0,2665.0,2920.0,2625.0,30048.0,
110790,2950.0,30000000.0,3000.0,3000.0,2820.0,10505.0,
067570,1638.0,79000000.0,1660.0,1660.0,1620.0,48717.0,
337930,2375.0,100000000.0,2375.0,2440.0,2340.0,42077.0,
153710,4690.0,51000000.0,4735.0,4775.0,4465.0,11053.0,
032850,4135.0,256000000.0,4230.0,4230.0,4110.0,61699.0,
460940,5100.0,115000000.0,5150.0,5150.0,5010.0,22713.0,
277880,3450.0,46000000.0,3455.0,3535.0,3430.0,13398.0,
054620,3720.0,58000000.0,3720.0,3720.0,3620.0,15789.0,
076610,1122.0,750000000.0,1161.0,1168.0,1082.0,677057.0,
092040,965.0,220000000.0,1007.0,1007.0,950.0,228774.0,
417790,6510.0,39000000.0,6580.0,6600.0,6410.0,5984.0,
026150,3875.0,56000000.0,3915.0,3980.0,3835.0,14477.0,
096350,1843.0,184000000.0,1886.0,1886.0,1835.0,99168.0,
049550,3460.0,9000000.0,3400.0,3462.0,3382.0,2611.0,
117670,10180.0,295000000.0,10500.0,10610.0,10010.0,28902.0,
487400,6600.0,1692000000.0,7070.0,7070.0,6450.0,249573.0,
228670,4325.0,86000000.0,4470.0,4470.0,4315.0,19863.0,
019540,5000.0,89000000.0,5030.0,5030.0,4945.0,17958.0,
262260,4480.0,228000000.0,4740.0,4740.0,4465.0,50334.0,
040350,3385.0,466000000.0,3390.0,3445.0,3170.0,140903.0,
002800,4425.0,35000000.0,4435.0,4435.0,4380.0,7969.0,
214260,7520.0,25000000.0,7690.0,7690.0,7420.0,3280.0,
136150,8000.0,54000000.0,8070.0,8310.0,7980.0,6691.0,
010280,5140.0,90000000.0,5140.0,5160.0,5040.0,17715.0,
265560,6260.0,138000000.0,6350.0,6380.0,6180.0,22193.0,
451220,8490.0,156000000.0,8350.0,8570.0,8190.0,18629.0,
187420,2035.0,5426000000.0,2325.0,2500.0,2000.0,2480656.0,
109860,7300.0,36000000.0,7240.0,7340.0,7180.0,5019.0,
004780,4175.0,121000000.0,4225.0,4225.0,4130.0,29027.0,
123420,6380.0,119000000.0,6540.0,6540.0,6280.0,18688.0,
111710,3215.0,128000000.0,3225.0,3305.0,3165.0,39753.0,
100030,20150.0,28000000.0,20150.0,20450.0,20000.0,1402.0,
067370,5390.0,60000000.0,5390.0,5490.0,5300.0,11126.0,
0155E0,11990.0,3889000000.0,12900.0,12900.0,11950.0,318055.0,
006140,4420.0,100000000.0,4370.0,4475.0,4305.0,22893.0,
096250,5550.0,61000000.0,5670.0,5670.0,5400.0,11197.0,
318160,7020.0,115000000.0,6970.0,7040.0,6850.0,16538.0,
0004V0,5950.0,609000000.0,6110.0,6130.0,5890.0,102006.0,
137080,6110.0,51000000.0,6050.0,6180.0,6050.0,8309.0,
204840,4215.0,134000000.0,4430.0,4430.0,4165.0,31630.0,
048770,4155.0,980000000.0,4245.0,4255.0,4030.0,238649.0,
155650,3435.0,194000000.0,3405.0,3450.0,3365.0,56657.0,
417970,10180.0,42000000.0,10470.0,10470.0,10170.0,4113.0,
483350,2935.0,1029000000.0,3125.0,3125.0,2915.0,344730.0,
043610,1118.0,178000000.0,1137.0,1141.0,1108.0,159501.0,
061040,7180.0,52000000.0,7240.0,7260.0,7140.0,7245.0,
950220,1895.0,369000000.0,1980.0,1992.0,1878.0,193286.0,
347860,1526.0,190000000.0,1492.0,1542.0,1450.0,125933.0,
456070,5810.0,541000000.0,6100.0,6100.0,5760.0,92301.0,
033130,1723.0,18000000.0,1770.0,1770.0,1704.0,10527.0,
0218L0,12120.0,118000000.0,12430.0,12430.0,12000.0,9775.0,
222110,4725.0,12000000.0,4785.0,4870.0,4640.0,2487.0,
382480,1620.0,88000000.0,1617.0,1635.0,1580.0,55090.0,
097800,2335.0,157000000.0,2330.0,2440.0,2315.0,66416.0,
014970,4290.0,54000000.0,4350.0,4400.0,4280.0,12499.0,
067920,5770.0,57000000.0,5800.0,5810.0,5730.0,9945.0,
0156T0,8150.0,842000000.0,8540.0,8580.0,8090.0,102061.0,
205470,2560.0,53000000.0,2605.0,2620.0,2550.0,20505.0,
081150,2600.0,85000000.0,2600.0,2620.0,2550.0,33125.0,
039610,6030.0,206000000.0,6020.0,6100.0,5980.0,34113.0,
424960,3800.0,55000000.0,3760.0,3900.0,3730.0,14614.0,
001840,2215.0,0.0,0.0,0.0,0.0,0.0,
241790,6250.0,214000000.0,6250.0,6320.0,6150.0,34589.0,
043650,3500.0,149000000.0,3540.0,3540.0,3485.0,42535.0,
005670,6250.0,34000000.0,6200.0,6270.0,6160.0,5546.0,
291230,2600.0,53000000.0,2585.0,2600.0,2565.0,20392.0,
041460,3280.0,59000000.0,3340.0,3340.0,3275.0,17904.0,
294090,1490.0,0.0,0.0,0.0,0.0,0.0,
036000,2695.0,36000000.0,2735.0,2740.0,2660.0,13366.0,
089790,6010.0,486000000.0,6010.0,6080.0,5860.0,81924.0,
214270,1370.0,38000000.0,1395.0,1395.0,1357.0,27867.0,
095270,4310.0,141000000.0,4400.0,4400.0,4215.0,32338.0,
352910,4895.0,30000000.0,5100.0,5100.0,4800.0,6080.0,
214680,3700.0,197000000.0,3815.0,3875.0,3665.0,52999.0,
064240,1778.0,41000000.0,1810.0,1810.0,1767.0,23037.0,
331740,6320.0,237000000.0,6210.0,6780.0,6140.0,36880.0,
241690,2515.0,26000000.0,2555.0,2555.0,2460.0,10620.0,
463020,6830.0,288000000.0,7030.0,7030.0,6670.0,42551.0,
089850,4155.0,18000000.0,4275.0,4275.0,4135.0,4196.0,
008370,5100.0,60000000.0,5210.0,5210.0,5060.0,11700.0,
315640,2080.0,666000000.0,2205.0,2260.0,2065.0,313544.0,
094850,4360.0,24000000.0,4400.0,4400.0,4320.0,5429.0,
016250,12110.0,27000000.0,12010.0,12170.0,11880.0,2277.0,
203400,676.0,0.0,0.0,0.0,0.0,0.0,
065530,1273.0,217000000.0,1253.0,1299.0,1250.0,170230.0,
049470,2585.0,365000000.0,2770.0,2770.0,2560.0,138929.0,
127710,1379.0,25000000.0,1354.0,1390.0,1339.0,18623.0,
010240,5180.0,62000000.0,5220.0,5220.0,5170.0,11975.0,
039420,2640.0,21000000.0,2695.0,2700.0,2635.0,7830.0,
065170,2170.0,989000000.0,2285.0,2315.0,2155.0,445636.0,
221800,3710.0,73000000.0,3730.0,4080.0,3675.0,19539.0,
010470,5030.0,13000000.0,5060.0,5060.0,4980.0,2501.0,
049480,1916.0,200000000.0,1901.0,1919.0,1883.0,105705.0,
039020,2660.0,745000000.0,2600.0,2715.0,2570.0,282709.0,
126880,2590.0,56000000.0,2570.0,2600.0,2540.0,21892.0,
066670,3210.0,52000000.0,3150.0,3280.0,3150.0,15939.0,
278650,3440.0,10378000000.0,3680.0,4170.0,3410.0,2692881.0,
299170,1440.0,5312000000.0,1520.0,1578.0,1432.0,3554945.0,
122350,1556.0,1296000000.0,1621.0,1638.0,1520.0,831048.0,
216050,4890.0,20000000.0,4945.0,4985.0,4885.0,4101.0,
082210,1701.0,41000000.0,1746.0,1778.0,1692.0,23810.0,
033310,1486.0,43000000.0,1499.0,1499.0,1465.0,28704.0,
014470,1037.0,34000000.0,1063.0,1068.0,1037.0,32268.0,
056360,6020.0,780000000.0,6340.0,6340.0,5960.0,128153.0,
036090,1385.0,211000000.0,1390.0,1395.0,1361.0,153406.0,
460870,2930.0,99000000.0,2960.0,2965.0,2875.0,33990.0,
054300,1009.0,125000000.0,1011.0,1018.0,998.0,124207.0,
033320,3065.0,108000000.0,3065.0,3075.0,3030.0,35596.0,
191420,7220.0,23000000.0,7720.0,7720.0,7000.0,3209.0,
046210,1285.0,5090000000.0,1528.0,1600.0,1241.0,3513774.0,
950200,3035.0,203000000.0,3080.0,3085.0,2930.0,67660.0,
003310,1648.0,142000000.0,1654.0,1654.0,1625.0,86856.0,
053620,6780.0,12000000.0,6800.0,6830.0,6700.0,1720.0,
099520,1284.0,0.0,0.0,0.0,0.0,0.0,
036120,1653.0,39000000.0,1661.0,1663.0,1650.0,23675.0,
261520,5650.0,665000000.0,5140.0,5710.0,5010.0,120555.0,
059270,5200.0,119000000.0,5120.0,5240.0,5070.0,23118.0,
025550,2275.0,141000000.0,2285.0,2350.0,2230.0,62029.0,
448710,10960.0,95000000.0,10850.0,10960.0,10750.0,8788.0,
045340,6760.0,76000000.0,6850.0,6900.0,6700.0,11170.0,
104540,4315.0,10537000000.0,4060.0,4830.0,4015.0,2307913.0,
251630,3625.0,52000000.0,3555.0,3650.0,3465.0,14396.0,
263690,5100.0,54000000.0,5010.0,5150.0,5010.0,10503.0,
333620,5250.0,6214000000.0,5000.0,6000.0,5000.0,1107351.0,
037440,4140.0,401000000.0,4150.0,4280.0,4080.0,96937.0,
900300,2800.0,166000000.0,3115.0,3115.0,2760.0,59092.0,
291650,1881.0,36000000.0,1819.0,1917.0,1780.0,19570.0,
050960,8500.0,31000000.0,8400.0,8580.0,8400.0,3677.0,
060310,1081.0,52000000.0,1138.0,1138.0,1074.0,47630.0,
365660,4260.0,1626000000.0,4430.0,4435.0,4237.0,377410.0,
192250,8080.0,155000000.0,8130.0,8270.0,8030.0,19107.0,
175140,2280.0,18000000.0,2260.0,2340.0,2240.0,7787.0,
317530,3250.0,44000000.0,3275.0,3440.0,3175.0,13538.0,
053050,1890.0,106000000.0,1914.0,1914.0,1884.0,56037.0,
393210,3620.0,9638000000.0,3895.0,4280.0,3520.0,2469253.0,
007370,3995.0,8000000.0,4000.0,4010.0,3950.0,1912.0,
215360,6180.0,47000000.0,6140.0,6210.0,6060.0,7694.0,
273640,5140.0,46000000.0,5230.0,5290.0,5070.0,9024.0,
145170,3315.0,13189000000.0,2870.0,3550.0,2800.0,3954307.0,
081180,6350.0,1499000000.0,6420.0,7370.0,6300.0,219877.0,
238090,1824.0,34000000.0,1868.0,1868.0,1800.0,18957.0,
443250,5140.0,14000000.0,4905.0,5170.0,4905.0,2844.0,
420570,9500.0,177000000.0,9450.0,9510.0,9200.0,19039.0,
340930,806.0,0.0,0.0,0.0,0.0,0.0,
290660,1295.0,831000000.0,1416.0,1416.0,1287.0,626065.0,
179530,1838.0,514000000.0,1648.0,1960.0,1648.0,277450.0,
459550,2185.0,6985000000.0,2120.0,2355.0,2110.0,3103159.0,
036670,5090.0,20000000.0,5020.0,5090.0,5020.0,3858.0,
217480,499.0,0.0,0.0,0.0,0.0,0.0,
288180,7360.0,155000000.0,7710.0,7710.0,7200.0,21042.0,
033230,1076.0,204000000.0,1122.0,1122.0,1068.0,188551.0,
088280,3140.0,192000000.0,3140.0,3200.0,3095.0,61175.0,
391710,1274.0,75000000.0,1247.0,1280.0,1222.0,60221.0,
457600,3950.0,364000000.0,4400.0,4400.0,3850.0,91753.0,
435570,7090.0,26000000.0,6850.0,7160.0,6850.0,3708.0,
424980,9120.0,288000000.0,8550.0,9190.0,8540.0,32354.0,
263600,3370.0,29000000.0,3460.0,3460.0,3330.0,8547.0,
061250,6370.0,57000000.0,6490.0,6530.0,6310.0,8986.0,
040610,3145.0,99000000.0,3190.0,3195.0,3100.0,31690.0,
459100,3980.0,29000000.0,3880.0,3980.0,3880.0,7418.0,
053270,1950.0,47000000.0,1934.0,1951.0,1912.0,24615.0,
170790,8350.0,111000000.0,8480.0,8480.0,8190.0,13418.0,
024910,1481.0,50000000.0,1520.0,1520.0,1476.0,33792.0,
053160,8840.0,77000000.0,9040.0,9290.0,8810.0,8609.0,
419080,4850.0,51000000.0,4780.0,4995.0,4765.0,10432.0,
348150,2715.0,27000000.0,2740.0,2740.0,2655.0,10048.0,
340810,3770.0,690000000.0,3805.0,3845.0,3645.0,186134.0,
054930,17510.0,116000000.0,18000.0,18200.0,17380.0,6584.0,
024950,4230.0,43000000.0,4260.0,4280.0,4170.0,10294.0,
225190,3720.0,1160000000.0,4050.0,4165.0,3670.0,306186.0,
104620,3085.0,93000000.0,3120.0,3170.0,3050.0,30097.0,
464490,4495.0,83000000.0,4570.0,4635.0,4485.0,18285.0,
246690,2175.0,96000000.0,2155.0,2190.0,2075.0,44918.0,
355690,5390.0,994000000.0,5190.0,5390.0,5070.0,188237.0,
314140,5950.0,110000000.0,5970.0,5970.0,5800.0,18770.0,
317850,6190.0,223000000.0,6190.0,6250.0,6100.0,36201.0,
043710,2975.0,23000000.0,2965.0,3260.0,2960.0,7604.0,
052790,4705.0,814000000.0,4880.0,4950.0,4565.0,174910.0,
064800,2010.0,43000000.0,2145.0,2145.0,1989.0,21293.0,
109080,9110.0,67000000.0,9230.0,9280.0,9100.0,7299.0,
092300,2545.0,117000000.0,2560.0,2560.0,2485.0,46270.0,
347740,1707.0,53000000.0,1720.0,1720.0,1680.0,31512.0,
071670,5120.0,55000000.0,5000.0,5120.0,4910.0,10916.0,
105760,5020.0,27000000.0,4975.0,5030.0,4965.0,5396.0,
027050,1278.0,65000000.0,1277.0,1292.0,1267.0,51489.0,
088910,1987.0,92000000.0,1987.0,1992.0,1957.0,46795.0,
015710,2910.0,18000000.0,2900.0,2955.0,2880.0,6200.0,
039240,1887.0,31000000.0,1900.0,1900.0,1875.0,16275.0,
376290,2875.0,14000000.0,2885.0,2885.0,2780.0,4827.0,
393970,2825.0,0.0,0.0,0.0,0.0,0.0,
370090,5880.0,70000000.0,5840.0,6130.0,5840.0,11948.0,
163280,3695.0,140000000.0,3740.0,3770.0,3650.0,37813.0,
256630,4315.0,6000000.0,4305.0,4350.0,4215.0,1387.0,
321820,3190.0,141000000.0,3110.0,3190.0,3065.0,45134.0,
179900,2305.0,223000000.0,2395.0,2395.0,2240.0,97814.0,
317830,4610.0,104000000.0,4660.0,4725.0,4510.0,22783.0,
453860,7690.0,107000000.0,7800.0,7820.0,7500.0,14061.0,
060560,1950.0,5000000.0,1940.0,1956.0,1929.0,2803.0,
340360,923.0,36000000.0,906.0,957.0,893.0,39531.0,
360350,9100.0,1749000000.0,8600.0,10250.0,8010.0,184772.0,
348080,3855.0,236000000.0,4005.0,4005.0,3765.0,61541.0,
094940,5910.0,307000000.0,6200.0,6200.0,5850.0,51667.0,
0013V0,4980.0,95000000.0,5000.0,5100.0,4900.0,19261.0,
408470,4650.0,203000000.0,4815.0,4820.0,4625.0,43279.0,
019990,5030.0,164000000.0,5150.0,5150.0,4960.0,32680.0,
382150,3760.0,314000000.0,3950.0,3955.0,3720.0,83063.0,
452400,5400.0,43000000.0,5560.0,5560.0,5340.0,7977.0,
219550,1183.0,28000000.0,1221.0,1221.0,1160.0,23527.0,
032960,2780.0,595000000.0,2360.0,2800.0,2345.0,221682.0,
059100,6910.0,43000000.0,6840.0,6980.0,6750.0,6259.0,
063440,1077.0,78000000.0,1090.0,1099.0,1065.0,71870.0,
311690,3730.0,27000000.0,3745.0,3860.0,3650.0,7221.0,
046940,2695.0,140000000.0,2730.0,2770.0,2675.0,51860.0,
044340,2715.0,120000000.0,2815.0,2820.0,2640.0,44581.0,
014190,1365.0,123000000.0,1355.0,1367.0,1337.0,91389.0,
122310,3305.0,15000000.0,3390.0,3425.0,3300.0,4544.0,
042110,993.0,112000000.0,1009.0,1009.0,990.0,112237.0,
440290,1742.0,4000000.0,1735.0,1744.0,1710.0,2430.0,
463480,3865.0,45000000.0,3930.0,3940.0,3850.0,11505.0,
217500,1499.0,56000000.0,1516.0,1533.0,1480.0,37356.0,
418250,6550.0,0.0,0.0,0.0,0.0,0.0,
038010,5260.0,53000000.0,5270.0,5370.0,5170.0,10168.0,
189980,1175.0,61000000.0,1158.0,1180.0,1133.0,52838.0,
023440,521.0,0.0,0.0,0.0,0.0,0.0,
033170,2735.0,502000000.0,2800.0,2800.0,2640.0,183691.0,
384470,2610.0,184000000.0,2675.0,2695.0,2560.0,71356.0,
053450,3160.0,54000000.0,3150.0,3185.0,3120.0,17220.0,
150900,3990.0,257000000.0,4015.0,4090.0,3810.0,65417.0,
321260,1649.0,99000000.0,1692.0,1692.0,1616.0,60617.0,
199550,3130.0,70000000.0,3155.0,3300.0,3100.0,22141.0,
277070,3385.0,82000000.0,3350.0,3580.0,3350.0,24049.0,
073110,5210.0,17000000.0,5060.0,5210.0,5060.0,3392.0,
189860,4765.0,458000000.0,4920.0,4935.0,4675.0,96600.0,
229000,1957.0,0.0,0.0,0.0,0.0,0.0,
361570,1595.0,84000000.0,1615.0,1636.0,1580.0,52561.0,
178780,2455.0,15000000.0,2425.0,2465.0,2410.0,6248.0,
053980,2405.0,21000000.0,2400.0,2405.0,2380.0,8808.0,
131400,766.0,0.0,0.0,0.0,0.0,0.0,
471820,4030.0,16000000.0,4050.0,4115.0,3980.0,4064.0,
037950,2690.0,22000000.0,2685.0,2715.0,2640.0,8368.0,
373160,3335.0,20000000.0,3380.0,3530.0,3320.0,5934.0,
072470,2395.0,5000000.0,2395.0,2395.0,2325.0,2068.0,
232830,2730.0,869000000.0,2810.0,2910.0,2580.0,318713.0,
198080,2095.0,58000000.0,2085.0,2095.0,2055.0,27903.0,
317690,2235.0,191000000.0,2200.0,2395.0,2180.0,83834.0,
072990,3100.0,102000000.0,3080.0,3165.0,3065.0,32614.0,
143540,1005.0,42000000.0,999.0,1005.0,984.0,41916.0,
051390,3945.0,28000000.0,4165.0,4165.0,3945.0,7126.0,
263700,2305.0,105000000.0,2260.0,2345.0,2210.0,45422.0,
094970,2670.0,321000000.0,2680.0,2710.0,2660.0,119927.0,
033340,460.0,0.0,0.0,0.0,0.0,0.0,
0010V0,8700.0,45000000.0,8650.0,8720.0,8440.0,5215.0,
114450,2220.0,80000000.0,2250.0,2255.0,2190.0,36462.0,
068330,1004.0,124000000.0,991.0,1019.0,972.0,125053.0,
476040,6740.0,72000000.0,6820.0,6980.0,6610.0,10747.0,
066130,3465.0,65000000.0,3440.0,3485.0,3230.0,18913.0,
083550,3260.0,5000000.0,3290.0,3290.0,3240.0,1573.0,
288330,416.0,0.0,0.0,0.0,0.0,0.0,
317870,4990.0,34000000.0,5020.0,5220.0,4870.0,6850.0,
260930,2280.0,96000000.0,2310.0,2310.0,2200.0,42973.0,
466410,8720.0,15000000.0,8750.0,8900.0,8680.0,1711.0,
222420,904.0,74000000.0,895.0,910.0,890.0,82490.0,
900340,1230.0,67000000.0,1250.0,1258.0,1200.0,55129.0,
022220,845.0,1000000.0,865.0,865.0,830.0,1409.0,
900250,1220.0,86000000.0,1239.0,1250.0,1217.0,70160.0,
065130,2720.0,101000000.0,2700.0,2750.0,2675.0,37427.0,
042040,5010.0,22000000.0,5100.0,5100.0,4925.0,4407.0,
286750,2710.0,56000000.0,2745.0,2745.0,2530.0,21085.0,
050120,3195.0,4000000.0,3170.0,3195.0,3065.0,1301.0,
479960,6070.0,68000000.0,6080.0,6080.0,5800.0,11432.0,
238120,3040.0,28000000.0,2965.0,3045.0,2865.0,9422.0,
196300,4550.0,1572000000.0,5590.0,5810.0,4525.0,309627.0,
099410,3065.0,74000000.0,3085.0,3115.0,3020.0,24212.0,
263020,3100.0,32000000.0,3125.0,3135.0,3080.0,10221.0,
460470,2835.0,83000000.0,2950.0,2950.0,2780.0,29060.0,
226340,5100.0,2042000000.0,5010.0,5400.0,4820.0,402323.0,
413640,5930.0,72000000.0,5890.0,5990.0,5830.0,12253.0,
140520,2015.0,85000000.0,2010.0,2050.0,1991.0,42278.0,
258610,1164.0,24000000.0,1207.0,1219.0,1161.0,20477.0,
082850,4375.0,122000000.0,4495.0,4550.0,4345.0,27743.0,
129890,926.0,38000000.0,925.0,936.0,925.0,40651.0,
256150,5000.0,19000000.0,5010.0,5010.0,4955.0,3859.0,
086060,4870.0,85000000.0,4805.0,4950.0,4665.0,17694.0,
307280,5900.0,66000000.0,6100.0,6100.0,5860.0,11192.0,
227950,1211.0,63000000.0,1217.0,1225.0,1190.0,51882.0,
159580,2080.0,24000000.0,2070.0,2085.0,2050.0,11645.0,
199480,4080.0,74000000.0,3985.0,4205.0,3965.0,18305.0,
224110,8180.0,22000000.0,8450.0,8510.0,8140.0,2637.0,
190650,6490.0,14000000.0,6490.0,6490.0,6410.0,2231.0,
007680,3125.0,27000000.0,3190.0,3245.0,3125.0,8405.0,
056700,1416.0,12000000.0,1417.0,1418.0,1409.0,8820.0,
263810,2590.0,83000000.0,2500.0,2590.0,2495.0,32606.0,
290670,5240.0,20000000.0,5400.0,5400.0,5160.0,3831.0,
002290,3315.0,29000000.0,3325.0,3325.0,3285.0,8706.0,
261200,2595.0,16000000.0,2585.0,2625.0,2540.0,6264.0,
066900,1796.0,3000000.0,1761.0,1799.0,1730.0,1715.0,
136410,3690.0,52000000.0,3650.0,3780.0,3610.0,14271.0,
373200,1618.0,17000000.0,1555.0,1627.0,1540.0,10712.0,
189690,1480.0,17000000.0,1500.0,1512.0,1468.0,11653.0,
465480,3975.0,40000000.0,3875.0,3980.0,3845.0,10190.0,
027830,746.0,75000000.0,762.0,765.0,734.0,100521.0,
452200,1653.0,47000000.0,1684.0,1684.0,1642.0,28217.0,
064090,798.0,0.0,0.0,0.0,0.0,0.0,
270520,991.0,481000000.0,991.0,991.0,991.0,483466.0,
037230,1330.0,40000000.0,1310.0,1330.0,1294.0,30289.0,
007530,1775.0,8000000.0,1818.0,1818.0,1770.0,4247.0,
203450,2795.0,17000000.0,2785.0,2820.0,2750.0,6014.0,
053950,1997.0,375000000.0,2095.0,2095.0,1985.0,186579.0,
263770,1651.0,7000000.0,1650.0,1654.0,1615.0,4425.0,
100660,3100.0,1114000000.0,3085.0,3460.0,3065.0,347616.0,
044960,3080.0,31000000.0,3100.0,3110.0,3075.0,9932.0,
218150,1906.0,117000000.0,1922.0,1950.0,1891.0,61442.0,
461030,2710.0,62000000.0,2845.0,2910.0,2710.0,22300.0,
049830,6330.0,1000000.0,6390.0,6390.0,6330.0,232.0,
221980,9610.0,2000000.0,9580.0,9620.0,9580.0,244.0,
234100,2635.0,33000000.0,2725.0,2725.0,2570.0,12557.0,
025880,2300.0,34000000.0,2305.0,2330.0,2290.0,14854.0,
184230,2030.0,93000000.0,2190.0,2190.0,2025.0,45181.0,
352700,1455.0,7000000.0,1465.0,1465.0,1450.0,5138.0,
052220,1658.0,13000000.0,1668.0,1677.0,1650.0,8107.0,
065440,1398.0,135000000.0,1478.0,1478.0,1396.0,96115.0,
045510,1211.0,731000000.0,1088.0,1259.0,1076.0,613004.0,
221840,2035.0,26000000.0,2070.0,2100.0,1969.0,13001.0,
273060,3860.0,22000000.0,3945.0,4095.0,3840.0,5642.0,
450330,4630.0,68000000.0,4825.0,5220.0,4535.0,14126.0,
101240,3335.0,14000000.0,3300.0,3350.0,3265.0,4249.0,
050860,1681.0,30000000.0,1689.0,1707.0,1668.0,17791.0,
258790,7550.0,860000000.0,7060.0,8070.0,6920.0,112493.0,
046310,2290.0,46000000.0,2305.0,2305.0,2265.0,20411.0,
019770,3220.0,30000000.0,3200.0,3230.0,3195.0,9338.0,
084650,2525.0,153000000.0,2500.0,2680.0,2500.0,60207.0,
122690,1622.0,7000000.0,1640.0,1640.0,1610.0,4259.0,
215380,2220.0,44000000.0,2365.0,2365.0,2210.0,19605.0,
250000,5500.0,11000000.0,5510.0,5510.0,5410.0,1975.0,
097870,4355.0,17000000.0,4285.0,4405.0,4285.0,3857.0,
081580,2380.0,87000000.0,2400.0,2400.0,2315.0,37265.0,
208710,2800.0,200000000.0,2855.0,2875.0,2705.0,72468.0,
219420,3180.0,44000000.0,3140.0,3185.0,3140.0,14031.0,
065500,1017.0,55000000.0,1042.0,1043.0,1013.0,53784.0,
037370,4210.0,29000000.0,4240.0,4280.0,4150.0,6883.0,
123570,1629.0,1000000.0,1645.0,1650.0,1599.0,764.0,
038070,3900.0,36000000.0,3905.0,3940.0,3850.0,9203.0,
171010,2535.0,39000000.0,2550.0,2595.0,2480.0,15653.0,
121890,2720.0,59000000.0,2725.0,2785.0,2705.0,21650.0,
043910,3185.0,40000000.0,3200.0,3200.0,3135.0,12546.0,
035460,2420.0,131000000.0,2420.0,2455.0,2380.0,54357.0,
042940,5270.0,229000000.0,5620.0,5620.0,5220.0,43165.0,
284620,1087.0,0.0,0.0,0.0,0.0,0.0,
318410,6450.0,23000000.0,6400.0,6520.0,6270.0,3600.0,
057540,602.0,0.0,0.0,0.0,0.0,0.0,
014570,3250.0,8000000.0,3280.0,3280.0,3160.0,2622.0,
086040,2240.0,19000000.0,2265.0,2270.0,2210.0,8367.0,
068940,778.0,0.0,0.0,0.0,0.0,0.0,
046390,2065.0,29000000.0,2060.0,2090.0,2010.0,14299.0,
066360,1487.0,27000000.0,1479.0,1501.0,1474.0,18346.0,
239890,3585.0,9000000.0,3555.0,3585.0,3505.0,2539.0,
462510,4035.0,3204000000.0,3180.0,4035.0,3115.0,830245.0,
039290,4075.0,26000000.0,4100.0,4100.0,3995.0,6431.0,
196450,3900.0,37000000.0,3815.0,4150.0,3750.0,9579.0,
045060,2085.0,35000000.0,2115.0,2115.0,2070.0,16952.0,
263050,959.0,0.0,0.0,0.0,0.0,0.0,
060850,4340.0,53000000.0,4405.0,4405.0,4270.0,12316.0,
0010F0,3165.0,43949000000.0,2870.0,3645.0,2815.0,13230222.0,
363250,4145.0,28000000.0,4345.0,4345.0,4070.0,6780.0,
060540,1348.0,84000000.0,1330.0,1363.0,1300.0,63500.0,
387570,6260.0,43000000.0,6080.0,6260.0,6000.0,6977.0,
051490,2475.0,46000000.0,2575.0,2575.0,2460.0,18543.0,
024120,3055.0,10000000.0,3060.0,3060.0,3030.0,3288.0,
260660,2290.0,20000000.0,2290.0,2345.0,2265.0,8556.0,
177900,3640.0,26000000.0,3680.0,3685.0,3595.0,7164.0,
054780,1775.0,361000000.0,1775.0,1925.0,1650.0,199708.0,
153460,5340.0,14000000.0,5520.0,5730.0,5330.0,2666.0,
446840,3160.0,22000000.0,3200.0,3200.0,3095.0,7037.0,
406820,2460.0,9313000000.0,2420.0,2760.0,2380.0,3619072.0,
204020,1787.0,20000000.0,1765.0,1789.0,1752.0,11505.0,
106240,1304.0,89000000.0,1289.0,1350.0,1277.0,67893.0,
186230,3160.0,18000000.0,3145.0,3285.0,3125.0,5822.0,
290120,2180.0,53000000.0,2235.0,2235.0,2110.0,24403.0,
206400,915.0,2988000000.0,883.0,995.0,800.0,3200350.0,
075130,2120.0,67000000.0,2140.0,2155.0,2085.0,31934.0,
332290,4305.0,52000000.0,4395.0,4400.0,4210.0,12207.0,
469750,991.0,0.0,0.0,0.0,0.0,0.0,
452300,2405.0,67000000.0,2415.0,2520.0,2390.0,27722.0,
434480,2765.0,248000000.0,2830.0,2940.0,2700.0,88268.0,
207760,2045.0,26000000.0,2070.0,2070.0,2000.0,12669.0,
026040,2050.0,209000000.0,2075.0,2085.0,2000.0,102935.0,
057030,2070.0,68000000.0,2080.0,2080.0,2000.0,33556.0,
432430,2040.0,27000000.0,2000.0,2085.0,2000.0,13487.0,
064520,1497.0,5000000.0,1523.0,1523.0,1473.0,3401.0,
310870,1523.0,33000000.0,1535.0,1535.0,1503.0,22014.0,
397810,6440.0,85000000.0,6780.0,6940.0,6280.0,12907.0,
052600,2870.0,25000000.0,2865.0,2910.0,2810.0,8906.0,
131090,4330.0,70000000.0,4330.0,4360.0,4320.0,16137.0,
038060,689.0,0.0,0.0,0.0,0.0,0.0,
208860,9760.0,78000000.0,11070.0,11070.0,9660.0,7690.0,
215090,1427.0,44000000.0,1453.0,1453.0,1401.0,31256.0,
099220,5240.0,62000000.0,5300.0,5400.0,5080.0,11890.0,
900270,2645.0,180000000.0,2800.0,2800.0,2600.0,68283.0,
476080,4080.0,26000000.0,4080.0,4080.0,3965.0,6575.0,
335810,1497.0,17000000.0,1520.0,1566.0,1462.0,11496.0,
290090,4415.0,2000000.0,4480.0,4480.0,4415.0,555.0,
080520,2900.0,7000000.0,2915.0,2950.0,2820.0,2499.0,
032790,1275.0,70000000.0,1275.0,1295.0,1225.0,56462.0,
068050,1182.0,10000000.0,1159.0,1186.0,1152.0,8944.0,
021650,2000.0,11000000.0,1940.0,2000.0,1940.0,5789.0,
104200,2200.0,129000000.0,2190.0,2200.0,2080.0,60139.0,
220180,1362.0,15000000.0,1410.0,1410.0,1326.0,10898.0,
006920,2980.0,138000000.0,3000.0,3025.0,2965.0,46317.0,
296640,6280.0,17000000.0,6250.0,6420.0,6080.0,2774.0,
226330,1334.0,93000000.0,1326.0,1423.0,1290.0,70203.0,
311390,2545.0,242000000.0,2395.0,2575.0,2330.0,97152.0,
408900,983.0,18000000.0,1000.0,1000.0,970.0,18021.0,
153490,3125.0,12000000.0,3165.0,3165.0,3010.0,3814.0,
270870,3575.0,10000000.0,3580.0,3610.0,3470.0,2771.0,
031510,1148.0,59000000.0,1139.0,1152.0,1129.0,51375.0,
169330,1749.0,191000000.0,1680.0,1802.0,1631.0,109207.0,
133750,1368.0,3000000.0,1366.0,1378.0,1359.0,2220.0,
200780,3000.0,3000000.0,3020.0,3020.0,2990.0,868.0,
025440,3275.0,24000000.0,3290.0,3300.0,3175.0,7258.0,
430690,2930.0,197000000.0,2965.0,3080.0,2870.0,67081.0,
090410,3460.0,32000000.0,3430.0,3635.0,3405.0,9212.0,
417860,6750.0,107000000.0,6980.0,7170.0,6750.0,15773.0,
065950,1125.0,25000000.0,1160.0,1160.0,1120.0,22517.0,
087600,3885.0,4000000.0,3980.0,3980.0,3850.0,910.0,
016600,2270.0,52000000.0,2350.0,2350.0,2220.0,23107.0,
419120,2225.0,25000000.0,2160.0,2270.0,2160.0,11163.0,
033830,1673.0,19000000.0,1673.0,1699.0,1659.0,11609.0,
093380,3195.0,240000000.0,3200.0,3280.0,3145.0,74820.0,
318020,2565.0,21000000.0,2600.0,2600.0,2500.0,8338.0,
050110,1079.0,0.0,0.0,0.0,0.0,0.0,
148930,3095.0,9000000.0,3150.0,3150.0,3005.0,3056.0,
431190,4200.0,309000000.0,4185.0,4245.0,4130.0,73888.0,
089140,2050.0,40000000.0,2125.0,2125.0,2050.0,18956.0,
127980,2650.0,15000000.0,2640.0,2665.0,2585.0,5729.0,
012620,7120.0,28000000.0,7050.0,7130.0,7040.0,3969.0,
109820,1534.0,63000000.0,1586.0,1586.0,1512.0,40678.0,
258830,412.0,0.0,0.0,0.0,0.0,0.0,
159910,2980.0,4000000.0,2945.0,3140.0,2925.0,1500.0,
091340,2650.0,127000000.0,2605.0,2685.0,2605.0,47683.0,
038870,2200.0,32000000.0,2130.0,2245.0,2130.0,14662.0,
070300,865.0,4683000000.0,1235.0,1235.0,865.0,5067326.0,
197140,2360.0,29000000.0,2400.0,2400.0,2355.0,12246.0,
263920,3130.0,11000000.0,3115.0,3130.0,3100.0,3601.0,
038950,3000.0,57000000.0,3005.0,3025.0,3000.0,19025.0,
173940,1980.0,24000000.0,2000.0,2000.0,1977.0,12059.0,
070590,2195.0,113000000.0,2045.0,2205.0,2045.0,52264.0,
037330,693.0,10000000.0,700.0,700.0,685.0,13882.0,
462310,3850.0,26000000.0,3865.0,3890.0,3830.0,6772.0,
097780,1498.0,8000000.0,1469.0,1549.0,1453.0,5641.0,
271830,1030.0,42000000.0,1065.0,1089.0,1021.0,40492.0,
038620,2000.0,320000000.0,2005.0,2035.0,1980.0,159789.0,
099390,3690.0,15000000.0,3945.0,3945.0,3670.0,4018.0,
262840,2865.0,569000000.0,2635.0,2930.0,2635.0,199328.0,
246250,1969.0,0.0,0.0,0.0,0.0,0.0,
356890,2525.0,55000000.0,2625.0,2635.0,2510.0,21708.0,
020180,3920.0,52000000.0,3900.0,3970.0,3900.0,13404.0,
064480,2520.0,67000000.0,2560.0,2585.0,2520.0,26322.0,
071850,1239.0,27000000.0,1260.0,1265.0,1200.0,21808.0,
075970,1630.0,42000000.0,1672.0,1672.0,1561.0,25859.0,
376980,3070.0,4000000.0,3090.0,3135.0,3040.0,1282.0,
369370,3005.0,34000000.0,3125.0,3125.0,2880.0,11193.0,
464280,5420.0,25000000.0,5460.0,5500.0,5400.0,4628.0,
073570,2490.0,399000000.0,2400.0,2530.0,2260.0,164892.0,
368970,2665.0,25000000.0,2695.0,2695.0,2580.0,9405.0,
043340,630.0,27000000.0,643.0,643.0,617.0,43894.0,
444530,4645.0,37000000.0,4560.0,4780.0,4450.0,8029.0,
336060,3095.0,81000000.0,2970.0,3265.0,2970.0,26054.0,
462980,1630.0,98000000.0,1607.0,1647.0,1587.0,60200.0,
188260,2130.0,35000000.0,2010.0,2165.0,1995.0,17358.0,
388610,5550.0,87000000.0,5640.0,5990.0,5550.0,15555.0,
237820,2300.0,47000000.0,2300.0,2380.0,2250.0,20396.0,
033540,2820.0,25000000.0,2910.0,2910.0,2770.0,8980.0,
049120,2775.0,12000000.0,3080.0,3080.0,2745.0,4042.0,
200350,2935.0,160000000.0,2820.0,3000.0,2785.0,55086.0,
300120,2960.0,146000000.0,3100.0,3100.0,2940.0,48848.0,
317240,1002.0,78000000.0,995.0,1003.0,980.0,78440.0,
072770,704.0,102000000.0,758.0,758.0,695.0,143431.0,
377030,2030.0,31000000.0,2000.0,2095.0,1950.0,15472.0,
128540,1082.0,364000000.0,1066.0,1235.0,1066.0,317319.0,
160550,1032.0,24000000.0,1005.0,1049.0,1005.0,23379.0,
236810,1691.0,41000000.0,1685.0,1709.0,1661.0,24143.0,
073540,2515.0,56000000.0,2585.0,2585.0,2485.0,22495.0,
198940,1439.0,283000000.0,1352.0,1519.0,1350.0,195655.0,
452160,2975.0,13000000.0,3040.0,3105.0,2955.0,4157.0,
079170,5500.0,11000000.0,5610.0,5620.0,5500.0,2017.0,
187270,2815.0,9000000.0,2985.0,2985.0,2775.0,3205.0,
045300,2700.0,21000000.0,2750.0,2750.0,2685.0,7854.0,
088340,6520.0,56000000.0,6700.0,6760.0,6480.0,8490.0,
464580,1544.0,20000000.0,1500.0,1551.0,1478.0,13045.0,
068100,2365.0,8000000.0,2325.0,2365.0,2315.0,3592.0,
109960,1864.0,1000000.0,1898.0,1898.0,1839.0,660.0,
239610,5230.0,6000000.0,5260.0,5260.0,5200.0,1156.0,
043220,1710.0,0.0,0.0,0.0,0.0,0.0,
019570,2945.0,62000000.0,2725.0,2965.0,2710.0,22175.0,
031310,943.0,27000000.0,977.0,977.0,934.0,28864.0,
254120,910.0,0.0,0.0,0.0,0.0,0.0,
407400,1909.0,41000000.0,1890.0,1910.0,1861.0,21876.0,
008470,1658.0,58000000.0,1674.0,1685.0,1658.0,34829.0,
225220,1452.0,23000000.0,1428.0,1452.0,1418.0,15875.0,
119500,2350.0,139000000.0,2395.0,2395.0,2340.0,58842.0,
318010,3510.0,25000000.0,3380.0,3510.0,3380.0,7170.0,
367000,3315.0,12000000.0,3275.0,3320.0,3180.0,3766.0,
130500,1908.0,16000000.0,1899.0,1912.0,1867.0,8191.0,
297570,4005.0,25000000.0,4235.0,4250.0,3905.0,6293.0,
351330,3340.0,92000000.0,3365.0,3600.0,3230.0,27721.0,
333050,5620.0,50000000.0,5800.0,5800.0,5570.0,8798.0,
089150,1612.0,33000000.0,1640.0,1655.0,1612.0,20177.0,
450520,1878.0,14000000.0,1886.0,1920.0,1857.0,7544.0,
290560,1229.0,82000000.0,1261.0,1261.0,1180.0,66669.0,
007770,7830.0,4000000.0,8040.0,8040.0,7700.0,518.0,
067010,2520.0,103000000.0,2515.0,2530.0,2480.0,40895.0,
066910,1783.0,41000000.0,1767.0,1792.0,1730.0,22938.0,
114630,1591.0,41000000.0,1614.0,1619.0,1585.0,25867.0,
148250,2010.0,22000000.0,2015.0,2020.0,1985.0,11208.0,
115480,2250.0,15000000.0,2300.0,2355.0,2240.0,6301.0,
078590,2730.0,145000000.0,2860.0,2860.0,2690.0,52361.0,
364950,3285.0,67000000.0,3330.0,3330.0,3215.0,20666.0,
016920,1058.0,23000000.0,1058.0,1058.0,1019.0,22304.0,
079190,1336.0,90000000.0,1205.0,1388.0,1205.0,68540.0,
195500,1699.0,51000000.0,1710.0,1710.0,1655.0,30242.0,
115530,3155.0,114000000.0,2820.0,3250.0,2755.0,37687.0,
101670,476.0,105000000.0,489.0,489.0,475.0,219920.0,
017000,2310.0,104000000.0,2330.0,2390.0,2280.0,44745.0,
359090,2345.0,15000000.0,2305.0,2370.0,2210.0,6771.0,
057680,1703.0,30000000.0,1710.0,1717.0,1668.0,17674.0,
288620,3850.0,176000000.0,4100.0,4100.0,3850.0,45242.0,
373170,1772.0,53000000.0,1810.0,1810.0,1749.0,30243.0,
096630,1684.0,34000000.0,1731.0,1739.0,1680.0,19884.0,
215790,663.0,267000000.0,675.0,675.0,650.0,405286.0,
139670,1890.0,10000000.0,1940.0,1990.0,1890.0,5006.0,
080530,2410.0,25000000.0,2425.0,2470.0,2390.0,10308.0,
140430,2495.0,295000000.0,2500.0,2720.0,2455.0,116367.0,
328380,3875.0,39000000.0,3810.0,3925.0,3765.0,10231.0,
900070,988.0,8000000.0,995.0,995.0,956.0,8697.0,
069140,1755.0,21000000.0,1714.0,1761.0,1683.0,12233.0,
048470,2745.0,34000000.0,2830.0,2850.0,2735.0,12174.0,
091970,3515.0,91000000.0,3630.0,3700.0,3465.0,25376.0,
290270,2755.0,9000000.0,2750.0,2800.0,2725.0,3421.0,
013720,2170.0,14000000.0,2185.0,2200.0,2125.0,6670.0,
079000,3660.0,25000000.0,3700.0,3700.0,3635.0,6740.0,
069920,1160.0,199000000.0,1260.0,1260.0,1140.0,169002.0,
032750,2915.0,10000000.0,2995.0,2995.0,2915.0,3270.0,
900310,2055.0,7000000.0,2195.0,2195.0,1986.0,3459.0,
131220,3530.0,37000000.0,3550.0,3555.0,3520.0,10353.0,
069410,2555.0,29000000.0,2525.0,2600.0,2500.0,11567.0,
351870,2340.0,24000000.0,2165.0,2360.0,2165.0,10257.0,
043200,1248.0,63000000.0,1248.0,1267.0,1226.0,51113.0,
123840,1677.0,9000000.0,1699.0,1699.0,1636.0,5653.0,
134060,5450.0,14000000.0,5690.0,5690.0,5430.0,2482.0,
047080,1047.0,25000000.0,1051.0,1060.0,1036.0,24292.0,
138070,1480.0,23000000.0,1473.0,1480.0,1415.0,16165.0,
053290,1567.0,5000000.0,1609.0,1609.0,1550.0,3409.0,
103840,1576.0,14000000.0,1575.0,1582.0,1561.0,9103.0,
016670,2530.0,36000000.0,2495.0,2530.0,2460.0,14213.0,
027040,1853.0,304000000.0,1884.0,1911.0,1830.0,163875.0,
052300,1585.0,83000000.0,1600.0,1600.0,1536.0,53025.0,
363260,4000.0,30000000.0,4080.0,4140.0,3970.0,7338.0,
458350,2960.0,63000000.0,2915.0,2995.0,2915.0,21517.0,
193250,1922.0,16000000.0,1996.0,1996.0,1900.0,8058.0,
033050,804.0,2000000.0,810.0,810.0,795.0,2437.0,
348030,2660.0,26000000.0,2740.0,2795.0,2630.0,9909.0,
001810,1154.0,7000000.0,1164.0,1168.0,1140.0,5974.0,
238490,2245.0,30000000.0,2210.0,2260.0,2170.0,13426.0,
322780,1687.0,69000000.0,1797.0,1797.0,1655.0,40393.0,
376180,1363.0,30000000.0,1338.0,1391.0,1300.0,22624.0,
060380,1280.0,8000000.0,1293.0,1293.0,1279.0,6466.0,
101680,3000.0,32000000.0,3020.0,3055.0,2965.0,10584.0,
105550,1609.0,59000000.0,1615.0,1640.0,1570.0,36956.0,
096690,6250.0,25000000.0,6500.0,6500.0,6210.0,3969.0,
038880,3335.0,47000000.0,3290.0,3385.0,3185.0,14385.0,
123750,1813.0,22000000.0,1835.0,1835.0,1744.0,12529.0,
054090,1000.0,58000000.0,1006.0,1014.0,983.0,58456.0,
146060,1037.0,13000000.0,1075.0,1075.0,1000.0,12063.0,
224060,4805.0,4280000000.0,5140.0,5800.0,4770.0,813881.0,
290520,1570.0,51000000.0,1532.0,1582.0,1532.0,32586.0,
368600,956.0,0.0,0.0,0.0,0.0,0.0,
021880,1159.0,14000000.0,1172.0,1180.0,1128.0,11735.0,
475660,3100.0,82000000.0,3005.0,3100.0,2900.0,27854.0,
044780,1328.0,74000000.0,1370.0,1370.0,1320.0,55554.0,
002680,3165.0,918000000.0,2955.0,3250.0,2870.0,292112.0,
090150,5850.0,22000000.0,5850.0,5970.0,5830.0,3702.0,
101400,1616.0,254000000.0,1650.0,1650.0,1570.0,159881.0,
016100,1282.0,48000000.0,1238.0,1293.0,1192.0,38791.0,
131180,4170.0,17000000.0,4135.0,4170.0,4135.0,4075.0,
083640,5330.0,24000000.0,5340.0,5420.0,5170.0,4645.0,
389680,2940.0,448000000.0,3160.0,3205.0,2885.0,149890.0,
355390,1541.0,405000000.0,1603.0,1608.0,1381.0,274526.0,
223310,2985.0,116000000.0,3000.0,3000.0,2830.0,40019.0,
398120,2045.0,1632000000.0,2150.0,2600.0,2015.0,705719.0,
415380,2115.0,10000000.0,2115.0,2130.0,2060.0,4936.0,
076080,1070.0,20000000.0,1121.0,1121.0,1066.0,18063.0,
383930,1889.0,334000000.0,1959.0,2025.0,1885.0,172483.0,
032680,1046.0,393000000.0,979.0,1053.0,958.0,384438.0,
206560,949.0,72000000.0,980.0,990.0,948.0,74015.0,
060230,1230.0,28000000.0,1222.0,1268.0,1205.0,22873.0,
148780,3815.0,132000000.0,3840.0,3845.0,3730.0,34927.0,
035200,2600.0,102000000.0,2660.0,2685.0,2560.0,39020.0,
039740,2980.0,34000000.0,3030.0,3055.0,2940.0,11453.0,
208350,2945.0,30000000.0,3045.0,3045.0,2865.0,10230.0,
177830,2100.0,23000000.0,2145.0,2145.0,2055.0,10924.0,
083660,1363.0,42000000.0,1380.0,1448.0,1361.0,29828.0,
058110,1471.0,31000000.0,1490.0,1490.0,1440.0,21242.0,
318000,2690.0,45000000.0,2750.0,2755.0,2670.0,16484.0,
464500,1678.0,27000000.0,1678.0,1679.0,1631.0,16612.0,
365590,1275.0,32000000.0,1255.0,1280.0,1230.0,25236.0,
378800,2530.0,628000000.0,2800.0,3020.0,2415.0,238112.0,
222980,2115.0,10000000.0,2130.0,2130.0,2025.0,4602.0,
188040,4985.0,10000000.0,4975.0,5000.0,4835.0,1926.0,
267790,3020.0,9000000.0,3030.0,3140.0,3010.0,2971.0,
043590,1710.0,35000000.0,1718.0,1750.0,1669.0,20642.0,
054940,3480.0,163000000.0,3560.0,3635.0,3325.0,46421.0,
020400,2540.0,26000000.0,2625.0,2625.0,2525.0,10073.0,
115160,5320.0,23000000.0,5610.0,5610.0,5320.0,4243.0,
405920,1775.0,21000000.0,1869.0,1869.0,1774.0,11179.0,
018680,1957.0,1000000.0,1959.0,1959.0,1913.0,501.0,
298060,2365.0,5000000.0,2375.0,2390.0,2305.0,2040.0,
051380,1481.0,18000000.0,1490.0,1510.0,1463.0,11871.0,
036480,5970.0,60000000.0,6190.0,6190.0,5790.0,10259.0,
045520,3490.0,81000000.0,3490.0,3590.0,3420.0,23119.0,
007720,1123.0,26000000.0,1146.0,1177.0,1115.0,23523.0,
257370,1810.0,66000000.0,2270.0,2270.0,1800.0,34395.0,
013810,1540.0,64000000.0,1536.0,1592.0,1520.0,41257.0,
065690,1871.0,37000000.0,1886.0,1886.0,1817.0,19660.0,
023770,2510.0,117000000.0,2600.0,2660.0,2510.0,45394.0,
187220,1944.0,34000000.0,2085.0,2085.0,1942.0,17288.0,
352940,2060.0,16000000.0,2085.0,2115.0,2050.0,7634.0,
303530,3030.0,26000000.0,2970.0,3070.0,2965.0,8587.0,
032800,1471.0,7000000.0,1490.0,1495.0,1448.0,4477.0,
017250,1055.0,10000000.0,1066.0,1069.0,1045.0,9892.0,
276730,940.0,67000000.0,910.0,980.0,900.0,71496.0,
033200,2410.0,21000000.0,2495.0,2500.0,2395.0,8664.0,
417180,3875.0,77000000.0,3805.0,4010.0,3800.0,19521.0,
377330,2710.0,2000000.0,2655.0,2770.0,2560.0,813.0,
219750,1684.0,51000000.0,1774.0,1839.0,1645.0,29924.0,
027580,1861.0,57000000.0,1820.0,1862.0,1790.0,31328.0,
192390,1839.0,28000000.0,1950.0,1950.0,1831.0,15305.0,
044480,3290.0,45000000.0,3330.0,3400.0,3180.0,13819.0,
247660,4180.0,94000000.0,4070.0,4200.0,3935.0,22934.0,
115570,2730.0,23000000.0,2740.0,2745.0,2660.0,8595.0,
372800,3090.0,38000000.0,3185.0,3185.0,2950.0,12513.0,
032860,2690.0,4000000.0,2685.0,2765.0,2685.0,1425.0,
053060,1230.0,95000000.0,1224.0,1265.0,1224.0,76610.0,
238200,2655.0,1000000.0,2645.0,2685.0,2620.0,385.0,
032080,1010.0,0.0,0.0,0.0,0.0,0.0,
191410,1399.0,743000000.0,1765.0,1791.0,1273.0,507960.0,
237750,3340.0,6000000.0,3395.0,3395.0,3305.0,1828.0,
032280,1335.0,98000000.0,1333.0,1339.0,1319.0,73930.0,
039310,1194.0,111000000.0,1348.0,1348.0,1135.0,94363.0,
331520,2205.0,38000000.0,2130.0,2245.0,2130.0,17195.0,
317120,1412.0,36000000.0,1403.0,1447.0,1391.0,25432.0,
054220,1706.0,70000000.0,1690.0,1714.0,1663.0,41684.0,
340440,756.0,0.0,0.0,0.0,0.0,0.0,
018700,1276.0,14000000.0,1283.0,1285.0,1250.0,10731.0,
067730,2195.0,31000000.0,2230.0,2240.0,2145.0,14392.0,
065370,2875.0,10000000.0,2855.0,2935.0,2810.0,3394.0,
432980,2470.0,77000000.0,2585.0,2585.0,2410.0,31035.0,
277410,5520.0,13000000.0,5570.0,5580.0,5510.0,2402.0,
440320,2115.0,30000000.0,2100.0,2140.0,2080.0,14518.0,
241840,2210.0,30000000.0,2280.0,2280.0,2205.0,13580.0,
215480,1954.0,13000000.0,1957.0,1957.0,1873.0,6970.0,
043360,2325.0,16000000.0,2340.0,2340.0,2230.0,6953.0,
424760,2070.0,88000000.0,2035.0,2105.0,2005.0,43360.0,
024940,2090.0,74000000.0,2095.0,2105.0,2060.0,35839.0,
130740,1849.0,13000000.0,1900.0,1900.0,1811.0,7209.0,
344860,1380.0,34000000.0,1419.0,1419.0,1370.0,24923.0,
361670,3650.0,38000000.0,3600.0,3650.0,3505.0,10415.0,
429270,3205.0,101000000.0,3225.0,3255.0,3125.0,31557.0,
019660,1475.0,29000000.0,1475.0,1477.0,1447.0,19551.0,
200230,2160.0,25000000.0,2205.0,2240.0,2055.0,11677.0,
063760,2195.0,176000000.0,2355.0,2355.0,2155.0,79728.0,
353190,2585.0,18000000.0,2545.0,2615.0,2540.0,6980.0,
275630,3870.0,42000000.0,3870.0,3870.0,3700.0,11306.0,
095910,555.0,64000000.0,542.0,575.0,542.0,113406.0,
900110,5480.0,32000000.0,5490.0,5510.0,5250.0,5832.0,
362990,1196.0,11000000.0,1250.0,1250.0,1189.0,9307.0,
438700,1801.0,24000000.0,1810.0,1816.0,1769.0,13576.0,
289220,892.0,83000000.0,899.0,935.0,880.0,91829.0,
301300,1512.0,51000000.0,1520.0,1600.0,1501.0,33675.0,
069330,1170.0,20000000.0,1183.0,1205.0,1128.0,16895.0,
080470,2700.0,16000000.0,2725.0,2725.0,2690.0,6074.0,
009620,5630.0,238000000.0,5370.0,5630.0,5210.0,43830.0,
021040,906.0,8000000.0,944.0,944.0,901.0,8359.0,
098660,1566.0,11000000.0,1570.0,1581.0,1550.0,6750.0,
050760,1198.0,32000000.0,1183.0,1198.0,1168.0,27163.0,
227610,1005.0,19000000.0,1004.0,1033.0,987.0,19148.0,
073190,1622.0,0.0,0.0,0.0,0.0,0.0,
347770,856.0,7000000.0,835.0,859.0,835.0,8302.0,
096870,2320.0,31000000.0,2275.0,2335.0,2245.0,13491.0,
048830,1032.0,70000000.0,1058.0,1059.0,1027.0,66852.0,
115610,1634.0,47000000.0,1621.0,1650.0,1609.0,28999.0,
214610,2290.0,0.0,0.0,0.0,0.0,0.0,
038530,3705.0,40000000.0,3995.0,3995.0,3610.0,10710.0,
342870,3515.0,10000000.0,3530.0,3530.0,3460.0,2763.0,
084440,4980.0,9000000.0,4990.0,4990.0,4875.0,1731.0,
083470,884.0,35000000.0,888.0,893.0,851.0,40475.0,
405000,3510.0,25000000.0,3445.0,3590.0,3380.0,7153.0,
154030,1562.0,30000000.0,1600.0,1600.0,1555.0,18649.0,
113810,2885.0,41000000.0,2995.0,2995.0,2885.0,14199.0,
065150,1181.0,30000000.0,1203.0,1216.0,1181.0,25004.0,
154040,8700.0,52000000.0,9670.0,9670.0,8700.0,5824.0,
252500,2265.0,9000000.0,2260.0,2310.0,2230.0,4130.0,
018620,2700.0,30000000.0,2780.0,2780.0,2690.0,11018.0,
031860,6930.0,0.0,0.0,0.0,0.0,0.0,
054410,3265.0,3000000.0,3190.0,3325.0,3190.0,1007.0,
079950,1352.0,101000000.0,1370.0,1402.0,1323.0,74293.0,
014100,1581.0,11000000.0,1608.0,1608.0,1557.0,6941.0,
026910,2350.0,380000000.0,2435.0,2455.0,2195.0,166123.0,
274400,2050.0,13000000.0,2085.0,2095.0,2005.0,6610.0,
195990,1138.0,15000000.0,1155.0,1155.0,1120.0,13478.0,
088290,2320.0,21000000.0,2370.0,2370.0,2200.0,9133.0,
455180,1258.0,9000000.0,1268.0,1268.0,1230.0,7322.0,
085810,1305.0,52000000.0,1397.0,1397.0,1140.0,40607.0,
353590,1429.0,20000000.0,1505.0,1509.0,1400.0,13536.0,
065060,3060.0,13000000.0,3100.0,3105.0,3060.0,4343.0,
365900,2505.0,4000000.0,2495.0,2570.0,2495.0,1494.0,
196700,1267.0,15000000.0,1286.0,1286.0,1256.0,11773.0,
131100,2820.0,1710000000.0,3040.0,3475.0,2645.0,565876.0,
419540,3045.0,20000000.0,3230.0,3230.0,3010.0,6609.0,
279600,3870.0,5000000.0,3870.0,4085.0,3795.0,1334.0,
110020,1996.0,16000000.0,2055.0,2055.0,1956.0,8138.0,
056730,1215.0,20000000.0,1246.0,1278.0,1205.0,16311.0,
210120,1857.0,82000000.0,1853.0,1872.0,1801.0,45189.0,
403490,1956.0,46000000.0,2040.0,2040.0,1940.0,23267.0,
137940,1826.0,18000000.0,1819.0,1841.0,1818.0,9911.0,
078860,2895.0,78000000.0,2885.0,3065.0,2720.0,27095.0,
023790,1357.0,294000000.0,1415.0,1415.0,1304.0,220745.0,
037400,3355.0,19000000.0,3365.0,3370.0,3340.0,5789.0,
900120,1040.0,0.0,0.0,0.0,0.0,0.0,
373110,999.0,25000000.0,1012.0,1017.0,990.0,25483.0,
0197V0,1887.0,981000000.0,1900.0,1900.0,1883.0,519992.0,
482680,2055.0,0.0,0.0,0.0,0.0,0.0,
477380,2075.0,44000000.0,2080.0,2080.0,2070.0,21254.0,
241820,6040.0,0.0,0.0,0.0,0.0,0.0,
285800,4580.0,310000000.0,4715.0,4895.0,4395.0,67171.0,
0200G0,1886.0,1173000000.0,1893.0,1895.0,1883.0,621188.0,
101000,1650.0,194000000.0,1550.0,1773.0,1451.0,119538.0,
034940,2620.0,71000000.0,2675.0,2690.0,2590.0,26904.0,
065650,1480.0,35000000.0,1435.0,1543.0,1426.0,23664.0,
009730,2030.0,22000000.0,1999.0,2030.0,1972.0,11045.0,
051780,2100.0,278000000.0,2360.0,2370.0,1900.0,129365.0,
376930,1554.0,31000000.0,1552.0,1570.0,1525.0,20281.0,
309930,823.0,18000000.0,850.0,853.0,811.0,21273.0,
060900,2420.0,302000000.0,2350.0,2420.0,2210.0,133784.0,
225590,3065.0,228000000.0,3260.0,3260.0,3055.0,73009.0,
0072Z0,1969.0,78000000.0,1967.0,1970.0,1963.0,39832.0,
477340,2060.0,12000000.0,2060.0,2065.0,2057.0,5659.0,
060480,1375.0,141000000.0,1429.0,1429.0,1322.0,102284.0,
0101C0,1964.0,1000000.0,1975.0,1975.0,1962.0,291.0,
0130H0,1974.0,3000000.0,1991.0,2000.0,1967.0,1462.0,
030350,973.0,0.0,0.0,0.0,0.0,0.0,
0044K0,1981.0,35000000.0,1980.0,1986.0,1970.0,17672.0,
473050,2105.0,1537000000.0,2100.0,2105.0,2100.0,730624.0,
475460,2600.0,31000000.0,2565.0,2675.0,2560.0,11729.0,
0115H0,1983.0,12000000.0,1998.0,1998.0,1970.0,5916.0,
335870,4350.0,108000000.0,4315.0,4380.0,3900.0,26009.0,
489480,2200.0,0.0,0.0,0.0,0.0,0.0,
177350,1450.0,127000000.0,1508.0,1570.0,1448.0,85462.0,
478440,2065.0,6000000.0,2060.0,2065.0,2055.0,2856.0,
479880,2070.0,9000000.0,2070.0,2070.0,2055.0,4238.0,
306040,1526.0,44000000.0,1432.0,1526.0,1426.0,30059.0,
103230,1964.0,69000000.0,2055.0,2055.0,1950.0,34745.0,
092600,2800.0,832000000.0,3435.0,3435.0,2690.0,285639.0,
239340,2600.0,10000000.0,2530.0,2630.0,2465.0,4045.0,
0165X0,1932.0,86000000.0,1937.0,1942.0,1921.0,44395.0,
035620,740.0,139000000.0,744.0,766.0,709.0,188904.0,
0099W0,1964.0,0.0,1952.0,1981.0,1952.0,59.0,
304840,561.0,0.0,0.0,0.0,0.0,0.0,
352770,5250.0,0.0,0.0,0.0,0.0,0.0,
0209J0,1886.0,864000000.0,1889.0,1890.0,1882.0,458428.0,
469480,3210.0,3826000000.0,3300.0,3370.0,2770.0,1255055.0,
244460,1651.0,0.0,0.0,0.0,0.0,0.0,
0134X0,1974.0,33000000.0,1967.0,1980.0,1967.0,16703.0,
0164H0,1944.0,58000000.0,1935.0,1948.0,1935.0,30159.0,
0099X0,2190.0,2002000000.0,2300.0,2300.0,2150.0,906368.0,
481890,2060.0,85000000.0,2070.0,2070.0,2060.0,41356.0,
0096B0,1980.0,6000000.0,1961.0,1981.0,1954.0,2821.0,
498390,2610.0,3081000000.0,2480.0,2630.0,2320.0,1263504.0,
489730,2035.0,13000000.0,2040.0,2045.0,2032.0,6275.0,
478390,2065.0,33000000.0,2065.0,2070.0,2065.0,16027.0,
0097F0,1969.0,0.0,1969.0,1985.0,1953.0,110.0,
054180,2295.0,0.0,0.0,0.0,0.0,0.0,
482520,2065.0,0.0,0.0,0.0,0.0,0.0,
492220,2025.0,42000000.0,2030.0,2035.0,2020.0,20603.0,
0037T0,1984.0,0.0,1999.0,1999.0,1975.0,227.0,
028080,5170.0,0.0,0.0,0.0,0.0,0.0,
0093G0,1958.0,6000000.0,1968.0,1968.0,1955.0,2837.0,
0054V0,1997.0,8000000.0,1994.0,2000.0,1994.0,4219.0,
0131D0,1959.0,30000000.0,1945.0,1966.0,1944.0,15141.0,
418620,621.0,373000000.0,643.0,690.0,621.0,571167.0,
065570,764.0,0.0,0.0,0.0,0.0,0.0,
303030,1340.0,54000000.0,1422.0,1422.0,1285.0,40601.0,
0091W0,2015.0,149000000.0,2055.0,2055.0,2010.0,73690.0,
377220,2150.0,352000000.0,2125.0,2220.0,1950.0,170535.0,
289010,870.0,248000000.0,1034.0,1034.0,862.0,271195.0,
477760,2070.0,227000000.0,2070.0,2075.0,2060.0,110067.0,
0041L0,1974.0,49000000.0,1974.0,1974.0,1962.0,24737.0,
0088D0,2040.0,44000000.0,2040.0,2060.0,2025.0,21663.0,
0132G0,1980.0,2000000.0,1991.0,1991.0,1971.0,825.0,
469900,2100.0,0.0,0.0,0.0,0.0,0.0,
050090,496.0,624000000.0,682.0,682.0,482.0,1231871.0,
482690,2070.0,128000000.0,2070.0,2075.0,2055.0,61885.0,
474660,2090.0,3000000.0,2085.0,2090.0,2085.0,1332.0,
487360,2035.0,4000000.0,2020.0,2040.0,2020.0,1746.0,
474490,2080.0,2000000.0,2075.0,2080.0,2075.0,850.0,
0071M0,1980.0,6000000.0,1970.0,1980.0,1970.0,3038.0,
477470,2065.0,0.0,2070.0,2070.0,2060.0,238.0,
496070,2005.0,36000000.0,1990.0,2005.0,1990.0,17951.0,
208640,809.0,167000000.0,878.0,881.0,781.0,206842.0,
0105P0,1972.0,18000000.0,1986.0,1986.0,1952.0,9335.0,
006050,3180.0,167000000.0,3400.0,3400.0,3105.0,52047.0,
060260,830.0,56000000.0,829.0,839.0,794.0,69281.0,
0129K0,1966.0,10000000.0,1972.0,1972.0,1959.0,5263.0,
486630,2050.0,0.0,2050.0,2050.0,2040.0,58.0,
0096D0,1968.0,0.0,1968.0,1968.0,1961.0,24.0,
0098T0,1994.0,2000000.0,1999.0,1999.0,1983.0,1131.0,
493790,2015.0,1000000.0,2010.0,2020.0,2010.0,559.0,
0004Y0,1999.0,0.0,1997.0,2000.0,1983.0,225.0,
489210,2040.0,1000000.0,2040.0,2050.0,2035.0,268.0,
131760,1211.0,163000000.0,1312.0,1312.0,1200.0,132869.0,
0130D0,1965.0,4000000.0,1951.0,1965.0,1950.0,2272.0,
043100,520.0,0.0,0.0,0.0,0.0,0.0,
142760,490.0,235000000.0,514.0,565.0,464.0,464480.0,
478110,2055.0,1000000.0,2050.0,2055.0,2050.0,382.0,
466690,2000.0,3000000.0,2005.0,2005.0,1996.0,1286.0,
305090,538.0,0.0,0.0,0.0,0.0,0.0,
0041B0,2005.0,5000000.0,2002.0,2005.0,1998.0,2706.0,
488060,2035.0,133000000.0,2040.0,2040.0,2020.0,65723.0,
106080,1650.0,0.0,0.0,0.0,0.0,0.0,
065770,880.0,106000000.0,823.0,970.0,823.0,118954.0,
484130,2025.0,6000000.0,2030.0,2030.0,2020.0,2740.0,
012340,415.0,58000000.0,429.0,459.0,412.0,138765.0,
473950,2055.0,1000000.0,2050.0,2055.0,2050.0,246.0,
487830,2035.0,41000000.0,2040.0,2040.0,2020.0,20343.0,
468760,2080.0,0.0,0.0,0.0,0.0,0.0,
067770,1049.0,1020000000.0,999.0,1312.0,999.0,872615.0,
472230,2105.0,294000000.0,2105.0,2105.0,2100.0,139738.0,
487720,2045.0,10000000.0,2045.0,2045.0,2035.0,5140.0,
354200,955.0,1939000000.0,1088.0,1094.0,886.0,2008316.0,
0068Y0,1980.0,6000000.0,1986.0,1986.0,1955.0,2868.0,
001000,1709.0,13000000.0,1691.0,1741.0,1691.0,7861.0,
291810,584.0,59000000.0,584.0,584.0,584.0,100192.0,
0041J0,1980.0,19000000.0,1961.0,1981.0,1961.0,9593.0,
03481K,5900.0,1000000.0,5880.0,5940.0,5780.0,154.0,
087260,247.0,0.0,0.0,0.0,0.0,0.0,
475250,2080.0,9000000.0,2080.0,2090.0,2080.0,4416.0,
079970,596.0,0.0,0.0,0.0,0.0,0.0,
474930,2090.0,194000000.0,2095.0,2095.0,2085.0,93131.0,
288980,205.0,257000000.0,213.0,213.0,192.0,1274506.0,
240600,892.0,164000000.0,1006.0,1007.0,829.0,184064.0,
065420,940.0,0.0,0.0,0.0,0.0,0.0,
308100,275.0,1079000000.0,266.0,343.0,262.0,3563706.0,
276040,327.0,0.0,0.0,0.0,0.0,0.0,
473000,2085.0,4000000.0,2075.0,2085.0,2075.0,1689.0,
475240,2090.0,89000000.0,2090.0,2095.0,2090.0,42666.0,
900100,1096.0,0.0,0.0,0.0,0.0,0.0,
044180,205.0,0.0,0.0,0.0,0.0,0.0,
313760,468.0,0.0,0.0,0.0,0.0,0.0,
052770,312.0,0.0,0.0,0.0,0.0,0.0,
225430,698.0,0.0,0.0,0.0,0.0,0.0,
025870,1059.0,0.0,0.0,0.0,0.0,0.0,
084180,219.0,452000000.0,180.0,219.0,166.0,2342935.0,
250930,524.0,120000000.0,748.0,758.0,524.0,188510.0,
199730,697.0,74000000.0,719.0,805.0,675.0,102744.0,
011080,456.0,1134000000.0,445.0,575.0,445.0,2263436.0,
058450,574.0,303000000.0,669.0,679.0,535.0,498448.0,
035290,384.0,0.0,0.0,0.0,0.0,0.0,
021045,2035.0,5000000.0,2045.0,2045.0,1961.0,2381.0,
196490,100.0,173000000.0,123.0,130.0,100.0,1490328.0,
312610,45.0,164000000.0,69.0,69.0,45.0,2845671.0,
032685,5840.0,4000000.0,5750.0,5840.0,5740.0,753.0,
