종목코드,현재가,거래대금,시가,고가,저가,거래량,NXT거래대금
005930,268500.0,4120963000000.0,274500.0,276000.0,267500.0,15229913.0,1323971000000.0
000660,1776000.0,5236837000000.0,1789000.0,1824000.0,1773000.0,2922821.0,1403170000000.0
005935,195200.0,918572000000.0,204000.0,205000.0,195000.0,4641898.0,
402340,1139000.0,492164000000.0,1148000.0,1163000.0,1119000.0,432729.0,140844000000.0
009150,1513000.0,714148000000.0,1560000.0,1579000.0,1508000.0,467389.0,471756000000.00006
373220,357000.0,65691000000.0,354000.0,357500.0,351500.0,185037.0,15357000000.0
005380,345000.0,151643000000.0,350000.0,353500.0,344500.0,437670.0,74640000000.0
207940,1391000.0,67258000000.0,1389000.0,1405000.0,1366000.0,48326.0,7378000000.0
105560,168800.0,177012000000.0,173600.0,173600.0,167800.0,1042236.0,15407000000.0
032830,282000.0,72808000000.0,293000.0,293500.0,279000.0,257254.0,12606000000.0
028260,341500.0,87375000000.0,348000.0,353500.0,340000.0,253782.0,14274000000.0
034020,81600.0,114796000000.0,80600.0,82200.0,80300.0,1410628.0,114573000000.0
012450,1007000.0,81995000000.0,1021000.0,1028000.0,1001000.0,81163.0,14596000000.0
055550,106100.0,164302000000.0,110500.0,110800.0,105500.0,1536430.0,11463000000.0
329180,433500.0,69893000000.0,434000.0,444500.0,430500.0,160364.0,23994000000.0
000270,112800.0,98307000000.0,116100.0,116900.0,112800.0,864840.0,19402000000.0
034730,588000.0,90421000000.0,590000.0,599000.0,582000.0,153369.0,11813000000.0
006400,515000.0,118588000000.0,519000.0,525000.0,510000.0,230375.0,64803000000.0
068270,177700.0,59906000000.0,179800.0,179900.0,177700.0,335750.0,9737000000.0
086790,130000.0,131266000000.0,135600.0,135700.0,128600.0,1006086.0,15684000000.0
066570,212500.0,142037000000.0,215000.0,221000.0,212000.0,660773.0,95292000000.0
012330,367000.0,114677000000.0,369000.0,373500.0,363000.0,312577.0,20524000000.0
010120,205000.0,48470000000.0,207000.0,209500.0,203500.0,235438.0,35400000000.0
035420,193700.0,92421000000.0,194900.0,196500.0,192800.0,476031.0,40257000000.0
000810,633000.0,43530000000.0,655000.0,660000.0,626000.0,68438.0,4853000000.0
298040,2773000.0,77312000000.0,2805000.0,2840000.0,2770000.0,27693.0,19103000000.0
316140,34900.0,99062000000.0,36150.0,36200.0,34500.0,2840954.0,14833000000.000002
096770,148800.0,73946000000.0,148300.0,151500.0,146000.0,495635.0,35072000000.0
069500,109545.0,2177504000000.0,,,,,
042700,256500.0,106785000000.0,250000.0,256500.0,247000.0,420789.0,96046000000.0
005490,306000.0,50336000000.0,306500.0,310000.0,304500.0,164472.0,15072000000.0
042660,78800.0,51986000000.0,79700.0,80800.0,78400.0,655414.0,29613000000.0
267260,662000.0,248334000000.0,680000.0,693000.0,658000.0,369156.0,36367000000.0
009540,323500.0,60773000000.0,325000.0,331000.0,322000.0,187027.0,6815000000.000001
010130,1070000.0,16301000000.0,1077000.0,1083000.0,1058000.0,15285.0,4290000000.0
000150,1368000.0,63202000000.0,1388000.0,1404000.0,1362000.0,45852.0,26343000000.0
138040,126300.0,22186000000.0,133800.0,133800.0,126000.0,173956.0,2455000000.0
360750,25825.0,1042147000000.0,,,,,
011200,20850.0,16206000000.0,21050.0,21100.0,20750.0,776340.0,3868000000.0
015760,29950.0,24468000000.0,30150.0,30450.0,29950.0,811916.0,11329000000.0
017670,85600.0,39139000000.0,87000.0,87500.0,85500.0,455023.0,17160000000.0
033780,176200.0,45961000000.0,177400.0,179700.0,175700.0,259969.0,3157000000.0
010950,161700.0,41974000000.0,159700.0,163800.0,157500.0,259343.0,7129000000.000001
051910,251000.0,44477000000.0,251500.0,256000.0,247000.0,177243.0,7881999999.999999
010140,19700.0,64957000000.0,19750.0,20200.0,19650.0,3268107.0,45838000000.0
018260,219000.0,26114000000.0,218500.0,222000.0,217000.0,119261.0,8428000000.0
006800,30950.0,22309000000.0,31250.0,31550.0,30900.0,714975.0,7755000000.0
003550,110800.0,21452000000.0,112400.0,113400.0,109900.0,192535.0,3264000000.0
024110,20200.0,21155000000.0,20550.0,20600.0,20150.0,1044304.0,6655000000.0
267250,202500.0,25741000000.0,203500.0,207500.0,200500.0,126557.0,4505000000.0
003670,178800.0,34325000000.0,177200.0,182400.0,177200.0,191221.0,16605000000.000002
079550,682000.0,27543000000.0,684000.0,695000.0,674000.0,40369.0,10985000000.0
035720,33550.0,27754000000.0,33850.0,34100.0,33450.0,824503.0,
086280,196800.0,26741000000.0,197600.0,199200.0,196000.0,135490.0,3457000000.0
272210,75000.0,50498000000.0,73300.0,76800.0,73200.0,672189.0,28157000000.0
278470,366000.0,65578000000.0,363500.0,373000.0,359000.0,179735.0,25891000000.000004
011070,564000.0,157610000000.0,589000.0,603000.0,552000.0,276550.0,95787000000.0
030200,52300.0,13391000000.0,52500.0,52900.0,51800.0,256754.0,3077000000.0
000720,117500.0,34619000000.0,118300.0,120200.0,117000.0,292836.0,24273000000.0
047810,126200.0,21034000000.0,128300.0,129400.0,125700.0,165687.0,4546000000.0
064350,111600.0,61039000000.0,112500.0,116400.0,111300.0,539055.0,10089000000.0
005830,185000.0,42618000000.0,191000.0,191400.0,184300.0,229563.0,1769000000.0000002
133690,181810.0,1035351000000.0,,,,,
003490,32000.0,80881000000.0,31800.0,32500.0,31400.0,2538572.0,
443060,238000.0,12038000000.0,239000.0,246000.0,235000.0,50536.0,1138000000.0
379800,23470.0,703514000000.0,,,,,
488770,105670.0,54162000000.0,,,,,
396500,38670.0,316582000000.0,,,,,
307950,369500.0,8169000000.0,370000.0,378000.0,368000.0,21965.0,6110000000.0
102110,109900.0,1373531000000.0,,,,,
047050,56900.0,28954000000.0,56100.0,57900.0,55600.0,507736.0,27016000000.000004
078930,107200.0,34745000000.0,107900.0,108700.0,105700.0,325132.0,3408000000.0
071050,177000.0,40476000000.0,178700.0,180200.0,176300.0,227730.0,4703000000.0
379810,27180.0,746875000000.0,,,,,
006260,308500.0,28484000000.0,321000.0,326000.0,306500.0,91207.0,12199000000.0
005940,26000.0,12751000000.0,26400.0,26550.0,25950.0,486964.0,1540000000.0
323410,19890.0,18424000000.0,20250.0,20250.0,19810.0,925362.0,4452000000.0
000500,315000.0,31042000000.0,323000.0,327000.0,310000.0,98292.0,64914000000.0
028050,47700.0,45967000000.0,47800.0,48850.0,47550.0,958563.0,
003230,1213000.0,28069000000.0,1221000.0,1234000.0,1207000.0,23103.0,9216000000.0
259960,194900.0,21913000000.0,199900.0,200500.0,194300.0,111730.0,1625000000.0
180640,132400.0,10261000000.0,137700.0,140500.0,131400.0,76262.0,3164000000.0
0126Z0,346000.0,15776000000.0,336500.0,355500.0,336500.0,45176.0,8230000000.0
007660,115100.0,64932000000.0,118200.0,118900.0,114100.0,559819.0,34626000000.0
090430,138400.0,37905000000.0,142100.0,143700.0,135700.0,273128.0,5045000000.0
016360,88400.0,29539000000.0,88900.0,90500.0,88200.0,331971.0,5722000000.0
278530,39700.0,20333000000.0,,,,,
009830,33900.0,194018000000.0,32600.0,34900.0,32150.0,5710941.0,
161390,59000.0,21317000000.0,59800.0,60500.0,58200.0,360911.0,1291000000.0
047040,17740.0,100346000000.0,17750.0,18260.0,17480.0,5627836.0,
021240,99400.0,17939000000.0,101600.0,101900.0,99000.0,180181.0,463000000.0
459580,1073300.0,925588000000.0,,,,,
352820,156600.0,19196000000.0,159200.0,160400.0,155800.0,121542.0,7639000000.0
000880,125500.0,12321000000.0,128300.0,128700.0,125000.0,97381.0,3293000000.0
064400,68800.0,20503000000.0,69700.0,70200.0,68600.0,296400.0,
039490,251500.0,14009000000.0,255500.0,257500.0,251000.0,55276.0,2632000000.0
353200,132500.0,109989000000.0,130300.0,133550.0,128000.0,836863.0,
062040,212500.0,51298000000.0,211500.0,215000.0,208000.0,242357.0,37695000000.0
128940,499000.0,35153000000.0,500000.0,517000.0,486000.0,70018.0,18966000000.0
032640,14530.0,13366000000.0,14760.0,14790.0,14480.0,917800.0,1312000000.0
091160,142700.0,200214000000.0,,,,,
381180,44310.0,70831000000.0,,,,,
005387,175000.0,13305000000.0,177300.0,178000.0,175000.0,75351.0,
000990,136600.0,70329000000.0,138900.0,141100.0,134200.0,513053.0,49664000000.0
498400,20415.0,85572000000.0,,,,,
267270,123500.0,18326000000.0,126600.0,128900.0,122400.0,146682.0,6781000000.0
326030,74400.0,5647000000.0,75400.0,75600.0,74400.0,75457.0,2439000000.0
001440,29650.0,64419000000.0,30250.0,31400.0,29600.0,2124225.0,
0167A0,18750.0,177540000000.0,,,,,
122630,109470.0,1518623000000.0,,,,,
175330,29100.0,19906000000.0,30950.0,31000.0,28500.0,684718.0,3864000000.0
377300,39850.0,3384000000.0,40300.0,40500.0,39850.0,84528.0,1787000000.0
000100,72800.0,12901000000.0,73000.0,73700.0,72000.0,176863.0,2494000000.0
241560,54600.0,11881000000.0,55600.0,56100.0,54000.0,217422.0,2162000000.0
011790,99300.0,35944000000.0,93900.0,99500.0,93500.0,369908.0,36043000000.0
029780,42200.0,4249000000.0,42800.0,42850.0,42100.0,100570.0,551000000.0
138930,15920.0,21253000000.0,16420.0,16500.0,15560.0,1341249.0,2340000000.0
229200,14455.0,416926000000.0,,,,,
088980,9790.0,5262000000.0,9840.0,9890.0,9780.0,536188.0,
052690,122600.0,20093000000.0,122800.0,124900.0,122000.0,163098.0,30106000000.0
088350,5330.0,30771000000.0,5830.0,5830.0,5320.0,5651819.0,
066970,112100.0,31946000000.0,110600.0,114600.0,109100.0,285003.0,17703000000.0
310970,49095.0,323000000.0,,,,,
036570,209000.0,17521000000.0,213000.0,215000.0,207000.0,83688.0,2756000000.0
148020,110440.0,160063000000.0,,,,,
454910,68600.0,9663000000.0,69100.0,69600.0,68200.0,140441.0,
271560,106900.0,12210000000.0,110300.0,111600.0,106600.0,113536.0,1994000000.0000002
458730,14155.0,20096000000.0,,,,,
010060,223500.0,48876000000.0,216000.0,231000.0,214500.0,217999.0,51962000000.0
034220,8330.0,18994000000.0,8320.0,8490.0,8290.0,2274355.0,
0162Z0,13755.0,50751000000.0,,,,,
395160,42050.0,132702000000.0,,,,,
082740,49000.0,43238000000.0,47600.0,50300.0,47400.0,876961.0,28997000000.000004
001450,47850.0,24885000000.0,49900.0,50000.0,47400.0,514757.0,2671000000.0
002380,470500.0,10536000000.0,475000.0,479000.0,468000.0,22331.0,821000000.0000001
051900,269000.0,25238000000.0,281000.0,281000.0,268000.0,93157.0,4926000000.0
004020,30000.0,13987000000.0,30400.0,30600.0,29750.0,465480.0,7206999999.999999
005385,173900.0,7912000000.0,177200.0,177400.0,173900.0,45065.0,
357870,58130.0,11452000000.0,,,,,
360200,26090.0,10683000000.0,,,,,
103590,82500.0,25251000000.0,82000.0,84600.0,81200.0,304111.0,25927999999.999996
001040,134200.0,10717000000.0,137100.0,138600.0,133300.0,79133.0,1115000000.0
381170,31235.0,35983000000.0,,,,,
411060,25570.0,12840000000.0,,,,,
395270,60025.0,86200000000.0,,,,,
423160,110675.0,6037000000.0,,,,,
018880,3520.0,79832000000.0,3255.0,3635.0,3250.0,22706365.0,
008930,52800.0,6571000000.0,52500.0,53700.0,51100.0,124760.0,1914000000.0
273130,110095.0,414000000.0,,,,,
367380,31245.0,11487000000.0,,,,,
233740,7295.0,385015000000.0,,,,,
161890,146000.0,39203000000.0,150100.0,154500.0,145400.0,264472.0,10598000000.0
102780,26210.0,5347000000.0,,,,,
036460,34800.0,4383000000.0,35450.0,35500.0,34650.0,125695.0,1798999999.9999998
0043B0,103810.0,7972000000.0,,,,,
004170,336500.0,14283000000.0,340500.0,341000.0,334000.0,42503.0,1812000000.0
487240,36210.0,80767000000.0,,,,,
012750,82600.0,4031000000.0,83700.0,84700.0,81700.0,48790.0,185000000.0
028670,5770.0,8868000000.0,5700.0,5840.0,5660.0,1537345.0,
035250,14260.0,3880000000.0,14490.0,14490.0,14230.0,271730.0,1170000000.0
111770,68800.0,4657000000.0,71300.0,71400.0,68300.0,67336.0,526999999.99999994
192820,267000.0,24244000000.0,279500.0,292500.0,265500.0,87948.0,8793000000.0
022100,19910.0,3729000000.0,19920.0,20200.0,19790.0,186639.0,1510000000.0
375500,77800.0,20542000000.0,79100.0,80000.0,76800.0,262720.0,
336260,45550.0,31345000000.0,45800.0,46750.0,44450.0,684444.0,36611000000.0
455890,55615.0,19484000000.0,,,,,
031210,42150.0,1971000000.0,43050.0,43300.0,42050.0,46545.0,742000000.0
006360,33950.0,24535000000.0,34450.0,35000.0,33900.0,715092.0,
011780,115300.0,7429000000.0,116100.0,117000.0,113300.0,64780.0,1186000000.0
139130,18270.0,13218000000.0,18830.0,18890.0,18050.0,724494.0,824000000.0
023530,101400.0,11554000000.0,103400.0,103400.0,99300.0,114832.0,1601000000.0000002
251270,34400.0,4213000000.0,34850.0,35000.0,34350.0,121695.0,335000000.0
017800,73000.0,3818000000.0,73800.0,74100.0,72900.0,52130.0,1051000000.0
007340,48700.0,6998000000.0,50500.0,52900.0,48300.0,141878.0,2670000000.0
302440,36100.0,1729000000.0,36100.0,36450.0,35550.0,47934.0,491000000.0
014680,258500.0,21891000000.0,251000.0,267000.0,251000.0,83394.0,3603000000.0
472150,20080.0,50761000000.0,,,,,
139260,141630.0,40471000000.0,,,,,
097950,179000.0,7188000000.0,179300.0,179700.0,177800.0,40225.0,898000000.0
383220,68600.0,2277000000.0,69600.0,69800.0,68600.0,32966.0,372000000.0
004800,156400.0,1882000000.0,159800.0,159800.0,156000.0,11964.0,283000000.0
486290,10415.0,8949000000.0,,,,,
481050,1021510.0,38290000000.0,,,,,
426030,47490.0,39662000000.0,,,,,
003690,14590.0,4635000000.0,15160.0,15170.0,14470.0,317043.0,609000000.0
085620,19060.0,953000000.0,19240.0,19240.0,18630.0,50372.0,
011170,60000.0,3365000000.0,60400.0,61200.0,59300.0,55950.0,1085000000.0
489790,50400.0,9988000000.0,49200.0,50800.0,48850.0,199062.0,7102000000.0
026960,25350.0,1161000000.0,25950.0,25950.0,25250.0,45589.0,252999999.99999997
450080,34800.0,11088000000.0,34750.0,35800.0,34500.0,315092.0,
004370,403500.0,6199000000.0,409500.0,410000.0,401000.0,15360.0,1074000000.0
457190,79700.0,87779000000.0,73300.0,80800.0,71500.0,1128330.0,108816000000.00002
278540,39110.0,1410000000.0,,,,,
004990,24050.0,1828000000.0,24100.0,24200.0,23900.0,76092.0,231999999.99999997
449170,112015.0,5981000000.0,,,,,
000240,25100.0,1366000000.0,25150.0,25300.0,24600.0,54692.0,219000000.0
161510,24515.0,24496000000.0,,,,,
005440,12810.0,5336000000.0,12670.0,12990.0,12670.0,414724.0,344000000.0
483650,186600.0,13624000000.0,189200.0,191100.0,185500.0,72494.0,5737000000.0
009420,44100.0,9868000000.0,43250.0,44700.0,42150.0,224939.0,3469000000.0
001720,140100.0,1530000000.0,141200.0,141200.0,138600.0,10990.0,220000000.00000003
005850,49300.0,2397000000.0,50000.0,50100.0,49000.0,48462.0,648000000.0
282330,130000.0,5246000000.0,132400.0,132700.0,128200.0,40458.0,760000000.0
018670,239500.0,1093000000.0,242500.0,242500.0,237500.0,4552.0,240000000.0
020150,42000.0,6783000000.0,42800.0,43200.0,41300.0,160190.0,4113000000.0000005
385540,103255.0,43000000.0,,,,,
279570,5390.0,2258000000.0,5460.0,5460.0,5380.0,418200.0,
103140,77600.0,4309000000.0,78400.0,79700.0,77500.0,55026.0,1580000000.0
030000,18740.0,21227000000.0,18510.0,18930.0,18250.0,1140803.0,4552000000.0
0193T0,10810.0,195272000000.0,,,,,
112610,50900.0,13590000000.0,50800.0,52300.0,50700.0,264834.0,
204320,45650.0,6762000000.0,46100.0,46550.0,45500.0,147421.0,
009970,162400.0,1777000000.0,166900.0,167000.0,160200.0,10944.0,261000000.0
456600,58105.0,7512000000.0,,,,,
081660,37500.0,4408000000.0,38500.0,38700.0,37400.0,117083.0,423000000.00000006
284430,20520.0,4876000000.0,,,,,
002790,25850.0,3289000000.0,26800.0,26850.0,25400.0,127371.0,704000000.0
139480,71500.0,6425000000.0,71800.0,72400.0,71200.0,89823.0,957000000.0
051600,43700.0,8949000000.0,45200.0,45450.0,43500.0,202958.0,2278000000.0
214980,114480.0,7249000000.0,,,,,
069960,89600.0,7449000000.0,89200.0,90600.0,88000.0,83547.0,1704000000.0
073240,6670.0,7085000000.0,6850.0,7010.0,6670.0,1041108.0,3370000000.0000005
229640,62000.0,10720000000.0,64100.0,64600.0,61700.0,171434.0,11745000000.0
292150,38300.0,20736000000.0,,,,,
007070,22450.0,2779000000.0,23050.0,23100.0,22300.0,123145.0,404000000.0
000155,466000.0,2989000000.0,476000.0,477500.0,463000.0,6388.0,
305720,14370.0,37489000000.0,,,,,
089860,50600.0,3955000000.0,49850.0,50800.0,49600.0,78462.0,1513000000.0
462870,30700.0,1165000000.0,31100.0,31450.0,30700.0,37673.0,211000000.0
294400,144000.0,21965000000.0,,,,,
007810,74300.0,27716000000.0,74600.0,75300.0,72300.0,375048.0,44480000000.0
181710,55000.0,8240000000.0,55400.0,55500.0,54000.0,150840.0,1788000000.0
442580,106140.0,31446000000.0,,,,,
020560,8520.0,1311000000.0,8370.0,8620.0,8370.0,154094.0,316000000.0
281820,87900.0,12451000000.0,88700.0,92600.0,86600.0,140148.0,10383000000.0
439260,44950.0,694000000.0,45250.0,46200.0,44900.0,15297.0,630000000.0
441640,12190.0,7944000000.0,,,,,
475150,49350.0,24318000000.0,50500.0,50700.0,49350.0,486965.0,
001120,43300.0,7099000000.0,41250.0,43500.0,40600.0,165799.0,2867000000.0
120110,55100.0,3830000000.0,55200.0,56000.0,54400.0,69373.0,1782000000.0
071970,48600.0,10362000000.0,48000.0,50100.0,48000.0,210444.0,5832000000.0
105190,110010.0,30889000000.0,,,,,
023590,37500.0,1269000000.0,38250.0,38300.0,37500.0,33577.0,281000000.0
446770,80660.0,6640000000.0,,,,,
368590,30285.0,9713000000.0,,,,,
001430,44950.0,4728000000.0,45850.0,46100.0,44650.0,104631.0,1411000000.0
093370,15000.0,138800000000.0,14140.0,15500.0,14140.0,9233755.0,
000120,70000.0,1508000000.0,70600.0,71000.0,69900.0,21487.0,376000000.0
395400,5230.0,835000000.0,5230.0,5290.0,5170.0,159641.0,
329200,4035.0,6052000000.0,,,,,
006040,35300.0,612000000.0,35650.0,35700.0,35250.0,17298.0,172000000.0
001820,149200.0,129804000000.0,157500.0,163300.0,148500.0,846764.0,
008770,39350.0,11581000000.0,40200.0,40350.0,39300.0,292512.0,3833000000.0
610063,55880.0,3000000.0,,,,,
0177N0,14450.0,43196000000.0,,,,,
0193W0,12830.0,88693000000.0,,,,,
009155,526000.0,5146000000.0,539000.0,540000.0,517000.0,9799.0,
294870,23200.0,2983000000.0,23100.0,23650.0,23100.0,127836.0,296000000.0
477080,107725.0,732000000.0,,,,,
012630,25150.0,1061000000.0,25600.0,25800.0,25100.0,41893.0,193000000.0
152100,111410.0,35542000000.0,,,,,
487230,19730.0,7251000000.0,,,,,
379780,22505.0,3136000000.0,,,,,
091230,150995.0,22150000000.0,,,,,
232080,14745.0,145575000000.0,,,,,
006280,123000.0,2591000000.0,123800.0,124700.0,121300.0,21057.0,630000000.0
322000,128300.0,41922000000.0,122700.0,132200.0,121400.0,325913.0,
005070,43250.0,5595000000.0,43600.0,44650.0,42700.0,128277.0,4170000000.0000005
453850,6845.0,5750000000.0,,,,,
361610,17350.0,2642000000.0,17110.0,17460.0,17010.0,153271.0,1575000000.0
0195S0,9200.0,74038000000.0,,,,,
011210,52100.0,2741000000.0,53500.0,53900.0,51900.0,52153.0,715000000.0
226490,70890.0,9890000000.0,,,,,
001800,23200.0,3008000000.0,24150.0,24250.0,22950.0,128842.0,1018000000.0
466920,26260.0,33173000000.0,,,,,
390390,55685.0,27758000000.0,,,,,
097230,14650.0,2919000000.0,14690.0,15130.0,14640.0,195923.0,
475630,1078690.0,30811000000.0,,,,,
00680K,10240.0,2372000000.0,10250.0,10330.0,10160.0,231473.0,
448330,17580.0,7524000000.0,,,,,
700026,107905.0,0.0,,,,,
157450,112715.0,1338000000.0,,,,,
436140,106475.0,4000000.0,,,,,
007310,315000.0,705000000.0,317000.0,319000.0,314000.0,2233.0,238000000.0
469150,63845.0,17775000000.0,,,,,
066575,72600.0,3057000000.0,73600.0,75500.0,72600.0,41338.0,
001740,6210.0,4734000000.0,6250.0,6350.0,6130.0,762473.0,
438080,13785.0,3321000000.0,,,,,
069620,106300.0,1335000000.0,107400.0,107900.0,105800.0,12531.0,190000000.0
415640,10030.0,982000000.0,10120.0,10120.0,9970.0,98015.0,
192080,58000.0,2871000000.0,59100.0,59200.0,57600.0,49380.0,112000000.00000001
455850,28935.0,100015000000.0,,,,,
494310,95620.0,307030000000.0,,,,,
298020,279000.0,5803000000.0,290500.0,291000.0,277500.0,20635.0,2013000000.0
003540,25300.0,1623000000.0,25800.0,25900.0,25100.0,64020.0,479000000.0
356540,101390.0,1352000000.0,,,,,
000815,397000.0,4249000000.0,405000.0,405000.0,394000.0,10687.0,
300720,16190.0,921000000.0,16210.0,16310.0,16040.0,57031.0,234000000.0
330590,4080.0,433000000.0,4115.0,4155.0,4075.0,105388.0,
530031,2915.0,1659000000.0,,,,,
006120,65600.0,2382000000.0,63500.0,66400.0,63400.0,36276.0,875000000.0
0072R0,12215.0,7095000000.0,,,,,
487340,106145.0,929000000.0,,,,,
280360,122700.0,1815000000.0,124700.0,125500.0,120800.0,14861.0,320000000.0
030610,9850.0,186000000.0,10000.0,10000.0,9820.0,18853.0,99000000.0
497570,22455.0,10417000000.0,,,,,
004000,43200.0,1339000000.0,43400.0,43850.0,43050.0,30937.0,236000000.0
0183J0,7455.0,6511000000.0,,,,,
0139F0,102325.0,10000000.0,,,,,
469830,54515.0,8343000000.0,,,,,
465580,24160.0,20529000000.0,,,,,
494890,31580.0,4027000000.0,,,,,
445290,30350.0,7109000000.0,,,,,
195870,61900.0,8172000000.0,63400.0,63900.0,61200.0,131260.0,7948000000.0
451540,52940.0,58000000.0,,,,,
494300,8770.0,6665000000.0,,,,,
003160,36700.0,10720000000.0,36850.0,37450.0,36200.0,291666.0,8656000000.0
000210,49550.0,2519000000.0,51100.0,51500.0,49200.0,50376.0,396000000.0
000080,14780.0,1848000000.0,15160.0,15170.0,14670.0,124857.0,800000000.0
017960,20050.0,3201000000.0,20450.0,20800.0,19890.0,158294.0,2050000000.0
449180,17165.0,4513000000.0,,,,,
003570,30900.0,5664000000.0,30500.0,31750.0,29500.0,184025.0,2472000000.0
006340,12990.0,16645000000.0,13240.0,13490.0,12930.0,1264682.0,
295040,41115.0,5381000000.0,,,,,
003240,910000.0,1264000000.0,900000.0,917000.0,897000.0,1391.0,145000000.0
479520,106625.0,427000000.0,,,,,
0117V0,18945.0,14362000000.0,,,,,
446720,12980.0,2592000000.0,,,,,
760009,107590.0,0.0,,,,,
451800,5350.0,330000000.0,5260.0,5350.0,5220.0,62591.0,
192400,26950.0,306000000.0,27450.0,27450.0,26850.0,11345.0,54000000.0
449450,49565.0,13673000000.0,,,,,
003530,4450.0,2865000000.0,4555.0,4585.0,4450.0,636484.0,
495050,32130.0,1164000000.0,,,,,
315930,78705.0,541000000.0,,,,,
438100,15110.0,2264000000.0,,,,,
479080,53905.0,6855000000.0,,,,,
402970,14425.0,1936000000.0,,,,,
237350,87320.0,16208000000.0,,,,,
030190,15930.0,1466000000.0,16290.0,16360.0,15900.0,91414.0,33000000.0
006110,61100.0,7722000000.0,60000.0,62300.0,59400.0,126491.0,6981999999.999999
032350,11550.0,2690000000.0,11710.0,11710.0,11400.0,232350.0,361000000.0
009240,39050.0,1094000000.0,40150.0,40300.0,38700.0,27942.0,183000000.0
0219E0,8270.0,28709000000.0,,,,,
0048J0,13470.0,5029000000.0,,,,,
0195R0,11645.0,48408000000.0,,,,,
305540,18400.0,3372000000.0,,,,,
071320,78700.0,1404000000.0,79100.0,80400.0,77900.0,17799.0,634000000.0
009450,61000.0,1436000000.0,60900.0,62600.0,60900.0,23250.0,564000000.0
285130,51300.0,1270000000.0,51700.0,52300.0,51000.0,24663.0,171000000.0
185750,64200.0,1288000000.0,64800.0,64800.0,64100.0,20043.0,212000000.0
077970,22000.0,2108000000.0,21750.0,22350.0,21700.0,95366.0,1659000000.0
005300,94700.0,1284000000.0,96300.0,96700.0,94600.0,13516.0,74000000.0
003090,15070.0,1484000000.0,15700.0,15750.0,15040.0,97419.0,319000000.0
0117L0,10185.0,254000000.0,,,,,
051915,112900.0,951000000.0,112800.0,114800.0,112800.0,8343.0,
475720,12490.0,4365000000.0,,,,,
034230,9330.0,2967000000.0,9530.0,9540.0,9240.0,317383.0,1023000000.0
000370,7300.0,5331000000.0,7880.0,7890.0,7280.0,720584.0,
498410,11375.0,36276000000.0,,,,,
466940,26150.0,22199000000.0,,,,,
003470,4355.0,737000000.0,4370.0,4375.0,4340.0,169294.0,
0177R0,11825.0,12254000000.0,,,,,
079160,5060.0,1125000000.0,5150.0,5170.0,5020.0,221712.0,
071055,141900.0,690000000.0,142500.0,144100.0,141900.0,4844.0,
069660,109585.0,16691000000.0,,,,,
004490,59400.0,1364000000.0,60200.0,60500.0,59100.0,22809.0,869000000.0
490590,14250.0,6899000000.0,,,,,
252670,72.0,483550000000.0,,,,,
441800,28350.0,4400000000.0,,,,,
272580,57205.0,548000000.0,,,,,
700028,224265.0,417000000.0,,,,,
550082,55910.0,0.0,,,,,
0025N0,11795.0,1687000000.0,,,,,
153130,113215.0,1035000000.0,,,,,
114800,998.0,552631000000.0,,,,,
100840,37150.0,4153000000.0,37950.0,38450.0,36800.0,110845.0,8033000000.0
365550,3100.0,663000000.0,3085.0,3120.0,3080.0,213681.0,
499790,38400.0,1184000000.0,39350.0,39450.0,38250.0,30581.0,534999999.99999994
000670,41250.0,1264000000.0,42050.0,42500.0,41200.0,30241.0,562000000.0
005180,85700.0,4923000000.0,87000.0,87100.0,84600.0,57181.0,612000000.0
036530,46300.0,351000000.0,46500.0,47200.0,46300.0,7524.0,91000000.0
476550,6445.0,3740000000.0,,,,,
462330,983.0,66973000000.0,,,,,
137310,6130.0,494000000.0,6120.0,6140.0,6050.0,81107.0,119000000.0
456610,58940.0,933000000.0,,,,,
418660,40525.0,4489000000.0,,,,,
094800,7880.0,266000000.0,7990.0,7990.0,7800.0,33887.0,
100090,11680.0,3166000000.0,11550.0,11940.0,11550.0,269113.0,
005690,12160.0,5016000000.0,12140.0,12360.0,12060.0,411109.0,
457480,17665.0,2736000000.0,,,,,
214320,18210.0,863000000.0,18200.0,18360.0,18110.0,47296.0,158000000.0
298050,162100.0,942000000.0,163600.0,164600.0,160500.0,5840.0,227000000.0
144600,9890.0,3183000000.0,,,,,
481060,7080.0,3184000000.0,,,,,
495850,31710.0,1434000000.0,,,,,
003850,8360.0,252000000.0,8220.0,8380.0,8220.0,30324.0,87000000.0
329750,12805.0,1491000000.0,,,,,
367760,61195.0,10993000000.0,,,,,
580058,53950.0,0.0,,,,,
064960,26400.0,1480000000.0,27000.0,27050.0,26200.0,56016.0,545000000.0
005090,48000.0,1897000000.0,48800.0,50000.0,47750.0,39133.0,1122000000.0
0127P0,10485.0,1795000000.0,,,,,
090460,20450.0,8909000000.0,20650.0,20900.0,20150.0,433815.0,10679000000.0
290130,48115.0,3652000000.0,,,,,
002960,524000.0,357000000.0,520000.0,524000.0,515000.0,689.0,136000000.0
456040,75600.0,1181000000.0,75800.0,77000.0,75000.0,15574.0,687000000.0
364980,9965.0,27764000000.0,,,,,
0101N0,21480.0,5351000000.0,,,,,
293940,5590.0,448000000.0,5590.0,5600.0,5460.0,80703.0,
314250,64135.0,1118000000.0,,,,,
482730,11455.0,3502000000.0,,,,,
434730,57115.0,10596000000.0,,,,,
458760,10325.0,1657000000.0,,,,,
0167B0,11700.0,4723000000.0,,,,,
005880,2050.0,1606000000.0,2035.0,2080.0,2030.0,780798.0,
488080,38190.0,192846000000.0,,,,,
0007F0,10185.0,131000000.0,,,,,
371460,9075.0,775000000.0,,,,,
268280,129100.0,82000000.0,132400.0,132900.0,129100.0,633.0,13000000.0
069260,15750.0,1379000000.0,16250.0,16340.0,15720.0,86835.0,742000000.0
102970,17240.0,5140000000.0,,,,,
248070,13410.0,2605000000.0,12980.0,13610.0,12910.0,195543.0,1086000000.0
093050,21900.0,408000000.0,22050.0,22050.0,21500.0,18791.0,27000000.0
0148J0,9365.0,15024000000.0,,,,,
001570,9900.0,0.0,0.0,0.0,0.0,0.0,
434060,16670.0,894000000.0,,,,,
017940,91900.0,630000000.0,92500.0,92500.0,90600.0,6899.0,69000000.0
491010,24865.0,1310000000.0,,,,,
0061Z0,51105.0,256000000.0,,,,,
000400,2015.0,521000000.0,2040.0,2045.0,2000.0,259250.0,
0015B0,19320.0,9986000000.0,,,,,
001680,17970.0,864000000.0,18150.0,18200.0,17860.0,48136.0,114999999.99999999
453340,19160.0,929000000.0,18980.0,19360.0,18600.0,48952.0,198000000.0
001060,26550.0,635000000.0,26500.0,26650.0,26200.0,24076.0,416000000.0
000640,91700.0,815000000.0,94800.0,94800.0,91700.0,8831.0,170000000.0
317450,42250.0,243000000.0,42200.0,42550.0,42000.0,5765.0,90000000.0
423920,88715.0,18490000000.0,,,,,
002840,136800.0,383000000.0,136900.0,137700.0,132300.0,2826.0,15000000.0
383800,8060.0,346000000.0,8150.0,8170.0,8040.0,42861.0,170000000.0
0091P0,17030.0,21028000000.0,,,,,
014820,20900.0,377000000.0,21100.0,21350.0,20900.0,17958.0,45000000.0
108320,36600.0,4602000000.0,37400.0,38400.0,36100.0,125040.0,2738000000.0
138540,45730.0,3841000000.0,,,,,
251600,15225.0,2177000000.0,,,,,
491620,10330.0,3051000000.0,,,,,
489250,12210.0,3432000000.0,,,,,
466950,31075.0,1017000000.0,,,,,
079900,40000.0,1239000000.0,40600.0,40900.0,39900.0,30727.0,1325000000.0
004710,10990.0,9102000000.0,11380.0,11600.0,10900.0,813841.0,
0019K0,13415.0,3943000000.0,,,,,
00088K,39400.0,855000000.0,39600.0,39600.0,38300.0,21906.0,
006650,88500.0,2115000000.0,89700.0,90300.0,87600.0,23871.0,933000000.0
484790,7870.0,6074000000.0,,,,,
451000,107505.0,10000000.0,,,,,
033240,26150.0,1017000000.0,26700.0,26950.0,26150.0,38399.0,564000000.0
277630,71950.0,3082000000.0,,,,,
449190,22820.0,3630000000.0,,,,,
452260,2905.0,4348000000.0,2885.0,2965.0,2830.0,1486826.0,
016380,5610.0,700000000.0,5610.0,5680.0,5570.0,124465.0,
336370,7970.0,806000000.0,7690.0,7990.0,7680.0,102622.0,360000000.0
178920,19050.0,1035000000.0,18750.0,19370.0,18740.0,54112.0,395000000.0
00104K,131900.0,317000000.0,134000.0,134000.0,131000.0,2399.0,
025540,55000.0,1169000000.0,56300.0,56300.0,54900.0,21122.0,277000000.0
017900,9560.0,10607000000.0,9610.0,9820.0,9350.0,1102829.0,
477050,53630.0,467000000.0,,,,,
075580,9700.0,918000000.0,9690.0,9940.0,9660.0,93609.0,545000000.0
002350,5640.0,642000000.0,5670.0,5670.0,5550.0,114835.0,
003300,17660.0,256000000.0,17620.0,18000.0,17390.0,14475.0,40000000.0
114090,8780.0,984000000.0,8970.0,8970.0,8780.0,111551.0,349000000.0
284740,24000.0,144000000.0,23800.0,24100.0,23750.0,6043.0,42000000.0
455030,11585.0,960000000.0,,,,,
494670,20890.0,7903000000.0,,,,,
005810,36600.0,255000000.0,37850.0,37850.0,36600.0,6945.0,85000000.0
365780,82360.0,268000000.0,,,,,
0105E0,12670.0,2619000000.0,,,,,
001510,2270.0,2619000000.0,2280.0,2305.0,2255.0,1147689.0,
192650,7950.0,5145000000.0,8250.0,8370.0,7790.0,645387.0,
001270,50500.0,93000000.0,51000.0,51300.0,49950.0,1850.0,33000000.0
007700,13380.0,23000000.0,13440.0,13600.0,13320.0,1783.0,16000000.0
058650,129000.0,77000000.0,126200.0,129300.0,124600.0,611.0,
001530,25200.0,270000000.0,25600.0,26250.0,25200.0,10605.0,151000000.0
462010,4725.0,9264000000.0,,,,,
496020,52610.0,112000000.0,,,,,
435420,14080.0,2387000000.0,,,,,
009410,1599.0,242000000.0,1622.0,1637.0,1598.0,150204.0,
371160,6270.0,1466000000.0,,,,,
315960,77150.0,6453000000.0,,,,,
0163Y0,10250.0,4118000000.0,,,,,
003620,2490.0,520000000.0,2510.0,2535.0,2470.0,208258.0,
396520,12210.0,3262000000.0,,,,,
496080,31895.0,2060000000.0,,,,,
361580,62335.0,11570000000.0,,,,,
161000,10310.0,1288000000.0,10260.0,10500.0,10200.0,124438.0,2509000000.0
438330,115505.0,1205000000.0,,,,,
471990,28550.0,47702000000.0,,,,,
114260,61735.0,797000000.0,,,,,
444200,44840.0,848000000.0,,,,,
003545,19980.0,937000000.0,20300.0,20300.0,19980.0,46738.0,
003030,117600.0,5126000000.0,120000.0,120800.0,117100.0,43113.0,2497000000.0
251350,38040.0,1471000000.0,,,,,
484870,17690.0,1991000000.0,18110.0,18740.0,17110.0,110745.0,616000000.0
476800,4190.0,1652000000.0,,,,,
448290,17775.0,1530000000.0,,,,,
029460,43900.0,1749000000.0,46500.0,46800.0,43800.0,39134.0,990000000.0
0220W0,5710.0,11504000000.0,5860.0,5880.0,5570.0,2018920.0,
463250,32400.0,6002000000.0,,,,,
001500,7760.0,241000000.0,7840.0,7850.0,7740.0,31047.0,202999999.99999997
377740,4675.0,174000000.0,4655.0,4710.0,4605.0,37411.0,
145990,46000.0,106000000.0,45850.0,46200.0,45500.0,2316.0,45000000.0
019170,9030.0,850000000.0,9030.0,9140.0,8960.0,94014.0,662000000.0
008060,15120.0,995000000.0,15400.0,15400.0,14990.0,65901.0,269000000.0
460860,9450.0,752000000.0,9590.0,9680.0,9000.0,79087.0,1293000000.0
499660,1000000.0,10971000000.0,,,,,
004690,128700.0,622000000.0,131200.0,131200.0,128100.0,4830.0,89000000.0
039130,30050.0,315000000.0,30400.0,30400.0,30000.0,10465.0,199000000.0
483280,11690.0,2100000000.0,,,,,
002990,12300.0,10685000000.0,12840.0,13030.0,12280.0,849400.0,
490490,10500.0,1221000000.0,,,,,
471230,103630.0,6086000000.0,,,,,
0190C0,7510.0,2682000000.0,,,,,
000070,58200.0,219000000.0,58100.0,58200.0,57600.0,3798.0,28000000.000000004
448730,4960.0,161000000.0,4890.0,4980.0,4890.0,32761.0,
020000,21000.0,4953000000.0,20550.0,22050.0,20300.0,231188.0,1229000000.0
243880,346560.0,22313000000.0,,,,,
005250,9510.0,248000000.0,9510.0,9620.0,9430.0,26151.0,140000000.0
002240,16550.0,163000000.0,16810.0,16810.0,16510.0,9834.0,36000000.0
249420,13950.0,1242000000.0,13780.0,14160.0,13710.0,88985.0,876000000.0
760013,88070.0,379000000.0,,,,,
090435,41650.0,990000000.0,43100.0,43450.0,41350.0,23671.0,
016610,10310.0,911000000.0,10260.0,10410.0,10190.0,88134.0,97000000.0
451060,35140.0,1816000000.0,,,,,
034310,11850.0,211000000.0,11810.0,12000.0,11800.0,17778.0,6000000.0
004700,65500.0,29000000.0,66900.0,67100.0,65500.0,444.0,0.0
003280,1810.0,2490000000.0,1785.0,1826.0,1785.0,1374894.0,
306200,153200.0,6076000000.0,157000.0,158100.0,150400.0,39628.0,3528000000.0
010780,14610.0,559000000.0,14720.0,14830.0,14580.0,38201.0,68000000.0
009900,8260.0,819000000.0,8160.0,8350.0,8130.0,99357.0,538000000.0
447770,13670.0,2475000000.0,,,,,
293180,109930.0,4610000000.0,,,,,
385560,51245.0,1213000000.0,,,,,
0016X0,51515.0,24000000.0,,,,,
448300,23540.0,2386000000.0,,,,,
005945,22300.0,883000000.0,22700.0,22750.0,22250.0,39379.0,
474220,14890.0,1487000000.0,,,,,
0023A0,23690.0,2800000000.0,,,,,
072710,89400.0,103000000.0,89700.0,89900.0,89000.0,1165.0,30000000.0
0210A0,7685.0,17234000000.0,,,,,
002030,198600.0,355000000.0,206000.0,208500.0,198600.0,1776.0,50000000.0
357120,4200.0,372000000.0,4250.0,4250.0,4065.0,90062.0,
0173Y0,10980.0,10015000000.0,,,,,
403550,10740.0,28000000.0,10720.0,10890.0,10660.0,2655.0,17000000.0
271940,11190.0,577000000.0,11460.0,11460.0,11120.0,51307.0,4721000000.0
014830,59600.0,469000000.0,60600.0,60800.0,59600.0,7807.0,113999999.99999999
426020,31700.0,1796000000.0,,,,,
002810,21750.0,93000000.0,21700.0,21750.0,21350.0,4316.0,16000000.0
005389,172500.0,1007000000.0,174200.0,174200.0,172300.0,5824.0,
130660,12210.0,1415000000.0,12190.0,12430.0,12190.0,115025.0,
003000,4020.0,578000000.0,4025.0,4070.0,3975.0,143654.0,
005420,10310.0,837000000.0,10240.0,10520.0,10240.0,80695.0,309000000.0
302450,71255.0,85000000.0,,,,,
001200,4050.0,1157000000.0,4100.0,4115.0,4025.0,285299.0,
0046A0,9360.0,3586000000.0,,,,,
148070,104335.0,601000000.0,,,,,
0060H0,12410.0,2245000000.0,,,,,
241180,34680.0,373000000.0,,,,,
480260,53890.0,290000000.0,,,,,
385720,25480.0,1032000000.0,,,,,
015360,14700.0,82000000.0,14800.0,14800.0,14650.0,5569.0,33000000.0
092230,96500.0,83000000.0,97200.0,97200.0,95300.0,869.0,22000000.0
317400,9810.0,5100000000.0,9750.0,10010.0,9620.0,520419.0,
344820,23750.0,78000000.0,23700.0,23850.0,23600.0,3318.0,21000000.0
474590,49060.0,4301000000.0,,,,,
012030,1869.0,3072000000.0,1745.0,1909.0,1731.0,1653419.0,
089590,4660.0,706000000.0,4695.0,4730.0,4605.0,151061.0,
476760,8355.0,6405000000.0,,,,,
092790,14400.0,28980000000.0,14220.0,14770.0,13960.0,2019535.0,
016590,9270.0,111000000.0,9590.0,9590.0,9070.0,12226.0,78000000.0
029530,38250.0,85000000.0,39150.0,39150.0,38200.0,2213.0,18000000.0
439860,113590.0,5000000.0,,,,,
183190,10270.0,150000000.0,10330.0,10540.0,10260.0,14590.0,47000000.0
126560,3380.0,230000000.0,3405.0,3420.0,3370.0,67890.0,
002710,14020.0,37442000000.0,12610.0,14140.0,12130.0,2835453.0,60783000000.00001
520054,183180.0,177000000.0,,,,,
031430,10430.0,395000000.0,10570.0,10630.0,10430.0,37500.0,49000000.0
194370,12570.0,267000000.0,12700.0,12790.0,12480.0,21311.0,82000000.0
0040Y0,7850.0,1901000000.0,,,,,
011930,17810.0,2859000000.0,17810.0,18220.0,17610.0,159381.0,
008730,14550.0,600000000.0,14550.0,14820.0,14390.0,41052.0,229000000.0
469070,10735.0,1400000000.0,,,,,
001940,25400.0,81000000.0,25850.0,25850.0,25400.0,3200.0,3000000.0
006220,9510.0,601000000.0,9630.0,9680.0,9470.0,63049.0,
950210,5970.0,137000000.0,6050.0,6070.0,5830.0,23185.0,
310960,64040.0,3233000000.0,,,,,
484880,22250.0,12314000000.0,,,,,
245710,27760.0,734000000.0,,,,,
027410,3720.0,98000000.0,3715.0,3755.0,3695.0,26370.0,
458250,32230.0,4168000000.0,,,,,
132030,23420.0,712000000.0,,,,,
091180,24985.0,1477000000.0,,,,,
0131V0,10770.0,382000000.0,,,,,
005610,40650.0,221000000.0,39550.0,40700.0,39150.0,5503.0,45000000.0
010955,87200.0,1753000000.0,87200.0,89300.0,86100.0,19868.0,
015860,7100.0,728000000.0,6950.0,7110.0,6880.0,103644.0,
442570,17290.0,1583000000.0,,,,,
007690,37650.0,254000000.0,37900.0,38350.0,37650.0,6714.0,42000000.0
0120G0,46550.0,975000000.0,45650.0,47700.0,45650.0,20821.0,643000000.0
279530,17330.0,2701000000.0,,,,,
060980,38450.0,570000000.0,39200.0,39200.0,38150.0,14827.0,97000000.0
0094M0,17150.0,14953000000.0,,,,,
0144L0,9405.0,685000000.0,,,,,
0182R0,11055.0,14561000000.0,,,,,
385510,39350.0,2146000000.0,,,,,
475300,26200.0,88477000000.0,,,,,
105630,8540.0,173000000.0,8610.0,8670.0,8530.0,20206.0,37000000.0
0167Z0,7425.0,4366000000.0,,,,,
003350,15030.0,4004000000.0,15280.0,15570.0,15010.0,262569.0,
472170,13985.0,1748000000.0,,,,,
104700,9310.0,157000000.0,9590.0,9590.0,9250.0,16871.0,23000000.0
0026S0,12600.0,1008000000.0,,,,,
0080G0,9795.0,14329000000.0,,,,,
270810,14400.0,1133000000.0,,,,,
170900,34500.0,143000000.0,34450.0,34800.0,34350.0,4154.0,10000000.0
570090,55880.0,0.0,,,,,
0052D0,15190.0,1208000000.0,,,,,
097520,19060.0,414000000.0,19370.0,19430.0,19060.0,21565.0,99000000.0
006405,205000.0,660000000.0,207000.0,210000.0,204000.0,3197.0,
456880,11935.0,882000000.0,,,,,
02826K,224000.0,906000000.0,234000.0,237000.0,222500.0,4005.0,
017810,8620.0,157000000.0,8800.0,8800.0,8620.0,18131.0,40000000.0
000157,367000.0,58000000.0,371500.0,378250.0,366000.0,158.0,
448630,15215.0,819000000.0,,,,,
011760,24700.0,380000000.0,24750.0,25050.0,24500.0,15364.0,120000000.0
217590,13560.0,4925000000.0,14060.0,14200.0,13550.0,355264.0,
462900,12445.0,6677000000.0,,,,,
0043Y0,19005.0,1878000000.0,,,,,
473290,10900.0,668000000.0,,,,,
009160,4905.0,343000000.0,4810.0,4915.0,4750.0,71015.0,
0052S0,11355.0,893000000.0,,,,,
009290,6420.0,562000000.0,6340.0,6440.0,6290.0,88016.0,
0162M0,10040.0,30000000.0,,,,,
005720,6020.0,2006000000.0,5450.0,6140.0,5380.0,336797.0,
001230,2025.0,421000000.0,2040.0,2070.0,2020.0,206712.0,
024720,9180.0,106000000.0,9460.0,9460.0,9160.0,11551.0,28000000.000000004
145720,36500.0,255000000.0,36700.0,36950.0,36400.0,6978.0,107000000.0
096760,4255.0,199000000.0,4315.0,4320.0,4230.0,46686.0,
272450,5990.0,273000000.0,6000.0,6080.0,5960.0,45448.0,
020120,8420.0,5261000000.0,8130.0,8940.0,7990.0,615841.0,
453810,10775.0,478000000.0,,,,,
0094K0,99555.0,542000000.0,,,,,
485540,15435.0,9087000000.0,,,,,
002310,7850.0,1234000000.0,7960.0,7990.0,7820.0,156962.0,
0111P0,10795.0,833000000.0,,,,,
381970,6320.0,214000000.0,6300.0,6410.0,6280.0,33795.0,44000000.0
026890,7950.0,197000000.0,8030.0,8130.0,7870.0,24740.0,13000000.0
010820,6280.0,2905000000.0,6170.0,6490.0,6170.0,457459.0,
489030,6180.0,2527000000.0,,,,,
126720,21300.0,157000000.0,21400.0,21550.0,21100.0,7387.0,131000000.0
454780,99645.0,2000000.0,,,,,
025860,6060.0,1092000000.0,6100.0,6170.0,6060.0,178837.0,
002020,23300.0,307000000.0,23500.0,23800.0,23200.0,13101.0,134000000.00000001
471780,39045.0,3177000000.0,,,,,
497880,50015.0,3856000000.0,,,,,
108670,33200.0,546000000.0,33450.0,34000.0,33100.0,16312.0,156000000.0
483320,25540.0,1430000000.0,,,,,
433330,21525.0,1007000000.0,,,,,
190620,102125.0,360000000.0,,,,,
018250,11190.0,94000000.0,11250.0,11250.0,11070.0,8431.0,
123890,2410.0,191000000.0,2440.0,2440.0,2405.0,79337.0,
200880,10870.0,251000000.0,10860.0,10950.0,10760.0,23240.0,101000000.0
481190,16960.0,6489000000.0,,,,,
005950,11120.0,5896000000.0,10730.0,11450.0,10720.0,529335.0,
570022,58140.0,1000000.0,,,,,
0008S0,9335.0,2318000000.0,,,,,
001750,19210.0,32000000.0,19220.0,19320.0,19200.0,1706.0,11000000.0
0038A0,15205.0,635000000.0,,,,,
091170,16025.0,15595000000.0,,,,,
136340,103880.0,1153000000.0,,,,,
003120,21600.0,49000000.0,21750.0,21850.0,21500.0,2307.0,9000000.0
005430,90100.0,925000000.0,89200.0,91600.0,87300.0,10358.0,
044450,12600.0,883000000.0,12320.0,12650.0,12320.0,70347.0,
000430,4570.0,233000000.0,4580.0,4700.0,4560.0,50694.0,
034830,1119.0,291000000.0,1137.0,1140.0,1118.0,259085.0,
084690,7800.0,61000000.0,7870.0,7870.0,7710.0,7991.0,35000000.0
441680,10705.0,834000000.0,,,,,
475080,7765.0,514000000.0,,,,,
033270,17700.0,447000000.0,17690.0,17740.0,17530.0,25380.0,146000000.0
001390,4230.0,479000000.0,4220.0,4270.0,4180.0,113424.0,
0098F0,15635.0,11347000000.0,,,,,
273140,114640.0,228000000.0,,,,,
058430,4645.0,1622000000.0,4560.0,4750.0,4550.0,349030.0,
461490,14485.0,282000000.0,,,,,
244920,12280.0,219000000.0,13180.0,13180.0,12200.0,17655.0,
016800,24100.0,6000000.0,23950.0,24450.0,23900.0,279.0,0.0
439870,88320.0,877000000.0,,,,,
105840,13490.0,2440000000.0,13420.0,13940.0,13410.0,178873.0,
122900,8150.0,394000000.0,8320.0,8320.0,8150.0,48039.0,
0162Y0,8100.0,2872000000.0,,,,,
473330,7485.0,1445000000.0,,,,,
423170,59810.0,2363000000.0,,,,,
0228G0,10055.0,5075000000.0,,,,,
004310,8400.0,6230000000.0,8570.0,8680.0,8340.0,736216.0,
017390,54300.0,34000000.0,54500.0,55100.0,54100.0,634.0,28999999.999999996
004430,11190.0,499000000.0,11280.0,11360.0,11130.0,44400.0,
196230,117080.0,170000000.0,,,,,
0183V0,11920.0,6508000000.0,,,,,
084010,7790.0,133000000.0,7940.0,8040.0,7790.0,16883.0,36000000.0
471040,29565.0,483000000.0,,,,,
078520,10650.0,653000000.0,10880.0,10920.0,10440.0,60981.0,202000000.0
002900,6400.0,1476000000.0,6450.0,6520.0,6340.0,230566.0,
453870,10545.0,474000000.0,,,,,
421320,27500.0,532000000.0,,,,,
091810,2585.0,123000000.0,2605.0,2650.0,2580.0,47350.0,
388420,30030.0,1132000000.0,,,,,
213610,22090.0,275000000.0,,,,,
010580,2355.0,1432000000.0,2440.0,2470.0,2355.0,593649.0,
307520,21615.0,2275000000.0,,,,,
409820,21000.0,1197000000.0,,,,,
286940,17280.0,107000000.0,17200.0,17360.0,17060.0,6242.0,57999999.99999999
385550,114335.0,166000000.0,,,,,
037710,34050.0,335000000.0,34300.0,34400.0,34000.0,9804.0,225999999.99999997
0232A0,100335.0,0.0,,,,,
010690,7350.0,431000000.0,7400.0,7470.0,7350.0,58258.0,
486830,53420.0,161000000.0,,,,,
004360,13290.0,295000000.0,13380.0,13380.0,13230.0,22234.0,36000000.0
123320,110425.0,9027000000.0,,,,,
472920,98095.0,2000000.0,,,,,
334890,3650.0,116000000.0,3640.0,3655.0,3620.0,32070.0,
364970,6740.0,3558000000.0,,,,,
003960,27600.0,120000000.0,27150.0,27950.0,26750.0,4398.0,32000000.0
483340,22335.0,2285000000.0,,,,,
005680,12500.0,241000000.0,12830.0,12830.0,12500.0,19215.0,
005500,18750.0,259000000.0,18650.0,18830.0,18620.0,13874.0,85000000.0
298690,1509.0,50000000.0,1508.0,1515.0,1507.0,33500.0,
432320,1626.0,245000000.0,1644.0,1644.0,1621.0,150727.0,
495230,31220.0,726000000.0,,,,,
003200,10650.0,546000000.0,10790.0,10900.0,10560.0,51224.0,142000000.0
139230,12455.0,940000000.0,,,,,
117700,6790.0,9414000000.0,,,,,
001790,2800.0,366000000.0,2855.0,2855.0,2785.0,130296.0,
404990,3900.0,233000000.0,3945.0,3980.0,3835.0,60445.0,
363580,57575.0,4270000000.0,,,,,
003920,42050.0,42000000.0,42850.0,42850.0,41800.0,1021.0,15000000.0
025000,57500.0,199000000.0,57700.0,57700.0,56700.0,3504.0,
002320,15350.0,320000000.0,15260.0,15470.0,15210.0,20923.0,53000000.0
228790,4180.0,14852000000.0,,,,,
493810,11280.0,970000000.0,,,,,
136490,9970.0,865000000.0,10050.0,10200.0,9890.0,86827.0,
007160,47350.0,114000000.0,48150.0,48150.0,46600.0,2423.0,118000000.0
0182S0,12755.0,1870000000.0,,,,,
044820,24600.0,501000000.0,26000.0,26000.0,24600.0,20139.0,
005010,4200.0,19964000000.0,4050.0,4490.0,4050.0,4673124.0,
283580,14275.0,1350000000.0,,,,,
001250,2845.0,4616000000.0,2690.0,2955.0,2660.0,1631028.0,
0053L0,8690.0,2038000000.0,,,,,
348950,1182.0,0.0,0.0,0.0,0.0,0.0,
900140,1203.0,335000000.0,1202.0,1219.0,1189.0,280159.0,
030210,3810.0,427000000.0,3900.0,3935.0,3770.0,112100.0,
003070,9100.0,35000000.0,9140.0,9270.0,9100.0,3882.0,
000680,2925.0,57000000.0,2930.0,2945.0,2910.0,19497.0,
0092C0,50285.0,70000000.0,,,,,
053690,21000.0,1337000000.0,21100.0,21400.0,20850.0,63468.0,
329650,13935.0,314000000.0,,,,,
363570,86760.0,290000000.0,,,,,
008490,19860.0,214000000.0,20000.0,20250.0,19800.0,10762.0,56000000.00000001
226320,10410.0,173000000.0,10500.0,10600.0,10410.0,16506.0,35000000.0
001340,5060.0,273000000.0,4990.0,5110.0,4950.0,53977.0,
472160,19390.0,1755000000.0,,,,,
001470,5820.0,0.0,0.0,0.0,0.0,0.0,
025560,8150.0,6653000000.0,7650.0,8360.0,7560.0,818011.0,
011500,14390.0,4721000000.0,13840.0,14850.0,13660.0,329503.0,
498270,14820.0,634000000.0,,,,,
0030R0,3750.0,62000000.0,3745.0,3765.0,3680.0,16881.0,
134380,10180.0,7000000.0,10480.0,10480.0,10160.0,703.0,
0089D0,13160.0,4147000000.0,,,,,
001460,35600.0,60000000.0,36600.0,36650.0,34850.0,1706.0,12000000.0
422420,6765.0,572000000.0,,,,,
017860,12540.0,754000000.0,12700.0,12880.0,12500.0,59668.0,
028100,19710.0,361000000.0,19710.0,19850.0,19610.0,18373.0,
433500,56610.0,1783000000.0,,,,,
003650,126900.0,197000000.0,125900.0,127500.0,124200.0,1570.0,
009680,10090.0,103000000.0,10120.0,10200.0,10060.0,10220.0,23000000.0
0151S0,15820.0,1579000000.0,,,,,
437080,94180.0,155000000.0,,,,,
488980,52230.0,6000000.0,,,,,
077500,10080.0,3087000000.0,10000.0,10310.0,9280.0,307172.0,
000540,3385.0,119000000.0,3560.0,3560.0,3370.0,35164.0,
452360,12935.0,1614000000.0,,,,,
458260,44680.0,492000000.0,,,,,
271050,1787.0,11125000000.0,,,,,
034120,11670.0,32000000.0,11690.0,11700.0,11600.0,2809.0,20000000.0
0104N0,21015.0,1093000000.0,,,,,
000050,7850.0,181000000.0,7850.0,7950.0,7810.0,23073.0,
000490,7440.0,635000000.0,7630.0,7690.0,7440.0,84789.0,
442320,34055.0,278000000.0,,,,,
035510,15320.0,783000000.0,15270.0,15460.0,15180.0,51175.0,
0119H0,9910.0,262000000.0,,,,,
003720,6280.0,865000000.0,6290.0,6490.0,6220.0,136540.0,
478150,17655.0,1680000000.0,,,,,
475560,14340.0,154000000.0,14260.0,14640.0,14260.0,10830.0,
092200,5450.0,902000000.0,5440.0,5590.0,5350.0,164561.0,
0233J0,10565.0,3253000000.0,,,,,
033920,7400.0,110000000.0,7330.0,7440.0,7330.0,14922.0,
448540,26630.0,572000000.0,,,,,
305080,11665.0,723000000.0,,,,,
266160,33060.0,248000000.0,,,,,
03473K,370500.0,115000000.0,374000.0,376000.0,370500.0,311.0,
244580,7980.0,2191000000.0,,,,,
332930,143930.0,9000000.0,,,,,
088260,3290.0,296000000.0,3295.0,3295.0,3185.0,91456.0,
157500,11700.0,1781000000.0,,,,,
490090,15960.0,2866000000.0,,,,,
035150,10470.0,139000000.0,10480.0,10560.0,10260.0,13399.0,7000000.000000001
000320,15520.0,46000000.0,15750.0,15770.0,15520.0,2993.0,25000000.0
520094,102530.0,1934000000.0,,,,,
486450,18710.0,758000000.0,,,,,
298000,53900.0,682000000.0,54500.0,55700.0,53800.0,12466.0,
003555,67400.0,344000000.0,68200.0,68900.0,67300.0,5050.0,
000650,141600.0,107000000.0,142900.0,144500.0,141500.0,755.0,
004980,8250.0,208000000.0,8300.0,8380.0,8190.0,25236.0,102000000.0
480040,14775.0,2131000000.0,,,,,
267770,83720.0,5792000000.0,,,,,
000480,4280.0,109000000.0,4295.0,4295.0,4255.0,25597.0,
0093A0,36770.0,3629000000.0,,,,,
487570,53600.0,378000000.0,52000.0,53600.0,50700.0,7254.0,
0005A0,9070.0,1512000000.0,,,,,
463050,10960.0,1625000000.0,,,,,
100250,3090.0,23000000.0,3070.0,3100.0,3070.0,7761.0,
530145,11600.0,1719000000.0,,,,,
0069M0,13585.0,712000000.0,,,,,
037270,3075.0,230000000.0,3125.0,3140.0,3065.0,74465.0,
051905,93200.0,1365000000.0,95200.0,95600.0,92000.0,14699.0,
039570,7520.0,9000000.0,7480.0,7580.0,7480.0,1220.0,
013580,21800.0,606000000.0,21950.0,22400.0,21700.0,27508.0,
302190,50020.0,245000000.0,,,,,
117580,7030.0,556000000.0,7090.0,7140.0,7010.0,78828.0,
095570,4270.0,194000000.0,4315.0,4340.0,4270.0,45292.0,
000390,7040.0,602000000.0,7160.0,7200.0,7010.0,84817.0,
433980,15670.0,400000000.0,,,,,
339770,3825.0,67000000.0,3825.0,3830.0,3790.0,17732.0,
0153K0,12005.0,1007000000.0,,,,,
053210,4000.0,56000000.0,4000.0,4010.0,3970.0,14230.0,
005960,8280.0,177000000.0,8340.0,8360.0,8180.0,21526.0,
0005G0,55010.0,872000000.0,,,,,
002420,6080.0,46000000.0,6070.0,6310.0,5950.0,7521.0,
004560,12500.0,279000000.0,12420.0,12710.0,12340.0,22330.0,
0204D0,5510.0,2631000000.0,,,,,
495060,28115.0,948000000.0,,,,,
0115D0,7245.0,7691000000.0,,,,,
500029,18795.0,73000000.0,,,,,
495550,32675.0,173000000.0,,,,,
0082V0,11170.0,421000000.0,,,,,
001630,37400.0,38000000.0,37250.0,37550.0,37250.0,1028.0,17000000.0
003520,1024.0,193000000.0,1030.0,1040.0,1024.0,188307.0,
520098,31200.0,354000000.0,,,,,
261260,5555.0,11624000000.0,,,,,
494330,32660.0,182000000.0,,,,,
102460,10000.0,178000000.0,9970.0,10010.0,9930.0,17898.0,
016580,9980.0,165000000.0,10090.0,10090.0,9960.0,16537.0,
001130,10950.0,34000000.0,10940.0,10980.0,10920.0,3155.0,10000000.0
0091C0,9245.0,1224000000.0,,,,,
003547,19240.0,306000000.0,19590.0,19600.0,19240.0,15924.0,
102260,3640.0,138000000.0,3645.0,3705.0,3640.0,37837.0,
494220,52685.0,1871000000.0,,,,,
530104,184300.0,134000000.0,,,,,
500069,184165.0,2000000.0,,,,,
0190G0,9795.0,2950000000.0,,,,,
128820,4045.0,192000000.0,4035.0,4110.0,4030.0,47290.0,
500099,18170.0,8000000.0,,,,,
466930,22980.0,1017000000.0,,,,,
033530,6700.0,151000000.0,6780.0,6850.0,6680.0,22406.0,
007860,7710.0,185000000.0,7590.0,7710.0,7570.0,24141.0,
473460,23805.0,1654000000.0,,,,,
000140,7790.0,29000000.0,7900.0,7910.0,7790.0,3819.0,
429000,12535.0,534000000.0,,,,,
233160,8065.0,10765000000.0,,,,,
332500,73745.0,1148000000.0,,,,,
377190,1999.0,370000000.0,2015.0,2020.0,1971.0,186775.0,
480020,9840.0,2117000000.0,,,,,
003610,5480.0,123000000.0,5430.0,5630.0,5410.0,22593.0,
122090,82590.0,2239000000.0,,,,,
002100,9000.0,61000000.0,9000.0,9060.0,9000.0,6798.0,
0047A0,11615.0,868000000.0,,,,,
0099L0,99580.0,2000000.0,,,,,
015230,6430.0,268000000.0,6330.0,6470.0,6330.0,41909.0,
000520,8030.0,378000000.0,8230.0,8230.0,7930.0,47252.0,
234080,11000.0,63000000.0,11000.0,11060.0,10950.0,5772.0,
000300,4200.0,0.0,0.0,0.0,0.0,0.0,
016450,4350.0,8000000.0,4340.0,4350.0,4290.0,2021.0,
414780,12695.0,1211000000.0,,,,,
000700,6670.0,46000000.0,6630.0,6700.0,6630.0,7004.0,
009470,26150.0,895000000.0,26900.0,27050.0,26100.0,33749.0,
003220,7710.0,131000000.0,7750.0,7780.0,7630.0,17092.0,250000000.0
213500,7240.0,244000000.0,7350.0,7380.0,7240.0,33665.0,
530134,1907.0,9515000000.0,,,,,
461950,4835.0,2702000000.0,,,,,
412570,1138.0,5512000000.0,,,,,
476450,52890.0,12000000.0,,,,,
014710,9900.0,41000000.0,10000.0,10070.0,9710.0,4232.0,
483290,9680.0,1389000000.0,,,,,
0040X0,9005.0,1031000000.0,,,,,
002150,5020.0,107000000.0,5050.0,5090.0,5000.0,21464.0,
403790,57850.0,253000000.0,,,,,
003460,2980.0,89000000.0,2955.0,3000.0,2955.0,30250.0,
272560,114890.0,514000000.0,,,,,
0192Z0,100870.0,1013000000.0,,,,,
337160,48030.0,640000000.0,,,,,
490600,8470.0,958000000.0,,,,,
237370,15495.0,443000000.0,,,,,
101530,5530.0,0.0,0.0,0.0,0.0,0.0,
241590,2650.0,86000000.0,2690.0,2720.0,2645.0,32392.0,
480030,9520.0,598000000.0,,,,,
460850,5340.0,81000000.0,5330.0,5360.0,5290.0,15232.0,
488720,48570.0,0.0,,,,,
0005D0,15165.0,9342000000.0,,,,,
0193G0,8450.0,1174000000.0,,,,,
491820,43390.0,1889000000.0,,,,,
472870,6505.0,957000000.0,,,,,
090350,7860.0,206000000.0,7930.0,8010.0,7850.0,26062.0,
000860,12070.0,57000000.0,12200.0,12230.0,12040.0,4775.0,
200250,19790.0,74000000.0,,,,,
002170,52100.0,53000000.0,53100.0,53100.0,51600.0,1037.0,
004380,7490.0,101000000.0,7430.0,7570.0,7260.0,13690.0,
160580,16105.0,566000000.0,,,,,
570051,31000.0,2000000.0,,,,,
354500,14620.0,1125000000.0,,,,,
152870,110635.0,160000000.0,,,,,
008970,1483.0,24924000000.0,1274.0,1483.0,1221.0,17587370.0,
400760,2800.0,259000000.0,2800.0,2810.0,2775.0,92718.0,
0064K0,11880.0,486000000.0,,,,,
007570,8020.0,84000000.0,7960.0,8110.0,7960.0,10444.0,
00279K,21550.0,30000000.0,21500.0,21600.0,21200.0,1433.0,
001780,1571.0,283000000.0,1550.0,1580.0,1550.0,180337.0,
001045,67000.0,90000000.0,67400.0,67400.0,66500.0,1359.0,
013890,6900.0,82000000.0,7000.0,7040.0,6850.0,11946.0,33000000.0
006805,11230.0,76000000.0,11260.0,11370.0,11200.0,6797.0,
462520,12690.0,30000000.0,12780.0,12800.0,12630.0,2425.0,
011785,49700.0,121000000.0,50200.0,50200.0,49350.0,2457.0,
000970,6590.0,99000000.0,6550.0,6610.0,6540.0,15157.0,
471760,15855.0,11914000000.0,,,,,
458210,110865.0,123000000.0,,,,,
272550,9880.0,116000000.0,9780.0,9880.0,9730.0,11912.0,
394670,10190.0,248000000.0,,,,,
0180V0,7745.0,1136000000.0,,,,,
219480,33095.0,597000000.0,,,,,
271980,10000.0,73000000.0,9980.0,10000.0,9870.0,7345.0,
438560,100390.0,43000000.0,,,,,
004090,11550.0,660000000.0,11400.0,11690.0,11310.0,57114.0,
293480,8240.0,37000000.0,8240.0,8270.0,8190.0,4584.0,
700023,146155.0,0.0,,,,,
0151P0,14975.0,1474000000.0,,,,,
004150,3550.0,170000000.0,3590.0,3615.0,3535.0,47488.0,
097955,109700.0,625000000.0,111200.0,111200.0,109600.0,5677.0,
0104H0,11885.0,273000000.0,,,,,
491610,105110.0,1144000000.0,,,,,
138520,35925.0,329000000.0,,,,,
004970,9030.0,9000000.0,9000.0,9130.0,8950.0,1023.0,
0051G0,11635.0,265000000.0,,,,,
003830,107800.0,14000000.0,109700.0,109700.0,106900.0,138.0,
550089,142910.0,2000000.0,,,,,
0199C0,8920.0,6771000000.0,,,,,
0127M0,11845.0,715000000.0,,,,,
481180,16515.0,1041000000.0,,,,,
071840,6010.0,42000000.0,6050.0,6050.0,5950.0,7126.0,
457990,36375.0,11461000000.0,,,,,
016880,1774.0,201000000.0,1819.0,1821.0,1750.0,113728.0,
000020,5060.0,134000000.0,5070.0,5090.0,5000.0,26700.0,
107590,60900.0,1000000.0,60500.0,60900.0,60500.0,23.0,
014280,4810.0,11056000000.0,5100.0,5300.0,4780.0,2211427.0,
451530,35700.0,921000000.0,,,,,
498180,93200.0,0.0,,,,,
025820,4155.0,297000000.0,4240.0,4270.0,4155.0,70709.0,
001080,3940.0,280000000.0,4025.0,4130.0,3760.0,70114.0,
0041E0,16070.0,622000000.0,,,,,
003480,4680.0,163000000.0,4725.0,4745.0,4670.0,34854.0,
0048K0,7695.0,763000000.0,,,,,
143860,34690.0,499000000.0,,,,,
0131W0,102325.0,5000000.0,,,,,
015890,4715.0,86000000.0,4750.0,4775.0,4695.0,18217.0,
094280,11880.0,118000000.0,11950.0,11950.0,11880.0,9998.0,
245340,33920.0,273000000.0,,,,,
008350,1058.0,279000000.0,1071.0,1072.0,1053.0,263027.0,
495330,31740.0,38000000.0,,,,,
530136,13635.0,1559000000.0,,,,,
012610,3240.0,382000000.0,3210.0,3295.0,3210.0,117458.0,
004080,14490.0,77000000.0,14690.0,14690.0,14420.0,5385.0,
476030,17220.0,1250000000.0,,,,,
760007,33250.0,2000000.0,,,,,
081000,9300.0,115000000.0,9220.0,9430.0,9200.0,12383.0,
463680,22865.0,260000000.0,,,,,
018470,5180.0,326000000.0,5180.0,5260.0,5120.0,63145.0,
570050,26155.0,0.0,,,,,
0091M0,10165.0,151000000.0,,,,,
024090,11440.0,19000000.0,11380.0,11500.0,11380.0,1695.0,
0092B0,15550.0,1102000000.0,,,,,
139220,7610.0,1199000000.0,,,,,
0181B0,10180.0,2332000000.0,,,,,
411420,27060.0,689000000.0,,,,,
214390,5340.0,90000000.0,5470.0,5470.0,5330.0,16836.0,
520066,21230.0,750000000.0,,,,,
461500,105295.0,1000000.0,,,,,
0209D0,8220.0,6654000000.0,,,,,
463290,109485.0,150000000.0,,,,,
325010,43525.0,106000000.0,,,,,
500037,63050.0,20000000.0,,,,,
0074K0,17070.0,285000000.0,,,,,
267290,21200.0,67000000.0,21550.0,21600.0,21100.0,3189.0,
570106,49975.0,0.0,,,,,
760011,8040.0,27000000.0,,,,,
003010,9800.0,6429000000.0,9430.0,10370.0,9250.0,657168.0,
447620,15765.0,918000000.0,,,,,
092220,3100.0,1316000000.0,3150.0,3235.0,3095.0,416962.0,
013520,2485.0,211000000.0,2520.0,2525.0,2480.0,84827.0,
009270,1083.0,81000000.0,1072.0,1090.0,1065.0,75093.0,
078000,13430.0,19000000.0,13340.0,13470.0,13290.0,1472.0,
011690,3380.0,313000000.0,3380.0,3500.0,3335.0,92244.0,
004960,10700.0,251000000.0,10930.0,10940.0,10640.0,23318.0,
0000Y0,102070.0,0.0,,,,,
448100,112195.0,723000000.0,,,,,
002210,1274.0,63000000.0,1250.0,1278.0,1240.0,50007.0,
210540,11130.0,145000000.0,11100.0,11200.0,11080.0,13042.0,
304660,6945.0,135000000.0,,,,,
001360,1297.0,200000000.0,1300.0,1305.0,1279.0,154817.0,
006060,2205.0,95000000.0,2235.0,2235.0,2190.0,43438.0,
015590,2280.0,161000000.0,2140.0,2285.0,2140.0,72634.0,
005800,13500.0,18000000.0,13500.0,13570.0,13260.0,1381.0,
0123G0,5860.0,511000000.0,,,,,
438570,98105.0,14000000.0,,,,,
350520,3265.0,83000000.0,3310.0,3315.0,3265.0,25380.0,
0197X0,5885.0,94047000000.0,,,,,
009070,4010.0,173000000.0,4000.0,4035.0,3970.0,43302.0,
001520,1123.0,282000000.0,1130.0,1146.0,1123.0,249059.0,
377990,24530.0,1110000000.0,,,,,
328370,38695.0,1000000.0,,,,,
214420,4985.0,141000000.0,4995.0,5070.0,4985.0,28148.0,
037560,1548.0,99000000.0,1544.0,1555.0,1522.0,64629.0,
089470,3750.0,258000000.0,3810.0,3830.0,3710.0,68800.0,
192090,11670.0,257000000.0,,,,,
0085P0,9310.0,2783000000.0,,,,,
001210,9400.0,7103000000.0,9700.0,9910.0,9300.0,747160.0,
002620,7410.0,16000000.0,7600.0,7600.0,7400.0,2158.0,
227840,12980.0,73000000.0,12950.0,12980.0,12700.0,5710.0,
469170,5795.0,2087000000.0,,,,,
0184L0,100715.0,11000000.0,,,,,
332940,48995.0,4000000.0,,,,,
014530,3335.0,133000000.0,3350.0,3365.0,3300.0,40018.0,
399110,20370.0,213000000.0,,,,,
491230,52620.0,10000000.0,,,,,
002390,8430.0,16000000.0,8500.0,8540.0,8410.0,1967.0,
034590,26400.0,4000000.0,26550.0,26550.0,26250.0,172.0,
114820,105015.0,1878000000.0,,,,,
016740,3995.0,106000000.0,3995.0,4000.0,3920.0,26917.0,
0168K0,5465.0,4320000000.0,,,,,
017550,1835.0,235000000.0,1810.0,1854.0,1810.0,128438.0,
182480,12890.0,109000000.0,,,,,
304940,33325.0,124000000.0,,,,,
326240,45275.0,138000000.0,,,,,
319640,24535.0,177000000.0,,,,,
002460,11080.0,24000000.0,11090.0,11090.0,10910.0,2207.0,
023450,31950.0,15000000.0,32250.0,32450.0,31950.0,490.0,
004100,3045.0,807000000.0,3070.0,3095.0,3015.0,265241.0,
083420,4650.0,74000000.0,4640.0,4690.0,4625.0,16058.0,
0174B0,15180.0,1829000000.0,,,,,
0000J0,27880.0,2127000000.0,,,,,
016710,6890.0,30000000.0,6990.0,6990.0,6870.0,4492.0,
266370,71415.0,737000000.0,,,,,
079430,5500.0,130000000.0,5690.0,5690.0,5490.0,23683.0,
367770,21450.0,361000000.0,,,,,
0036R0,19685.0,183000000.0,,,,,
011810,3530.0,0.0,0.0,0.0,0.0,0.0,
550092,109245.0,1000000.0,,,,,
013570,4140.0,66000000.0,4190.0,4190.0,4115.0,16146.0,
488500,12010.0,202000000.0,,,,,
008040,7700.0,51000000.0,7820.0,8000.0,7680.0,6606.0,
0221V0,100715.0,30000000.0,,,,,
570019,7165.0,0.0,,,,,
009580,1720.0,414000000.0,1712.0,1757.0,1701.0,239673.0,
012800,1175.0,178000000.0,1180.0,1189.0,1171.0,151296.0,
309230,29050.0,121000000.0,,,,,
0193M0,50345.0,0.0,,,,,
012200,3000.0,1254000000.0,3065.0,3105.0,2985.0,415500.0,
203780,34950.0,286000000.0,,,,,
455860,4395.0,1388000000.0,,,,,
476850,21615.0,983000000.0,,,,,
496090,32055.0,16000000.0,,,,,
0132K0,7915.0,718000000.0,,,,,
078935,59200.0,183000000.0,59000.0,59300.0,58500.0,3127.0,
021820,10520.0,23000000.0,11100.0,11100.0,10490.0,2239.0,
37550L,49700.0,29000000.0,51700.0,51700.0,48750.0,592.0,
0137V0,11470.0,640000000.0,,,,,
004250,2845.0,19000000.0,2835.0,2855.0,2835.0,6973.0,
0138Y0,9465.0,621000000.0,,,,,
010100,3410.0,125000000.0,3400.0,3445.0,3360.0,36761.0,
464310,13305.0,129000000.0,,,,,
372330,6270.0,543000000.0,,,,,
120030,82400.0,22000000.0,82600.0,83200.0,81800.0,278.0,
014580,3755.0,122000000.0,3765.0,3790.0,3735.0,32736.0,
475310,30785.0,14530000000.0,,,,,
027970,2705.0,20000000.0,2725.0,2735.0,2690.0,7482.0,
500050,51435.0,0.0,,,,,
012320,43350.0,174000000.0,43500.0,43800.0,42850.0,4026.0,
464930,20460.0,52000000.0,,,,,
0191W0,100975.0,5000000.0,,,,,
570116,51100.0,23000000.0,,,,,
0122W0,51095.0,18000000.0,,,,,
006660,12490.0,968000000.0,12820.0,12920.0,12470.0,76037.0,
267850,9130.0,39000000.0,9010.0,9160.0,9010.0,4311.0,
475050,6785.0,1318000000.0,,,,,
251340,2340.0,89791000000.0,,,,,
0135Y0,100290.0,1000000.0,,,,,
119650,918.0,0.0,0.0,0.0,0.0,0.0,
123690,6270.0,164000000.0,6280.0,6320.0,6230.0,26192.0,
168580,32260.0,57000000.0,,,,,
530055,100325.0,24000000.0,,,,,
465610,41730.0,351000000.0,,,,,
248170,21900.0,592000000.0,22100.0,22250.0,21850.0,26989.0,
458030,55165.0,8000000.0,,,,,
003580,1960.0,2540000000.0,1951.0,2140.0,1801.0,1279438.0,
0080Y0,7625.0,4040000000.0,,,,,
530107,1644.0,33608000000.0,,,,,
0162L0,12325.0,3491000000.0,,,,,
002450,1088.0,86000000.0,1075.0,1093.0,1069.0,80394.0,
0008T0,16975.0,16762000000.0,,,,,
011280,1383.0,36000000.0,1380.0,1396.0,1368.0,26570.0,
394660,14910.0,35000000.0,,,,,
610037,6985.0,0.0,,,,,
0142D0,10395.0,955000000.0,,,,,
070960,2030.0,57000000.0,2020.0,2080.0,1994.0,28170.0,
0177X0,9465.0,1953000000.0,,,,,
035000,6010.0,1318000000.0,6030.0,6060.0,6000.0,219311.0,
008700,1253.0,316000000.0,1285.0,1290.0,1245.0,251559.0,
008260,3370.0,270000000.0,3355.0,3405.0,3330.0,80568.0,
461460,51270.0,5000000.0,,,,,
417310,2365.0,394000000.0,2365.0,2380.0,2360.0,166390.0,
264900,7620.0,49000000.0,7770.0,7770.0,7620.0,6418.0,
002780,6510.0,182000000.0,6510.0,6690.0,6500.0,27874.0,
486240,30545.0,9000000.0,,,,,
473440,10865.0,5000000.0,,,,,
014790,2490.0,95000000.0,2515.0,2530.0,2490.0,38072.0,
433970,13855.0,287000000.0,,,,,
013700,1570.0,135000000.0,1611.0,1611.0,1566.0,85790.0,
067830,2285.0,19000000.0,2290.0,2325.0,2260.0,8362.0,
032560,5510.0,114000000.0,5510.0,5550.0,5460.0,20807.0,
014440,4670.0,30000000.0,4700.0,4700.0,4640.0,6478.0,
007210,1429.0,45000000.0,1431.0,1441.0,1419.0,31682.0,
002200,2785.0,25000000.0,2840.0,2840.0,2755.0,9278.0,
114100,105965.0,15000000.0,,,,,
195980,15170.0,343000000.0,,,,,
530061,31040.0,208000000.0,,,,,
007540,46200.0,501000000.0,46550.0,46750.0,46000.0,10845.0,
0176E0,9755.0,91000000.0,,,,,
479620,26705.0,791000000.0,,,,,
025620,5050.0,14000000.0,5120.0,5120.0,4980.0,2903.0,
453080,23520.0,467000000.0,,,,,
0035T0,19100.0,277000000.0,,,,,
580039,183030.0,34000000.0,,,,,
363280,2005.0,6000000.0,1995.0,2025.0,1995.0,3193.0,
308620,10975.0,240000000.0,,,,,
058850,2200.0,184000000.0,2170.0,2230.0,2170.0,83573.0,
036580,2480.0,34000000.0,2525.0,2525.0,2470.0,13994.0,
001275,30250.0,15000000.0,30150.0,30350.0,30150.0,517.0,
143850,77190.0,46000000.0,,,,,
006840,6830.0,9000000.0,6730.0,6830.0,6670.0,1484.0,
269540,29990.0,97000000.0,,,,,
139990,2320.0,75000000.0,2255.0,2320.0,2225.0,33177.0,
0052T0,50775.0,10000000.0,,,,,
058860,2570.0,239000000.0,2580.0,2625.0,2570.0,92867.0,
475280,10745.0,323000000.0,,,,,
325020,28790.0,152000000.0,,,,,
019180,4955.0,179000000.0,5000.0,5050.0,4955.0,35865.0,
096775,71400.0,191000000.0,71600.0,72800.0,71000.0,2667.0,
298770,83225.0,1471000000.0,,,,,
454320,41305.0,65000000.0,,,,,
261270,8265.0,82000000.0,,,,,
001290,4090.0,137000000.0,4150.0,4180.0,4070.0,33403.0,
610064,55145.0,0.0,,,,,
0007N0,110260.0,44000000.0,,,,,
444490,19805.0,151000000.0,,,,,
023000,2215.0,30000000.0,2240.0,2240.0,2200.0,13679.0,
468380,10400.0,323000000.0,,,,,
0198A0,8645.0,6669000000.0,,,,,
0066W0,11985.0,536000000.0,,,,,
329670,21580.0,155000000.0,,,,,
211900,27325.0,76000000.0,,,,,
004140,1789.0,192000000.0,1762.0,1800.0,1762.0,107649.0,
453330,18150.0,334000000.0,,,,,
495040,31500.0,5000000.0,,,,,
006090,8990.0,13000000.0,9090.0,9090.0,8870.0,1479.0,
007980,1794.0,394000000.0,1789.0,1814.0,1785.0,219204.0,
004890,34600.0,32000000.0,35600.0,35600.0,34400.0,926.0,
485690,22665.0,227000000.0,,,,,
33626K,6190.0,34000000.0,6210.0,6310.0,6150.0,5485.0,
329660,17590.0,96000000.0,,,,,
460960,10455.0,2281000000.0,,,,,
000850,37400.0,162000000.0,38100.0,38100.0,36650.0,4385.0,
002600,137000.0,2000000.0,137500.0,137500.0,135600.0,20.0,
359210,35680.0,2374000000.0,,,,,
0017Y0,94220.0,0.0,,,,,
429760,19185.0,110000000.0,,,,,
449770,20635.0,74000000.0,,,,,
337140,36430.0,245000000.0,,,,,
000590,69300.0,7000000.0,70200.0,70200.0,69100.0,114.0,
0057H0,11420.0,1594000000.0,,,,,
011700,2460.0,271000000.0,2460.0,2480.0,2425.0,110517.0,
108450,39800.0,292000000.0,,,,,
023800,5020.0,100000000.0,5000.0,5070.0,4990.0,20014.0,
111380,12920.0,31000000.0,13030.0,13030.0,12770.0,2425.0,
071090,3920.0,31040000000.0,3600.0,3995.0,3450.0,8294775.0,
0018C0,10345.0,739000000.0,,,,,
001260,8000.0,757000000.0,8250.0,8250.0,7910.0,94177.0,
009180,2790.0,73000000.0,2790.0,2805.0,2770.0,26327.0,
069730,5440.0,128000000.0,5400.0,5450.0,5370.0,23767.0,
495750,31920.0,63000000.0,,,,,
0098N0,12830.0,483000000.0,,,,,
0049M0,11005.0,225000000.0,,,,,
007610,4300.0,703000000.0,4410.0,4455.0,4255.0,162230.0,
138530,11915.0,425000000.0,,,,,
272910,105990.0,0.0,,,,,
469060,36720.0,456000000.0,,,,,
005740,5160.0,54000000.0,5140.0,5220.0,5120.0,10525.0,
365040,36415.0,111000000.0,,,,,
0225V0,11755.0,3729000000.0,,,,,
210780,23130.0,159000000.0,,,,,
163560,5490.0,44000000.0,5560.0,5560.0,5450.0,8057.0,
007590,5590.0,28000000.0,5630.0,5630.0,5540.0,5107.0,
004840,3940.0,24000000.0,3940.0,3995.0,3935.0,6140.0,
500096,15150.0,101000000.0,,,,,
550093,37820.0,0.0,,,,,
084680,532.0,0.0,0.0,0.0,0.0,0.0,
002220,2805.0,250000000.0,2760.0,2815.0,2700.0,90765.0,
228810,3035.0,638000000.0,,,,,
0238F0,10710.0,2877000000.0,,,,,
0080X0,10555.0,349000000.0,,,,,
490480,27235.0,280000000.0,,,,,
000105,64000.0,18000000.0,64600.0,64800.0,63800.0,287.0,
298340,56510.0,5000000.0,,,,,
013360,1359.0,143000000.0,1353.0,1382.0,1351.0,105408.0,
364960,6165.0,58000000.0,,,,,
010960,3040.0,185000000.0,3085.0,3120.0,3040.0,60450.0,
0240J0,10460.0,3970000000.0,,,,,
570120,14625.0,230000000.0,,,,,
214330,6990.0,438000000.0,6770.0,7170.0,6770.0,62636.0,
055490,15180.0,108000000.0,15270.0,15390.0,15020.0,7143.0,
013870,3805.0,28000000.0,3850.0,3850.0,3780.0,7510.0,
292190,48345.0,209000000.0,,,,,
157490,7795.0,330000000.0,,,,,
002795,11310.0,36000000.0,11380.0,11390.0,11120.0,3198.0,
412770,12570.0,42000000.0,,,,,
109070,6810.0,182000000.0,6800.0,6940.0,6650.0,26809.0,
475350,14050.0,237000000.0,,,,,
338100,3830.0,143000000.0,3785.0,3830.0,3785.0,37707.0,
024900,2190.0,191000000.0,2180.0,2245.0,2180.0,86445.0,
014160,655.0,0.0,0.0,0.0,0.0,0.0,
001020,1987.0,7000000.0,1921.0,2000.0,1916.0,3601.0,
0210E0,7200.0,1403000000.0,,,,,
0098Z0,93550.0,0.0,,,,,
004770,1974.0,753000000.0,2040.0,2045.0,1958.0,379408.0,
005750,4220.0,106000000.0,4300.0,4300.0,4175.0,25167.0,
063160,12760.0,64000000.0,12840.0,12950.0,12630.0,5051.0,
0022T0,12275.0,487000000.0,,,,,
0102A0,8630.0,416000000.0,,,,,
120115,25250.0,21000000.0,25350.0,25350.0,25100.0,846.0,
441540,25835.0,209000000.0,,,,,
009770,27750.0,38000000.0,28250.0,28250.0,27250.0,1385.0,
0190Y0,8550.0,141000000.0,,,,,
010040,1680.0,9000000.0,1679.0,1720.0,1667.0,5639.0,
001560,9070.0,0.0,9080.0,9120.0,8960.0,68.0,
095720,1213.0,26000000.0,1250.0,1250.0,1200.0,21971.0,
211560,34285.0,113000000.0,,,,,
004440,5400.0,204000000.0,5420.0,5530.0,5330.0,37543.0,
530115,68425.0,100000000.0,,,,,
011150,1903.0,37000000.0,1923.0,1923.0,1887.0,19919.0,
000180,4900.0,12000000.0,5000.0,5000.0,4845.0,2596.0,
0233A0,10680.0,2178000000.0,,,,,
550091,34165.0,99000000.0,,,,,
155660,4270.0,12000000.0,4265.0,4275.0,4240.0,3008.0,
031820,5630.0,63000000.0,5680.0,5720.0,5600.0,11176.0,
002700,994.0,820000000.0,986.0,1006.0,985.0,824248.0,
002720,3220.0,38000000.0,3250.0,3250.0,3190.0,11911.0,
130730,103155.0,17000000.0,,,,,
266420,15820.0,224000000.0,,,,,
084670,23450.0,107000000.0,23850.0,24050.0,23350.0,4543.0,
492500,51340.0,17000000.0,,,,,
228800,2635.0,62000000.0,,,,,
530131,22590.0,25000000.0,,,,,
000230,5860.0,41000000.0,6040.0,6040.0,5860.0,7047.0,
530126,33585.0,0.0,,,,,
433880,18265.0,143000000.0,,,,,
491700,111010.0,0.0,,,,,
550084,33280.0,0.0,,,,,
079980,1928.0,22000000.0,1927.0,1939.0,1918.0,11424.0,
453950,34100.0,316000000.0,,,,,
278620,119125.0,50000000.0,,,,,
0113D0,11660.0,385000000.0,,,,,
465330,11285.0,490000000.0,,,,,
473640,31560.0,308000000.0,,,,,
085310,8930.0,84000000.0,8790.0,8970.0,8660.0,9539.0,
610066,55195.0,0.0,,,,,
010660,3005.0,121000000.0,3045.0,3100.0,3000.0,40295.0,
019680,1639.0,26000000.0,1601.0,1653.0,1600.0,16229.0,
004720,2885.0,8000000.0,2850.0,2905.0,2820.0,2832.0,
100220,4975.0,24000000.0,5000.0,5020.0,4925.0,4849.0,
570100,21525.0,17000000.0,,,,,
418670,18705.0,1271000000.0,,,,,
0222D0,10040.0,1270000000.0,,,,,
700022,32105.0,0.0,,,,,
007280,2240.0,40000000.0,2330.0,2330.0,2190.0,18229.0,
210980,3445.0,209000000.0,3635.0,3695.0,3395.0,59830.0,
277640,37675.0,451000000.0,,,,,
458750,12270.0,128000000.0,,,,,
005870,4485.0,321000000.0,4495.0,4600.0,4420.0,71432.0,
058730,3125.0,564000000.0,3150.0,3195.0,3125.0,178777.0,
0123S0,10200.0,9000000.0,,,,,
500071,25275.0,0.0,,,,,
520081,63035.0,1000000.0,,,,,
017370,3430.0,27000000.0,3550.0,3550.0,3430.0,7865.0,
520080,20890.0,0.0,,,,,
261240,14005.0,569000000.0,,,,,
009200,1501.0,24000000.0,1505.0,1529.0,1499.0,16378.0,
292770,58055.0,0.0,,,,,
419890,107490.0,149000000.0,,,,,
018500,1331.0,23000000.0,1338.0,1359.0,1320.0,17723.0,
530067,31070.0,20000000.0,,,,,
520095,24825.0,4130000000.0,,,,,
016090,1400.0,10000000.0,1404.0,1404.0,1392.0,7821.0,
306950,77250.0,52000000.0,,,,,
580010,10270.0,0.0,,,,,
520086,24625.0,1000000.0,,,,,
455660,9160.0,103000000.0,,,,,
004450,28450.0,24000000.0,28450.0,28450.0,27000.0,870.0,
495940,19450.0,30000000.0,,,,,
072130,4825.0,48000000.0,4820.0,4880.0,4755.0,10055.0,
068290,6110.0,20000000.0,6190.0,6190.0,6100.0,3314.0,
0115E0,14020.0,237000000.0,,,,,
252400,101485.0,86000000.0,,,,,
140700,20265.0,2188000000.0,,,,,
453640,14070.0,165000000.0,,,,,
580082,24000.0,5000000.0,,,,,
002760,1000.0,56000000.0,1004.0,1004.0,993.0,56413.0,
007815,20200.0,7000000.0,19910.0,20400.0,19800.0,356.0,
760018,9970.0,0.0,,,,,
440640,112895.0,83000000.0,,,,,
204480,20930.0,18000000.0,,,,,
275980,23770.0,15000000.0,,,,,
372910,2140.0,246000000.0,2110.0,2145.0,2075.0,116439.0,
480370,1811.0,183000000.0,1771.0,1838.0,1754.0,101889.0,
491220,130480.0,56000000.0,,,,,
520100,11720.0,1962000000.0,,,,,
278240,8255.0,975000000.0,,,,,
0166S0,11250.0,172000000.0,,,,,
000220,3700.0,93000000.0,3700.0,3735.0,3675.0,25315.0,
0040S0,23290.0,301000000.0,,,,,
0181L0,6960.0,463000000.0,,,,,
111110,6370.0,9000000.0,6400.0,6400.0,6310.0,1456.0,
480310,21365.0,414000000.0,,,,,
003925,30500.0,13000000.0,30900.0,30900.0,30050.0,444.0,
003780,4400.0,147000000.0,4420.0,4465.0,4340.0,33521.0,
090080,1038.0,95000000.0,1015.0,1040.0,1015.0,92134.0,
476750,7035.0,1241000000.0,,,,,
129260,1908.0,18000000.0,1912.0,1912.0,1885.0,9671.0,
225040,67390.0,286000000.0,,,,,
520087,28280.0,1500000000.0,,,,,
0172V0,7785.0,498000000.0,,,,,
37550K,26700.0,82000000.0,27000.0,27000.0,26400.0,3097.0,
442560,16330.0,215000000.0,,,,,
014990,3735.0,1732000000.0,3420.0,3960.0,3415.0,474064.0,
001465,26050.0,38000000.0,26100.0,26200.0,25750.0,1491.0,
000725,53000.0,66000000.0,53000.0,53200.0,52100.0,1274.0,
0226A0,11160.0,582000000.0,,,,,
006890,4805.0,40000000.0,4805.0,4865.0,4795.0,8508.0,
304780,123690.0,9000000.0,,,,,
075180,2895.0,88000000.0,2950.0,3000.0,2895.0,30060.0,
020760,902.0,0.0,0.0,0.0,0.0,0.0,
0220WL,2345.0,1474000000.0,2360.0,2405.0,2295.0,632709.0,
434960,110505.0,0.0,,,,,
0141S0,8495.0,1454000000.0,,,,,
385590,23950.0,4000000.0,,,,,
760016,54910.0,166000000.0,,,,,
003465,3120.0,1000000.0,3000.0,3125.0,2950.0,360.0,
455960,11895.0,4000000.0,,,,,
28513K,25700.0,90000000.0,25300.0,25800.0,25300.0,3548.0,
092440,1860.0,186000000.0,1870.0,1870.0,1841.0,100443.0,
479730,9185.0,46000000.0,,,,,
0000D0,8600.0,170000000.0,,,,,
520101,10825.0,427000000.0,,,,,
580034,107395.0,6000000.0,,,,,
580076,26840.0,0.0,,,,,
530124,53645.0,1000000.0,,,,,
0238P0,10100.0,611000000.0,,,,,
025530,3590.0,4000000.0,3615.0,3630.0,3580.0,1304.0,
001550,10310.0,126000000.0,10220.0,10450.0,10220.0,12196.0,
378850,2815.0,52000000.0,2830.0,2880.0,2780.0,18575.0,
520089,10690.0,0.0,,,,,
150460,7260.0,47000000.0,,,,,
35320K,25450.0,122000000.0,25800.0,25800.0,25100.0,4837.0,
003475,4160.0,32000000.0,4195.0,4200.0,4140.0,7876.0,
396690,1345.0,28000000.0,1348.0,1367.0,1342.0,21095.0,
002410,1935.0,0.0,0.0,0.0,0.0,0.0,
006980,17160.0,11000000.0,17280.0,17350.0,17140.0,659.0,
610088,52985.0,186000000.0,,,,,
401470,9200.0,25000000.0,,,,,
520092,26340.0,394000000.0,,,,,
0220B0,11950.0,7109000000.0,,,,,
476260,14810.0,5282000000.0,,,,,
0046Y0,12210.0,80000000.0,,,,,
006125,42550.0,46000000.0,43250.0,43250.0,42450.0,1100.0,
0041D0,13965.0,568000000.0,,,,,
101280,30330.0,153000000.0,,,,,
530113,52150.0,0.0,,,,,
570104,17360.0,0.0,,,,,
520057,1646.0,23202000000.0,,,,,
261070,11100.0,2004000000.0,,,,,
275300,30400.0,52000000.0,,,,,
012690,1410.0,78000000.0,1411.0,1415.0,1402.0,55581.0,
0111J0,11710.0,534000000.0,,,,,
580068,51450.0,457000000.0,,,,,
010770,3515.0,60000000.0,3540.0,3550.0,3495.0,17362.0,
005305,66100.0,15000000.0,66000.0,66100.0,65100.0,239.0,
0118Z0,8600.0,111000000.0,,,,,
700029,51150.0,0.0,,,,,
0113P0,102655.0,264000000.0,,,,,
011230,2660.0,313000000.0,2705.0,2720.0,2635.0,117651.0,
123700,3260.0,21000000.0,3320.0,3320.0,3250.0,6673.0,
336160,99865.0,0.0,,,,,
004830,3235.0,43000000.0,3215.0,3295.0,3215.0,13430.0,
287180,56340.0,26000000.0,,,,,
253150,202515.0,1075000000.0,,,,,
021050,1066.0,129000000.0,1070.0,1095.0,1064.0,120197.0,
481430,97885.0,33000000.0,,,,,
530133,50550.0,343000000.0,,,,,
500093,50435.0,21000000.0,,,,,
023810,5020.0,40000000.0,4965.0,5110.0,4965.0,8083.0,
445150,27120.0,80000000.0,,,,,
0139P0,13170.0,370000000.0,,,,,
006880,4220.0,46000000.0,4255.0,4265.0,4180.0,11097.0,
520072,16615.0,0.0,,,,,
0194T0,9225.0,713000000.0,,,,,
475260,10765.0,0.0,,,,,
520056,24805.0,6000000.0,,,,,
000950,29500.0,1000000.0,30100.0,30100.0,29200.0,37.0,
292560,7985.0,328000000.0,,,,,
152500,45000.0,949000000.0,,,,,
316670,7270.0,1128000000.0,,,,,
007460,1926.0,189000000.0,1952.0,2000.0,1926.0,97827.0,
114470,107380.0,4000000.0,,,,,
0185L0,7035.0,316000000.0,,,,,
440910,21740.0,226000000.0,,,,,
0118S0,10745.0,98000000.0,,,,,
473490,32520.0,42000000.0,,,,,
002630,1642.0,185000000.0,1710.0,1710.0,1641.0,112479.0,
011000,2670.0,0.0,0.0,0.0,0.0,0.0,
001620,2175.0,30000000.0,2160.0,2180.0,2140.0,14199.0,
002140,1940.0,119000000.0,1950.0,1960.0,1930.0,61624.0,
360140,21980.0,368000000.0,,,,,
011300,2805.0,149000000.0,2965.0,2965.0,2795.0,52582.0,
610061,24170.0,75000000.0,,,,,
461340,43900.0,31000000.0,,,,,
580056,24120.0,1000000.0,,,,,
011390,45650.0,133000000.0,45200.0,46700.0,44950.0,2929.0,
140950,86000.0,19000000.0,,,,,
218420,19530.0,672000000.0,,,,,
0178H0,10200.0,173000000.0,,,,,
123310,1112.0,2359000000.0,,,,,
442260,38410.0,67000000.0,,,,,
0000Z0,8095.0,315000000.0,,,,,
004920,907.0,0.0,0.0,0.0,0.0,0.0,
004410,1199.0,75000000.0,1244.0,1244.0,1195.0,62486.0,
009835,18590.0,320000000.0,18440.0,18880.0,18000.0,17303.0,
261220,26225.0,1245000000.0,,,,,
447430,16550.0,196000000.0,,,,,
009320,956.0,52000000.0,969.0,969.0,952.0,54950.0,
041650,2180.0,14000000.0,2175.0,2185.0,2155.0,6863.0,
0020H0,22280.0,103000000.0,,,,,
007110,603.0,0.0,0.0,0.0,0.0,0.0,
371470,8835.0,662000000.0,,,,,
520102,23300.0,43430000000.0,,,,,
305050,71675.0,693000000.0,,,,,
610101,46540.0,0.0,,,,,
004540,1247.0,16000000.0,1234.0,1256.0,1234.0,13608.0,
0086B0,9460.0,50000000.0,,,,,
069460,2660.0,0.0,0.0,0.0,0.0,0.0,
101140,4605.0,9000000.0,4445.0,4750.0,4420.0,2156.0,
357250,1849.0,109000000.0,1839.0,1870.0,1827.0,59296.0,
442090,30610.0,16000000.0,,,,,
473590,19510.0,962000000.0,,,,,
700027,45785.0,400000000.0,,,,,
002920,1762.0,108000000.0,1776.0,1803.0,1733.0,60909.0,
000910,2920.0,49000000.0,2925.0,3000.0,2915.0,16973.0,
530143,45150.0,7000000.0,,,,,
580081,45120.0,21000000.0,,,,,
196030,90015.0,13000000.0,,,,,
003080,2245.0,69000000.0,2195.0,2245.0,2170.0,31529.0,
453650,17965.0,172000000.0,,,,,
074610,5110.0,0.0,0.0,0.0,0.0,0.0,
375770,24795.0,28000000.0,,,,,
200030,39575.0,50000000.0,,,,,
487130,30600.0,366000000.0,,,,,
570119,44285.0,0.0,,,,,
084870,2160.0,14000000.0,2175.0,2290.0,2140.0,6702.0,
092780,3355.0,209000000.0,3445.0,3470.0,3345.0,61668.0,
276990,24840.0,65000000.0,,,,,
520078,14630.0,0.0,,,,,
0141T0,50295.0,0.0,,,,,
238720,48500.0,64000000.0,,,,,
005320,1270.0,83000000.0,1280.0,1280.0,1230.0,67291.0,
0186S0,8505.0,1755000000.0,,,,,
026940,2165.0,1307000000.0,2135.0,2315.0,2125.0,600353.0,
440650,11360.0,513000000.0,,,,,
004910,3365.0,27000000.0,3430.0,3460.0,3360.0,8239.0,
008420,2095.0,445000000.0,2170.0,2175.0,2070.0,210777.0,
014910,1954.0,400000000.0,1994.0,1994.0,1935.0,204123.0,
0089C0,11175.0,19000000.0,,,,,
481850,976.0,14000000.0,965.0,985.0,963.0,14414.0,
256750,13870.0,37000000.0,,,,,
0207G0,7305.0,2938000000.0,,,,,
570117,1909.0,1117000000.0,,,,,
550041,59900.0,0.0,,,,,
520091,10470.0,204000000.0,,,,,
017180,1232.0,58000000.0,1235.0,1245.0,1222.0,47531.0,
0194M0,11760.0,425000000.0,,,,,
0191M0,100810.0,0.0,,,,,
004060,2050.0,76000000.0,2095.0,2105.0,2050.0,37075.0,
0132H0,6960.0,239000000.0,,,,,
520073,41370.0,0.0,,,,,
019490,541.0,0.0,0.0,0.0,0.0,0.0,
491830,22965.0,89000000.0,,,,,
0112X0,41305.0,958000000.0,,,,,
023350,3760.0,277000000.0,3900.0,4155.0,3730.0,72130.0,
100910,17090.0,177000000.0,,,,,
446070,3865.0,128000000.0,3870.0,3900.0,3830.0,33375.0,
000215,24300.0,55000000.0,25000.0,25000.0,24100.0,2276.0,
472840,109100.0,63000000.0,,,,,
472830,7340.0,49000000.0,,,,,
183700,96750.0,188000000.0,,,,,
520074,13510.0,0.0,,,,,
448570,29945.0,1000000.0,,,,,
017040,932.0,0.0,0.0,0.0,0.0,0.0,
401170,10340.0,31000000.0,,,,,
008870,40200.0,4000000.0,39500.0,40950.0,39000.0,121.0,
0197W0,9040.0,1254000000.0,,,,,
570118,9995.0,76000000.0,,,,,
500094,1893.0,1768000000.0,,,,,
009810,1950.0,15000000.0,1995.0,1995.0,1912.0,7767.0,
011420,1439.0,24000000.0,1445.0,1445.0,1422.0,16859.0,
011330,3935.0,211000000.0,4055.0,4055.0,3905.0,53449.0,
760024,8725.0,16000000.0,,,,,
322410,22375.0,181000000.0,,,,,
469050,33940.0,519000000.0,,,,,
139320,17330.0,81000000.0,,,,,
275280,43280.0,102000000.0,,,,,
500095,6480.0,32000000.0,,,,,
139280,12135.0,139000000.0,,,,,
047400,921.0,217000000.0,951.0,951.0,890.0,238853.0,
0189B0,7500.0,135000000.0,,,,,
610038,3855.0,15000000.0,,,,,
494840,11465.0,71000000.0,,,,,
520082,12735.0,0.0,,,,,
145270,793.0,3000000.0,787.0,794.0,786.0,4178.0,
610078,31690.0,154000000.0,,,,,
023960,998.0,24000000.0,1000.0,1012.0,994.0,24852.0,
051630,1786.0,83000000.0,1805.0,1805.0,1740.0,47300.0,
002870,1081.0,52000000.0,1104.0,1104.0,1068.0,49090.0,
002360,3400.0,709000000.0,3300.0,3600.0,3095.0,208011.0,
049800,1884.0,64000000.0,1895.0,1968.0,1860.0,33759.0,
428510,22115.0,685000000.0,,,,,
570103,3745.0,2000000.0,,,,,
570102,18575.0,0.0,,,,,
450910,14170.0,520000000.0,,,,,
195930,23200.0,85000000.0,,,,,
520099,2855.0,10240000000.0,,,,,
0234N0,10440.0,3375000000.0,,,,,
134790,18520.0,4000000.0,18550.0,18790.0,18480.0,265.0,
0007G0,12085.0,69000000.0,,,,,
352540,10805.0,707000000.0,,,,,
010640,2195.0,95000000.0,2200.0,2225.0,2150.0,43393.0,
0192L0,9390.0,397000000.0,,,,,
365000,3615.0,506000000.0,,,,,
133820,982.0,41000000.0,984.0,1005.0,955.0,42088.0,
147970,79160.0,281000000.0,,,,,
449690,48300.0,5000000.0,,,,,
570029,7210.0,1000000.0,,,,,
610089,2120.0,1627000000.0,,,,,
276650,48010.0,1000000.0,,,,,
009190,800.0,1177000000.0,718.0,820.0,678.0,1597468.0,
027740,1131.0,14000000.0,1150.0,1171.0,1131.0,12846.0,
000890,1300.0,166000000.0,1292.0,1324.0,1291.0,127406.0,
580069,1940.0,810000000.0,,,,,
0085N0,9435.0,250000000.0,,,,,
494410,14275.0,32000000.0,,,,,
520079,35270.0,1000000.0,,,,,
400970,7050.0,35000000.0,,,,,
104530,17160.0,125000000.0,,,,,
276970,7475.0,39000000.0,,,,,
510045,23335.0,0.0,,,,,
760005,34900.0,0.0,,,,,
241390,15840.0,63000000.0,,,,,
407830,14395.0,1000000.0,,,,,
0023B0,16065.0,288000000.0,,,,,
013000,1201.0,27000000.0,1186.0,1202.0,1176.0,23170.0,
0204S0,7775.0,1377000000.0,,,,,
0184E0,11080.0,1074000000.0,,,,,
008250,3125.0,48000000.0,3100.0,3155.0,3040.0,15753.0,
464470,44780.0,785000000.0,,,,,
580077,11395.0,0.0,,,,,
385520,15885.0,18000000.0,,,,,
500085,34060.0,0.0,,,,,
520096,13610.0,11114000000.0,,,,,
004365,9210.0,42000000.0,9160.0,9240.0,9130.0,4593.0,
266360,9180.0,54000000.0,,,,,
0100K0,5660.0,3057000000.0,,,,,
475270,10735.0,0.0,,,,,
009460,2740.0,16000000.0,2740.0,2740.0,2690.0,6199.0,
012280,3405.0,93000000.0,3550.0,3550.0,3405.0,27269.0,
530117,33700.0,49000000.0,,,,,
117460,14150.0,367000000.0,,,,,
000760,11990.0,1000000.0,12050.0,12630.0,11850.0,120.0,
143210,1199.0,0.0,0.0,0.0,0.0,0.0,
380340,27975.0,37000000.0,,,,,
449780,18645.0,85000000.0,,,,,
610007,6705.0,0.0,,,,,
005820,14550.0,27000000.0,14560.0,14830.0,14270.0,1911.0,
0089B0,11140.0,515000000.0,,,,,
520077,13365.0,369000000.0,,,,,
570082,1666.0,15000000.0,,,,,
452250,4295.0,322000000.0,,,,,
138910,10030.0,106000000.0,,,,,
261250,15310.0,1313000000.0,,,,,
530118,10990.0,100000000.0,,,,,
0154F0,11975.0,127000000.0,,,,,
252710,80.0,9480000000.0,,,,,
105780,16400.0,19000000.0,,,,,
002880,3500.0,105000000.0,3370.0,3640.0,3370.0,30070.0,
474800,15185.0,425000000.0,,,,,
491090,18120.0,257000000.0,,,,,
475070,29650.0,113000000.0,,,,,
099140,20375.0,41000000.0,,,,,
465350,16260.0,435000000.0,,,,,
500040,32515.0,0.0,,,,,
459560,21640.0,60000000.0,,,,,
498860,16210.0,97000000.0,,,,,
217770,1131.0,940000000.0,,,,,
570127,32380.0,8000000.0,,,,,
122260,104210.0,9000000.0,,,,,
0138T0,9225.0,96000000.0,,,,,
090370,1180.0,27000000.0,1171.0,1198.0,1158.0,23513.0,
012160,2050.0,13000000.0,2010.0,2110.0,2000.0,6620.0,
088790,2560.0,221000000.0,2470.0,2595.0,2445.0,87507.0,
322400,9565.0,20000000.0,,,,,
0083S0,12135.0,668000000.0,,,,,
006370,2915.0,90000000.0,2910.0,2935.0,2855.0,31368.0,
156080,52405.0,148000000.0,,,,,
520065,15700.0,0.0,,,,,
465660,25060.0,114000000.0,,,,,
446690,62640.0,290000000.0,,,,,
275290,34615.0,94000000.0,,,,,
261140,24270.0,373000000.0,,,,,
014130,2625.0,1000000.0,2600.0,2630.0,2600.0,598.0,
0150K0,11050.0,379000000.0,,,,,
468630,10275.0,500000000.0,,,,,
010400,4050.0,38000000.0,4060.0,4130.0,4025.0,9578.0,
009140,19630.0,161000000.0,19830.0,19990.0,18860.0,8281.0,
494340,20505.0,240000000.0,,,,,
426150,51080.0,2000000.0,,,,,
001070,5800.0,19000000.0,5700.0,5830.0,5640.0,3409.0,
530148,30725.0,28800000000.0,,,,,
469790,43880.0,10000000.0,,,,,
395290,4835.0,97000000.0,,,,,
0166N0,8770.0,294000000.0,,,,,
003535,6390.0,43000000.0,6550.0,6550.0,6330.0,6800.0,
0218J0,9000.0,875000000.0,,,,,
0192T0,7115.0,3283000000.0,,,,,
139270,16625.0,189000000.0,,,,,
024070,1993.0,10000000.0,1951.0,2000.0,1951.0,5256.0,
459750,17440.0,9000000.0,,,,,
025750,1893.0,14000000.0,1878.0,1909.0,1873.0,7501.0,
395170,15185.0,89000000.0,,,,,
261060,27600.0,726000000.0,,,,,
153270,84190.0,119000000.0,,,,,
174360,21645.0,20000000.0,,,,,
520075,30185.0,0.0,,,,,
227540,18170.0,379000000.0,,,,,
387270,25860.0,15000000.0,,,,,
476690,9975.0,51000000.0,,,,,
248270,25770.0,76000000.0,,,,,
036420,1548.0,40000000.0,1547.0,1551.0,1500.0,26087.0,
570072,29800.0,0.0,,,,,
459790,20395.0,13000000.0,,,,,
464920,24580.0,233000000.0,,,,,
117680,12035.0,3196000000.0,,,,,
0192M0,11890.0,228000000.0,,,,,
0155N0,7510.0,233000000.0,,,,,
450190,48800.0,3000000.0,,,,,
500102,14635.0,151000000.0,,,,,
245350,18290.0,39000000.0,,,,,
025890,2620.0,193000000.0,2625.0,2790.0,2610.0,72610.0,
069640,1341.0,3000000.0,1409.0,1409.0,1333.0,2442.0,
256440,4770.0,82000000.0,,,,,
145850,116325.0,0.0,,,,,
192720,56915.0,79000000.0,,,,,
253250,99865.0,103000000.0,,,,,
308170,3360.0,3000000.0,3360.0,3450.0,3325.0,1057.0,
500023,14410.0,0.0,,,,,
002690,1419.0,42000000.0,1398.0,1439.0,1383.0,30118.0,
500035,14290.0,0.0,,,,,
570069,28540.0,11000000.0,,,,,
006570,1870.0,6000000.0,1904.0,1929.0,1870.0,3509.0,
352560,11615.0,598000000.0,,,,,
003680,4575.0,170000000.0,4610.0,4645.0,4560.0,37076.0,
006740,4755.0,30000000.0,4710.0,4785.0,4655.0,6433.0,
496770,15680.0,92000000.0,,,,,
415920,5995.0,116000000.0,,,,,
520090,7015.0,189000000.0,,,,,
489290,14660.0,15000000.0,,,,,
007120,1016.0,57000000.0,1039.0,1039.0,995.0,56319.0,
019175,13930.0,21000000.0,14190.0,14190.0,13740.0,1510.0,
0223R0,9555.0,140000000.0,,,,,
289480,13110.0,1554000000.0,,,,,
0224X0,9660.0,348000000.0,,,,,
223190,27420.0,14000000.0,,,,,
271060,8865.0,155000000.0,,,,,
520093,2280.0,38000000.0,,,,,
476070,10305.0,67000000.0,,,,,
0155M0,6045.0,160000000.0,,,,,
0107F0,10780.0,30000000.0,,,,,
610075,44915.0,262000000.0,,,,,
415340,13000.0,322000000.0,,,,,
0049K0,10945.0,57000000.0,,,,,
760004,9930.0,0.0,,,,,
700013,26785.0,0.0,,,,,
118000,1208.0,26000000.0,1279.0,1279.0,1190.0,22184.0,
570047,26505.0,0.0,,,,,
167860,91350.0,0.0,,,,,
005110,1254.0,0.0,0.0,0.0,0.0,0.0,
0013R0,7345.0,68000000.0,,,,,
0137W0,10165.0,21000000.0,,,,,
033250,4120.0,70000000.0,4250.0,4250.0,4105.0,17109.0,
0239Z0,11705.0,3781000000.0,,,,,
0152E0,10650.0,86000000.0,,,,,
520083,26000.0,0.0,,,,,
580049,12985.0,0.0,,,,,
437350,11795.0,319000000.0,,,,,
550069,25785.0,0.0,,,,,
610028,25755.0,99000000.0,,,,,
440340,11440.0,67000000.0,,,,,
277540,32150.0,36000000.0,,,,,
139250,18060.0,471000000.0,,,,,
006345,9780.0,86000000.0,9910.0,10030.0,9760.0,8851.0,
002355,3935.0,12000000.0,3930.0,3960.0,3930.0,3290.0,
530063,25560.0,56000000.0,,,,,
475380,9635.0,146000000.0,,,,,
570124,12740.0,0.0,,,,,
0203S0,8470.0,99000000.0,,,,,
0047R0,15400.0,48000000.0,,,,,
33637K,1500.0,2000000.0,1500.0,1500.0,1472.0,1744.0,
570081,25290.0,0.0,,,,,
483570,15785.0,28000000.0,,,,,
493420,12010.0,39000000.0,,,,,
357430,826.0,31000000.0,832.0,857.0,825.0,37377.0,
004270,5500.0,8000000.0,5570.0,5570.0,5500.0,1616.0,
481340,7935.0,380000000.0,,,,,
700017,24970.0,51000000.0,,,,,
510044,16615.0,0.0,,,,,
496120,33210.0,76000000.0,,,,,
0115C0,10580.0,65000000.0,,,,,
0209Z0,7095.0,624000000.0,,,,,
530106,24785.0,325000000.0,,,,,
610069,16500.0,399000000.0,,,,,
292500,49450.0,2000000.0,,,,,
023150,3980.0,15000000.0,4020.0,4100.0,3980.0,3917.0,
245360,11745.0,66000000.0,,,,,
003495,22100.0,16000000.0,22100.0,22300.0,22000.0,744.0,
580057,12245.0,0.0,,,,,
610022,8130.0,0.0,,,,,
0238C0,10155.0,35000000.0,,,,,
159800,86710.0,46000000.0,,,,,
292160,48545.0,156000000.0,,,,,
580048,12130.0,0.0,,,,,
520047,24225.0,4000000.0,,,,,
295020,60945.0,0.0,,,,,
610001,12060.0,0.0,,,,,
006490,1359.0,93000000.0,1306.0,1360.0,1245.0,71471.0,
367740,43810.0,18000000.0,,,,,
760026,16050.0,1503000000.0,,,,,
0097L0,12345.0,24000000.0,,,,,
185680,45245.0,236000000.0,,,,,
0164G0,11440.0,103000000.0,,,,,
368190,7495.0,4000000.0,,,,,
003060,1470.0,235000000.0,1520.0,1520.0,1446.0,159960.0,
0093D0,18260.0,40000000.0,,,,,
530128,23645.0,0.0,,,,,
195970,16145.0,95000000.0,,,,,
0103T0,8105.0,499000000.0,,,,,
0177A0,9200.0,417000000.0,,,,,
414270,11160.0,20000000.0,,,,,
442550,14630.0,52000000.0,,,,,
364690,38940.0,4000000.0,,,,,
001380,1039.0,69000000.0,1040.0,1049.0,1025.0,66899.0,
009310,5330.0,0.0,0.0,0.0,0.0,0.0,
479850,17260.0,470000000.0,,,,,
071950,1609.0,1120000000.0,1921.0,1921.0,1585.0,654177.0,
570115,23225.0,0.0,,,,,
138230,15890.0,15000000.0,,,,,
0198D0,9620.0,133000000.0,,,,,
0192S0,9485.0,1069000000.0,,,,,
004870,1000.0,48000000.0,1000.0,1040.0,982.0,47974.0,
388280,6930.0,28000000.0,,,,,
33626L,7550.0,10000000.0,7610.0,7780.0,7400.0,1378.0,
001420,2965.0,96000000.0,3005.0,3005.0,2885.0,32935.0,
0127R0,16685.0,116000000.0,,,,,
0047P0,14400.0,41000000.0,,,,,
0206G0,7690.0,1938000000.0,,,,,
280930,15900.0,201000000.0,,,,,
419430,7950.0,15000000.0,,,,,
500100,11050.0,10000000.0,,,,,
376410,24555.0,38000000.0,,,,,
375760,24535.0,2000000.0,,,,,
030720,4735.0,173000000.0,4630.0,4850.0,4470.0,37360.0,
261120,5500.0,24000000.0,,,,,
239660,121830.0,56000000.0,,,,,
300950,5220.0,167000000.0,,,,,
580072,10945.0,0.0,,,,,
108590,109255.0,2000000.0,,,,,
760012,31115.0,1000000.0,,,,,
225130,43365.0,34000000.0,,,,,
411540,16630.0,33000000.0,,,,,
550087,10775.0,0.0,,,,,
610047,10775.0,0.0,,,,,
0186L0,9325.0,62000000.0,,,,,
433220,28905.0,19000000.0,,,,,
469160,25160.0,484000000.0,,,,,
580070,21360.0,7000000.0,,,,,
447660,13780.0,249000000.0,,,,,
005360,1129.0,321000000.0,1170.0,1177.0,1119.0,278194.0,
0026E0,11520.0,0.0,,,,,
012170,2920.0,122000000.0,2960.0,3265.0,2910.0,39836.0,
0239Y0,10615.0,3103000000.0,,,,,
550085,10615.0,0.0,,,,,
461600,8005.0,36000000.0,,,,,
269420,20545.0,60000000.0,,,,,
530138,21195.0,3000000.0,,,,,
464600,23545.0,53000000.0,,,,,
760008,10555.0,0.0,,,,,
530116,4220.0,125000000.0,,,,,
0193L0,8035.0,7058000000.0,,,,,
008775,27950.0,9000000.0,28000.0,28000.0,27750.0,347.0,
471460,45685.0,64000000.0,,,,,
700012,21000.0,0.0,,,,,
610103,20985.0,0.0,,,,,
570130,20965.0,0.0,,,,,
204450,2170.0,18000000.0,,,,,
570122,10395.0,0.0,,,,,
337120,34630.0,21000000.0,,,,,
0223A0,11460.0,1534000000.0,,,,,
550088,20625.0,0.0,,,,,
500091,10310.0,0.0,,,,,
580067,10295.0,0.0,,,,,
152380,64745.0,241000000.0,,,,,
253290,11435.0,55000000.0,,,,,
0190M0,8570.0,202000000.0,,,,,
226980,22840.0,16000000.0,,,,,
304770,14470.0,136000000.0,,,,,
760028,2565.0,7314000000.0,,,,,
0231Z0,10250.0,3744000000.0,,,,,
461450,15740.0,92000000.0,,,,,
371450,13450.0,35000000.0,,,,,
520104,10165.0,15000000.0,,,,,
300640,6250.0,23000000.0,,,,,
289040,33820.0,4000000.0,,,,,
000040,1029.0,22000000.0,1025.0,1042.0,1001.0,21551.0,
477730,6850.0,6000000.0,,,,,
530130,6725.0,403000000.0,,,,,
530119,20130.0,4000000.0,,,,,
489000,9135.0,627000000.0,,,,,
580073,20085.0,0.0,,,,,
520106,10040.0,0.0,,,,,
001685,14580.0,3000000.0,14630.0,14650.0,14500.0,217.0,
463300,12445.0,62000000.0,,,,,
00499K,24700.0,4000000.0,24500.0,24700.0,24050.0,181.0,
015020,928.0,0.0,0.0,0.0,0.0,0.0,
289250,34875.0,278000000.0,,,,,
520105,9930.0,0.0,,,,,
610018,9920.0,0.0,,,,,
456680,4860.0,12000000.0,,,,,
580071,9885.0,98000000.0,,,,,
379790,17190.0,209000000.0,,,,,
364990,4390.0,109000000.0,,,,,
417630,18785.0,12000000.0,,,,,
610087,19720.0,0.0,,,,,
404120,24640.0,161000000.0,,,,,
520103,9850.0,0.0,,,,,
091220,16670.0,586000000.0,,,,,
610036,19665.0,12000000.0,,,,,
0241R0,9800.0,3642000000.0,,,,,
437070,56625.0,12000000.0,,,,,
002070,4055.0,592000000.0,3860.0,4360.0,3795.0,144499.0,
0067V0,8840.0,403000000.0,,,,,
610040,19360.0,0.0,,,,,
0153X0,10430.0,80000000.0,,,,,
465670,15425.0,182000000.0,,,,,
438320,4460.0,34000000.0,,,,,
760021,27455.0,0.0,,,,,
108675,18570.0,18000000.0,18230.0,18700.0,18220.0,1003.0,
530112,19150.0,1000000.0,,,,,
169950,23915.0,31000000.0,,,,,
304760,47750.0,3000000.0,,,,,
570129,19065.0,0.0,,,,,
284980,22120.0,76000000.0,,,,,
580074,9510.0,0.0,,,,,
404260,23725.0,1000000.0,,,,,
228820,18795.0,44000000.0,,,,,
530132,18780.0,5000000.0,,,,,
487950,12950.0,93000000.0,,,,,
416090,11720.0,94000000.0,,,,,
183710,93700.0,10000000.0,,,,,
461910,37200.0,22000000.0,,,,,
229720,37095.0,14000000.0,,,,,
760022,9265.0,3000000.0,,,,,
497780,9730.0,89000000.0,,,,,
580089,18410.0,125000000.0,,,,,
610104,18395.0,0.0,,,,,
570125,18350.0,0.0,,,,,
213630,19915.0,85000000.0,,,,,
445910,20315.0,126000000.0,,,,,
276000,20250.0,78000000.0,,,,,
0104P0,10720.0,65000000.0,,,,,
093240,296.0,0.0,0.0,0.0,0.0,0.0,
445690,30265.0,1000000.0,,,,,
461900,22660.0,39000000.0,,,,,
550097,18035.0,144000000.0,,,,,
381560,17165.0,4000000.0,,,,,
0018Z0,17920.0,27000000.0,,,,,
407310,16280.0,4000000.0,,,,,
227830,71100.0,0.0,,,,,
195920,35345.0,14000000.0,,,,,
449580,16030.0,101000000.0,,,,,
008600,2620.0,0.0,0.0,0.0,0.0,0.0,
530123,17605.0,0.0,,,,,
0144M0,6390.0,120000000.0,,,,,
009440,756.0,0.0,0.0,0.0,0.0,0.0,
610003,8775.0,0.0,,,,,
391670,29095.0,0.0,,,,,
610025,17455.0,0.0,,,,,
292050,49855.0,5000000.0,,,,,
289260,28990.0,0.0,,,,,
385600,11560.0,63000000.0,,,,,
570071,17280.0,0.0,,,,,
0198B0,12070.0,548000000.0,,,,,
225060,16235.0,0.0,,,,,
0086C0,9820.0,91000000.0,,,,,
580066,8590.0,1000000.0,,,,,
0065G0,7980.0,62000000.0,,,,,
610085,28585.0,115000000.0,,,,,
0203R0,50405.0,0.0,,,,,
457690,10480.0,548000000.0,,,,,
468370,10150.0,53000000.0,,,,,
0105D0,8915.0,49000000.0,,,,,
011090,1425.0,120000000.0,1500.0,1585.0,1356.0,83020.0,
006200,1795.0,28000000.0,1987.0,1987.0,1750.0,15834.0,
580075,16720.0,0.0,,,,,
460660,11145.0,56000000.0,,,,,
500072,1667.0,147000000.0,,,,,
483330,15095.0,368000000.0,,,,,
477490,18420.0,0.0,,,,,
530140,16570.0,327000000.0,,,,,
570126,16525.0,0.0,,,,,
451600,85160.0,9000000.0,,,,,
250730,9705.0,2000000.0,,,,,
465770,2285.0,309000000.0,2375.0,2500.0,2265.0,131642.0,
0233N0,10945.0,456000000.0,,,,,
494420,8640.0,34000000.0,,,,,
474920,17390.0,8000000.0,,,,,
415760,12015.0,33000000.0,,,,,
580090,16140.0,0.0,,,,,
570121,8035.0,0.0,,,,,
18064K,30250.0,44000000.0,30000.0,30850.0,29600.0,1492.0,
005725,4450.0,15000000.0,4275.0,4450.0,4100.0,3662.0,
530120,16000.0,0.0,,,,,
419650,4800.0,81000000.0,,,,,
265690,8535.0,0.0,,,,,
131890,39400.0,28000000.0,,,,,
700034,10455.0,461000000.0,,,,,
130680,7640.0,159000000.0,,,,,
488290,44740.0,18000000.0,,,,,
219390,7810.0,145000000.0,,,,,
432840,19370.0,7000000.0,,,,,
332620,82820.0,51000000.0,,,,,
484890,52660.0,395000000.0,,,,,
610039,15410.0,0.0,,,,,
413930,27585.0,121000000.0,,,,,
005257,17870.0,1000000.0,18190.0,18530.0,17840.0,106.0,
0106J0,20035.0,0.0,20295.0,20295.0,20010.0,17.0,
114460,100095.0,13000000.0,,,,,
530095,15010.0,0.0,,,,,
491510,17620.0,1000000.0,,,,,
0193K0,12970.0,119000000.0,,,,,
760017,21245.0,0.0,,,,,
0222F0,12910.0,134000000.0,,,,,
002025,12790.0,6000000.0,12850.0,12990.0,12690.0,488.0,
0207Z0,7060.0,145000000.0,,,,,
337150,24705.0,3000000.0,,,,,
244620,21115.0,48000000.0,,,,,
453010,110105.0,1198000000.0,,,,,
0051A0,24590.0,38000000.0,,,,,
387280,11575.0,9000000.0,,,,,
580086,14655.0,112000000.0,,,,,
580050,14575.0,0.0,,,,,
570099,14535.0,0.0,,,,,
610081,28820.0,0.0,,,,,
0084E0,9875.0,0.0,,,,,
0088N0,11440.0,59000000.0,,,,,
104520,14290.0,112000000.0,,,,,
530129,14190.0,0.0,,,,,
520076,5675.0,28000000.0,,,,,
234310,28360.0,1000000.0,,,,,
610024,14165.0,1000000.0,,,,,
453630,11785.0,71000000.0,,,,,
236350,22750.0,15000000.0,,,,,
404650,23475.0,5000000.0,,,,,
438900,10810.0,118000000.0,,,,,
570105,4655.0,10000000.0,,,,,
0090B0,7150.0,1281000000.0,,,,,
000087,12290.0,6000000.0,12100.0,12310.0,12100.0,514.0,
485810,12010.0,119000000.0,,,,,
500024,6860.0,0.0,,,,,
004105,4150.0,235000000.0,4065.0,4200.0,4000.0,57311.0,
487750,34220.0,163000000.0,,,,,
024890,1655.0,181000000.0,1818.0,1818.0,1600.0,108837.0,
001795,2105.0,6000000.0,2100.0,2170.0,2095.0,3109.0,
0153P0,9390.0,16000000.0,,,,,
373490,24705.0,3000000.0,,,,,
496130,25150.0,1000000.0,,,,,
137610,5820.0,62000000.0,,,,,
760015,6680.0,202000000.0,,,,,
45226K,4600.0,34000000.0,4495.0,4600.0,4495.0,7473.0,
610086,66400.0,0.0,,,,,
0127V0,10605.0,5000000.0,,,,,
610072,26375.0,0.0,,,,,
417450,15510.0,217000000.0,,,,,
472720,25330.0,1000000.0,,,,,
102960,13090.0,64000000.0,,,,,
002820,1076.0,230000000.0,1204.0,1245.0,1046.0,209131.0,
360150,3160.0,60000000.0,,,,,
0127T0,10775.0,20000000.0,,,,,
580032,25790.0,21000000.0,,,,,
610062,64395.0,22000000.0,,,,,
00806K,10610.0,13000000.0,10600.0,10660.0,10570.0,1304.0,
0004G0,8570.0,35000000.0,,,,,
610035,12810.0,12000000.0,,,,,
363510,112300.0,0.0,,,,,
580080,12765.0,0.0,,,,,
279540,21265.0,23000000.0,,,,,
453820,9800.0,14000000.0,,,,,
0013P0,11565.0,57000000.0,,,,,
290080,7265.0,14000000.0,,,,,
409810,5390.0,114000000.0,,,,,
140710,6660.0,59000000.0,,,,,
580083,25285.0,0.0,,,,,
530092,2525.0,13000000.0,,,,,
570123,6310.0,0.0,,,,,
0242S0,10515.0,745000000.0,,,,,
084695,13810.0,19000000.0,13970.0,13970.0,13750.0,1422.0,
0208N0,7645.0,60000000.0,,,,,
0028X0,10920.0,4000000.0,,,,,
520088,6260.0,35000000.0,,,,,
500097,12505.0,1000000.0,,,,,
610080,12485.0,0.0,,,,,
580043,24945.0,406000000.0,,,,,
570096,12465.0,0.0,,,,,
580051,8305.0,4000000.0,,,,,
166400,24890.0,41000000.0,,,,,
0015F0,10370.0,15000000.0,,,,,
610030,12430.0,0.0,,,,,
300610,5280.0,42000000.0,,,,,
570074,12390.0,0.0,,,,,
530137,12375.0,0.0,,,,,
610070,24700.0,0.0,,,,,
489860,14505.0,15000000.0,,,,,
410870,8790.0,65000000.0,,,,,
453060,111685.0,0.0,,,,,
580052,24325.0,2000000.0,,,,,
457700,9210.0,6000000.0,,,,,
610071,12155.0,0.0,,,,,
0220A0,8675.0,103000000.0,,,,,
145995,32800.0,1000000.0,33350.0,33350.0,32750.0,47.0,
435550,17315.0,14000000.0,,,,,
610020,12095.0,0.0,,,,,
251590,17250.0,4000000.0,,,,,
0194R0,8895.0,155000000.0,,,,,
760023,11995.0,7000000.0,,,,,
396510,6660.0,21000000.0,,,,,
140580,23855.0,5000000.0,,,,,
0104G0,5180.0,138000000.0,,,,,
610093,23810.0,0.0,,,,,
395760,21565.0,0.0,,,,,
400570,11715.0,45000000.0,,,,,
404540,23595.0,10000000.0,,,,,
015260,250.0,82000000.0,243.0,254.0,240.0,335064.0,
332610,122560.0,42000000.0,,,,,
282000,115285.0,0.0,,,,,
700032,11695.0,8000000.0,,,,,
610096,11670.0,217000000.0,,,,,
610079,58340.0,1000000.0,,,,,
580088,23320.0,68000000.0,,,,,
0203D0,8945.0,61000000.0,,,,,
530121,11525.0,0.0,,,,,
00781K,14690.0,5000000.0,14500.0,14690.0,14500.0,349.0,
520046,11455.0,1000000.0,,,,,
610049,11450.0,0.0,,,,,
530127,11435.0,0.0,,,,,
610045,11395.0,0.0,,,,,
500086,11385.0,0.0,,,,,
266410,9470.0,76000000.0,,,,,
610060,22700.0,0.0,,,,,
430500,112580.0,10000000.0,,,,,
453660,16005.0,5000000.0,,,,,
428560,14880.0,30000000.0,,,,,
269370,15885.0,1000000.0,,,,,
580065,11110.0,0.0,,,,,
448490,52835.0,1000000.0,,,,,
269530,18410.0,83000000.0,,,,,
38380K,7530.0,0.0,7540.0,7540.0,7430.0,46.0,
0000H0,9585.0,2000000.0,,,,,
252650,18265.0,11000000.0,,,,,
354240,9960.0,6000000.0,,,,,
407820,6080.0,0.0,,,,,
530139,10905.0,50000000.0,,,,,
610055,21745.0,0.0,,,,,
520064,5430.0,0.0,,,,,
0191S0,14640.0,54000000.0,,,,,
580064,21605.0,0.0,,,,,
0002C0,9970.0,6000000.0,,,,,
550100,10745.0,1000000.0,,,,,
0120X0,10100.0,0.0,10100.0,10100.0,10100.0,1.0,
610051,10690.0,0.0,,,,,
610058,21365.0,0.0,,,,,
610076,53235.0,10000000.0,,,,,
446700,10225.0,21000000.0,,,,,
272570,107820.0,0.0,,,,,
252000,19180.0,18000000.0,,,,,
0227L0,10530.0,236000000.0,,,,,
610074,10485.0,1000000.0,,,,,
451150,16905.0,0.0,,,,,
464610,6755.0,37000000.0,,,,,
419420,8725.0,24000000.0,,,,,
001067,49850.0,0.0,49850.0,49850.0,49850.0,9.0,
580047,10450.0,0.0,,,,,
580054,20830.0,0.0,,,,,
760032,10380.0,27000000.0,,,,,
0068M0,11515.0,0.0,,,,,
0113G0,11515.0,58000000.0,,,,,
610102,10350.0,0.0,,,,,
310080,8960.0,1000000.0,,,,,
280920,22880.0,0.0,,,,,
435040,18710.0,11000000.0,,,,,
0216Z0,8565.0,107000000.0,,,,,
610056,20550.0,0.0,,,,,
610057,20465.0,0.0,,,,,
140570,25535.0,9000000.0,,,,,
610106,10205.0,0.0,,,,,
0093B0,12750.0,14000000.0,,,,,
438740,33990.0,0.0,,,,,
385710,10145.0,14000000.0,,,,,
0189Z0,10135.0,3000000.0,,,,,
610092,10095.0,0.0,,,,,
237440,10080.0,47000000.0,,,,,
463640,12545.0,89000000.0,,,,,
004255,1900.0,0.0,1922.0,1922.0,1870.0,33.0,
460270,12385.0,0.0,,,,,
580059,10030.0,1000000.0,,,,,
291130,16690.0,5000000.0,,,,,
482030,9530.0,114000000.0,,,,,
570085,10000.0,2000000.0,,,,,
610111,9990.0,0.0,,,,,
530064,665.0,6000000.0,,,,,
700011,9970.0,0.0,,,,,
760027,4970.0,129000000.0,,,,,
610098,9855.0,14000000.0,,,,,
610112,19645.0,0.0,,,,,
371870,6135.0,27000000.0,,,,,
570128,9770.0,0.0,,,,,
003075,13130.0,2000000.0,13000.0,13240.0,12820.0,211.0,
281990,17655.0,1000000.0,,,,,
610082,9695.0,0.0,,,,,
0001P0,8640.0,8000000.0,,,,,
230480,4810.0,12000000.0,,,,,
610068,9660.0,8000000.0,,,,,
0219B0,12030.0,762000000.0,,,,,
610034,9615.0,1000000.0,,,,,
463690,17475.0,56000000.0,,,,,
610077,9610.0,5000000.0,,,,,
700014,9605.0,2000000.0,,,,,
610105,9605.0,0.0,,,,,
461580,15960.0,132000000.0,,,,,
181480,79805.0,3000000.0,,,,,
0224D0,10615.0,614000000.0,,,,,
580087,9545.0,75000000.0,,,,,
0120J0,7635.0,17000000.0,,,,,
301400,14580.0,14000000.0,,,,,
145210,2240.0,0.0,0.0,0.0,0.0,0.0,
429010,18855.0,2000000.0,,,,,
019685,970.0,5000000.0,958.0,970.0,950.0,6000.0,
0094L0,6690.0,46000000.0,,,,,
117690,18615.0,9000000.0,,,,,
580035,9305.0,0.0,,,,,
139240,10555.0,2295000000.0,,,,,
487910,7690.0,14000000.0,,,,,
261110,15365.0,6000000.0,,,,,
354350,17695.0,4000000.0,,,,,
0227K0,9200.0,59000000.0,,,,,
700036,1835.0,1555000000.0,,,,,
580060,18290.0,0.0,,,,,
341850,4570.0,5000000.0,,,,,
001755,19300.0,7000000.0,19430.0,19430.0,19220.0,383.0,
0194N0,11755.0,51000000.0,,,,,
498050,9545.0,73000000.0,,,,,
570107,3625.0,30000000.0,,,,,
217780,5825.0,11000000.0,,,,,
456250,7850.0,33000000.0,,,,,
0174R0,11270.0,31000000.0,,,,,
550099,9005.0,27000000.0,,,,,
580061,8980.0,1000000.0,,,,,
399580,8975.0,16000000.0,,,,,
0084D0,11160.0,1000000.0,,,,,
700033,8870.0,50000000.0,,,,,
497510,12650.0,9000000.0,,,,,
494180,12635.0,0.0,,,,,
580053,17635.0,0.0,,,,,
266390,14680.0,7000000.0,,,,,
700035,8800.0,754000000.0,,,,,
395150,1833.0,8000000.0,,,,,
0216K0,8770.0,82000000.0,,,,,
270800,15915.0,5000000.0,,,,,
381570,10290.0,80000000.0,,,,,
530135,8745.0,0.0,,,,,
466810,5795.0,81000000.0,,,,,
580063,17355.0,0.0,,,,,
610097,8675.0,0.0,,,,,
215620,16065.0,0.0,,,,,
0221Z0,9125.0,57000000.0,,,,,
500068,12380.0,0.0,,,,,
610083,17280.0,0.0,,,,,
520097,8635.0,63000000.0,,,,,
610059,17200.0,13000000.0,,,,,
570094,8580.0,0.0,,,,,
174350,20420.0,112000000.0,,,,,
0226G0,12200.0,10000000.0,,,,,
33637L,2260.0,7000000.0,2220.0,2275.0,2220.0,3384.0,
0133E0,8115.0,11000000.0,,,,,
105010,6080.0,10000000.0,,,,,
580085,8510.0,1000000.0,,,,,
550095,17010.0,0.0,,,,,
500101,8480.0,0.0,,,,,
610095,8455.0,165000000.0,,,,,
0184N0,8445.0,43000000.0,,,,,
700031,8415.0,222000000.0,,,,,
0008E0,11220.0,15000000.0,,,,,
435540,16820.0,5000000.0,,,,,
610090,8400.0,0.0,,,,,
497520,12910.0,14000000.0,,,,,
375270,12850.0,2000000.0,,,,,
500036,4165.0,0.0,,,,,
429980,16615.0,1000000.0,,,,,
0219Z0,10375.0,504000000.0,,,,,
0067Y0,9180.0,18000000.0,,,,,
449680,9720.0,0.0,,,,,
457930,27475.0,2000000.0,,,,,
395750,20545.0,0.0,,,,,
0226D0,10250.0,71000000.0,,,,,
0215T0,9110.0,214000000.0,,,,,
610084,8190.0,0.0,,,,,
462340,16375.0,0.0,,,,,
182490,13605.0,8000000.0,,,,,
000225,3595.0,19000000.0,3650.0,3655.0,3560.0,5411.0,
610073,16285.0,0.0,,,,,
520085,8130.0,8000000.0,,,,,
530114,8130.0,20000000.0,,,,,
610094,8045.0,10000000.0,,,,,
371150,6105.0,3000000.0,,,,,
0214M0,9315.0,2000000.0,,,,,
570097,7900.0,0.0,,,,,
395280,3330.0,4000000.0,,,,,
001515,3995.0,9000000.0,3995.0,3995.0,3970.0,2485.0,
480460,9150.0,2000000.0,,,,,
304670,12950.0,24000000.0,,,,,
227550,12100.0,438000000.0,,,,,
189400,25815.0,6000000.0,,,,,
0176P0,13990.0,83000000.0,,,,,
760025,10920.0,0.0,,,,,
700030,1905.0,237000000.0,,,,,
001065,22200.0,0.0,22200.0,22200.0,22200.0,2.0,
610100,7510.0,91000000.0,,,,,
530056,1872.0,47000000.0,,,,,
227570,20800.0,1000000.0,,,,,
139660,8580.0,7000000.0,,,,,
435530,14925.0,1000000.0,,,,,
570114,7455.0,0.0,,,,,
285690,21290.0,0.0,,,,,
530122,7430.0,152000000.0,,,,,
494210,10535.0,43000000.0,,,,,
225800,14445.0,6000000.0,,,,,
530141,7325.0,0.0,,,,,
490330,13315.0,65000000.0,,,,,
520084,7310.0,0.0,,,,,
0218K0,10415.0,0.0,,,,,
487920,7290.0,1000000.0,,,,,
0172Y0,9095.0,17000000.0,,,,,
0005C0,11185.0,3000000.0,,,,,
402460,14470.0,1000000.0,,,,,
253280,12055.0,53000000.0,,,,,
225050,15925.0,1000000.0,,,,,
580062,14270.0,3000000.0,,,,,
0138D0,12970.0,16000000.0,,,,,
488480,12965.0,41000000.0,,,,,
580079,7125.0,213000000.0,,,,,
437370,10140.0,38000000.0,,,,,
530142,7080.0,1000000.0,,,,,
530060,7050.0,0.0,,,,,
500098,7005.0,0.0,,,,,
315270,18415.0,11000000.0,,,,,
400590,13910.0,6000000.0,,,,,
0094X0,7695.0,5000000.0,,,,,
244670,11530.0,3000000.0,,,,,
760006,6910.0,0.0,,,,,
570109,13795.0,0.0,,,,,
610091,13680.0,0.0,,,,,
0082F0,9740.0,1000000.0,,,,,
256450,13575.0,15000000.0,,,,,
500067,9470.0,0.0,,,,,
610099,6620.0,0.0,,,,,
004985,8980.0,12000000.0,9260.0,9260.0,8860.0,1415.0,
570092,6605.0,4000000.0,,,,,
0191B0,33020.0,59000000.0,,,,,
000325,27000.0,11000000.0,28200.0,28200.0,27000.0,431.0,
570101,6575.0,0.0,,,,,
176950,60795.0,388000000.0,,,,,
456200,58945.0,41000000.0,,,,,
326230,10780.0,2000000.0,,,,,
0036Z0,11745.0,54000000.0,,,,,
450180,9900.0,0.0,,,,,
570095,6430.0,2000000.0,,,,,
138920,12830.0,2000000.0,,,,,
139290,22800.0,99000000.0,,,,,
530096,6355.0,0.0,,,,,
580078,6325.0,5000000.0,,,,,
250780,2360.0,579000000.0,,,,,
289670,52020.0,15000000.0,,,,,
570091,6235.0,0.0,,,,,
0047N0,8870.0,5000000.0,,,,,
004835,4440.0,15000000.0,4445.0,4445.0,4285.0,3577.0,
451670,12340.0,5000000.0,,,,,
469530,9605.0,19000000.0,,,,,
307510,12275.0,8000000.0,,,,,
580084,12270.0,0.0,,,,,
570111,30440.0,0.0,,,,,
044380,436.0,0.0,0.0,0.0,0.0,0.0,
429740,6050.0,4000000.0,,,,,
570098,6045.0,38000000.0,,,,,
400580,12090.0,46000000.0,,,,,
760010,8635.0,0.0,,,,,
316300,12060.0,7000000.0,,,,,
550098,6015.0,83000000.0,,,,,
368680,7515.0,4000000.0,,,,,
530062,46.0,2000000.0,,,,,
483020,9160.0,24000000.0,,,,,
267450,11685.0,0.0,,,,,
0166T0,8985.0,3000000.0,,,,,
433250,23105.0,0.0,,,,,
0053M0,12810.0,0.0,,,,,
314700,10475.0,4000000.0,,,,,
26490K,7410.0,0.0,7590.0,7590.0,7300.0,66.0,
012205,4900.0,25000000.0,4920.0,4920.0,4890.0,5198.0,
0114X0,8650.0,13000000.0,,,,,
401590,11025.0,0.0,,,,,
0229F0,7950.0,3000000.0,,,,,
407300,10115.0,0.0,,,,,
570073,5550.0,0.0,,,,,
610023,5545.0,0.0,,,,,
291890,12305.0,0.0,,,,,
432600,55285.0,1000000.0,,,,,
550096,10975.0,0.0,,,,,
470310,18240.0,0.0,,,,,
090355,11770.0,1000000.0,11800.0,11800.0,11400.0,114.0,
0184V0,5185.0,97000000.0,,,,,
570108,10855.0,0.0,,,,,
0087F0,10830.0,7000000.0,,,,,
238670,13505.0,11000000.0,,,,,
499150,10750.0,1000000.0,,,,,
291630,3700.0,204000000.0,,,,,
530094,5290.0,1000000.0,,,,,
220130,6555.0,134000000.0,,,,,
390400,6520.0,0.0,,,,,
0174J0,8660.0,60000000.0,,,,,
001770,4275.0,0.0,0.0,0.0,0.0,0.0,
483030,11515.0,15000000.0,,,,,
0015E0,10285.0,4000000.0,,,,,
295000,51250.0,0.0,,,,,
0102X0,8540.0,10000000.0,,,,,
219900,3645.0,1000000.0,,,,,
0154H0,9220.0,92000000.0,,,,,
476310,9170.0,3000000.0,,,,,
510027,1656.0,3000000.0,,,,,
413220,4135.0,94000000.0,,,,,
580044,1647.0,90000000.0,,,,,
227560,12320.0,3000000.0,,,,,
760014,7020.0,0.0,,,,,
0132D0,8885.0,2000000.0,,,,,
411860,16065.0,3000000.0,,,,,
610029,4810.0,0.0,,,,,
550070,4800.0,0.0,,,,,
0015K0,6785.0,1000000.0,,,,,
474390,40810.0,2000000.0,,,,,
267440,7715.0,0.0,,,,,
0073X0,8305.0,1000000.0,,,,,
266550,18045.0,0.0,,,,,
498610,7380.0,2000000.0,,,,,
002995,15000.0,196000000.0,15920.0,15920.0,15000.0,12849.0,
391600,9740.0,0.0,,,,,
0078V0,8730.0,4000000.0,,,,,
0128D0,6210.0,7000000.0,,,,,
205720,1431.0,0.0,,,,,
000145,9110.0,0.0,9290.0,9290.0,9080.0,14.0,
000545,5480.0,3000000.0,5600.0,5600.0,5480.0,654.0,
277650,20960.0,2000000.0,,,,,
530125,4100.0,37000000.0,,,,,
373790,14620.0,4000000.0,,,,,
005030,44.0,1308000000.0,46.0,62.0,44.0,25509996.0,
252420,77.0,36000000.0,,,,,
0050E0,8065.0,15000000.0,,,,,
291680,7975.0,0.0,,,,,
226380,5690.0,0.0,,,,,
009415,6110.0,3000000.0,6070.0,6190.0,6020.0,631.0,
0131A0,7125.0,24000000.0,,,,,
005965,17240.0,1000000.0,17290.0,17300.0,17100.0,106.0,
334690,5505.0,19000000.0,,,,,
243890,8550.0,226000000.0,,,,,
225030,2265.0,7000000.0,,,,,
244660,9165.0,0.0,,,,,
500041,732.0,0.0,,,,,
007575,7950.0,1000000.0,7950.0,7950.0,7750.0,195.0,
014825,13090.0,1000000.0,13410.0,13500.0,13090.0,102.0,
427120,5190.0,3000000.0,,,,,
36328K,2900.0,2000000.0,2730.0,2965.0,2730.0,750.0,
570023,679.0,20000000.0,,,,,
014285,5670.0,8000000.0,5570.0,5740.0,5470.0,1451.0,
570110,16325.0,0.0,,,,,
306530,7360.0,327000000.0,,,,,
267490,4550.0,0.0,,,,,
0079X0,8965.0,4000000.0,,,,,
005745,5200.0,0.0,5280.0,5280.0,5200.0,29.0,
321410,10345.0,0.0,,,,,
014915,4810.0,2000000.0,4850.0,4850.0,4805.0,555.0,
280940,3600.0,24000000.0,,,,,
491630,4890.0,0.0,,,,,
145670,1269.0,40000000.0,,,,,
252410,1295.0,26000000.0,,,,,
476000,4835.0,404000000.0,,,,,
000227,7680.0,1000000.0,7900.0,7900.0,7680.0,153.0,
253230,73.0,305000000.0,,,,,
580033,4810.0,0.0,,,,,
334700,3520.0,1000000.0,,,,,
500051,1144.0,0.0,,,,,
275750,2375.0,37000000.0,,,,,
500030,64.0,6000000.0,,,,,
008355,7010.0,3000000.0,7230.0,7230.0,7010.0,506.0,
280320,21470.0,22000000.0,,,,,
001525,8000.0,7000000.0,7670.0,8860.0,7640.0,952.0,
570070,1799.0,0.0,,,,,
291620,4165.0,15000000.0,,,,,
700018,1661.0,1000000.0,,,,,
253240,1287.0,28000000.0,,,,,
253160,148.0,60000000.0,,,,,
306520,2345.0,22000000.0,,,,,
004545,3520.0,6000000.0,3350.0,3520.0,3350.0,1817.0,
500038,1184.0,5000000.0,,,,,
011155,5850.0,1000000.0,5900.0,6090.0,5830.0,188.0,
261920,11335.0,0.0,,,,,
001527,5010.0,2000000.0,5080.0,5080.0,5000.0,465.0,
412560,1555.0,7000000.0,,,,,
004415,3855.0,8000000.0,4100.0,4100.0,3855.0,2222.0,
465620,6465.0,28000000.0,,,,,
002785,7400.0,29000000.0,8550.0,8550.0,7370.0,3732.0,
002787,11820.0,16000000.0,11840.0,11920.0,11500.0,1385.0,
196170,254500.0,56663000000.0,253500.0,259500.0,252500.0,220915.0,39416969000.0
086520,80600.0,38651000000.0,79700.0,81600.0,79600.0,479939.0,21382899000.0
036930,232500.0,283341000000.0,222000.0,234500.0,216500.0,1231672.0,
247540,109100.0,28092000000.0,107800.0,109900.0,107500.0,258392.0,12000682000.0
277810,418000.0,15551000000.0,418500.0,429000.0,418000.0,36802.0,7618877999.999999
240810,131500.0,124275000000.0,130500.0,136500.0,129900.0,937109.0,
039030,520000.0,49090000000.0,505000.0,526000.0,504000.0,94698.0,17696195000.0
222800,150300.0,53798000000.0,151800.0,152600.0,148000.0,358607.0,42283366000.0
058470,73400.0,38392000000.0,74500.0,75500.0,72600.0,519834.0,24276814000.0
028300,41400.0,81357000000.0,39850.0,43800.0,37800.0,1974857.0,106947135000.0
403870,63700.0,211295000000.0,61100.0,66000.0,60100.0,3321953.0,
095340,213500.0,27280000000.0,211500.0,214500.0,207500.0,129089.0,7599032000.0
319660,148500.0,35848000000.0,153100.0,153300.0,146000.0,239332.0,0.0
108490,286000.0,35358000000.0,283500.0,292000.0,283000.0,123197.0,29121301999.999996
440110,81700.0,35242000000.0,83600.0,87400.0,81500.0,421041.0,
000250,172800.0,17196000000.0,166200.0,174800.0,165700.0,99942.0,11780358000.0
031980,178600.0,21844000000.0,183100.0,186000.0,176500.0,121267.0,0.0
084370,167600.0,28066000000.0,167200.0,172000.0,165200.0,166780.0,6014912000.0
064760,304500.0,15423000000.0,301000.0,311000.0,297500.0,51109.0,3977737000.0
095610,167700.0,46632000000.0,171500.0,174000.0,164300.0,278433.0,22941190000.0
214450,310500.0,31265000000.0,319000.0,319000.0,306500.0,100747.0,10604690000.0
131290,289000.0,17076000000.0,301500.0,301500.0,282000.0,59363.0,7113578000.0
357780,408000.0,35585000000.0,391500.0,418500.0,391500.0,87304.0,11439363000.0
067310,47350.0,62089000000.0,46750.0,47750.0,46100.0,1319788.0,
087010,131600.0,14744000000.0,130000.0,135900.0,127400.0,111152.0,10567590000.0
141080,79800.0,10008000000.0,79500.0,81600.0,78900.0,124711.0,5104213000.0
298380,48500.0,12898000000.0,49050.0,50200.0,48250.0,263233.0,7433825000.0
080220,78300.0,82653000000.0,77700.0,80800.0,76500.0,1049409.0,
010170,16680.0,90549000000.0,17240.0,17370.0,16580.0,5362537.0,
257720,38150.0,17594000000.0,38900.0,39500.0,38050.0,455011.0,11917596000.0
310210,133800.0,9149000000.0,132500.0,137200.0,130800.0,68651.0,2487783000.0
178320,38400.0,93217000000.0,37450.0,40400.0,37400.0,2389597.0,
005290,47650.0,36619000000.0,47000.0,49850.0,46650.0,758514.0,29907792000.0
226950,102500.0,12536000000.0,102900.0,105900.0,101800.0,120695.0,5352863000.0
319400,20350.0,15220000000.0,20450.0,21300.0,20150.0,740618.0,
145020,179700.0,8241000000.0,184400.0,185500.0,178700.0,45637.0,2202037000.0
140410,72900.0,5789000000.0,74000.0,75400.0,72300.0,78637.0,
214370,40850.0,2936000000.0,41850.0,42700.0,40650.0,70738.0,1580073000.0
058610,96700.0,8367000000.0,97000.0,98600.0,96400.0,85920.0,12682371000.0
032820,12300.0,18107000000.0,12370.0,12550.0,12170.0,1466556.0,
098460,30950.0,27097000000.0,30400.0,31300.0,29850.0,881795.0,
263750,33100.0,8259000000.0,32850.0,33500.0,32800.0,248112.0,1435555000.0
030530,26400.0,15766000000.0,26750.0,27000.0,26100.0,595427.0,
043260,26450.0,135440000000.0,24950.0,26800.0,24600.0,5209218.0,
214150,30200.0,1999000000.0,30850.0,30950.0,30150.0,65699.0,778717000.0
347850,41850.0,11832000000.0,42200.0,43000.0,41350.0,280159.0,
089030,51900.0,32873000000.0,51100.0,53300.0,50700.0,632485.0,
140860,274500.0,8099000000.0,276000.0,287000.0,274500.0,28935.0,4785971000.0
237690,91700.0,3962000000.0,92900.0,93700.0,91700.0,42867.0,1464256000.0
131970,97700.0,19030000000.0,98000.0,98400.0,95300.0,195934.0,23365029000.0
041510,81500.0,6488000000.0,83800.0,84400.0,81500.0,78642.0,2528195000.0
083650,60000.0,10573000000.0,59100.0,61000.0,58700.0,176558.0,10784728000.0
323280,58300.0,39314000000.0,53900.0,58800.0,53400.0,696572.0,55286064000.0
036540,10780.0,52792000000.0,10680.0,10970.0,10470.0,4922350.0,
183300,34050.0,11155000000.0,33450.0,34500.0,32800.0,332075.0,6327717000.0
068760,38100.0,3378000000.0,38500.0,38650.0,37950.0,88493.0,851985000.0
060370,32200.0,4756000000.0,32500.0,33150.0,31550.0,147964.0,2358938000.0
089970,63000.0,44454000000.0,63000.0,67000.0,62400.0,689336.0,33468684000.0
096530,35450.0,17441000000.0,33900.0,35450.0,33550.0,499368.0,6051245000.0
420770,127100.0,13661000000.0,131000.0,134700.0,122300.0,107353.0,0.0
437730,49450.0,8851000000.0,48050.0,49750.0,47750.0,180893.0,12095331000.0
007390,24150.0,3210000000.0,24250.0,24650.0,24050.0,132195.0,2091683000.0
218410,58500.0,14249000000.0,59300.0,59700.0,58200.0,241417.0,21331682000.0
078600,94400.0,15311000000.0,90700.0,95100.0,90200.0,164746.0,12094730000.0
0009K0,22350.0,2161000000.0,21500.0,22600.0,21150.0,97717.0,1145718000.0
290650,51800.0,19637000000.0,47750.0,52400.0,47550.0,385924.0,10688043000.0
039200,35650.0,2579000000.0,35900.0,36150.0,35300.0,72068.0,686634000.0
035900,37550.0,3965000000.0,38350.0,38400.0,37550.0,104790.0,1311836000.0
950160,15360.0,5994000000.0,15200.0,15690.0,15130.0,387478.0,
204270,22250.0,23377000000.0,23200.0,23200.0,21600.0,1049053.0,
950260,26000.0,33833000000.0,24250.0,27000.0,24150.0,1321718.0,
082920,28150.0,3456000000.0,28750.0,29500.0,28000.0,121350.0,1447973000.0
241710,113800.0,27024000000.0,130800.0,131900.0,112700.0,230451.0,5925362000.0
003380,10800.0,2213000000.0,10960.0,10960.0,10720.0,205052.0,
232140,14610.0,39927000000.0,14450.0,15450.0,14230.0,2676436.0,
252990,19740.0,9975000000.0,20000.0,20350.0,19370.0,503239.0,
166090,60000.0,4732000000.0,59900.0,61000.0,59300.0,78740.0,3358402000.0000005
347700,22100.0,12437000000.0,21500.0,22300.0,21200.0,570949.0,
127120,30450.0,3593000000.0,30250.0,31100.0,29200.0,117907.0,1573686000.0
195940,39100.0,2332000000.0,39550.0,39850.0,38950.0,59076.0,574122000.0
356860,45650.0,18056000000.0,45200.0,45750.0,44700.0,398365.0,15566534999.999998
056190,28600.0,2986000000.0,28600.0,29050.0,28150.0,104587.0,1754611999.9999998
445680,57400.0,6952000000.0,53600.0,59900.0,53500.0,121534.0,4508840000.0
458870,25650.0,3060000000.0,25850.0,25950.0,25200.0,119658.0,2155905000.0
293490,9210.0,3356000000.0,9520.0,9560.0,9150.0,359300.0,
086450,21500.0,9025000000.0,21500.0,22250.0,21300.0,416838.0,2993683000.0
101490,45150.0,7585000000.0,45200.0,46400.0,44700.0,167043.0,8503876000.0
417200,13910.0,54090000000.0,13380.0,14680.0,13380.0,3783110.0,
119850,57200.0,23292000000.0,56600.0,59000.0,56600.0,403479.0,22746510000.0
083450,51000.0,8622000000.0,52600.0,53400.0,50600.0,166531.0,7641764999.999999
161580,39450.0,22186000000.0,40450.0,40450.0,38250.0,567651.0,70019189000.0
100790,16960.0,4970000000.0,17420.0,17800.0,16810.0,289458.0,
327260,49250.0,49523000000.0,50500.0,53500.0,48850.0,967084.0,
160190,28150.0,1977000000.0,28000.0,28750.0,27850.0,69824.0,
036830,42100.0,2708000000.0,41850.0,44300.0,41550.0,63284.0,1138754000.0
388210,88600.0,4701000000.0,89200.0,89500.0,86600.0,53367.0,2259659000.0
065350,30600.0,1544000000.0,30950.0,31450.0,30450.0,50051.0,1597737000.0
053800,75400.0,7000000000.0,76600.0,78800.0,74700.0,91641.0,3317040000.0
031330,8330.0,2659000000.0,8450.0,8610.0,8260.0,316385.0,
115180,22000.0,860000000.0,21500.0,22600.0,21300.0,38909.0,343338000.0
099320,75400.0,4715000000.0,79600.0,80700.0,75200.0,61430.0,2533235000.0
014620,30850.0,6674000000.0,32250.0,32600.0,30650.0,212994.0,7225263000.0
328130,10890.0,12048000000.0,11610.0,11610.0,10750.0,1097238.0,14996324000.000002
035760,36800.0,2777000000.0,39450.0,39450.0,36700.0,72700.0,523207000.0
074600,30550.0,9139000000.0,29900.0,31300.0,29700.0,297605.0,4766881000.0
122870,42900.0,3224000000.0,43000.0,43750.0,42550.0,74579.0,522204000.0
032500,18800.0,1674000000.0,19140.0,19280.0,18670.0,88403.0,1762847000.0
388720,67000.0,1135000000.0,66700.0,67700.0,66400.0,16931.0,664001000.0
425420,63900.0,6672000000.0,63900.0,64400.0,60900.0,106811.0,3873588000.0
059090,23200.0,12205000000.0,22200.0,23250.0,21800.0,532827.0,11449147000.0
491000,30650.0,2633000000.0,30200.0,31150.0,29850.0,86396.0,
033100,47600.0,2267000000.0,47950.0,48600.0,47350.0,47382.0,2078274000.0
085660,8190.0,1036000000.0,8260.0,8300.0,8120.0,126580.0,358255000.0
251970,61300.0,2899000000.0,62800.0,63600.0,61000.0,46481.0,572227000.0
044490,37950.0,2957000000.0,38350.0,38500.0,37650.0,77732.0,6947255000.0
281740,11500.0,11268000000.0,11400.0,11870.0,11240.0,974427.0,
295310,59800.0,4695000000.0,58600.0,60700.0,58000.0,79173.0,4825167000.0
033790,8870.0,19561000000.0,8370.0,9000.0,8160.0,2286188.0,
090360,75300.0,2781000000.0,75700.0,77000.0,75100.0,36688.0,3314911000.0
041960,9820.0,1087000000.0,9750.0,9920.0,9650.0,110787.0,
053610,81200.0,4860000000.0,78800.0,81600.0,77400.0,60779.0,4051024000.0000005
122640,33600.0,13098000000.0,32850.0,34400.0,32400.0,389518.0,
032190,18980.0,719000000.0,19370.0,19390.0,18840.0,37720.0,286408000.0
090710,6060.0,3391000000.0,6050.0,6145.0,6010.0,558097.0,
213420,29000.0,3796000000.0,29650.0,30300.0,29000.0,128110.0,1470397000.0
023160,27700.0,8300000000.0,29450.0,29650.0,27600.0,290189.0,12988541000.0
189300,66300.0,1711000000.0,67600.0,68200.0,65900.0,25601.0,1155951000.0
041830,52600.0,2930000000.0,53800.0,53900.0,51800.0,55750.0,823626000.0
171090,69700.0,2085000000.0,71100.0,71600.0,69100.0,29689.0,1449488000.0
038500,6530.0,1192000000.0,6500.0,6650.0,6460.0,182327.0,
137400,29550.0,3754000000.0,29250.0,30050.0,29250.0,126437.0,3223020000.0000005
064290,53800.0,17266000000.0,54100.0,54900.0,51500.0,328039.0,
476060,15350.0,2140000000.0,15570.0,15720.0,15300.0,137919.0,3830581999.9999995
466100,22250.0,1960000000.0,22300.0,22550.0,22200.0,87758.0,2597074000.0
121600,55700.0,3464000000.0,55400.0,56600.0,55000.0,61973.0,2068984000.0
225570,10350.0,2030000000.0,10950.0,10990.0,10240.0,194771.0,496140000.0
006730,10590.0,2077000000.0,10860.0,10950.0,10560.0,194323.0,
033640,29350.0,5121000000.0,29250.0,29500.0,28500.0,176613.0,3274863000.0
036810,31200.0,2792000000.0,32250.0,32550.0,30950.0,88573.0,2345230000.0
476830,24050.0,4682000000.0,23850.0,24750.0,23450.0,193324.0,2957447000.0
102710,47150.0,3796000000.0,47400.0,49200.0,47000.0,79313.0,1787900000.0000002
124500,28700.0,2295000000.0,28600.0,28950.0,28300.0,80305.0,1861872000.0
048410,6900.0,5293000000.0,6930.0,7040.0,6830.0,762490.0,
126340,92500.0,26606000000.0,92900.0,96700.0,91500.0,282853.0,33573825000.0
092870,49000.0,13181000000.0,48550.0,49900.0,47500.0,271135.0,
093320,128200.0,1178000000.0,133800.0,135300.0,126000.0,9088.0,380376000.0
490470,18270.0,52323000000.0,18900.0,19350.0,17920.0,2818933.0,
222080,7870.0,7345000000.0,7650.0,7960.0,7650.0,934624.0,
077360,13420.0,22566000000.0,14240.0,14240.0,12800.0,1686905.0,
253450,20150.0,715000000.0,20700.0,20950.0,20100.0,35172.0,122359000.0
046890,10360.0,2072000000.0,10480.0,10700.0,10210.0,198286.0,1929353000.0
456160,35350.0,4219000000.0,34450.0,35950.0,33350.0,119925.0,3314036999.9999995
253590,13400.0,5625000000.0,13420.0,13740.0,13240.0,418881.0,
219130,91800.0,2851000000.0,92800.0,95900.0,88000.0,30871.0,
050890,9510.0,6475000000.0,9650.0,9730.0,9450.0,674935.0,
468530,51900.0,9881000000.0,52200.0,53100.0,47800.0,194350.0,6908143000.0
045100,32450.0,2213000000.0,32550.0,33200.0,31650.0,67858.0,1564457000.0
144960,12840.0,10363000000.0,13050.0,13400.0,12740.0,799804.0,
397030,20200.0,9038000000.0,18530.0,20850.0,18320.0,452253.0,4342989000.0
094170,26600.0,1678000000.0,26500.0,27000.0,26150.0,63200.0,2386509000.0
052400,37650.0,960000000.0,38750.0,38750.0,37650.0,25297.0,437988999.99999994
089890,32950.0,7137000000.0,34750.0,35150.0,32650.0,212777.0,7629240000.0
399720,45600.0,3132000000.0,46200.0,46750.0,45400.0,68124.0,4267619000.0
079940,39950.0,465000000.0,40000.0,40500.0,39200.0,11683.0,118973000.0
060250,13250.0,1102000000.0,13440.0,13590.0,13190.0,82353.0,
101160,31700.0,1843000000.0,32250.0,33000.0,31600.0,57153.0,999417000.0
080580,24650.0,7826000000.0,25250.0,25300.0,23800.0,321169.0,
009520,12480.0,1039000000.0,12540.0,12700.0,12410.0,82650.0,759173000.0
356680,18200.0,29345000000.0,18270.0,18700.0,17980.0,1599856.0,
024850,16200.0,6651000000.0,16240.0,17340.0,15230.0,403554.0,
358570,7950.0,1491000000.0,7970.0,8150.0,7740.0,187296.0,727346000.0
104830,40350.0,8006000000.0,39350.0,41250.0,39200.0,198263.0,4180854999.9999995
037460,30900.0,767000000.0,31300.0,31500.0,30750.0,24628.0,
112040,14850.0,2071000000.0,15180.0,15330.0,14850.0,138018.0,812693999.9999999
052020,7340.0,858000000.0,7450.0,7480.0,7210.0,117595.0,
214430,68200.0,935000000.0,69000.0,69100.0,66800.0,13699.0,462772999.99999994
187660,7700.0,6449000000.0,7410.0,7730.0,7220.0,857394.0,
078350,31950.0,18887000000.0,28700.0,32000.0,28700.0,612023.0,0.0
086900,66500.0,857000000.0,67200.0,68200.0,66400.0,12796.0,293616000.0
475830,22150.0,7950000000.0,22300.0,23150.0,21650.0,354039.0,6381863000.0
067630,3930.0,17922000000.0,3590.0,4390.0,3315.0,4478534.0,
033500,15840.0,1355000000.0,15890.0,16090.0,15670.0,85349.0,675423000.0
034950,104300.0,69000000.0,105000.0,105000.0,103000.0,664.0,66489000.0
019210,12710.0,4516000000.0,12360.0,12820.0,11890.0,361174.0,
475960,35000.0,3890000000.0,32000.0,36450.0,32000.0,112436.0,2476218000.0
025980,4830.0,5240000000.0,4705.0,4875.0,4705.0,1091097.0,
082270,10320.0,782000000.0,10200.0,10370.0,10150.0,76172.0,317525000.0
099190,15810.0,169000000.0,15910.0,16200.0,15800.0,10630.0,56298000.0
348340,19950.0,2630000000.0,20150.0,20400.0,19850.0,131296.0,
211050,9440.0,598000000.0,9900.0,9940.0,9350.0,63061.0,165048000.0
376900,26650.0,2178000000.0,27450.0,27600.0,26550.0,80673.0,2241097000.0
098120,55800.0,7238000000.0,58300.0,58400.0,54500.0,130167.0,
069540,4115.0,16017000000.0,4150.0,4150.0,4000.0,3926671.0,
365340,35850.0,827000000.0,35200.0,36100.0,34850.0,23237.0,577079000.0
383310,22000.0,1420000000.0,21900.0,22650.0,21900.0,64020.0,
041190,5740.0,3672000000.0,5720.0,5830.0,5670.0,639651.0,
015750,5720.0,705000000.0,5840.0,5880.0,5710.0,121751.0,540350000.0
460930,12840.0,956000000.0,12800.0,13060.0,12780.0,73932.0,1061198000.0000001
027360,3740.0,3532000000.0,3820.0,3900.0,3720.0,931388.0,
035890,2180.0,377000000.0,2230.0,2230.0,2160.0,171914.0,
042000,18630.0,3102000000.0,18700.0,18880.0,18250.0,167563.0,910511000.0
348370,20550.0,1859000000.0,20450.0,20900.0,20200.0,90286.0,1604436000.0
174900,22350.0,5059000000.0,21550.0,23200.0,21150.0,227030.0,
078340,36700.0,4022000000.0,37750.0,38450.0,36650.0,107990.0,842786000.0000001
340570,27600.0,1230000000.0,27850.0,27850.0,27300.0,44494.0,614215000.0
056080,11550.0,2173000000.0,11600.0,11830.0,11520.0,186186.0,
376300,18450.0,2268000000.0,18600.0,18940.0,17990.0,123629.0,1233481000.0
089010,26050.0,4668000000.0,27050.0,27050.0,25650.0,178184.0,11774361000.0
170920,41200.0,7516000000.0,42050.0,43150.0,40450.0,180941.0,
336570,4865.0,2051000000.0,4810.0,5030.0,4790.0,416830.0,
278280,35300.0,630000000.0,35350.0,36300.0,35200.0,17670.0,195914000.0
290550,21550.0,8078000000.0,22600.0,22650.0,21150.0,370801.0,
013030,36400.0,814000000.0,37250.0,38000.0,36300.0,22092.0,394989000.0
417840,18570.0,32661000000.0,17670.0,19500.0,17350.0,1740347.0,
272290,21350.0,1368000000.0,21650.0,21850.0,21250.0,63658.0,795374000.0
018290,12160.0,2560000000.0,12220.0,12630.0,12110.0,207827.0,1188288000.0
125490,11640.0,4502000000.0,11500.0,11880.0,11490.0,384845.0,
486990,19780.0,4253000000.0,19880.0,20350.0,19660.0,213649.0,5715458000.0
368770,12860.0,1497000000.0,12810.0,13270.0,12680.0,115431.0,
033160,17160.0,12661000000.0,17050.0,17590.0,16790.0,734885.0,
114810,14900.0,3503000000.0,15140.0,15350.0,14790.0,233747.0,917160000.0
030520,17010.0,1072000000.0,17640.0,17650.0,17010.0,62093.0,191991000.0
241770,40300.0,441000000.0,41250.0,41250.0,39300.0,11074.0,147815000.0
332570,8930.0,12395000000.0,8960.0,9190.0,8810.0,1375369.0,
200470,9320.0,25558000000.0,8200.0,9390.0,8050.0,2847333.0,
067160,36350.0,884000000.0,36900.0,36950.0,36250.0,24263.0,152271000.0
204620,5750.0,2154000000.0,6040.0,6040.0,5750.0,369030.0,
079370,12940.0,5763000000.0,13210.0,13505.0,12850.0,438920.0,
0035S0,38850.0,459736000000.0,27250.0,38850.0,22500.0,14684916.0,
236200,56700.0,1142000000.0,56400.0,57000.0,55400.0,20172.0,327276000.0
441270,9320.0,17766000000.0,9250.0,9850.0,9190.0,1866341.0,11221244000.0
159010,29350.0,4476000000.0,29500.0,29800.0,28600.0,153654.0,
078130,3465.0,159000000.0,3475.0,3520.0,3445.0,45556.0,
047920,11770.0,49377000000.0,11470.0,13100.0,10560.0,4097126.0,59653326000.00001
095660,17730.0,647000000.0,18130.0,18160.0,17700.0,36282.0,70050000.0
092190,8350.0,804000000.0,8430.0,8830.0,8140.0,93846.0,
215200,36800.0,1462000000.0,37000.0,37050.0,36150.0,39847.0,69094000.0
477850,21250.0,4318000000.0,21700.0,22250.0,21150.0,199853.0,
200710,27900.0,2224000000.0,27850.0,28350.0,27500.0,79599.0,2485526000.0
486510,19100.0,601641000000.0,14320.0,22200.0,12760.0,35626578.0,
348210,35750.0,2524000000.0,35000.0,37200.0,34750.0,69613.0,1641703000.0
107640,41200.0,2097000000.0,41550.0,42100.0,40650.0,50638.0,2462749000.0
092730,23250.0,1520000000.0,24150.0,25000.0,22900.0,64663.0,750598000.0
101730,4440.0,419000000.0,4460.0,4495.0,4410.0,94186.0,350730000.0
330860,30500.0,5150000000.0,31450.0,31800.0,30000.0,167280.0,
078020,6550.0,143000000.0,6610.0,6620.0,6510.0,21894.0,
003800,32400.0,59000000.0,32800.0,32800.0,32300.0,1824.0,
025900,7080.0,334000000.0,6940.0,7150.0,6920.0,47208.0,676134000.0
069080,11550.0,1107000000.0,11770.0,11770.0,11500.0,95108.0,43004000.0
039440,23000.0,3205000000.0,22900.0,23750.0,22450.0,138869.0,2947764000.0
078160,9000.0,187000000.0,9130.0,9150.0,8930.0,20672.0,88099000.0
006910,7170.0,2940000000.0,7110.0,7310.0,7110.0,406499.0,
138080,28450.0,5328000000.0,28750.0,29250.0,28250.0,185561.0,
093520,29500.0,556000000.0,28850.0,29600.0,28850.0,18949.0,275394000.0
036800,7710.0,1044000000.0,7700.0,7940.0,7670.0,133641.0,62553000.0
025320,3800.0,1410000000.0,3830.0,3890.0,3790.0,368345.0,667420000.0
386380,18450.0,77462000000.0,17700.0,21100.0,17700.0,4001329.0,
052710,18410.0,9814000000.0,19200.0,19640.0,18290.0,519694.0,
389470,25800.0,3617000000.0,23700.0,26450.0,23500.0,143449.0,2443424000.0
393890,10040.0,1137000000.0,10040.0,10310.0,9880.0,112729.0,
266690,17980.0,930503000000.0,27100.0,28700.0,16810.0,43126435.0,
060280,8150.0,1000000000.0,8140.0,8270.0,8050.0,122394.0,
456010,23050.0,16607000000.0,24000.0,24200.0,22850.0,706402.0,
117730,14810.0,1683000000.0,14740.0,15000.0,14500.0,113694.0,2863570000.0
036620,3715.0,582000000.0,3715.0,3800.0,3690.0,155388.0,110467000.0
121440,7770.0,230000000.0,7620.0,7820.0,7600.0,29889.0,
110990,17570.0,1277000000.0,17590.0,18200.0,17400.0,72004.0,876418000.0
372320,21650.0,236000000.0,22000.0,22150.0,21400.0,10826.0,209571000.0
064260,4340.0,1516000000.0,4350.0,4435.0,4335.0,345562.0,
199800,36450.0,2058000000.0,33900.0,38350.0,33900.0,56484.0,676211000.0
215600,2365.0,2304000000.0,2340.0,2425.0,2285.0,976528.0,
018000,1120.0,1295000000.0,1137.0,1143.0,1086.0,1165159.0,
017890,15780.0,1302000000.0,15540.0,15930.0,15540.0,82435.0,
046970,7420.0,10051000000.0,7480.0,7700.0,7250.0,1344001.0,
455900,21100.0,353000000.0,21250.0,21400.0,21050.0,16682.0,456783000.0
446540,11120.0,6806000000.0,10490.0,11320.0,10490.0,614347.0,
452430,38800.0,1200000000.0,40500.0,40500.0,37700.0,30953.0,1138656000.0
448900,52000.0,844000000.0,51400.0,53300.0,51400.0,16149.0,1110429000.0
061970,4495.0,1400000000.0,4600.0,4705.0,4450.0,306669.0,
036200,10250.0,3006000000.0,10360.0,10590.0,10070.0,293087.0,2513341000.0
425040,14210.0,38790000000.0,13700.0,15170.0,13420.0,2698461.0,
234340,22200.0,2239000000.0,22200.0,22600.0,22050.0,100488.0,
168360,13830.0,945000000.0,14000.0,14300.0,13690.0,67602.0,822767000.0
482630,14090.0,4584000000.0,14050.0,15000.0,13870.0,320720.0,
900290,3300.0,188000000.0,3290.0,3400.0,3215.0,56401.0,
228760,12300.0,1967000000.0,10910.0,12340.0,10830.0,166875.0,1169432000.0
424870,3340.0,2047000000.0,3255.0,3370.0,3220.0,620076.0,3394862000.0
206650,8290.0,384000000.0,8310.0,8380.0,8200.0,46319.0,
488900,10460.0,294000000.0,10600.0,10610.0,10200.0,28035.0,292404000.0
086390,14050.0,5181000000.0,13450.0,14130.0,13250.0,375133.0,4646907000.0
160980,27100.0,2341000000.0,27000.0,28200.0,26600.0,85628.0,
042520,20750.0,2051000000.0,21100.0,21850.0,20700.0,96560.0,1112562000.0
484590,7060.0,1633000000.0,7270.0,7330.0,6960.0,228899.0,
071200,11850.0,652000000.0,11950.0,12040.0,11310.0,56484.0,
025770,7710.0,97000000.0,7800.0,7800.0,7630.0,12559.0,
092460,16860.0,216000000.0,16650.0,16980.0,16540.0,12800.0,129984000.00000001
265520,19140.0,1109000000.0,19230.0,19490.0,19070.0,57536.0,283674000.0
035810,4455.0,797000000.0,4495.0,4530.0,4435.0,178527.0,
054950,23650.0,192000000.0,24000.0,24150.0,23650.0,8033.0,67626000.0
448280,9620.0,79000000.0,9350.0,9700.0,9320.0,8343.0,90257000.0
101930,6190.0,67000000.0,6150.0,6350.0,6110.0,10781.0,32376000.0
352480,20750.0,216000000.0,21250.0,21400.0,20750.0,10342.0,72561000.0
136480,2655.0,193000000.0,2660.0,2675.0,2655.0,72399.0,
049070,17910.0,764000000.0,18300.0,18390.0,17910.0,42168.0,453149000.0
012210,12190.0,55732000000.0,12000.0,12770.0,11790.0,4522957.0,
200670,24900.0,344000000.0,24800.0,25350.0,24800.0,13733.0,223625000.0
042370,10630.0,4677000000.0,10600.0,10770.0,10480.0,439948.0,
203650,2715.0,4590000000.0,2725.0,2805.0,2690.0,1673520.0,
472850,4770.0,162000000.0,4925.0,4925.0,4725.0,33987.0,45974000.0
389500,41200.0,1449000000.0,41500.0,42350.0,40900.0,34861.0,
084110,21500.0,411000000.0,22150.0,22150.0,21500.0,18898.0,162170000.0
024840,6220.0,11943000000.0,6130.0,6440.0,6090.0,1921292.0,
035600,9770.0,379000000.0,9910.0,9920.0,9750.0,38579.0,130409000.0
389650,32450.0,1144000000.0,30750.0,32950.0,30600.0,35405.0,842324000.0
091580,20150.0,3426000000.0,20750.0,20900.0,20100.0,167474.0,
309710,21000.0,0.0,0.0,0.0,0.0,0.0,
098070,24100.0,1526000000.0,23800.0,24200.0,23650.0,63879.0,5967742000.0
314130,5100.0,5447000000.0,4550.0,5310.0,4500.0,1082787.0,
378340,12310.0,579000000.0,12380.0,12500.0,12110.0,46985.0,2420022000.0
094360,12460.0,2072000000.0,12600.0,12650.0,12300.0,166214.0,1784924000.0000002
182400,3670.0,0.0,0.0,0.0,0.0,0.0,
394280,10030.0,1222000000.0,9890.0,10230.0,9860.0,121503.0,952446000.0
484120,24100.0,1020000000.0,24150.0,24900.0,23850.0,41995.0,819277000.0
294570,26100.0,593000000.0,26200.0,26400.0,25900.0,22698.0,1057063999.9999999
099440,3850.0,893000000.0,3980.0,4020.0,3850.0,227532.0,
032580,7920.0,7853000000.0,7850.0,8290.0,7690.0,987047.0,
051500,21950.0,58000000.0,21900.0,21950.0,21500.0,2678.0,23564000.0
287840,17340.0,420000000.0,17000.0,17790.0,16700.0,24106.0,281658000.0
043150,17520.0,323000000.0,17410.0,17650.0,17390.0,18387.0,109091000.0
304360,20850.0,215000000.0,20650.0,21000.0,20250.0,10433.0,250312000.0
068930,9390.0,626000000.0,9770.0,9770.0,9240.0,66400.0,
354320,40650.0,3193000000.0,39300.0,40950.0,38800.0,79839.0,
060720,10960.0,616000000.0,11170.0,11250.0,10920.0,55418.0,
091700,5160.0,821000000.0,5230.0,5250.0,5110.0,159644.0,
452280,13380.0,34475000000.0,13310.0,14200.0,13240.0,2506307.0,
089980,16070.0,471000000.0,16110.0,16270.0,15850.0,29268.0,944114000.0000001
121800,3320.0,0.0,0.0,0.0,0.0,0.0,
036890,11570.0,449000000.0,11570.0,11700.0,11500.0,38773.0,193203000.0
267980,33200.0,144000000.0,33200.0,33300.0,32650.0,4387.0,33901000.0
377450,14680.0,34000000.0,14410.0,14700.0,14340.0,2384.0,
317330,12370.0,998000000.0,12520.0,12790.0,12240.0,80239.0,644692000.0
377460,4080.0,0.0,0.0,0.0,0.0,0.0,
112290,12370.0,13805000000.0,10900.0,12800.0,10820.0,1139243.0,
023410,3225.0,268000000.0,3220.0,3235.0,3200.0,83351.0,
067390,5910.0,318000000.0,5960.0,6070.0,5900.0,53262.0,
254490,17210.0,2155000000.0,17350.0,18000.0,17150.0,122943.0,
151860,5210.0,1317000000.0,5300.0,5390.0,5180.0,250128.0,
0011T0,5240.0,1088000000.0,5340.0,5840.0,5220.0,199766.0,
272110,30600.0,2265000000.0,30200.0,31450.0,29700.0,73668.0,
493280,16470.0,2120000000.0,17250.0,17760.0,16300.0,125673.0,
073490,32150.0,1262000000.0,32250.0,32850.0,32000.0,38928.0,
439960,7520.0,3959000000.0,7520.0,7520.0,7520.0,526059.0,
461300,18190.0,481000000.0,18600.0,18720.0,18100.0,26131.0,
439090,14760.0,911000000.0,14930.0,15120.0,14730.0,61245.0,715337000.0
036030,4935.0,182000000.0,4935.0,4995.0,4935.0,36656.0,
115450,2550.0,2098000000.0,2550.0,2665.0,2300.0,826274.0,
100120,26850.0,437000000.0,27400.0,27750.0,26850.0,15960.0,
445090,21950.0,355000000.0,22100.0,22200.0,21650.0,16202.0,306735000.0
011560,23650.0,714000000.0,23000.0,23750.0,23000.0,30468.0,
036710,4510.0,874000000.0,4670.0,4670.0,4470.0,192955.0,
064820,7720.0,292000000.0,7530.0,7750.0,7530.0,38101.0,130261000.0
376270,32800.0,144000000.0,32700.0,33250.0,32450.0,4417.0,71111000.0
043370,11230.0,97000000.0,11410.0,11410.0,11210.0,8572.0,29350000.0
108860,8760.0,648000000.0,8790.0,8840.0,8720.0,73862.0,1008278000.0
450950,6200.0,1925000000.0,6200.0,6240.0,5940.0,316175.0,8570707000.0
216080,6240.0,4022000000.0,6820.0,6820.0,5890.0,654366.0,
389260,12960.0,603000000.0,12870.0,13240.0,12870.0,46257.0,
243070,19100.0,263000000.0,19080.0,19170.0,18930.0,13807.0,203497000.0
065680,24750.0,265000000.0,25600.0,25600.0,24600.0,10599.0,146439000.0
365270,10300.0,689000000.0,10000.0,10400.0,9740.0,67988.0,
085910,16430.0,3293000000.0,17320.0,17950.0,16220.0,197803.0,
064850,19850.0,726000000.0,20800.0,21400.0,19820.0,35374.0,
200130,7850.0,84000000.0,7830.0,7890.0,7820.0,10750.0,64661000.0
416180,24950.0,504000000.0,24850.0,25550.0,24700.0,20030.0,601006000.0
180400,2290.0,184000000.0,2260.0,2400.0,2195.0,80990.0,
065710,43700.0,385000000.0,45350.0,45350.0,43500.0,8767.0,
215000,35700.0,397000000.0,36000.0,36000.0,35550.0,11101.0,201307000.0
023760,1413.0,54000000.0,1421.0,1421.0,1405.0,38145.0,
256840,3260.0,26571000000.0,3340.0,3445.0,3150.0,8001973.0,
094480,5670.0,795000000.0,5680.0,5790.0,5650.0,138837.0,
144510,14030.0,379000000.0,14290.0,14290.0,13970.0,26841.0,101055000.0
298830,4130.0,430000000.0,4140.0,4245.0,4115.0,102259.0,
099430,3570.0,1392000000.0,3325.0,3590.0,3325.0,394368.0,
190510,15550.0,456000000.0,15780.0,15790.0,15210.0,29229.0,416814000.0
0008Z0,23200.0,296000000.0,22950.0,23800.0,22950.0,12630.0,297563000.0
018310,14890.0,145000000.0,14740.0,14900.0,14680.0,9819.0,19006000.0
382900,24950.0,5618000000.0,26100.0,26200.0,24700.0,222921.0,49031318000.0
241520,8180.0,733000000.0,8220.0,8360.0,8140.0,88720.0,
114190,8320.0,391000000.0,8390.0,8510.0,8280.0,46511.0,1153340000.0
019010,4500.0,801000000.0,4895.0,4895.0,4475.0,172921.0,
064550,8350.0,941000000.0,8420.0,8490.0,8310.0,111881.0,1704315000.0
005710,10680.0,86000000.0,10590.0,10740.0,10550.0,8108.0,104611000.00000001
475400,18110.0,564000000.0,18280.0,18400.0,18030.0,30979.0,542595000.0
067080,11470.0,252000000.0,11560.0,11630.0,11410.0,21849.0,281795000.0
0161M0,17330.0,51223000000.0,17000.0,18400.0,16740.0,2943729.0,
0001A0,8310.0,365000000.0,8500.0,8540.0,8230.0,43634.0,
237880,11700.0,632000000.0,12140.0,12150.0,11700.0,53390.0,279201000.0
0010S0,21100.0,43750000000.0,23000.0,23200.0,19710.0,2050167.0,
243840,5470.0,561000000.0,5550.0,5600.0,5430.0,101714.0,
307180,5700.0,538000000.0,5700.0,5800.0,5610.0,94447.0,
125020,6000.0,1609000000.0,6050.0,6180.0,5980.0,265827.0,
206640,9590.0,128000000.0,9510.0,9660.0,9470.0,13398.0,54401999.99999999
045390,2965.0,1889000000.0,2930.0,3000.0,2905.0,640411.0,
481070,14560.0,60000000.0,15000.0,15100.0,14500.0,4114.0,48993000.0
078150,2185.0,5306000000.0,2210.0,2315.0,2165.0,2387313.0,
380540,8450.0,0.0,0.0,0.0,0.0,0.0,
036190,34400.0,41000000.0,34450.0,34450.0,34000.0,1204.0,
950170,4210.0,57000000.0,4245.0,4245.0,4165.0,13488.0,
095500,6610.0,373000000.0,6600.0,6740.0,6550.0,56189.0,681469000.0
394800,6440.0,4423000000.0,6760.0,6760.0,6330.0,681555.0,18209142000.0
340450,8660.0,6051000000.0,8680.0,8920.0,8250.0,704068.0,
058970,16530.0,195000000.0,16400.0,16850.0,15830.0,11736.0,159916000.0
462860,2840.0,1235000000.0,2845.0,2935.0,2815.0,431263.0,
053030,6230.0,205000000.0,6250.0,6320.0,6150.0,32868.0,71433000.0
126730,23200.0,5676000000.0,24100.0,24400.0,23150.0,239247.0,
293780,7170.0,323000000.0,6930.0,7170.0,6780.0,46254.0,
217730,2140.0,322000000.0,2080.0,2170.0,2075.0,151350.0,
014940,4415.0,350000000.0,4400.0,4535.0,4400.0,78283.0,
353810,6080.0,112000000.0,6140.0,6170.0,6060.0,18304.0,
053300,5070.0,415000000.0,5080.0,5100.0,5010.0,82002.0,
049430,22150.0,568000000.0,22200.0,22950.0,21600.0,25590.0,
314930,6720.0,128000000.0,6530.0,6760.0,6470.0,19190.0,74763000.0
459510,15400.0,349000000.0,15500.0,15590.0,15360.0,22601.0,427017000.0
462350,5870.0,2828000000.0,6330.0,6520.0,5730.0,466618.0,
061090,36200.0,321000000.0,36700.0,36850.0,35300.0,8855.0,157587000.0
176750,6900.0,522000000.0,6930.0,6950.0,6750.0,76326.0,1150370000.0
199430,17520.0,703000000.0,17570.0,17700.0,17410.0,40066.0,1162987000.0
083310,11010.0,957000000.0,11010.0,11540.0,11000.0,84911.0,
080720,2410.0,0.0,0.0,0.0,0.0,0.0,
086670,19160.0,612000000.0,19390.0,19700.0,19030.0,31630.0,
382800,5970.0,15301000000.0,5430.0,5970.0,5430.0,2648804.0,
034810,5970.0,29000000.0,6000.0,6000.0,5900.0,4834.0,
036560,11920.0,60000000.0,12010.0,12150.0,11910.0,5007.0,
126600,2990.0,87000000.0,2935.0,3000.0,2935.0,29252.0,
452450,5200.0,830000000.0,5130.0,5330.0,5050.0,159832.0,
016790,994.0,0.0,0.0,0.0,0.0,0.0,
143240,17450.0,203000000.0,17540.0,17700.0,17330.0,11654.0,
042420,23000.0,224000000.0,23100.0,23550.0,22750.0,9642.0,
123330,23400.0,1903000000.0,23500.0,23800.0,23150.0,81421.0,
013120,2050.0,73000000.0,2060.0,2090.0,2040.0,35618.0,
388050,9940.0,2316000000.0,9810.0,10120.0,9810.0,232267.0,
052330,10440.0,154000000.0,10500.0,10700.0,10300.0,14780.0,
066620,24700.0,78000000.0,24750.0,25750.0,24300.0,3164.0,
419530,18120.0,1878000000.0,17680.0,18900.0,17520.0,101893.0,1371999000.0
084850,8130.0,70000000.0,8120.0,8240.0,8090.0,8643.0,31132000.0
102940,14080.0,549000000.0,13960.0,14280.0,13730.0,38970.0,182927000.0
194700,10070.0,353000000.0,10190.0,10240.0,10040.0,34926.0,138109000.0
304100,14590.0,556000000.0,14730.0,15010.0,14590.0,37849.0,560889000.0
192440,29500.0,172000000.0,30000.0,30400.0,29350.0,5802.0,
005160,3380.0,9812000000.0,3310.0,3735.0,3310.0,2774216.0,
484810,11830.0,530000000.0,11850.0,11930.0,11650.0,44897.0,
417030,31600.0,3880000000.0,32100.0,32200.0,30450.0,124437.0,
464080,10120.0,1139000000.0,10430.0,10610.0,10050.0,110687.0,
290690,3425.0,11960000000.0,2870.0,3490.0,2870.0,3711458.0,
083930,12350.0,1009000000.0,12460.0,12640.0,12020.0,82137.0,
041920,9690.0,843000000.0,9890.0,10030.0,9660.0,85708.0,
308430,13960.0,1018000000.0,14630.0,14630.0,13820.0,71979.0,953126999.9999999
119830,6780.0,2247000000.0,6190.0,6990.0,6190.0,334294.0,
163730,14080.0,1212000000.0,13610.0,14240.0,13610.0,86661.0,
024060,11970.0,6788000000.0,11720.0,12010.0,11590.0,571430.0,
230240,13450.0,1358000000.0,13690.0,14030.0,13400.0,98932.0,
138610,15700.0,523000000.0,15490.0,15890.0,15250.0,33334.0,554610000.0
234690,9910.0,3366000000.0,9270.0,10050.0,9270.0,343494.0,
119610,15560.0,688000000.0,14590.0,15590.0,14520.0,44778.0,
094820,11760.0,548000000.0,11630.0,11930.0,11590.0,46454.0,
403850,12330.0,366000000.0,12560.0,12630.0,12270.0,29402.0,193605000.0
108380,18480.0,250000000.0,18300.0,18730.0,18300.0,13461.0,83051000.0
046120,5200.0,1544000000.0,5150.0,5290.0,5110.0,296637.0,
214180,13540.0,977000000.0,14000.0,14000.0,13520.0,71583.0,
068790,7930.0,443000000.0,8020.0,8120.0,7850.0,55331.0,
084990,3815.0,8340000000.0,3210.0,4170.0,3210.0,2140147.0,
220100,6810.0,327000000.0,6520.0,6920.0,6520.0,48142.0,260649000.0
355150,22500.0,4375000000.0,21250.0,24000.0,20700.0,191437.0,
263860,19300.0,1946000000.0,19170.0,19720.0,18920.0,100290.0,
086820,6750.0,384000000.0,6500.0,6910.0,6410.0,57558.0,
405100,14150.0,258000000.0,14400.0,14560.0,14110.0,18030.0,
318060,15460.0,414000000.0,15340.0,15860.0,15320.0,26595.0,
039860,4535.0,1803000000.0,4485.0,4665.0,4465.0,394111.0,
082800,2845.0,364000000.0,2805.0,2890.0,2780.0,127730.0,
187870,12350.0,1844000000.0,11980.0,12710.0,11760.0,149569.0,
092130,14200.0,26000000.0,14390.0,14390.0,14190.0,1814.0,
274090,12400.0,4226000000.0,12800.0,12860.0,12330.0,335235.0,
0015G0,14580.0,614000000.0,14680.0,14990.0,14100.0,41938.0,
036170,2780.0,501000000.0,2670.0,2830.0,2650.0,181045.0,
122990,6640.0,376000000.0,6650.0,6770.0,6630.0,55983.0,
143160,15880.0,19000000.0,15950.0,15970.0,15750.0,1179.0,
260970,58800.0,279000000.0,59800.0,60800.0,58700.0,4679.0,
194480,13940.0,512000000.0,14350.0,14600.0,13920.0,36517.0,240807000.0
489460,11400.0,253000000.0,11620.0,11790.0,11300.0,21928.0,
013990,5110.0,1295000000.0,4865.0,5140.0,4865.0,256482.0,
270660,13240.0,447000000.0,13310.0,13800.0,13240.0,33288.0,313431000.0
199820,7550.0,570000000.0,7570.0,7720.0,7450.0,74953.0,
255220,1114.0,1334000000.0,1129.0,1141.0,1106.0,1194254.0,
012860,2290.0,671000000.0,2290.0,2370.0,2275.0,289475.0,
264850,5520.0,625000000.0,5530.0,5620.0,5500.0,112393.0,
054210,6610.0,487000000.0,6670.0,6770.0,6520.0,73442.0,
245620,741.0,0.0,0.0,0.0,0.0,0.0,
032620,3195.0,179000000.0,3190.0,3225.0,3140.0,56194.0,
067290,2975.0,6414000000.0,2955.0,3020.0,2915.0,2163129.0,
038390,9940.0,49000000.0,10050.0,10050.0,9930.0,4957.0,
039830,15430.0,388000000.0,15860.0,16090.0,15430.0,24675.0,
445180,9660.0,1795000000.0,9100.0,9880.0,8960.0,186973.0,
126700,11050.0,589000000.0,10990.0,11200.0,10730.0,53119.0,
123410,5930.0,219000000.0,5930.0,6000.0,5880.0,36718.0,
264450,11250.0,473000000.0,11370.0,11670.0,11230.0,41376.0,
357550,30200.0,35000000.0,30500.0,30600.0,30100.0,1137.0,53786999.99999999
104480,1809.0,236000000.0,1828.0,1859.0,1800.0,129653.0,
204610,2930.0,121000000.0,2920.0,2970.0,2875.0,41397.0,
950140,8190.0,44000000.0,8170.0,8200.0,8110.0,5362.0,
149950,11870.0,1951000000.0,12890.0,12890.0,11810.0,160260.0,
032940,8910.0,1469000000.0,8850.0,9070.0,8810.0,164826.0,
052260,5400.0,61991000000.0,5680.0,6240.0,5070.0,11136781.0,
267320,2820.0,69061000000.0,2665.0,3050.0,2545.0,24189199.0,
088800,2140.0,245000000.0,2110.0,2235.0,2110.0,113603.0,
051370,6920.0,973000000.0,7000.0,7000.0,6760.0,141552.0,
372170,20100.0,165000000.0,20400.0,20800.0,20000.0,8099.0,129883000.0
478340,13810.0,5619000000.0,13870.0,14300.0,13640.0,401053.0,
488280,14810.0,6600000000.0,15210.0,15580.0,14780.0,434889.0,
049630,6860.0,885000000.0,6970.0,7100.0,6860.0,126669.0,
051160,11860.0,1399000000.0,12480.0,12510.0,11800.0,116124.0,
0039P0,8500.0,15180000000.0,8350.0,8940.0,8280.0,1762960.0,
066410,1153.0,0.0,0.0,0.0,0.0,0.0,
475040,2950.0,823000000.0,3005.0,3050.0,2945.0,276352.0,
123860,13090.0,119000000.0,13160.0,13250.0,12960.0,9155.0,
093190,8240.0,59000000.0,8490.0,8490.0,8240.0,7112.0,
289080,2635.0,1114000000.0,2670.0,2725.0,2630.0,416847.0,
0082N0,11900.0,1050000000.0,12200.0,12300.0,11650.0,88546.0,
072870,13270.0,101000000.0,13370.0,13370.0,13210.0,7642.0,
118990,6440.0,149000000.0,6450.0,6480.0,6340.0,23212.0,
388790,5150.0,2224000000.0,5270.0,5390.0,5110.0,423138.0,
023910,26150.0,73000000.0,26450.0,26450.0,25900.0,2788.0,
418550,4900.0,452000000.0,4845.0,5060.0,4845.0,90980.0,
024800,4450.0,71000000.0,4540.0,4540.0,4390.0,16009.0,
067280,26350.0,153000000.0,26400.0,26425.0,26000.0,5828.0,
086890,3830.0,411000000.0,3850.0,4010.0,3800.0,105306.0,
402030,12460.0,167000000.0,12710.0,12830.0,12300.0,13190.0,114909000.0
092070,13440.0,638000000.0,13400.0,13890.0,13300.0,47097.0,
054800,15000.0,156000000.0,14670.0,15050.0,14370.0,10571.0,
080160,8210.0,337000000.0,8330.0,8500.0,8210.0,40391.0,
251370,8610.0,3474000000.0,8600.0,9330.0,8460.0,392682.0,
011040,5040.0,26000000.0,5030.0,5060.0,5000.0,5131.0,
093640,4710.0,187000000.0,4590.0,4900.0,4500.0,39740.0,
226590,14410.0,583000000.0,14360.0,14840.0,14280.0,40095.0,
041520,12630.0,133000000.0,12590.0,12640.0,12300.0,10663.0,
432720,10850.0,1329000000.0,10790.0,11260.0,10760.0,120238.0,
041020,3095.0,330000000.0,3085.0,3140.0,3065.0,106430.0,
474650,26700.0,679000000.0,26600.0,28300.0,26600.0,24847.0,
054450,10070.0,378000000.0,10190.0,10350.0,10020.0,37141.0,
222040,7390.0,525000000.0,7240.0,7450.0,7240.0,71510.0,
053260,8110.0,68066000000.0,7190.0,8450.0,7120.0,8542426.0,
387690,19880.0,14332000000.0,20050.0,20350.0,19530.0,718971.0,
007330,10040.0,5000000.0,10090.0,10090.0,9980.0,547.0,
078070,8840.0,66000000.0,8700.0,8940.0,8700.0,7489.0,
042600,12100.0,90000000.0,11630.0,12190.0,11630.0,7567.0,
494120,9820.0,2109000000.0,8850.0,10020.0,8730.0,221449.0,1060519000.0
300080,9040.0,234000000.0,8930.0,9130.0,8920.0,25917.0,261471000.0
413630,4100.0,1746000000.0,4050.0,4175.0,4050.0,424376.0,
134580,3025.0,1215000000.0,3315.0,3370.0,2945.0,391873.0,
179290,4595.0,72000000.0,4615.0,4640.0,4550.0,15658.0,
950250,4160.0,17146000000.0,4505.0,4765.0,3985.0,3981121.0,
489500,23200.0,308000000.0,23300.0,24050.0,23100.0,12965.0,
0007C0,18360.0,1187000000.0,18410.0,18720.0,18020.0,64553.0,
205500,1760.0,283000000.0,1720.0,1767.0,1701.0,164287.0,
065660,14680.0,224000000.0,14520.0,14800.0,14040.0,15422.0,53739000.0
452190,6100.0,18874000000.0,6150.0,6210.0,5880.0,3127576.0,
046440,4020.0,149000000.0,4060.0,4060.0,4000.0,37079.0,
101360,8190.0,1529000000.0,8220.0,8420.0,7930.0,187716.0,10679946000.0
220260,4540.0,1727000000.0,4420.0,4650.0,4350.0,383847.0,
102120,8180.0,8743000000.0,7950.0,9220.0,7950.0,1016250.0,
023600,9010.0,87000000.0,9080.0,9110.0,8940.0,9718.0,
396300,5410.0,8536000000.0,5570.0,5690.0,5370.0,1547605.0,
048870,1619.0,402000000.0,1608.0,1648.0,1590.0,248540.0,
049960,15150.0,235000000.0,15070.0,15250.0,14960.0,15559.0,
322310,15190.0,1763000000.0,14950.0,15370.0,14860.0,116337.0,
069510,13040.0,52000000.0,13250.0,13250.0,13040.0,3940.0,
115310,9580.0,21000000.0,9480.0,9590.0,9330.0,2231.0,
005990,10650.0,8000000.0,10850.0,10870.0,10530.0,737.0,
148150,3980.0,282000000.0,4110.0,4185.0,3980.0,69639.0,
101970,9560.0,22000000.0,9420.0,9610.0,9320.0,2346.0,
264660,14530.0,865000000.0,14530.0,14680.0,14170.0,59889.0,
147830,7050.0,704000000.0,6990.0,7110.0,6980.0,99860.0,
089600,12310.0,97000000.0,12430.0,12430.0,12200.0,7920.0,
228850,8360.0,1437000000.0,8340.0,8750.0,8250.0,169975.0,
232680,10410.0,972000000.0,10300.0,10600.0,10190.0,93322.0,
114840,8220.0,80000000.0,8270.0,8360.0,8170.0,9743.0,39729000.0
138360,1552.0,817000000.0,1560.0,1648.0,1541.0,518333.0,
469610,15260.0,568000000.0,15840.0,15860.0,15230.0,36729.0,410328000.0
212560,10110.0,348000000.0,10150.0,10380.0,10100.0,34016.0,
146320,10650.0,239000000.0,10400.0,10880.0,10400.0,22410.0,
035610,4980.0,54000000.0,5010.0,5090.0,4970.0,10750.0,
003100,20500.0,33000000.0,20700.0,20700.0,20300.0,1622.0,
059120,7350.0,1260000000.0,7430.0,7520.0,7340.0,170290.0,
0015N0,10700.0,3519000000.0,10800.0,10930.0,10280.0,333639.0,
321550,4480.0,116000000.0,4500.0,4555.0,4440.0,25972.0,
211270,8910.0,639000000.0,8970.0,9140.0,8850.0,71083.0,
451760,8140.0,439000000.0,8170.0,8380.0,8090.0,53129.0,
060150,2945.0,43000000.0,2935.0,2975.0,2905.0,14677.0,
265740,7500.0,1328000000.0,7570.0,7690.0,7420.0,176714.0,
037070,6670.0,267000000.0,6650.0,6710.0,6550.0,40447.0,
142210,6400.0,938000000.0,6420.0,6520.0,6340.0,146220.0,
073010,3300.0,426000000.0,3300.0,3410.0,3270.0,127158.0,
038290,12220.0,125000000.0,12400.0,12480.0,12220.0,10118.0,
417500,4040.0,1342000000.0,4065.0,4165.0,4015.0,328071.0,
0088M0,13400.0,1237000000.0,13600.0,13600.0,13050.0,93497.0,
136540,10770.0,71000000.0,10770.0,10895.0,10740.0,6586.0,
156100,5910.0,644000000.0,5900.0,6030.0,5840.0,108383.0,
126640,3760.0,1753000000.0,3735.0,3870.0,3715.0,462999.0,
047770,3480.0,3866000000.0,3350.0,3670.0,3335.0,1106930.0,
054920,4660.0,3023000000.0,4650.0,4880.0,4640.0,638959.0,
140670,10240.0,238000000.0,10350.0,10440.0,10160.0,23167.0,
418420,4260.0,459000000.0,4280.0,4450.0,4035.0,105805.0,
052860,7310.0,744000000.0,8050.0,8050.0,7280.0,98649.0,
105330,8150.0,324000000.0,8350.0,8400.0,8030.0,39667.0,
001540,9990.0,153000000.0,9960.0,10060.0,9870.0,15390.0,
049720,9110.0,118000000.0,9150.0,9180.0,9100.0,12909.0,
158430,5320.0,1399000000.0,5370.0,5450.0,5290.0,260748.0,
240550,6170.0,853000000.0,6080.0,6310.0,6050.0,137905.0,
071280,8440.0,2459000000.0,7900.0,8510.0,7900.0,297650.0,
035080,11480.0,252000000.0,11650.0,11650.0,11320.0,21983.0,
285490,12120.0,178000000.0,12100.0,12250.0,12080.0,14695.0,
322510,4970.0,297000000.0,5230.0,5230.0,4950.0,58756.0,
457550,13670.0,385000000.0,13520.0,14060.0,13510.0,27946.0,
297090,4670.0,335000000.0,4555.0,4675.0,4535.0,72364.0,
115500,10610.0,1935000000.0,10700.0,10960.0,10600.0,179981.0,
141000,10500.0,2298000000.0,10470.0,10790.0,10170.0,219183.0,
039840,9450.0,175000000.0,9320.0,9550.0,9270.0,18523.0,115833999.99999999
115440,11730.0,47017000000.0,11760.0,13070.0,11560.0,3800021.0,
079960,16740.0,312000000.0,16840.0,17040.0,16700.0,18543.0,
094840,12890.0,378000000.0,12770.0,13150.0,12530.0,29251.0,
950190,9710.0,275000000.0,9600.0,9840.0,9600.0,28468.0,
402490,7460.0,852000000.0,7560.0,7740.0,7430.0,112976.0,
036690,2885.0,0.0,0.0,0.0,0.0,0.0,
408920,2890.0,32000000.0,2900.0,2920.0,2850.0,11130.0,
282880,10670.0,105000000.0,10600.0,10850.0,10600.0,9757.0,
361390,12780.0,108000000.0,12790.0,13190.0,12750.0,8327.0,
042510,11170.0,3598000000.0,11200.0,11600.0,11100.0,317400.0,
095700,2720.0,168000000.0,2710.0,2775.0,2675.0,61562.0,
338840,8030.0,136000000.0,8080.0,8350.0,7990.0,16655.0,126933999.99999999
080420,1550.0,3000000.0,1565.0,1581.0,1543.0,1664.0,
256940,6150.0,228000000.0,6010.0,6280.0,6000.0,37112.0,
417010,6120.0,424000000.0,6110.0,6260.0,6090.0,68834.0,
027710,1105.0,97000000.0,1116.0,1119.0,1102.0,87360.0,
056090,1190.0,0.0,0.0,0.0,0.0,0.0,
307750,2270.0,122000000.0,2275.0,2315.0,2265.0,53199.0,
351320,3950.0,748000000.0,3920.0,3965.0,3810.0,192378.0,
072950,15180.0,159809000000.0,14350.0,16670.0,13990.0,10196018.0,
021320,5710.0,22000000.0,5760.0,5800.0,5700.0,3873.0,
009780,6940.0,118000000.0,6830.0,7020.0,6780.0,17024.0,
108230,3210.0,354000000.0,3220.0,3310.0,3210.0,108371.0,
474170,6850.0,245000000.0,7040.0,7170.0,6850.0,35007.0,
321370,1708.0,2885000000.0,1720.0,1735.0,1670.0,1698077.0,
293580,1269.0,179000000.0,1279.0,1288.0,1257.0,140947.0,
008830,6250.0,911000000.0,6290.0,6370.0,6220.0,145083.0,
095190,1828.0,54000000.0,1868.0,1882.0,1825.0,29369.0,
054050,7420.0,681000000.0,7200.0,7500.0,7180.0,92466.0,
308080,5760.0,461000000.0,5660.0,5910.0,5540.0,80205.0,
037350,7730.0,362000000.0,7770.0,7830.0,7670.0,46613.0,
041440,6550.0,201000000.0,6510.0,6650.0,6500.0,30698.0,
166480,2210.0,252000000.0,2220.0,2290.0,2200.0,112484.0,
017510,7660.0,654000000.0,7570.0,7770.0,7560.0,85048.0,
259630,9530.0,2699000000.0,9170.0,9800.0,9160.0,284148.0,
297890,1592.0,468000000.0,1570.0,1618.0,1570.0,292681.0,
041590,2370.0,0.0,0.0,0.0,0.0,0.0,
333430,3775.0,732000000.0,3715.0,3855.0,3700.0,192617.0,
079650,5760.0,4694000000.0,6030.0,6180.0,5700.0,798922.0,
049520,3735.0,66000000.0,3730.0,3750.0,3690.0,17711.0,
053080,8860.0,385000000.0,8760.0,9040.0,8740.0,43424.0,
083500,13850.0,1114000000.0,13480.0,13940.0,13300.0,81411.0,
051980,1035.0,0.0,0.0,0.0,0.0,0.0,
331920,10280.0,215000000.0,10510.0,10510.0,10000.0,21004.0,
290740,11420.0,224000000.0,11500.0,11780.0,11340.0,19382.0,
172670,12760.0,866000000.0,13090.0,13590.0,12690.0,65894.0,
299030,14300.0,625000000.0,13270.0,14390.0,13270.0,44348.0,444602000.0
336680,2920.0,29000000.0,3000.0,3000.0,2900.0,9961.0,
443670,4760.0,967000000.0,4830.0,4880.0,4730.0,202233.0,
047310,3120.0,152000000.0,3130.0,3190.0,3075.0,48379.0,
474610,7900.0,281000000.0,8010.0,8200.0,7830.0,35307.0,
458650,7560.0,75000000.0,7570.0,7670.0,7440.0,10011.0,
290720,2980.0,332000000.0,3070.0,3070.0,2750.0,114848.0,
122450,2530.0,32000000.0,2570.0,2570.0,2510.0,12890.0,
153890,9350.0,2278000000.0,9930.0,9990.0,9270.0,237205.0,
067990,3860.0,183000000.0,3850.0,3885.0,3825.0,47410.0,
063570,3280.0,85000000.0,3245.0,3310.0,3220.0,25950.0,
338220,7980.0,7372000000.0,8900.0,8900.0,7800.0,893400.0,24247187000.0
201490,3410.0,2891000000.0,3420.0,3490.0,3375.0,843023.0,
396470,6920.0,688000000.0,7000.0,7170.0,6840.0,98288.0,
018120,16810.0,5000000.0,16840.0,16840.0,16740.0,269.0,
090850,4945.0,81000000.0,4975.0,4980.0,4925.0,16309.0,
051360,11770.0,144000000.0,11820.0,11980.0,11700.0,12135.0,73907000.0
217820,2320.0,381000000.0,2355.0,2360.0,2285.0,164875.0,
086980,1761.0,165000000.0,1833.0,1833.0,1740.0,93448.0,
101170,8140.0,208000000.0,8180.0,8230.0,8050.0,25555.0,
473980,10090.0,201000000.0,10320.0,10400.0,10090.0,19682.0,47229000.0
389020,15810.0,673000000.0,15980.0,16380.0,15500.0,42129.0,
310200,2090.0,562000000.0,2065.0,2120.0,2020.0,270444.0,
255440,8310.0,941000000.0,8070.0,8520.0,7700.0,114068.0,
040300,2270.0,287000000.0,2265.0,2340.0,2235.0,126353.0,
036630,7720.0,13000000.0,8000.0,8000.0,7720.0,1646.0,
217270,2365.0,46000000.0,2350.0,2375.0,2340.0,19666.0,
067900,5920.0,38000000.0,5950.0,5950.0,5890.0,6384.0,
039340,4890.0,26000000.0,4870.0,4890.0,4820.0,5340.0,
242040,3105.0,628000000.0,3100.0,3190.0,3075.0,201060.0,
039560,2505.0,154000000.0,2475.0,2565.0,2475.0,60781.0,
129920,6600.0,897000000.0,6510.0,6950.0,6510.0,132734.0,
339950,2370.0,30000000.0,2370.0,2415.0,2355.0,12463.0,
120240,14800.0,105000000.0,14880.0,14880.0,14700.0,7121.0,
131030,6020.0,78000000.0,5880.0,6030.0,5870.0,12998.0,
106190,9940.0,126000000.0,9890.0,9980.0,9800.0,12788.0,
0011A0,11300.0,8077000000.0,11700.0,12710.0,11050.0,678818.0,
217190,8010.0,1138000000.0,7830.0,8280.0,7730.0,141685.0,
334970,1354.0,162000000.0,1382.0,1382.0,1244.0,122433.0,
475230,9650.0,361000000.0,9710.0,9940.0,9530.0,37133.0,
289930,7980.0,259000000.0,8000.0,8210.0,7950.0,32116.0,
053350,4750.0,137000000.0,4610.0,4790.0,4610.0,29166.0,
311320,8260.0,204000000.0,8440.0,8550.0,8260.0,24246.0,
130580,6760.0,171000000.0,6790.0,6810.0,6630.0,25404.0,
073560,1500.0,217000000.0,1520.0,1520.0,1494.0,143897.0,
419050,1815.0,4721000000.0,1762.0,1875.0,1762.0,2600155.0,
053700,3850.0,244000000.0,3850.0,3900.0,3840.0,62974.0,
038540,1851.0,39000000.0,1870.0,1896.0,1810.0,21099.0,
091440,2765.0,2794000000.0,3400.0,3450.0,2745.0,933522.0,
036010,7660.0,1084000000.0,7810.0,7900.0,7580.0,140928.0,
439580,3000.0,25580000000.0,2705.0,3280.0,2625.0,8338277.0,
246710,2130.0,236000000.0,2155.0,2175.0,2090.0,111047.0,
125210,6150.0,351000000.0,6250.0,6280.0,6110.0,56881.0,
209640,3565.0,1031000000.0,3635.0,3655.0,3540.0,287401.0,
100700,2310.0,55000000.0,2305.0,2315.0,2290.0,23785.0,
123040,1615.0,22000000.0,1640.0,1650.0,1615.0,13190.0,
453450,12660.0,332000000.0,12900.0,12900.0,12520.0,26238.0,
261780,3470.0,2648000000.0,3620.0,3685.0,3390.0,749423.0,
063170,5620.0,61000000.0,5650.0,5710.0,5500.0,10860.0,
182360,6420.0,141000000.0,6890.0,6890.0,6410.0,21239.0,
109740,3880.0,136000000.0,4030.0,4100.0,3870.0,34545.0,
309960,4285.0,169000000.0,4215.0,4285.0,4210.0,39884.0,
475580,7300.0,167000000.0,7400.0,7460.0,7270.0,22823.0,
246720,6070.0,0.0,0.0,0.0,0.0,0.0,
411080,6500.0,1305000000.0,6640.0,6650.0,6400.0,199844.0,
006620,3485.0,208000000.0,3500.0,3540.0,3430.0,59847.0,
175250,1600.0,314000000.0,1670.0,1672.0,1573.0,196532.0,
357880,1821.0,484000000.0,1824.0,1884.0,1797.0,265565.0,
173130,7550.0,607000000.0,7770.0,7770.0,7530.0,80026.0,
352090,3665.0,75000000.0,3700.0,3700.0,3630.0,20466.0,
250060,3060.0,653000000.0,3090.0,3165.0,3045.0,211345.0,
088130,5620.0,882000000.0,5600.0,5670.0,5440.0,160246.0,
323990,4220.0,220000000.0,4245.0,4385.0,4200.0,52105.0,
366030,4330.0,196000000.0,4575.0,4575.0,4325.0,44276.0,
048550,1013.0,307000000.0,1061.0,1061.0,965.0,304486.0,
059210,3605.0,158000000.0,3700.0,3705.0,3605.0,43246.0,
021080,2040.0,127000000.0,2065.0,2080.0,2030.0,61966.0,
105740,9620.0,5551000000.0,9420.0,9760.0,9240.0,584337.0,
307930,6260.0,86000000.0,6280.0,6360.0,6260.0,13621.0,
109670,16730.0,0.0,0.0,0.0,0.0,0.0,
099750,7130.0,632000000.0,7450.0,7540.0,7120.0,86914.0,
066790,2205.0,0.0,0.0,0.0,0.0,0.0,
493330,12100.0,430000000.0,12500.0,12800.0,11900.0,35006.0,
317770,2625.0,187000000.0,2640.0,2640.0,2530.0,72497.0,
235980,2830.0,143000000.0,2910.0,2960.0,2830.0,49304.0,
049950,11000.0,296000000.0,10900.0,11120.0,10760.0,26999.0,
298540,6690.0,21000000.0,6690.0,6800.0,6650.0,3191.0,
306620,2020.0,479000000.0,2135.0,2140.0,2010.0,232874.0,
394420,8800.0,2406000000.0,9100.0,9290.0,8200.0,276240.0,
412350,6620.0,6927000000.0,6020.0,7120.0,6000.0,1054999.0,
068240,2530.0,0.0,0.0,0.0,0.0,0.0,
045970,3655.0,96000000.0,3605.0,3670.0,3575.0,26337.0,
086960,2260.0,2744000000.0,2355.0,2390.0,2260.0,1187410.0,
198440,1571.0,828000000.0,1601.0,1610.0,1563.0,522544.0,
205100,1410.0,410000000.0,1442.0,1456.0,1404.0,287158.0,
330350,7200.0,332000000.0,7100.0,7230.0,7050.0,46469.0,
017650,10800.0,0.0,0.0,0.0,0.0,0.0,
189330,10070.0,1528000000.0,10460.0,10680.0,10030.0,150177.0,
162300,2260.0,16435000000.0,2310.0,2475.0,2250.0,6997268.0,
187790,3035.0,358000000.0,2950.0,3090.0,2920.0,117755.0,
074430,1045.0,52000000.0,1050.0,1085.0,1030.0,49112.0,
052420,9580.0,159000000.0,9660.0,9710.0,9520.0,16523.0,
037030,3655.0,977000000.0,3700.0,3770.0,3635.0,264502.0,
002230,5050.0,150000000.0,5100.0,5230.0,5030.0,29151.0,
091120,5420.0,259000000.0,5550.0,5690.0,5340.0,47147.0,
042500,4160.0,332000000.0,4220.0,4240.0,4150.0,79507.0,
380550,7590.0,573000000.0,7690.0,7830.0,7440.0,75914.0,
036220,6420.0,180000000.0,6600.0,6600.0,6400.0,27864.0,
005860,2330.0,315000000.0,2345.0,2365.0,2325.0,134262.0,
065450,3110.0,13899000000.0,3055.0,3330.0,2995.0,4377055.0,
040420,5840.0,21000000.0,5840.0,5840.0,5820.0,3523.0,
303810,2860.0,14194000000.0,3065.0,3195.0,2810.0,4699681.0,
282720,7540.0,193000000.0,7350.0,7760.0,7340.0,25393.0,
348350,9330.0,111000000.0,9470.0,9490.0,9100.0,11843.0,
053580,7020.0,69000000.0,7130.0,7130.0,7010.0,9828.0,
109610,1855.0,96000000.0,1901.0,1901.0,1853.0,51666.0,
357580,7650.0,4907000000.0,7650.0,7950.0,7420.0,636528.0,
432470,10240.0,517000000.0,10190.0,10470.0,10100.0,50318.0,
052460,6140.0,756000000.0,6320.0,6510.0,6140.0,119205.0,
023900,7100.0,24000000.0,7200.0,7230.0,7070.0,3354.0,
322180,4160.0,179000000.0,4035.0,4195.0,4035.0,43202.0,
307870,1201.0,242000000.0,1225.0,1225.0,1180.0,202990.0,
009300,14000.0,8000000.0,13950.0,14000.0,13750.0,609.0,
246960,2620.0,651000000.0,2785.0,2785.0,2475.0,250495.0,
066590,2295.0,96000000.0,2275.0,2310.0,2250.0,42158.0,
054540,6820.0,982000000.0,6610.0,7260.0,6610.0,141780.0,
033560,5180.0,50000000.0,5160.0,5260.0,5040.0,9621.0,
234300,3255.0,262000000.0,3205.0,3295.0,3175.0,80672.0,
013310,2280.0,102000000.0,2295.0,2310.0,2270.0,44432.0,
234030,3745.0,2555000000.0,3850.0,3950.0,3670.0,672938.0,
052900,1153.0,1323000000.0,1146.0,1212.0,1140.0,1124904.0,
047560,7510.0,123000000.0,7530.0,7770.0,7400.0,16424.0,
093920,4730.0,51000000.0,4805.0,4820.0,4730.0,10592.0,
357230,2130.0,43000000.0,2120.0,2170.0,2120.0,19971.0,
048910,6960.0,371000000.0,7220.0,7220.0,6880.0,53132.0,
048530,2825.0,109000000.0,2930.0,2930.0,2800.0,38562.0,
457370,10800.0,6355000000.0,11590.0,11790.0,10760.0,572845.0,
062970,2890.0,2431000000.0,3025.0,3030.0,2850.0,832130.0,
900260,1890.0,452000000.0,1664.0,1979.0,1622.0,257096.0,
0007J0,11050.0,5409000000.0,13420.0,13440.0,10950.0,454237.0,
362320,4190.0,212000000.0,4350.0,4350.0,4150.0,50306.0,
096240,8440.0,26000000.0,8420.0,8450.0,8390.0,3076.0,
014950,8570.0,9557000000.0,8950.0,9390.0,8550.0,1071014.0,
251120,9920.0,406000000.0,9520.0,10090.0,9500.0,40999.0,
192410,3410.0,156000000.0,3425.0,3490.0,3300.0,46030.0,
100130,1502.0,631000000.0,1503.0,1559.0,1499.0,414089.0,
033290,1519.0,21000000.0,1515.0,1526.0,1511.0,13900.0,
478560,3295.0,116000000.0,3270.0,3330.0,3240.0,35380.0,
078140,7650.0,138000000.0,7750.0,7820.0,7540.0,18137.0,
004650,9220.0,156000000.0,9300.0,9310.0,9190.0,16888.0,
072020,9130.0,35000000.0,9190.0,9190.0,9070.0,3887.0,
263720,6880.0,45000000.0,6880.0,7030.0,6830.0,6429.0,
226400,4075.0,615000000.0,3900.0,4115.0,3895.0,152941.0,
140070,2275.0,135000000.0,2270.0,2315.0,2250.0,58755.0,
049180,1009.0,0.0,0.0,0.0,0.0,0.0,
183490,990.0,0.0,0.0,0.0,0.0,0.0,
185490,1935.0,83000000.0,1930.0,1987.0,1922.0,42629.0,
086710,6850.0,33000000.0,6820.0,6980.0,6800.0,4733.0,
330730,4580.0,76000000.0,4570.0,4820.0,4520.0,16579.0,
044990,10840.0,35000000.0,10870.0,11010.0,10820.0,3192.0,
085670,3400.0,768000000.0,3500.0,3500.0,3360.0,223438.0,
058820,562.0,376000000.0,552.0,569.0,548.0,676203.0,
038110,2015.0,114000000.0,1999.0,2040.0,1994.0,56658.0,
066700,2230.0,107000000.0,2290.0,2290.0,2220.0,47580.0,
097800,3035.0,3320000000.0,3035.0,3035.0,2970.0,1094111.0,
025950,9860.0,96000000.0,9710.0,9950.0,9710.0,9728.0,
223250,3360.0,387000000.0,3405.0,3425.0,3350.0,114373.0,
029480,1373.0,56000000.0,1398.0,1400.0,1372.0,40660.0,
123010,4045.0,4153000000.0,3695.0,4425.0,3665.0,1007159.0,
036640,4965.0,94000000.0,4950.0,5010.0,4935.0,18867.0,
215100,3990.0,154000000.0,4020.0,4095.0,3990.0,38325.0,
412540,3935.0,0.0,0.0,0.0,0.0,0.0,
037760,2395.0,19000000.0,2400.0,2410.0,2350.0,8085.0,
101330,3500.0,234000000.0,3580.0,3640.0,3475.0,66000.0,
066430,2060.0,403000000.0,2075.0,2100.0,2050.0,194088.0,
078890,4370.0,116000000.0,4350.0,4475.0,4345.0,26188.0,
094860,1516.0,117000000.0,1598.0,1598.0,1498.0,77300.0,
067000,1145.0,87000000.0,1145.0,1148.0,1125.0,76950.0,
100590,4665.0,1521000000.0,4715.0,4955.0,4665.0,316754.0,
032300,7330.0,20000000.0,7380.0,7380.0,7240.0,2714.0,
049080,9410.0,1622000000.0,9580.0,9770.0,9300.0,170445.0,
302550,2635.0,19000000.0,2625.0,2665.0,2600.0,7069.0,
063080,12090.0,235000000.0,12530.0,12560.0,11860.0,19406.0,
147760,3980.0,723000000.0,4000.0,4080.0,3845.0,184834.0,
089230,2015.0,402000000.0,2050.0,2060.0,1940.0,200280.0,
294630,2990.0,349000000.0,3065.0,3135.0,2985.0,114652.0,
032540,3790.0,10000000.0,3705.0,3800.0,3705.0,2693.0,
418470,9220.0,162000000.0,9360.0,9380.0,9220.0,17447.0,
137950,3545.0,144000000.0,3645.0,3660.0,3545.0,40280.0,
058400,5960.0,113000000.0,5940.0,6000.0,5910.0,18902.0,
054670,5480.0,92000000.0,5400.0,5480.0,5380.0,16986.0,
047820,3215.0,63000000.0,3190.0,3215.0,3170.0,19635.0,
007820,3370.0,138000000.0,3460.0,3480.0,3370.0,40364.0,
365330,1565.0,314000000.0,1547.0,1609.0,1547.0,199123.0,
066980,1460.0,194000000.0,1463.0,1497.0,1450.0,132021.0,
149980,4560.0,28000000.0,4615.0,4640.0,4485.0,6234.0,
389030,1984.0,1481000000.0,2205.0,2205.0,1971.0,719307.0,
010280,6000.0,3616000000.0,5500.0,6640.0,5220.0,620618.0,
475430,4375.0,482000000.0,4420.0,4510.0,4335.0,109783.0,
131370,1463.0,47000000.0,1479.0,1504.0,1454.0,31893.0,
142280,3250.0,759000000.0,3160.0,3265.0,3110.0,236307.0,
396270,2365.0,892000000.0,2320.0,2445.0,2305.0,372430.0,
360070,9490.0,228000000.0,8970.0,9650.0,8970.0,24120.0,
382840,5090.0,121000000.0,4980.0,5150.0,4950.0,23863.0,
0015S0,7850.0,263000000.0,7900.0,7980.0,7790.0,33332.0,
004590,5160.0,202000000.0,5240.0,5240.0,5080.0,39328.0,
079810,3595.0,137000000.0,3510.0,3635.0,3510.0,38526.0,
024880,3880.0,134000000.0,3845.0,3900.0,3830.0,34618.0,
225530,2110.0,15000000.0,2105.0,2135.0,2070.0,7202.0,
124560,1980.0,31000000.0,1996.0,1996.0,1935.0,15654.0,
040160,6450.0,77000000.0,6400.0,6520.0,6330.0,12043.0,
088390,8160.0,29000000.0,8230.0,8230.0,8060.0,3528.0,
0117P0,5400.0,1258000000.0,5670.0,5730.0,5200.0,232951.0,
389140,5350.0,313000000.0,5390.0,5400.0,5130.0,59084.0,
000440,12250.0,75000000.0,12360.0,12470.0,12210.0,6132.0,
0017J0,2530.0,514000000.0,2525.0,2610.0,2515.0,200778.0,
073640,654.0,0.0,0.0,0.0,0.0,0.0,
388870,5870.0,340000000.0,5840.0,5880.0,5630.0,59054.0,
381620,5790.0,116000000.0,5890.0,6020.0,5720.0,19743.0,
030960,4735.0,47000000.0,4835.0,4835.0,4725.0,9876.0,
041930,4960.0,43000000.0,4990.0,5020.0,4940.0,8635.0,
303360,5850.0,1047000000.0,5770.0,6200.0,5640.0,175728.0,
102370,2910.0,88000000.0,3015.0,3015.0,2890.0,30182.0,
012790,6280.0,345000000.0,6100.0,6350.0,6090.0,54961.0,
012700,2895.0,21000000.0,2900.0,2915.0,2880.0,7175.0,
302430,7630.0,1448000000.0,7540.0,8120.0,7540.0,186288.0,
011320,3865.0,63000000.0,3830.0,3870.0,3820.0,16390.0,
950130,2120.0,373000000.0,2280.0,2280.0,2100.0,175971.0,
066310,8040.0,320000000.0,8260.0,8350.0,8030.0,39318.0,
331380,2015.0,44000000.0,2065.0,2065.0,2015.0,21636.0,
058630,3965.0,118000000.0,3915.0,3965.0,3885.0,29961.0,
253840,4440.0,309000000.0,4395.0,4445.0,4350.0,70204.0,
040910,4090.0,31000000.0,4080.0,4160.0,4055.0,7524.0,
060590,3070.0,120000000.0,3060.0,3100.0,3045.0,39085.0,
451250,7240.0,50000000.0,7130.0,7430.0,7130.0,6889.0,
060570,4995.0,18000000.0,4965.0,5000.0,4890.0,3550.0,
168330,2330.0,18000000.0,2305.0,2340.0,2250.0,7995.0,
011370,3665.0,20000000.0,3660.0,3695.0,3640.0,5563.0,
084730,6640.0,41000000.0,6580.0,6670.0,6400.0,6332.0,
104040,2750.0,208000000.0,2700.0,2785.0,2635.0,76248.0,
487580,2925.0,341000000.0,2925.0,2955.0,2865.0,117195.0,
170030,4795.0,42000000.0,4760.0,4805.0,4750.0,8760.0,
019550,912.0,74000000.0,915.0,927.0,912.0,80150.0,
041910,5530.0,196000000.0,5510.0,5700.0,5400.0,35208.0,
208140,2245.0,85000000.0,2265.0,2275.0,2240.0,37678.0,
017480,4750.0,68000000.0,4730.0,4775.0,4715.0,14321.0,
083790,950.0,142000000.0,996.0,996.0,930.0,149494.0,
347890,4290.0,19000000.0,4290.0,4300.0,4210.0,4580.0,
080010,7410.0,24000000.0,7530.0,7550.0,7370.0,3279.0,
039010,8420.0,189000000.0,8100.0,8420.0,7880.0,23256.0,
065510,6660.0,122000000.0,6720.0,6720.0,6600.0,18353.0,
038680,3635.0,296000000.0,3630.0,3695.0,3615.0,81345.0,
053280,2895.0,68000000.0,2855.0,2945.0,2845.0,23319.0,
024740,2200.0,450000000.0,2195.0,2275.0,2165.0,202517.0,
107600,12800.0,172000000.0,12500.0,13180.0,12440.0,13419.0,
263800,4450.0,409000000.0,4510.0,4590.0,4450.0,90741.0,
323350,8980.0,1458000000.0,9710.0,10240.0,8910.0,155015.0,
234920,5310.0,0.0,0.0,0.0,0.0,0.0,
020710,3580.0,315000000.0,3635.0,3650.0,3555.0,87740.0,
208370,2780.0,2119000000.0,2880.0,2905.0,2660.0,769047.0,
067170,2605.0,426000000.0,2545.0,2650.0,2520.0,164705.0,
171120,1991.0,67000000.0,2005.0,2010.0,1987.0,33700.0,
347000,1890.0,41000000.0,1895.0,1895.0,1844.0,21972.0,
054040,4425.0,47000000.0,4460.0,4465.0,4400.0,10649.0,
299660,2410.0,603000000.0,2400.0,2455.0,2305.0,251646.0,
091590,6050.0,1258000000.0,6400.0,6400.0,5980.0,205613.0,
377480,9970.0,292000000.0,10130.0,10220.0,9940.0,29187.0,
332370,5340.0,1000000.0,5400.0,5400.0,5240.0,264.0,
277880,3570.0,107000000.0,3545.0,3570.0,3475.0,30364.0,
038460,2800.0,160000000.0,2810.0,2835.0,2765.0,57204.0,
039610,6770.0,8934000000.0,6400.0,7030.0,6150.0,1328374.0,
104460,6700.0,74000000.0,6650.0,6740.0,6460.0,11158.0,
128660,2840.0,71000000.0,2810.0,2845.0,2810.0,25191.0,
045660,8520.0,52000000.0,8460.0,8660.0,8400.0,6164.0,
039980,4890.0,229000000.0,4975.0,5000.0,4860.0,46377.0,
217330,3040.0,81000000.0,3030.0,3140.0,3020.0,26427.0,
413390,6220.0,168000000.0,6230.0,6550.0,6190.0,26483.0,
090470,4005.0,75000000.0,4045.0,4245.0,3990.0,18471.0,
136150,8350.0,77000000.0,8130.0,8500.0,8070.0,9258.0,
212710,7190.0,192000000.0,7260.0,7280.0,7000.0,26765.0,
371950,2950.0,577000000.0,3140.0,3140.0,2695.0,198507.0,
294140,2790.0,39000000.0,2770.0,2820.0,2705.0,14089.0,
032850,4175.0,219000000.0,4190.0,4220.0,4095.0,52420.0,
024830,8310.0,10000000.0,8690.0,8690.0,8180.0,1188.0,
282620,11810.0,773000000.0,12200.0,12290.0,11810.0,64038.0,
320000,10010.0,1309000000.0,10620.0,10630.0,9980.0,127222.0,
048430,6000.0,193000000.0,6000.0,6100.0,5980.0,32008.0,
228340,3450.0,1018000000.0,3680.0,3680.0,3435.0,290597.0,
110790,2940.0,5000000.0,2950.0,2975.0,2915.0,1635.0,
228670,4390.0,88000000.0,4320.0,4420.0,4315.0,20081.0,
096350,1860.0,109000000.0,1844.0,1900.0,1844.0,58150.0,
291650,2245.0,453000000.0,1881.0,2340.0,1881.0,207955.0,
049550,3490.0,16000000.0,3460.0,3500.0,3395.0,4771.0,
451220,8670.0,306000000.0,8580.0,8830.0,8520.0,35206.0,
067570,1617.0,32000000.0,1628.0,1648.0,1616.0,19946.0,
460940,5060.0,92000000.0,5050.0,5120.0,5000.0,18187.0,
026150,3880.0,49000000.0,3855.0,3960.0,3850.0,12771.0,
054620,3695.0,117000000.0,3690.0,3780.0,3660.0,31450.0,
117670,10180.0,237000000.0,10400.0,10630.0,10100.0,23117.0,
109860,7440.0,3000000.0,7300.0,7520.0,7280.0,349.0,
067370,5540.0,1000000.0,5510.0,5560.0,5420.0,261.0,
417790,6460.0,55000000.0,6460.0,6530.0,6430.0,8426.0,
076610,1109.0,440000000.0,1125.0,1132.0,1102.0,393360.0,
337930,2325.0,209000000.0,2395.0,2400.0,2320.0,89387.0,
019540,4995.0,56000000.0,4960.0,5030.0,4960.0,11194.0,
002800,4435.0,35000000.0,4425.0,4445.0,4395.0,7994.0,
347860,1593.0,1342000000.0,1665.0,1831.0,1570.0,804669.0,
950220,1960.0,393000000.0,1908.0,2035.0,1890.0,198106.0,
487400,6530.0,615000000.0,6610.0,6830.0,6480.0,93135.0,
092040,948.0,143000000.0,966.0,968.0,948.0,149431.0,
204840,4310.0,63000000.0,4230.0,4395.0,4165.0,14883.0,
265560,6240.0,44000000.0,6290.0,6290.0,6220.0,7007.0,
123420,6410.0,16000000.0,6540.0,6540.0,6290.0,2506.0,
0155E0,12140.0,3163000000.0,12100.0,12650.0,12020.0,256983.0,
153710,4510.0,153000000.0,4555.0,4730.0,4500.0,33639.0,
155650,3485.0,171000000.0,3475.0,3520.0,3410.0,49475.0,
214260,7350.0,60000000.0,7520.0,7570.0,7340.0,8112.0,
004780,4115.0,99000000.0,4265.0,4265.0,4110.0,23795.0,
318160,6980.0,67000000.0,7030.0,7180.0,6880.0,9635.0,
187420,1996.0,630000000.0,1998.0,2095.0,1860.0,313758.0,
262260,4320.0,116000000.0,4555.0,4565.0,4320.0,26096.0,
100030,19820.0,150000000.0,20100.0,20350.0,19630.0,7531.0,
0004V0,5910.0,417000000.0,6020.0,6100.0,5900.0,69582.0,
040350,3265.0,205000000.0,3315.0,3385.0,3230.0,62332.0,
111710,3145.0,70000000.0,3200.0,3205.0,3140.0,22046.0,
137080,6030.0,38000000.0,6110.0,6160.0,6010.0,6181.0,
061040,7120.0,20000000.0,7180.0,7800.0,7120.0,2667.0,
067920,5850.0,191000000.0,5770.0,5860.0,5740.0,32998.0,
456070,5830.0,281000000.0,5820.0,5930.0,5760.0,48144.0,
006140,4320.0,84000000.0,4385.0,4420.0,4315.0,19230.0,
417970,10030.0,70000000.0,10360.0,10570.0,10030.0,6826.0,
096250,5390.0,218000000.0,5550.0,5630.0,5300.0,40376.0,
014970,4290.0,52000000.0,4290.0,4350.0,4260.0,12067.0,
222110,4705.0,7000000.0,4725.0,4725.0,4625.0,1519.0,
043610,1092.0,94000000.0,1124.0,1124.0,1080.0,85760.0,
049470,2690.0,225000000.0,2585.0,2730.0,2560.0,85022.0,
382480,1608.0,68000000.0,1620.0,1622.0,1594.0,42714.0,
033130,1702.0,89000000.0,1758.0,1759.0,1679.0,52508.0,
095270,4390.0,179000000.0,4365.0,4450.0,4320.0,40854.0,
089850,4280.0,25000000.0,4135.0,4290.0,4085.0,5974.0,
089790,6090.0,677000000.0,6020.0,6380.0,6020.0,109382.0,
041460,3300.0,43000000.0,3265.0,3320.0,3240.0,13058.0,
001840,2215.0,0.0,0.0,0.0,0.0,0.0,
0156T0,8040.0,565000000.0,8150.0,8180.0,8000.0,70216.0,
127710,1419.0,124000000.0,1400.0,1429.0,1385.0,87590.0,
043650,3500.0,125000000.0,3490.0,3510.0,3475.0,35889.0,
145170,3695.0,26069000000.0,3250.0,4170.0,3105.0,6791482.0,
291230,2600.0,19000000.0,2585.0,2600.0,2560.0,7418.0,
241790,6240.0,281000000.0,6240.0,6530.0,6190.0,44116.0,
315640,2125.0,338000000.0,2130.0,2200.0,2085.0,158408.0,
081150,2570.0,158000000.0,2620.0,2620.0,2540.0,61538.0,
214680,3735.0,120000000.0,3795.0,3875.0,3665.0,32381.0,
048770,3970.0,842000000.0,4170.0,4175.0,3950.0,207577.0,
294090,1490.0,0.0,0.0,0.0,0.0,0.0,
241690,2545.0,67000000.0,2500.0,2545.0,2445.0,26770.0,
331740,6380.0,101000000.0,6260.0,6590.0,6260.0,15639.0,
036000,2700.0,57000000.0,2705.0,2730.0,2670.0,21101.0,
352910,4915.0,17000000.0,4850.0,4950.0,4850.0,3576.0,
424960,3765.0,37000000.0,3770.0,3840.0,3740.0,9822.0,
0218L0,11760.0,156000000.0,12110.0,12170.0,11740.0,13105.0,
214270,1369.0,17000000.0,1359.0,1389.0,1352.0,12653.0,
483350,2790.0,1115000000.0,2945.0,2980.0,2780.0,390005.0,
205470,2500.0,71000000.0,2600.0,2600.0,2500.0,27982.0,
104540,4590.0,1446000000.0,4350.0,4615.0,4240.0,322936.0,
005670,6140.0,299000000.0,6250.0,6250.0,6040.0,49137.0,
126880,2650.0,140000000.0,2655.0,2700.0,2610.0,52487.0,
360350,11280.0,3871000000.0,9090.0,11700.0,8910.0,354360.0,
016250,12170.0,18000000.0,12200.0,12360.0,12080.0,1443.0,
064240,1765.0,90000000.0,1771.0,1799.0,1745.0,51281.0,
065530,1277.0,133000000.0,1275.0,1305.0,1272.0,103697.0,
082210,1745.0,40000000.0,1696.0,1747.0,1696.0,23071.0,
065170,2185.0,703000000.0,2150.0,2245.0,2140.0,321622.0,
122350,1590.0,569000000.0,1561.0,1612.0,1561.0,357920.0,
203400,676.0,0.0,0.0,0.0,0.0,0.0,
010240,5200.0,17000000.0,5170.0,5200.0,5170.0,3330.0,
059270,5450.0,265000000.0,5200.0,5480.0,5140.0,49873.0,
008370,5050.0,10000000.0,5050.0,5140.0,5050.0,2031.0,
039420,2640.0,18000000.0,2640.0,2675.0,2630.0,6664.0,
900110,5470.0,12000000.0,5290.0,5470.0,5230.0,2341.0,
066670,3230.0,70000000.0,3200.0,3320.0,3155.0,21244.0,
054300,1037.0,155000000.0,1000.0,1064.0,1000.0,148979.0,
463020,6710.0,217000000.0,6730.0,6940.0,6660.0,32041.0,
216050,4935.0,8000000.0,4950.0,4950.0,4875.0,1653.0,
014470,1052.0,59000000.0,1037.0,1075.0,1037.0,56392.0,
010470,5010.0,9000000.0,5060.0,5060.0,4950.0,1767.0,
056360,6100.0,659000000.0,6100.0,6420.0,6050.0,105858.0,
094850,4250.0,61000000.0,4360.0,4360.0,4240.0,14185.0,
033310,1486.0,55000000.0,1489.0,1513.0,1472.0,36646.0,
039020,2630.0,251000000.0,2700.0,2760.0,2615.0,95077.0,
049480,1889.0,187000000.0,1916.0,1921.0,1889.0,98406.0,
950200,3085.0,256000000.0,3035.0,3195.0,3000.0,82438.0,
221800,3635.0,71000000.0,3675.0,3845.0,3615.0,19323.0,
191420,7280.0,21000000.0,7170.0,7290.0,7050.0,2982.0,
025550,2310.0,120000000.0,2300.0,2335.0,2275.0,52202.0,
036090,1382.0,126000000.0,1399.0,1410.0,1371.0,91466.0,
460870,2920.0,70000000.0,2875.0,2925.0,2860.0,24294.0,
448710,11090.0,155000000.0,11000.0,11560.0,11000.0,13867.0,
263690,5170.0,45000000.0,5150.0,5170.0,5060.0,8832.0,
033320,3055.0,102000000.0,3060.0,3110.0,3040.0,33118.0,
053620,6780.0,4000000.0,6840.0,6850.0,6720.0,542.0,
192250,8250.0,275000000.0,8170.0,8340.0,8040.0,33434.0,
251630,3650.0,28000000.0,3650.0,3650.0,3550.0,7687.0,
099520,1284.0,0.0,0.0,0.0,0.0,0.0,
050960,8610.0,3000000.0,8920.0,8920.0,8440.0,328.0,
299170,1399.0,1949000000.0,1450.0,1494.0,1388.0,1366205.0,
046210,1274.0,518000000.0,1333.0,1339.0,1217.0,402545.0,
036120,1648.0,185000000.0,1661.0,1672.0,1648.0,111388.0,
175140,2310.0,53000000.0,2280.0,2365.0,2280.0,22994.0,
003310,1624.0,186000000.0,1639.0,1649.0,1615.0,114158.0,
037440,4120.0,429000000.0,4140.0,4215.0,4100.0,102932.0,
045340,6700.0,65000000.0,6850.0,6850.0,6600.0,9579.0,
273640,5220.0,57000000.0,5280.0,5280.0,5140.0,11006.0,
060310,1078.0,51000000.0,1090.0,1090.0,1074.0,46871.0,
261520,5540.0,254000000.0,5770.0,5770.0,5480.0,45568.0,
278650,3255.0,2260000000.0,3255.0,3690.0,3010.0,670852.0,
317530,3240.0,70000000.0,3225.0,3345.0,3190.0,21443.0,
215360,6200.0,36000000.0,6260.0,6280.0,6110.0,5772.0,
081180,6400.0,450000000.0,6390.0,6560.0,6290.0,69945.0,
053050,1883.0,102000000.0,1890.0,1901.0,1850.0,54022.0,
333620,5110.0,271000000.0,5110.0,5150.0,5000.0,53571.0,
348150,2890.0,111000000.0,2750.0,2915.0,2695.0,39445.0,
033230,1110.0,189000000.0,1067.0,1129.0,1067.0,170618.0,
290660,1307.0,384000000.0,1380.0,1381.0,1301.0,291579.0,
007370,3945.0,39000000.0,4000.0,4010.0,3940.0,9850.0,
424980,9380.0,193000000.0,9180.0,9900.0,9180.0,20317.0,
340930,806.0,0.0,0.0,0.0,0.0,0.0,
365660,4120.0,1300000000.0,4290.0,4290.0,4110.0,309854.0,
238090,1804.0,25000000.0,1810.0,1854.0,1776.0,13942.0,
217480,499.0,0.0,0.0,0.0,0.0,0.0,
443250,5050.0,47000000.0,5150.0,5180.0,5000.0,9251.0,
036670,5070.0,9000000.0,5080.0,5090.0,5050.0,1685.0,
061250,6450.0,42000000.0,6470.0,6540.0,6380.0,6546.0,
900300,2635.0,208000000.0,2825.0,2910.0,2620.0,77345.0,
464490,4700.0,964000000.0,4710.0,5390.0,4545.0,194082.0,
263600,3395.0,98000000.0,3485.0,3485.0,3280.0,29249.0,
459100,4015.0,54000000.0,4130.0,4130.0,3890.0,13827.0,
435570,7090.0,26000000.0,7040.0,7090.0,6860.0,3727.0,
391710,1265.0,111000000.0,1258.0,1295.0,1237.0,87968.0,
393210,3435.0,6639000000.0,3640.0,3950.0,3345.0,1791408.0,
040610,3135.0,46000000.0,3165.0,3195.0,3115.0,14421.0,
288180,7210.0,92000000.0,7610.0,7610.0,7180.0,12613.0,
088280,3075.0,184000000.0,3175.0,3200.0,3040.0,59320.0,
420570,9100.0,338000000.0,9510.0,9650.0,9060.0,36282.0,
170790,8300.0,54000000.0,8550.0,8550.0,8260.0,6556.0,
053270,1936.0,26000000.0,1950.0,1960.0,1928.0,13563.0,
043710,3065.0,17000000.0,2980.0,3085.0,2965.0,5697.0,
419080,4870.0,45000000.0,4825.0,4990.0,4810.0,9132.0,
053160,8820.0,36000000.0,8930.0,9430.0,8810.0,4039.0,
071670,5290.0,134000000.0,5120.0,5330.0,5050.0,25650.0,
459550,2095.0,1628000000.0,2190.0,2220.0,2075.0,763379.0,
024910,1465.0,46000000.0,1499.0,1499.0,1465.0,31442.0,
457600,3820.0,334000000.0,3950.0,3990.0,3565.0,86764.0,
054930,17420.0,65000000.0,17630.0,17630.0,17390.0,3736.0,
317850,6220.0,196000000.0,6160.0,6270.0,6160.0,31529.0,
104620,3080.0,109000000.0,3085.0,3125.0,3055.0,35251.0,
163280,3790.0,355000000.0,3725.0,3980.0,3725.0,91666.0,
314140,5940.0,102000000.0,5910.0,5940.0,5740.0,17550.0,
024950,4150.0,49000000.0,4255.0,4255.0,4135.0,11782.0,
109080,9130.0,76000000.0,9120.0,9350.0,9030.0,8292.0,
039240,1907.0,52000000.0,1899.0,1940.0,1885.0,27068.0,
370090,5990.0,33000000.0,5880.0,6040.0,5850.0,5464.0,
052790,4680.0,259000000.0,4805.0,4805.0,4650.0,55331.0,
092300,2535.0,128000000.0,2540.0,2600.0,2535.0,50001.0,
105760,5000.0,29000000.0,5100.0,5100.0,4960.0,5768.0,
015710,2905.0,19000000.0,2910.0,2955.0,2865.0,6545.0,
355690,5310.0,982000000.0,5390.0,5620.0,5170.0,182056.0,
179530,1690.0,250000000.0,1839.0,1846.0,1684.0,145274.0,
088910,1970.0,92000000.0,1986.0,1986.0,1954.0,46717.0,
027050,1261.0,50000000.0,1269.0,1277.0,1259.0,39601.0,
393970,2825.0,0.0,0.0,0.0,0.0,0.0,
347740,1672.0,79000000.0,1694.0,1724.0,1638.0,47616.0,
246690,2110.0,83000000.0,2150.0,2165.0,2100.0,39155.0,
256630,4325.0,1000000.0,4315.0,4347.0,4300.0,313.0,
340810,3590.0,535000000.0,3770.0,3890.0,3575.0,146161.0,
064800,1957.0,75000000.0,2015.0,2055.0,1955.0,37747.0,
453860,7730.0,80000000.0,7680.0,7730.0,7430.0,10652.0,
317830,4620.0,88000000.0,4610.0,4690.0,4580.0,19018.0,
340360,923.0,116000000.0,923.0,930.0,870.0,126462.0,
0013V0,4990.0,37000000.0,5030.0,5090.0,4965.0,7388.0,
094940,5910.0,187000000.0,5910.0,6050.0,5860.0,31367.0,
219550,1193.0,22000000.0,1180.0,1220.0,1167.0,18373.0,
408470,4660.0,87000000.0,4660.0,4735.0,4660.0,18599.0,
063440,1087.0,60000000.0,1076.0,1097.0,1076.0,55106.0,
019990,5040.0,110000000.0,5060.0,5150.0,5040.0,21724.0,
382150,3765.0,167000000.0,3765.0,3855.0,3640.0,45079.0,
321820,3150.0,274000000.0,3230.0,3360.0,3100.0,85276.0,
060560,1929.0,9000000.0,1957.0,2005.0,1919.0,4835.0,
044340,2740.0,81000000.0,2715.0,2740.0,2655.0,29896.0,
225190,3470.0,632000000.0,3800.0,3815.0,3450.0,178631.0,
046940,2695.0,134000000.0,2705.0,2745.0,2695.0,49195.0,
376290,2750.0,13000000.0,2870.0,2870.0,2745.0,4538.0,
311690,3705.0,8000000.0,3720.0,3750.0,3690.0,2083.0,
122310,3320.0,11000000.0,3300.0,3380.0,3265.0,3252.0,
452400,5320.0,113000000.0,5400.0,5480.0,5210.0,21280.0,
463480,3885.0,36000000.0,3895.0,3905.0,3840.0,9422.0,
348080,3735.0,269000000.0,3865.0,3895.0,3705.0,71517.0,
042110,989.0,52000000.0,991.0,1003.0,989.0,51887.0,
014190,1350.0,77000000.0,1353.0,1365.0,1336.0,57548.0,
179900,2215.0,337000000.0,2305.0,2335.0,2210.0,148668.0,
217500,1500.0,49000000.0,1505.0,1523.0,1495.0,32820.0,
199550,3210.0,61000000.0,3100.0,3310.0,3100.0,18892.0,
418250,6550.0,0.0,0.0,0.0,0.0,0.0,
321260,1688.0,135000000.0,1650.0,1749.0,1650.0,79409.0,
033170,2765.0,590000000.0,2735.0,2990.0,2660.0,212890.0,
440290,1723.0,9000000.0,1713.0,1737.0,1713.0,5246.0,
059100,6690.0,283000000.0,6870.0,6930.0,6530.0,42249.0,
232830,2860.0,573000000.0,2740.0,2915.0,2650.0,203943.0,
189860,4865.0,231000000.0,4720.0,4925.0,4720.0,47697.0,
023440,521.0,0.0,0.0,0.0,0.0,0.0,
053450,3170.0,78000000.0,3200.0,3200.0,3100.0,24973.0,
384470,2600.0,175000000.0,2600.0,2685.0,2530.0,67509.0,
189980,1159.0,20000000.0,1172.0,1172.0,1156.0,16914.0,
373160,3425.0,20000000.0,3335.0,3660.0,3285.0,5860.0,
083550,3430.0,94000000.0,3260.0,3500.0,3260.0,27564.0,
032960,2640.0,243000000.0,2685.0,2730.0,2465.0,94265.0,
373200,1852.0,153000000.0,1640.0,1956.0,1570.0,85226.0,
038010,5130.0,75000000.0,5290.0,5290.0,5070.0,14594.0,
073110,5180.0,6000000.0,5200.0,5400.0,5140.0,1239.0,
277070,3350.0,72000000.0,3420.0,3450.0,3340.0,21093.0,
229000,1957.0,0.0,0.0,0.0,0.0,0.0,
131400,766.0,0.0,0.0,0.0,0.0,0.0,
263700,2350.0,79000000.0,2300.0,2350.0,2265.0,34257.0,
361570,1586.0,9000000.0,1595.0,1623.0,1580.0,5427.0,
476040,6910.0,61000000.0,6740.0,6990.0,6650.0,9004.0,
053980,2395.0,27000000.0,2410.0,2415.0,2385.0,11377.0,
065130,2840.0,100000000.0,2740.0,2865.0,2740.0,35590.0,
150900,3880.0,198000000.0,3965.0,3985.0,3850.0,50985.0,
094970,2710.0,141000000.0,2670.0,2735.0,2670.0,51982.0,
068330,1026.0,54000000.0,995.0,1036.0,995.0,52849.0,
471820,4005.0,10000000.0,4030.0,4080.0,3980.0,2584.0,
178780,2425.0,16000000.0,2485.0,2495.0,2425.0,6467.0,
072990,3110.0,48000000.0,3180.0,3180.0,3100.0,15395.0,
198080,2090.0,38000000.0,2090.0,2095.0,2075.0,18265.0,
143540,1006.0,32000000.0,1007.0,1025.0,993.0,31327.0,
051390,3935.0,16000000.0,3940.0,4175.0,3900.0,4137.0,
0010V0,8750.0,75000000.0,8690.0,8950.0,8640.0,8491.0,
072470,2365.0,10000000.0,2375.0,2390.0,2335.0,4388.0,
033340,460.0,0.0,0.0,0.0,0.0,0.0,
466410,8850.0,27000000.0,8700.0,8960.0,8620.0,3133.0,
317690,2210.0,167000000.0,2270.0,2300.0,2205.0,74305.0,
226340,5300.0,2070000000.0,5250.0,5430.0,5000.0,393072.0,
037950,2630.0,22000000.0,2670.0,2732.0,2630.0,8421.0,
066130,3470.0,23000000.0,3425.0,3485.0,3410.0,6577.0,
114450,2210.0,121000000.0,2205.0,2235.0,2165.0,55373.0,
288330,416.0,0.0,0.0,0.0,0.0,0.0,
460470,2915.0,23000000.0,2855.0,2930.0,2805.0,8092.0,
050120,3245.0,9000000.0,3150.0,3245.0,3150.0,2682.0,
099410,3130.0,81000000.0,3095.0,3160.0,3075.0,26010.0,
317870,4945.0,23000000.0,5470.0,5470.0,4855.0,4744.0,
260930,2260.0,55000000.0,2255.0,2280.0,2230.0,24620.0,
196300,4600.0,299000000.0,4470.0,4720.0,4050.0,66947.0,
900250,1217.0,51000000.0,1224.0,1244.0,1217.0,41493.0,
222420,900.0,25000000.0,889.0,917.0,889.0,27566.0,
042040,5000.0,4000000.0,5010.0,5080.0,4960.0,848.0,
263020,3120.0,34000000.0,3100.0,3145.0,3070.0,11093.0,
900340,1212.0,69000000.0,1249.0,1249.0,1200.0,56693.0,
479960,6050.0,44000000.0,6070.0,6090.0,5970.0,7214.0,
258610,1178.0,39000000.0,1181.0,1200.0,1170.0,33035.0,
082850,4410.0,29000000.0,4375.0,4445.0,4375.0,6660.0,
022220,825.0,2000000.0,838.0,848.0,821.0,2665.0,
413640,5900.0,57000000.0,5860.0,5980.0,5840.0,9707.0,
307280,5990.0,68000000.0,5900.0,5990.0,5830.0,11636.0,
140520,2010.0,13000000.0,2020.0,2020.0,1996.0,6273.0,
129890,926.0,26000000.0,932.0,934.0,926.0,27766.0,
238120,2965.0,12000000.0,2975.0,3005.0,2950.0,4147.0,
086060,4875.0,60000000.0,4870.0,4905.0,4705.0,12475.0,
256150,4990.0,30000000.0,5010.0,5010.0,4950.0,6040.0,
461030,2915.0,68000000.0,2710.0,2930.0,2705.0,23892.0,
159580,2085.0,25000000.0,2080.0,2105.0,2050.0,11832.0,
190650,6500.0,7000000.0,6510.0,6510.0,6450.0,1150.0,
227950,1202.0,46000000.0,1211.0,1235.0,1172.0,38191.0,
261200,2615.0,21000000.0,2565.0,2670.0,2565.0,7941.0,
286750,2580.0,57000000.0,2710.0,2710.0,2490.0,22233.0,
002290,3330.0,27000000.0,3290.0,3350.0,3290.0,8166.0,
290670,5250.0,22000000.0,5230.0,5400.0,5170.0,4221.0,
263810,2590.0,72000000.0,2585.0,2610.0,2540.0,28056.0,
056700,1415.0,24000000.0,1416.0,1418.0,1407.0,16803.0,
224110,8090.0,33000000.0,8180.0,8180.0,7920.0,4109.0,
007680,3105.0,28000000.0,3125.0,3150.0,3095.0,8945.0,
136410,3705.0,19000000.0,3690.0,3720.0,3665.0,5100.0,
199480,4000.0,50000000.0,4025.0,4160.0,3745.0,12761.0,
189690,1485.0,24000000.0,1486.0,1500.0,1460.0,16073.0,
452200,1661.0,87000000.0,1653.0,1699.0,1609.0,52758.0,
465480,3975.0,34000000.0,3925.0,4047.0,3855.0,8608.0,
263770,1697.0,54000000.0,1640.0,1700.0,1640.0,32142.0,
066900,1768.0,13000000.0,1781.0,1781.0,1727.0,7437.0,
027830,739.0,104000000.0,742.0,790.0,730.0,140364.0,
064090,798.0,0.0,0.0,0.0,0.0,0.0,
100660,3145.0,100000000.0,3100.0,3150.0,3070.0,32060.0,
037230,1326.0,15000000.0,1345.0,1345.0,1317.0,11286.0,
203450,2800.0,48000000.0,2795.0,2815.0,2710.0,17383.0,
044960,3110.0,42000000.0,3085.0,3125.0,3075.0,13540.0,
049830,6390.0,8000000.0,6450.0,6450.0,6300.0,1226.0,
053950,1987.0,153000000.0,2015.0,2015.0,1980.0,77027.0,
084650,2615.0,207000000.0,2580.0,2800.0,2580.0,77929.0,
218150,1900.0,80000000.0,1891.0,1910.0,1890.0,42002.0,
450330,4705.0,43000000.0,4790.0,4880.0,4540.0,9173.0,
221980,9510.0,4000000.0,9610.0,9660.0,9390.0,418.0,
050860,1703.0,35000000.0,1681.0,1712.0,1671.0,20609.0,
065440,1402.0,151000000.0,1419.0,1447.0,1401.0,105567.0,
352700,1452.0,15000000.0,1455.0,1464.0,1450.0,10640.0,
025880,2280.0,58000000.0,2330.0,2330.0,2275.0,25360.0,
184230,2020.0,109000000.0,2030.0,2080.0,2020.0,53504.0,
052220,1651.0,53000000.0,1645.0,1681.0,1636.0,32113.0,
045510,1206.0,114000000.0,1197.0,1235.0,1153.0,95593.0,
007530,1704.0,36000000.0,1805.0,1805.0,1689.0,20739.0,
221840,2020.0,17000000.0,2035.0,2035.0,1998.0,8519.0,
081580,2435.0,99000000.0,2390.0,2450.0,2355.0,41044.0,
101240,3320.0,13000000.0,3345.0,3345.0,3270.0,3865.0,
215380,2235.0,57000000.0,2290.0,2290.0,2185.0,25749.0,
046310,2290.0,20000000.0,2290.0,2290.0,2270.0,8941.0,
019770,3225.0,31000000.0,3230.0,3240.0,3210.0,9727.0,
054780,1902.0,218000000.0,1776.0,1925.0,1775.0,116806.0,
219420,3255.0,53000000.0,3145.0,3255.0,3145.0,16638.0,
234100,2550.0,35000000.0,2635.0,2635.0,2530.0,13689.0,
273060,3780.0,56000000.0,3860.0,3860.0,3680.0,15061.0,
097870,4370.0,15000000.0,4320.0,4400.0,4310.0,3552.0,
250000,5490.0,3000000.0,5450.0,5530.0,5440.0,566.0,
122690,1599.0,56000000.0,1622.0,1637.0,1570.0,35459.0,
208710,2770.0,93000000.0,2775.0,2825.0,2730.0,33537.0,
046390,2110.0,20000000.0,2035.0,2130.0,2005.0,9593.0,
121890,2730.0,161000000.0,2700.0,2795.0,2670.0,58688.0,
035460,2430.0,289000000.0,2465.0,2525.0,2410.0,117515.0,
065500,1014.0,56000000.0,1017.0,1038.0,1001.0,55397.0,
038070,3895.0,24000000.0,3905.0,3940.0,3880.0,6096.0,
086040,2270.0,30000000.0,2240.0,2300.0,2230.0,13078.0,
258790,7240.0,190000000.0,7460.0,7550.0,7240.0,25895.0,
123570,1623.0,4000000.0,1615.0,1630.0,1615.0,2631.0,
043910,3185.0,29000000.0,3240.0,3240.0,3140.0,9316.0,
171010,2520.0,35000000.0,2515.0,2595.0,2485.0,13723.0,
284620,1087.0,0.0,0.0,0.0,0.0,0.0,
042940,5250.0,156000000.0,5420.0,5430.0,5200.0,29789.0,
039290,4120.0,37000000.0,4100.0,4130.0,3955.0,9065.0,
037370,4150.0,30000000.0,4210.0,4305.0,4040.0,7103.0,
057540,602.0,0.0,0.0,0.0,0.0,0.0,
387570,6350.0,58000000.0,6250.0,6450.0,6020.0,9298.0,
318410,6430.0,9000000.0,6370.0,6460.0,6350.0,1472.0,
068940,778.0,0.0,0.0,0.0,0.0,0.0,
060850,4375.0,14000000.0,4305.0,4390.0,4305.0,3285.0,
051490,2505.0,31000000.0,2540.0,2545.0,2460.0,12475.0,
239890,3580.0,172000000.0,3585.0,3680.0,3470.0,48043.0,
363250,4180.0,21000000.0,4115.0,4335.0,4115.0,5019.0,
196450,3910.0,30000000.0,3930.0,3980.0,3730.0,7769.0,
045060,2085.0,49000000.0,2075.0,2100.0,2050.0,23501.0,
263050,959.0,0.0,0.0,0.0,0.0,0.0,
024120,3070.0,17000000.0,3065.0,3080.0,3035.0,5564.0,
066360,1470.0,41000000.0,1480.0,1496.0,1460.0,27468.0,
406820,2490.0,1339000000.0,2460.0,2580.0,2435.0,535500.0,
014570,3190.0,4000000.0,3250.0,3270.0,3180.0,1401.0,
060540,1339.0,51000000.0,1348.0,1348.0,1317.0,38534.0,
260660,2280.0,28000000.0,2285.0,2295.0,2250.0,12197.0,
0010F0,3135.0,22010000000.0,3200.0,3675.0,3120.0,6469347.0,
446840,3165.0,39000000.0,3160.0,3250.0,3075.0,12339.0,
332290,4380.0,122000000.0,4300.0,4485.0,4210.0,27907.0,
186230,3180.0,18000000.0,3135.0,3265.0,3100.0,5682.0,
106240,1306.0,36000000.0,1293.0,1344.0,1293.0,27516.0,
026040,2100.0,75000000.0,2040.0,2140.0,2035.0,35827.0,
177900,3595.0,91000000.0,3640.0,3720.0,3580.0,25080.0,
169330,1887.0,336000000.0,1786.0,1894.0,1750.0,181408.0,
452300,2435.0,77000000.0,2470.0,2475.0,2400.0,31440.0,
057030,2105.0,42000000.0,2065.0,2125.0,2020.0,20284.0,
153460,5240.0,51000000.0,5360.0,5360.0,5130.0,9733.0,
075130,2120.0,15000000.0,2140.0,2140.0,2085.0,6950.0,
432430,2070.0,20000000.0,2100.0,2100.0,1995.0,9878.0,
469750,991.0,0.0,0.0,0.0,0.0,0.0,
207760,2055.0,20000000.0,2040.0,2067.0,2000.0,9787.0,
397810,6610.0,6000000.0,6430.0,6630.0,6430.0,883.0,
204020,1752.0,12000000.0,1788.0,1802.0,1752.0,6590.0,
290120,2150.0,87000000.0,2180.0,2210.0,2075.0,41292.0,
434480,2750.0,103000000.0,2760.0,2785.0,2710.0,37519.0,
310870,1534.0,203000000.0,1523.0,1621.0,1498.0,131693.0,
064520,1489.0,33000000.0,1478.0,1494.0,1470.0,22142.0,
290090,4465.0,5000000.0,4420.0,4785.0,4390.0,1219.0,
131090,4330.0,85000000.0,4330.0,4370.0,4320.0,19618.0,
038060,689.0,0.0,0.0,0.0,0.0,0.0,
052600,2865.0,13000000.0,2870.0,2915.0,2835.0,4669.0,
476080,4080.0,22000000.0,4045.0,4110.0,4035.0,5353.0,
099220,5230.0,102000000.0,5170.0,5450.0,5100.0,19347.0,
208860,9660.0,26000000.0,9710.0,9800.0,9350.0,2741.0,
431190,4380.0,286000000.0,4195.0,4380.0,4050.0,67755.0,
068050,1183.0,5000000.0,1169.0,1189.0,1158.0,4192.0,
335810,1490.0,16000000.0,1485.0,1557.0,1453.0,10605.0,
104200,2200.0,108000000.0,2160.0,2320.0,2155.0,48318.0,
311390,2575.0,97000000.0,2545.0,2595.0,2480.0,38257.0,
215090,1403.0,66000000.0,1415.0,1470.0,1396.0,46320.0,
206400,866.0,436000000.0,990.0,990.0,851.0,485942.0,
270520,810.0,11430000000.0,707.0,895.0,697.0,14733949.0,
006920,2965.0,63000000.0,2980.0,3020.0,2960.0,21294.0,
021650,1973.0,13000000.0,1990.0,1990.0,1950.0,6838.0,
032790,1255.0,82000000.0,1275.0,1298.0,1250.0,64590.0,
408900,984.0,35000000.0,983.0,999.0,950.0,35538.0,
200780,3015.0,17000000.0,2980.0,3065.0,2980.0,5554.0,
900270,2580.0,192000000.0,2715.0,2715.0,2475.0,75255.0,
417860,6810.0,27000000.0,6800.0,7050.0,6770.0,3897.0,
031510,1144.0,20000000.0,1140.0,1150.0,1130.0,17701.0,
133750,1364.0,6000000.0,1368.0,1368.0,1341.0,4439.0,
318020,2595.0,35000000.0,2565.0,2600.0,2500.0,13585.0,
033830,1687.0,5000000.0,1673.0,1696.0,1657.0,3003.0,
220180,1332.0,5000000.0,1375.0,1400.0,1332.0,3799.0,
093380,3225.0,182000000.0,3200.0,3230.0,3175.0,56711.0,
419120,2240.0,15000000.0,2235.0,2245.0,2210.0,6581.0,
089140,2075.0,13000000.0,2045.0,2100.0,2045.0,6173.0,
462510,3610.0,3392000000.0,4285.0,4285.0,3605.0,875840.0,
025440,3250.0,2000000.0,3365.0,3365.0,3175.0,723.0,
270870,3525.0,14000000.0,3535.0,3585.0,3480.0,4085.0,
087600,3880.0,3000000.0,3845.0,3885.0,3800.0,712.0,
226330,1300.0,110000000.0,1412.0,1412.0,1293.0,84351.0,
050110,1079.0,0.0,0.0,0.0,0.0,0.0,
080520,2785.0,47000000.0,2940.0,2940.0,2770.0,16819.0,
296640,6080.0,21000000.0,6270.0,6270.0,6080.0,3453.0,
065950,1112.0,34000000.0,1136.0,1139.0,1107.0,30588.0,
127980,2645.0,7000000.0,2685.0,2685.0,2615.0,2553.0,
091340,2675.0,72000000.0,2650.0,2690.0,2615.0,27175.0,
258830,412.0,0.0,0.0,0.0,0.0,0.0,
016600,2235.0,76000000.0,2265.0,2265.0,2180.0,34420.0,
159910,2980.0,26000000.0,2955.0,2990.0,2860.0,8963.0,
263920,3175.0,7000000.0,3240.0,3240.0,3090.0,2329.0,
430690,2855.0,159000000.0,2910.0,2925.0,2805.0,55418.0,
012620,7050.0,13000000.0,7120.0,7150.0,7050.0,1791.0,
090410,3355.0,96000000.0,3460.0,3550.0,3340.0,28240.0,
109820,1515.0,36000000.0,1534.0,1570.0,1512.0,23915.0,
153490,3000.0,17000000.0,3100.0,3180.0,2975.0,5526.0,
148930,3035.0,22000000.0,2980.0,3105.0,2980.0,7287.0,
173940,1999.0,40000000.0,1979.0,1999.0,1945.0,20520.0,
900070,1143.0,10991000000.0,988.0,1284.0,983.0,9417998.0,
197140,2360.0,27000000.0,2375.0,2390.0,2310.0,11462.0,
271830,1040.0,30000000.0,1060.0,1090.0,1020.0,29118.0,
336060,3160.0,72000000.0,3095.0,3170.0,3020.0,22905.0,
038620,2005.0,112000000.0,1985.0,2040.0,1985.0,55979.0,
037330,691.0,9000000.0,694.0,703.0,685.0,12933.0,
376980,3105.0,25000000.0,3010.0,3130.0,3000.0,8106.0,
356890,2535.0,37000000.0,2535.0,2535.0,2460.0,14841.0,
064480,2530.0,47000000.0,2520.0,2550.0,2500.0,18458.0,
246250,1969.0,0.0,0.0,0.0,0.0,0.0,
444530,4695.0,34000000.0,4780.0,4860.0,4670.0,7122.0,
038950,2955.0,0.0,3000.0,3040.0,2930.0,87.0,
099390,3670.0,23000000.0,3770.0,3855.0,3645.0,6339.0,
071850,1239.0,15000000.0,1239.0,1240.0,1182.0,12575.0,
075970,1632.0,9000000.0,1635.0,1641.0,1629.0,5617.0,
049120,2830.0,37000000.0,3100.0,3100.0,2785.0,12674.0,
462310,3795.0,38000000.0,3850.0,3895.0,3675.0,10160.0,
369370,3005.0,44000000.0,3005.0,3090.0,2950.0,14844.0,
262840,2825.0,80000000.0,2840.0,2935.0,2815.0,28125.0,
464280,5390.0,16000000.0,5420.0,5490.0,5310.0,2982.0,
038870,2125.0,22000000.0,2185.0,2185.0,2030.0,10592.0,
073570,2470.0,187000000.0,2490.0,2550.0,2355.0,76414.0,
462980,1629.0,16000000.0,1616.0,1660.0,1608.0,9862.0,
464580,1611.0,107000000.0,1544.0,1665.0,1533.0,66974.0,
097780,1461.0,14000000.0,1473.0,1473.0,1440.0,9342.0,
237820,2310.0,23000000.0,2280.0,2320.0,2270.0,10176.0,
020180,3845.0,53000000.0,3955.0,3965.0,3845.0,13678.0,
388610,5510.0,12000000.0,5740.0,5750.0,5480.0,2102.0,
317240,1005.0,57000000.0,993.0,1015.0,993.0,56649.0,
073540,2570.0,62000000.0,2450.0,2630.0,2450.0,23811.0,
070590,2110.0,25000000.0,2180.0,2195.0,2085.0,11747.0,
128540,1095.0,36000000.0,1081.0,1101.0,1068.0,33609.0,
043340,615.0,19000000.0,630.0,630.0,612.0,30435.0,
452160,3030.0,29000000.0,2955.0,3105.0,2950.0,9510.0,
368970,2585.0,96000000.0,2665.0,2665.0,2460.0,37716.0,
377030,2025.0,11000000.0,1897.0,2030.0,1897.0,5705.0,
033540,2755.0,31000000.0,2800.0,2805.0,2740.0,11323.0,
045300,2720.0,40000000.0,2720.0,2750.0,2715.0,14801.0,
072770,690.0,101000000.0,700.0,720.0,656.0,146786.0,
187270,2820.0,14000000.0,2980.0,2980.0,2770.0,4937.0,
109960,1887.0,1000000.0,1910.0,1910.0,1845.0,670.0,
236810,1680.0,28000000.0,1677.0,1699.0,1639.0,16740.0,
188260,2050.0,44000000.0,2130.0,2180.0,2030.0,21178.0,
300120,2875.0,140000000.0,2975.0,3045.0,2835.0,48261.0,
364950,3420.0,92000000.0,3285.0,3445.0,3275.0,27188.0,
225220,1478.0,40000000.0,1452.0,1479.0,1440.0,27501.0,
160550,1014.0,62000000.0,1024.0,1030.0,1006.0,61003.0,
198940,1421.0,111000000.0,1485.0,1487.0,1410.0,77565.0,
068100,2370.0,14000000.0,2360.0,2400.0,2325.0,5781.0,
200350,2825.0,100000000.0,2955.0,2965.0,2810.0,34753.0,
079170,5430.0,15000000.0,5520.0,5560.0,5430.0,2729.0,
043220,1710.0,0.0,0.0,0.0,0.0,0.0,
407400,1925.0,37000000.0,1912.0,1935.0,1884.0,19166.0,
019570,2950.0,21000000.0,2880.0,3005.0,2870.0,7183.0,
088340,6450.0,47000000.0,6720.0,6720.0,6420.0,7311.0,
031310,946.0,41000000.0,951.0,957.0,936.0,43621.0,
367000,3350.0,7000000.0,3310.0,3470.0,3310.0,2142.0,
239610,5210.0,1000000.0,5200.0,5230.0,5160.0,164.0,
119500,2365.0,32000000.0,2360.0,2385.0,2340.0,13637.0,
254120,910.0,0.0,0.0,0.0,0.0,0.0,
007770,7970.0,6000000.0,8090.0,8090.0,7800.0,720.0,
089150,1628.0,22000000.0,1615.0,1628.0,1603.0,13553.0,
288620,3995.0,90000000.0,3950.0,4040.0,3900.0,22616.0,
048470,2885.0,298000000.0,2980.0,2980.0,2810.0,103080.0,
008470,1654.0,64000000.0,1644.0,1668.0,1630.0,39128.0,
148250,2040.0,50000000.0,2010.0,2070.0,1950.0,25345.0,
114630,1610.0,13000000.0,1584.0,1622.0,1584.0,8311.0,
297570,3985.0,36000000.0,4000.0,4065.0,3720.0,9208.0,
290560,1233.0,61000000.0,1285.0,1285.0,1190.0,49007.0,
130500,1895.0,15000000.0,1935.0,1935.0,1873.0,7915.0,
333050,5590.0,85000000.0,5570.0,5660.0,5500.0,15267.0,
067010,2515.0,108000000.0,2515.0,2520.0,2450.0,43317.0,
318010,3445.0,2000000.0,3460.0,3570.0,3425.0,555.0,
115480,2250.0,13000000.0,2365.0,2365.0,2230.0,5670.0,
351330,3280.0,47000000.0,3330.0,3385.0,3280.0,14135.0,
359090,2365.0,20000000.0,2380.0,2380.0,2300.0,8702.0,
016920,1057.0,17000000.0,1058.0,1069.0,1031.0,16203.0,
066910,1760.0,46000000.0,1768.0,1847.0,1745.0,25980.0,
017000,2320.0,41000000.0,2315.0,2320.0,2270.0,17773.0,
002680,3490.0,777000000.0,3165.0,3555.0,3120.0,225837.0,
450520,1840.0,17000000.0,1897.0,1919.0,1825.0,8962.0,
101670,476.0,199000000.0,489.0,509.0,475.0,407219.0,
057680,1703.0,30000000.0,1729.0,1729.0,1650.0,17903.0,
900310,2090.0,8000000.0,1966.0,2100.0,1966.0,3760.0,
195500,1674.0,42000000.0,1705.0,1705.0,1670.0,25194.0,
096630,1684.0,27000000.0,1675.0,1700.0,1601.0,16331.0,
078590,2675.0,85000000.0,2750.0,2840.0,2660.0,31446.0,
080530,2410.0,10000000.0,2425.0,2475.0,2385.0,4008.0,
069410,2600.0,31000000.0,2555.0,2645.0,2555.0,11891.0,
398120,2245.0,234000000.0,2000.0,2250.0,1990.0,109182.0,
013720,2185.0,16000000.0,2180.0,2205.0,2140.0,7197.0,
373170,1758.0,20000000.0,1784.0,1784.0,1743.0,11350.0,
290270,2755.0,25000000.0,2800.0,2825.0,2745.0,9092.0,
215790,657.0,406000000.0,663.0,687.0,652.0,609375.0,
032750,2930.0,15000000.0,2915.0,2970.0,2905.0,5286.0,
140430,2475.0,172000000.0,2510.0,2560.0,2440.0,69199.0,
123840,1700.0,5000000.0,1680.0,1787.0,1675.0,2933.0,
115530,3075.0,180000000.0,3085.0,3250.0,2950.0,58288.0,
139670,1868.0,18000000.0,1890.0,1960.0,1860.0,9607.0,
091970,3500.0,42000000.0,3695.0,3695.0,3435.0,11960.0,
016670,2585.0,47000000.0,2505.0,2615.0,2495.0,18278.0,
131220,3535.0,8000000.0,3505.0,3565.0,3505.0,2405.0,
053290,1593.0,2000000.0,1549.0,1639.0,1549.0,1442.0,
328380,3820.0,21000000.0,3925.0,4100.0,3765.0,5416.0,
043200,1250.0,68000000.0,1247.0,1259.0,1225.0,54653.0,
069140,1730.0,19000000.0,1810.0,1810.0,1726.0,10816.0,
193250,1950.0,37000000.0,1939.0,2010.0,1911.0,18964.0,
134060,5450.0,14000000.0,5380.0,5530.0,5380.0,2495.0,
047080,1047.0,11000000.0,1047.0,1060.0,1037.0,10998.0,
079000,3605.0,18000000.0,3650.0,3705.0,3605.0,4983.0,
052300,1596.0,921000000.0,1569.0,1770.0,1565.0,557006.0,
079190,1272.0,42000000.0,1226.0,1321.0,1226.0,32729.0,
103840,1579.0,39000000.0,1589.0,1589.0,1560.0,25068.0,
033050,806.0,10000000.0,805.0,817.0,803.0,12773.0,
138070,1465.0,15000000.0,1475.0,1483.0,1391.0,10629.0,
101680,3050.0,38000000.0,2965.0,3060.0,2905.0,12622.0,
376180,1377.0,15000000.0,1396.0,1399.0,1348.0,10679.0,
146060,1064.0,42000000.0,1060.0,1100.0,1036.0,38818.0,
389680,3060.0,224000000.0,2940.0,3110.0,2885.0,74248.0,
096690,6320.0,12000000.0,6250.0,6660.0,6250.0,1820.0,
363260,3950.0,50000000.0,4000.0,4050.0,3885.0,12497.0,
348030,2640.0,14000000.0,2720.0,2720.0,2635.0,5295.0,
001810,1141.0,11000000.0,1150.0,1157.0,1141.0,9632.0,
060380,1282.0,36000000.0,1275.0,1332.0,1272.0,27586.0,
027040,1814.0,283000000.0,1853.0,1870.0,1802.0,155429.0,
458350,2900.0,87000000.0,2930.0,2935.0,2885.0,30036.0,
238490,2225.0,14000000.0,2230.0,2260.0,2215.0,6381.0,
322780,1675.0,113000000.0,1687.0,1700.0,1526.0,70215.0,
105550,1599.0,20000000.0,1621.0,1621.0,1570.0,12541.0,
054090,1003.0,26000000.0,1012.0,1031.0,980.0,26145.0,
016100,1308.0,35000000.0,1282.0,1328.0,1261.0,26759.0,
083660,1423.0,31000000.0,1360.0,1425.0,1310.0,22653.0,
090150,5920.0,57000000.0,6100.0,6110.0,5820.0,9713.0,
351870,2220.0,39000000.0,2455.0,2455.0,2205.0,17135.0,
383930,1937.0,106000000.0,1880.0,1957.0,1813.0,56038.0,
290520,1572.0,205000000.0,1611.0,1709.0,1550.0,127293.0,
069920,1087.0,332000000.0,1100.0,1180.0,1045.0,299722.0,
368600,956.0,0.0,0.0,0.0,0.0,0.0,
070300,693.0,3412000000.0,859.0,859.0,630.0,4816983.0,
021880,1160.0,10000000.0,1159.0,1174.0,1149.0,8478.0,
191410,1580.0,270000000.0,1399.0,1600.0,1390.0,176506.0,
148780,3890.0,156000000.0,3815.0,3930.0,3815.0,40187.0,
044780,1314.0,33000000.0,1328.0,1377.0,1303.0,24808.0,
101400,1604.0,219000000.0,1616.0,1629.0,1559.0,138495.0,
123750,1758.0,25000000.0,1790.0,1796.0,1697.0,14337.0,
415380,2110.0,49000000.0,2090.0,2165.0,2010.0,23520.0,
060230,1235.0,66000000.0,1230.0,1279.0,1177.0,53805.0,
131180,4110.0,19000000.0,4140.0,4300.0,4110.0,4645.0,
355390,1514.0,239000000.0,1528.0,1573.0,1457.0,157567.0,
224060,4655.0,2263000000.0,4600.0,5400.0,4530.0,469609.0,
035200,2600.0,46000000.0,2585.0,2640.0,2575.0,17658.0,
020400,2625.0,35000000.0,2580.0,2635.0,2580.0,13210.0,
083640,5180.0,33000000.0,5290.0,5320.0,5180.0,6292.0,
038880,3155.0,55000000.0,3305.0,3380.0,3155.0,16572.0,
115160,5500.0,22000000.0,5350.0,5500.0,5350.0,4071.0,
208350,2920.0,32000000.0,2935.0,2950.0,2870.0,10976.0,
058110,1472.0,36000000.0,1488.0,1488.0,1438.0,24723.0,
177830,2085.0,22000000.0,2100.0,2110.0,2045.0,10628.0,
405920,1833.0,15000000.0,1775.0,1854.0,1774.0,8531.0,
039740,2940.0,22000000.0,2970.0,2980.0,2925.0,7294.0,
206560,927.0,32000000.0,949.0,986.0,927.0,33818.0,
464500,1680.0,24000000.0,1678.0,1703.0,1645.0,14253.0,
076080,1035.0,66000000.0,1100.0,1100.0,1033.0,63112.0,
318000,2670.0,21000000.0,2690.0,2705.0,2645.0,7703.0,
429270,3240.0,91000000.0,3300.0,3300.0,3200.0,28128.0,
267790,3025.0,13000000.0,3245.0,3245.0,3020.0,4149.0,
188040,4970.0,14000000.0,4945.0,5030.0,4840.0,2826.0,
032680,1004.0,140000000.0,1035.0,1035.0,988.0,140169.0,
257370,1851.0,26000000.0,1880.0,1892.0,1815.0,13923.0,
417180,4050.0,6000000.0,3830.0,4100.0,3830.0,1395.0,
365590,1254.0,42000000.0,1240.0,1289.0,1178.0,34051.0,
023790,1764.0,5568000000.0,1450.0,1764.0,1450.0,3228809.0,
378800,2490.0,229000000.0,2530.0,2530.0,2445.0,92958.0,
475660,2900.0,81000000.0,3100.0,3100.0,2795.0,27627.0,
223310,2825.0,62000000.0,2980.0,2980.0,2825.0,21814.0,
222980,2080.0,8000000.0,2110.0,2160.0,2055.0,3886.0,
027580,1933.0,89000000.0,1846.0,1974.0,1803.0,46552.0,
007720,1134.0,14000000.0,1123.0,1143.0,1102.0,12595.0,
187220,1983.0,9000000.0,1954.0,1984.0,1936.0,4608.0,
054940,3430.0,66000000.0,3490.0,3565.0,3355.0,19229.0,
298060,2360.0,4000000.0,2405.0,2440.0,2325.0,1646.0,
018680,1949.0,4000000.0,1957.0,1957.0,1914.0,2168.0,
215480,2115.0,179000000.0,2070.0,2125.0,2020.0,85264.0,
051380,1478.0,33000000.0,1497.0,1580.0,1476.0,21832.0,
065690,1883.0,40000000.0,1890.0,1890.0,1820.0,21619.0,
036480,5940.0,31000000.0,6090.0,6090.0,5780.0,5279.0,
013810,1540.0,67000000.0,1559.0,1586.0,1524.0,42985.0,
023770,2515.0,134000000.0,2510.0,2555.0,2440.0,54148.0,
033200,2435.0,9000000.0,2410.0,2435.0,2400.0,3888.0,
043590,1650.0,35000000.0,1765.0,1765.0,1635.0,20644.0,
032800,1481.0,8000000.0,1493.0,1493.0,1472.0,5170.0,
017250,1056.0,1000000.0,1060.0,1060.0,1045.0,1312.0,
377330,2720.0,18000000.0,2810.0,2835.0,2665.0,6400.0,
115570,2765.0,37000000.0,2710.0,2775.0,2690.0,13385.0,
237750,3390.0,9000000.0,3350.0,3410.0,3310.0,2745.0,
303530,3000.0,10000000.0,3030.0,3030.0,2965.0,3490.0,
192390,1839.0,50000000.0,1870.0,1870.0,1800.0,27509.0,
219750,1678.0,26000000.0,1694.0,1734.0,1630.0,15662.0,
032860,2710.0,16000000.0,2700.0,2740.0,2645.0,5746.0,
238200,2670.0,4000000.0,2795.0,2795.0,2620.0,1614.0,
352940,2005.0,38000000.0,2060.0,2095.0,1975.0,18696.0,
317120,1424.0,44000000.0,1426.0,1432.0,1406.0,31208.0,
032080,1010.0,0.0,0.0,0.0,0.0,0.0,
018700,1293.0,2000000.0,1312.0,1312.0,1263.0,1709.0,
045520,3310.0,30000000.0,3450.0,3490.0,3310.0,9021.0,
039310,1187.0,41000000.0,1184.0,1193.0,1162.0,35013.0,
053060,1216.0,57000000.0,1235.0,1249.0,1205.0,46694.0,
340440,756.0,0.0,0.0,0.0,0.0,0.0,
032280,1315.0,82000000.0,1335.0,1338.0,1312.0,61724.0,
424760,2105.0,59000000.0,2070.0,2120.0,2020.0,28637.0,
277410,5520.0,29000000.0,5540.0,5550.0,5420.0,5304.0,
065370,2870.0,9000000.0,2900.0,2960.0,2860.0,3085.0,
331520,2160.0,63000000.0,2305.0,2305.0,2110.0,29379.0,
054220,1680.0,76000000.0,1703.0,1705.0,1660.0,45205.0,
044480,3180.0,32000000.0,3260.0,3335.0,3150.0,9834.0,
432980,2460.0,26000000.0,2410.0,2565.0,2410.0,10412.0,
067730,2175.0,15000000.0,2195.0,2200.0,2140.0,6960.0,
241840,2190.0,35000000.0,2210.0,2250.0,2185.0,15880.0,
361670,3680.0,18000000.0,3650.0,3690.0,3600.0,4989.0,
247660,3980.0,262000000.0,4340.0,4340.0,3825.0,66371.0,
440320,2075.0,63000000.0,2100.0,2280.0,2065.0,29779.0,
024940,2065.0,66000000.0,2090.0,2090.0,2025.0,31981.0,
200230,2170.0,48000000.0,2155.0,2285.0,2135.0,21801.0,
344860,1365.0,45000000.0,1437.0,1437.0,1360.0,32951.0,
372800,2910.0,77000000.0,3000.0,3165.0,2910.0,26040.0,
130740,1810.0,54000000.0,1875.0,1875.0,1800.0,29926.0,
019660,1459.0,25000000.0,1466.0,1470.0,1434.0,17304.0,
353190,2575.0,6000000.0,2585.0,2585.0,2520.0,2267.0,
048830,1076.0,744000000.0,1060.0,1150.0,1041.0,692188.0,
043360,2235.0,22000000.0,2315.0,2315.0,2230.0,9481.0,
021040,925.0,18000000.0,940.0,940.0,904.0,19183.0,
362990,1194.0,19000000.0,1205.0,1205.0,1185.0,16129.0,
276730,848.0,96000000.0,940.0,970.0,848.0,109609.0,
009620,5720.0,528000000.0,5510.0,5720.0,5210.0,93434.0,
096870,2390.0,64000000.0,2300.0,2400.0,2260.0,27405.0,
095910,546.0,83000000.0,550.0,560.0,540.0,153089.0,
438700,1783.0,39000000.0,1832.0,1832.0,1765.0,21568.0,
275630,3780.0,17000000.0,3870.0,3905.0,3710.0,4562.0,
069330,1169.0,21000000.0,1167.0,1257.0,1122.0,17755.0,
289220,885.0,33000000.0,935.0,935.0,870.0,36405.0,
301300,1492.0,41000000.0,1567.0,1624.0,1491.0,27312.0,
080470,2680.0,34000000.0,2700.0,2725.0,2665.0,12492.0,
073190,1622.0,0.0,0.0,0.0,0.0,0.0,
227610,1000.0,13000000.0,1020.0,1020.0,951.0,13520.0,
085810,1367.0,35000000.0,1315.0,1406.0,1315.0,25975.0,
050760,1182.0,25000000.0,1185.0,1195.0,1169.0,21313.0,
063760,2070.0,197000000.0,2200.0,2205.0,2050.0,93041.0,
098660,1542.0,3000000.0,1567.0,1567.0,1542.0,2186.0,
342870,3525.0,8000000.0,3530.0,3530.0,3470.0,2182.0,
214610,2290.0,0.0,0.0,0.0,0.0,0.0,
038530,3705.0,28000000.0,3765.0,3800.0,3660.0,7391.0,
353590,1488.0,12000000.0,1467.0,1488.0,1434.0,8615.0,
088290,2400.0,15000000.0,2320.0,2405.0,2285.0,6397.0,
347770,844.0,30000000.0,835.0,880.0,818.0,35799.0,
113810,2925.0,37000000.0,2900.0,2980.0,2880.0,12702.0,
110020,2105.0,10000000.0,2000.0,2110.0,1985.0,5110.0,
083470,890.0,23000000.0,879.0,902.0,867.0,25932.0,
079950,1376.0,95000000.0,1352.0,1389.0,1299.0,70540.0,
065150,1189.0,9000000.0,1181.0,1199.0,1165.0,7224.0,
405000,3525.0,8000000.0,3665.0,3700.0,3435.0,2371.0,
154030,1562.0,6000000.0,1593.0,1593.0,1558.0,3791.0,
252500,2265.0,17000000.0,2235.0,2275.0,2220.0,7666.0,
018620,2710.0,9000000.0,2700.0,2725.0,2645.0,3221.0,
115610,1586.0,45000000.0,1623.0,1628.0,1579.0,28396.0,
031860,6930.0,0.0,0.0,0.0,0.0,0.0,
274400,2040.0,17000000.0,2050.0,2055.0,1970.0,8500.0,
014100,1567.0,70000000.0,1610.0,1610.0,1512.0,45804.0,
084440,4830.0,10000000.0,4980.0,4980.0,4830.0,2082.0,
065060,3075.0,12000000.0,3145.0,3145.0,3000.0,3809.0,
455180,1250.0,12000000.0,1270.0,1270.0,1220.0,9978.0,
403490,2000.0,57000000.0,2010.0,2090.0,1983.0,27812.0,
026910,2315.0,125000000.0,2330.0,2350.0,2110.0,55108.0,
195990,1120.0,17000000.0,1150.0,1150.0,1120.0,14841.0,
056730,1226.0,32000000.0,1220.0,1242.0,1176.0,26100.0,
196700,1251.0,13000000.0,1269.0,1269.0,1251.0,10129.0,
078860,2905.0,138000000.0,2950.0,3050.0,2810.0,46896.0,
365900,2450.0,68000000.0,2525.0,2555.0,2450.0,27413.0,
279600,3820.0,7000000.0,3885.0,3890.0,3820.0,1720.0,
419540,3000.0,24000000.0,3050.0,3050.0,2955.0,8172.0,
137940,1821.0,23000000.0,1824.0,1826.0,1730.0,12886.0,
131100,2765.0,272000000.0,2820.0,3100.0,2735.0,94454.0,
051780,2340.0,154000000.0,2175.0,2390.0,2115.0,67847.0,
154040,8180.0,70000000.0,8430.0,8710.0,8000.0,8591.0,
037400,3360.0,9000000.0,3350.0,3370.0,3335.0,2783.0,
054410,3055.0,39000000.0,3240.0,3255.0,2995.0,12578.0,
900120,1040.0,0.0,0.0,0.0,0.0,0.0,
210120,1779.0,143000000.0,1800.0,1856.0,1743.0,80421.0,
0197V0,1900.0,172000000.0,1885.0,1901.0,1884.0,90899.0,
373110,985.0,40000000.0,1002.0,1002.0,984.0,40836.0,
482680,2055.0,0.0,0.0,0.0,0.0,0.0,
477380,2080.0,13000000.0,2080.0,2085.0,2070.0,6070.0,
241820,6040.0,0.0,0.0,0.0,0.0,0.0,
009730,2090.0,107000000.0,2030.0,2100.0,1955.0,52554.0,
0200G0,1895.0,528000000.0,1886.0,1895.0,1881.0,279799.0,
285800,4440.0,92000000.0,4620.0,4620.0,4355.0,20725.0,
034940,2545.0,100000000.0,2620.0,2660.0,2530.0,38962.0,
309930,816.0,42000000.0,823.0,846.0,799.0,51688.0,
376930,1514.0,88000000.0,1598.0,1598.0,1481.0,58129.0,
477340,2065.0,37000000.0,2060.0,2065.0,2060.0,17786.0,
0072Z0,1966.0,32000000.0,1964.0,1984.0,1964.0,15966.0,
0130H0,1998.0,25000000.0,1973.0,1998.0,1970.0,12321.0,
0101C0,1981.0,24000000.0,1956.0,1982.0,1953.0,12024.0,
065650,1395.0,34000000.0,1469.0,1545.0,1395.0,23805.0,
225590,2975.0,99000000.0,3040.0,3100.0,2955.0,33008.0,
030350,973.0,0.0,0.0,0.0,0.0,0.0,
0044K0,1993.0,73000000.0,1986.0,1994.0,1970.0,36539.0,
418620,580.0,222000000.0,622.0,640.0,580.0,373310.0,
475460,2620.0,35000000.0,2630.0,2660.0,2585.0,13258.0,
473050,2105.0,714000000.0,2105.0,2105.0,2100.0,339354.0,
0115H0,1979.0,11000000.0,1995.0,1997.0,1975.0,5688.0,
489480,2200.0,0.0,0.0,0.0,0.0,0.0,
060900,2205.0,236000000.0,2380.0,2380.0,2160.0,106343.0,
478440,2070.0,6000000.0,2060.0,2070.0,2060.0,2836.0,
050090,608.0,570000000.0,513.0,620.0,512.0,976678.0,
101000,1443.0,247000000.0,1700.0,1720.0,1442.0,156606.0,
479880,2070.0,11000000.0,2070.0,2075.0,2065.0,5153.0,
335870,4230.0,42000000.0,4350.0,4785.0,4225.0,9458.0,
0165X0,1936.0,28000000.0,1926.0,1938.0,1926.0,14651.0,
306040,1499.0,35000000.0,1525.0,1547.0,1471.0,23280.0,
060480,1250.0,183000000.0,1375.0,1401.0,1228.0,137695.0,
0099W0,1978.0,24000000.0,1964.0,1983.0,1954.0,12183.0,
239340,2550.0,20000000.0,3035.0,3035.0,2525.0,7781.0,
035620,737.0,85000000.0,768.0,768.0,725.0,114842.0,
304840,561.0,0.0,0.0,0.0,0.0,0.0,
352770,5250.0,0.0,0.0,0.0,0.0,0.0,
0209J0,1887.0,744000000.0,1886.0,1893.0,1880.0,394761.0,
177350,1357.0,172000000.0,1450.0,1493.0,1242.0,126497.0,
244460,1651.0,0.0,0.0,0.0,0.0,0.0,
092600,2650.0,343000000.0,2800.0,2900.0,2555.0,127575.0,
0134X0,1969.0,50000000.0,1964.0,1983.0,1964.0,25144.0,
481890,2070.0,16000000.0,2070.0,2070.0,2065.0,7561.0,
0164H0,1943.0,37000000.0,1944.0,1949.0,1935.0,19215.0,
469480,3100.0,761000000.0,3245.0,3355.0,3025.0,240315.0,
0096B0,1986.0,12000000.0,1984.0,1987.0,1961.0,6176.0,
0099X0,2180.0,943000000.0,2230.0,2350.0,2135.0,423569.0,
498390,2625.0,1380000000.0,2650.0,2890.0,2550.0,509229.0,
489730,2045.0,29000000.0,2045.0,2050.0,2040.0,14145.0,
0097F0,1987.0,24000000.0,1959.0,1992.0,1958.0,11956.0,
478390,2070.0,21000000.0,2075.0,2075.0,2065.0,10110.0,
054180,2295.0,0.0,0.0,0.0,0.0,0.0,
492220,2035.0,113000000.0,2035.0,2040.0,2015.0,55772.0,
0037T0,1993.0,26000000.0,1980.0,1998.0,1975.0,12853.0,
482520,2065.0,0.0,0.0,0.0,0.0,0.0,
103230,1746.0,181000000.0,1964.0,1964.0,1700.0,102859.0,
0093G0,1962.0,26000000.0,1974.0,1987.0,1951.0,12934.0,
028080,5170.0,0.0,0.0,0.0,0.0,0.0,
0054V0,2005.0,17000000.0,1980.0,2005.0,1980.0,8592.0,
0131D0,1958.0,23000000.0,1958.0,1974.0,1950.0,11688.0,
065570,764.0,0.0,0.0,0.0,0.0,0.0,
0091W0,2025.0,40000000.0,2040.0,2040.0,2010.0,19924.0,
477760,2075.0,4000000.0,2065.0,2075.0,2060.0,2040.0,
0041L0,1999.0,27000000.0,1991.0,1999.0,1956.0,13606.0,
0088D0,2080.0,17000000.0,2050.0,2080.0,2035.0,8190.0,
303030,1299.0,48000000.0,1340.0,1340.0,1207.0,37455.0,
377220,2100.0,52000000.0,2150.0,2270.0,2025.0,24598.0,
0132G0,1990.0,10000000.0,1991.0,1991.0,1972.0,5047.0,
469900,2100.0,495000000.0,2100.0,2105.0,2100.0,235529.0,
482690,2075.0,21000000.0,2060.0,2080.0,2060.0,10258.0,
474660,2085.0,25000000.0,2090.0,2090.0,2085.0,11813.0,
474490,2085.0,10000000.0,2080.0,2090.0,2080.0,4561.0,
487360,2035.0,49000000.0,2025.0,2035.0,2025.0,23889.0,
0071M0,1991.0,81000000.0,1963.0,1991.0,1963.0,40714.0,
208640,816.0,98000000.0,805.0,820.0,761.0,123442.0,
477470,2070.0,91000000.0,2070.0,2070.0,2060.0,44354.0,
0105P0,1993.0,19000000.0,1985.0,1994.0,1951.0,9799.0,
496070,2000.0,15000000.0,2000.0,2010.0,1986.0,7640.0,
289010,804.0,269000000.0,861.0,935.0,775.0,330471.0,
060260,835.0,23000000.0,827.0,855.0,827.0,27028.0,
0129K0,1978.0,26000000.0,1966.0,1982.0,1966.0,13355.0,
0096D0,1991.0,26000000.0,1952.0,1991.0,1952.0,13189.0,
486630,2055.0,31000000.0,2045.0,2055.0,2045.0,14905.0,
0098T0,2000.0,12000000.0,1999.0,2000.0,1995.0,5957.0,
493790,2025.0,13000000.0,2020.0,2025.0,2010.0,6431.0,
006050,3065.0,141000000.0,3180.0,3180.0,2990.0,46487.0,
489210,2050.0,13000000.0,2045.0,2055.0,2040.0,6254.0,
0004Y0,1997.0,32000000.0,2000.0,2010.0,1997.0,15807.0,
043100,520.0,0.0,0.0,0.0,0.0,0.0,
0130D0,1956.0,12000000.0,1970.0,1970.0,1951.0,6152.0,
478110,2055.0,39000000.0,2055.0,2055.0,2050.0,19160.0,
142760,485.0,54000000.0,499.0,499.0,463.0,110994.0,
466690,2000.0,6000000.0,2000.0,2005.0,1995.0,2961.0,
305090,538.0,0.0,0.0,0.0,0.0,0.0,
0041B0,2010.0,5000000.0,1993.0,2015.0,1993.0,2449.0,
131760,1155.0,258000000.0,1211.0,1244.0,1100.0,219886.0,
488060,2040.0,18000000.0,2040.0,2050.0,2035.0,8875.0,
106080,1650.0,0.0,0.0,0.0,0.0,0.0,
484130,2025.0,29000000.0,2030.0,2045.0,2025.0,14396.0,
473950,2055.0,8000000.0,2055.0,2060.0,2050.0,3748.0,
065770,854.0,67000000.0,880.0,920.0,839.0,78529.0,
012340,404.0,67000000.0,419.0,421.0,400.0,162309.0,
487830,2035.0,23000000.0,2040.0,2040.0,2025.0,11476.0,
468760,2080.0,0.0,0.0,0.0,0.0,0.0,
472230,2105.0,547000000.0,2105.0,2110.0,2100.0,260016.0,
487720,2050.0,31000000.0,2045.0,2050.0,2040.0,14916.0,
0068Y0,1985.0,31000000.0,1990.0,1990.0,1963.0,15400.0,
0041J0,1996.0,10000000.0,1993.0,1996.0,1990.0,5090.0,
03481K,5870.0,8000000.0,5910.0,5940.0,5770.0,1425.0,
087260,247.0,0.0,0.0,0.0,0.0,0.0,
001000,1639.0,55000000.0,1756.0,1756.0,1581.0,33400.0,
240600,937.0,74000000.0,999.0,999.0,893.0,78759.0,
475250,2095.0,15000000.0,2085.0,2095.0,2085.0,7196.0,
079970,596.0,0.0,0.0,0.0,0.0,0.0,
067770,908.0,283000000.0,1035.0,1035.0,908.0,291357.0,
474930,2090.0,18000000.0,2095.0,2095.0,2090.0,8789.0,
354200,840.0,726000000.0,933.0,945.0,800.0,851538.0,
288980,201.0,243000000.0,205.0,220.0,196.0,1178200.0,
065420,940.0,0.0,0.0,0.0,0.0,0.0,
276040,327.0,0.0,0.0,0.0,0.0,0.0,
473000,2075.0,10000000.0,2075.0,2085.0,2075.0,4895.0,
475240,2090.0,27000000.0,2090.0,2095.0,2090.0,12964.0,
308100,257.0,235000000.0,271.0,277.0,246.0,912963.0,
900100,1096.0,0.0,0.0,0.0,0.0,0.0,
291810,409.0,35000000.0,409.0,409.0,409.0,86534.0,
044180,205.0,0.0,0.0,0.0,0.0,0.0,
313760,468.0,0.0,0.0,0.0,0.0,0.0,
052770,312.0,0.0,0.0,0.0,0.0,0.0,
225430,698.0,0.0,0.0,0.0,0.0,0.0,
025870,1059.0,0.0,0.0,0.0,0.0,0.0,
084180,210.0,715000000.0,206.0,258.0,206.0,3111385.0,
199730,678.0,30000000.0,660.0,697.0,620.0,45634.0,
250930,479.0,73000000.0,545.0,573.0,460.0,144266.0,
058450,559.0,73000000.0,580.0,594.0,517.0,131291.0,
011080,362.0,184000000.0,457.0,470.0,362.0,434317.0,
035290,384.0,0.0,0.0,0.0,0.0,0.0,
021045,1985.0,4000000.0,1994.0,1994.0,1931.0,1836.0,
196490,99.0,159000000.0,82.0,121.0,82.0,1602393.0,
312610,42.0,104000000.0,45.0,52.0,39.0,2389826.0,
032685,5600.0,8000000.0,5560.0,5820.0,5560.0,1390.0,
