종목코드,현재가,거래대금,시가,고가,저가,거래량,NXT거래대금
005930,272000.0,3469186000000.0,278500.0,279000.0,270000.0,12671704.0,1444563000000.0
000660,1773000.0,4740625000000.0,1835000.0,1837000.0,1771000.0,2643759.0,1782696000000.0
005935,198200.0,471417000000.0,202000.0,202500.0,197100.0,2364925.0,
402340,1161000.0,678039000000.0,1174000.0,1199000.0,1140000.0,579821.0,205784000000.0
009150,1675000.0,1209653000000.0,1628000.0,1685000.0,1616000.0,727497.0,890531000000.0
373220,390000.0,168601000000.0,372000.0,391000.0,367500.0,438390.0,69594000000.0
005380,348000.0,138279000000.0,349500.0,353000.0,345000.0,396683.0,110130000000.0
207940,1310000.0,102881000000.0,1355000.0,1363000.0,1300000.0,78256.0,18377000000.0
105560,166900.0,137547000000.0,167400.0,168700.0,165300.0,823308.0,10775000000.0
032830,285000.0,66630000000.0,293000.0,295500.0,281000.0,234275.0,11433000000.0
028260,342000.0,86934000000.0,353500.0,353500.0,340000.0,252936.0,19671000000.0
012450,1023000.0,138969000000.0,1092000.0,1111000.0,1016000.0,134112.0,57651000000.0
034020,81500.0,158322000000.0,81600.0,81700.0,80700.0,1952131.0,115297000000.0
055550,103600.0,76386000000.0,105000.0,105600.0,102900.0,736964.0,6745999999.999999
006400,575000.0,351499000000.0,537000.0,575000.0,535000.0,624827.0,299227000000.0
329180,420500.0,70298000000.0,428500.0,429000.0,418000.0,167165.0,30699000000.0
000270,112600.0,68605000000.0,114000.0,114300.0,111800.0,608800.0,14324000000.0
034730,586000.0,69296000000.0,575000.0,592000.0,565000.0,119076.0,22616000000.0
068270,182400.0,62218000000.0,185200.0,186800.0,181100.0,339066.0,23153000000.0
066570,232500.0,278018000000.0,227000.0,235000.0,226000.0,1205268.0,374333000000.0
086790,128700.0,63256000000.0,129200.0,129700.0,127800.0,491431.0,4040000000.0
012330,380000.0,80601000000.0,388500.0,389000.0,377000.0,211629.0,51388000000.0
010120,217500.0,102366000000.0,213000.0,217500.0,209000.0,478301.0,83621000000.0
035420,191100.0,89973000000.0,194300.0,194700.0,190300.0,468968.0,60757000000.00001
000810,635000.0,51452000000.0,645000.0,645000.0,624000.0,81500.0,1898000000.0
096770,158000.0,129452000000.0,151800.0,158000.0,147000.0,842932.0,62030999999.99999
042700,278000.0,129952000000.0,280000.0,281500.0,273000.0,469562.0,174880000000.0
298040,2807000.0,94551000000.0,2821000.0,2833000.0,2767000.0,33832.0,36081000000.0
069500,110745.0,2667024000000.0,,,,,
005490,318000.0,68640000000.0,314000.0,318000.0,310500.0,217814.0,36585000000.0
267260,683000.0,52756000000.0,692000.0,697000.0,676000.0,77217.0,24986000000.0
316140,33400.0,64002000000.0,33750.0,33800.0,33100.0,1918660.0,11364000000.0
000150,1468000.0,191782000000.0,1439000.0,1491000.0,1427000.0,131404.0,133122000000.0
042660,77200.0,48714000000.0,79000.0,79200.0,77000.0,628591.0,44190000000.0
010130,1109000.0,13418000000.0,1105000.0,1110000.0,1080000.0,12215.0,7302000000.0
009540,318500.0,52002000000.0,327000.0,328000.0,315000.0,163083.0,9014000000.0
138040,129900.0,16187000000.0,130000.0,131000.0,128400.0,124675.0,1215000000.0
360750,25975.0,765807000000.0,,,,,
011200,21450.0,14209000000.0,21450.0,21600.0,21200.0,665118.0,6423999999.999999
051910,279000.0,54075000000.0,266000.0,279500.0,261500.0,197891.0,18265000000.0
015760,30300.0,26819000000.0,30150.0,30300.0,29950.0,888481.0,10244000000.0
017670,88400.0,36228000000.0,88500.0,89400.0,87300.0,411017.0,22278000000.0
010950,165300.0,63378000000.0,167800.0,167800.0,154300.0,388958.0,20639000000.0
033780,176400.0,36661000000.0,179300.0,179300.0,175300.0,207954.0,2522000000.0
003670,204500.0,103874000000.0,189500.0,206000.0,188800.0,523556.0,56187000000.0
003550,115400.0,19072000000.0,114100.0,115900.0,112700.0,166155.0,3315999999.9999995
006800,31950.0,43057000000.0,32400.0,33400.0,31650.0,1330268.0,27508000000.0
010140,19700.0,48606000000.0,20150.0,20150.0,19600.0,2461532.0,33962000000.0
018260,219500.0,20747000000.0,222000.0,222000.0,217000.0,94811.0,12703000000.0
024110,20200.0,13659000000.0,20350.0,20350.0,20050.0,678471.0,2957000000.0
079550,703000.0,71657000000.0,765000.0,773000.0,700000.0,99647.0,34996000000.0
272210,81700.0,102111000000.0,86200.0,89600.0,79700.0,1238076.0,76869000000.0
267250,195300.0,38107000000.0,204500.0,207000.0,194100.0,193621.0,7592000000.0
011070,644000.0,269566000000.0,595000.0,644000.0,593000.0,432116.0,177879000000.0
086280,201000.0,14868000000.0,203000.0,204500.0,199600.0,74136.0,5416000000.0
035720,33500.0,37977000000.0,33700.0,33750.0,33300.0,1134588.0,
278470,361000.0,85336000000.0,369500.0,374000.0,356500.0,235791.0,30774000000.0
030200,51500.0,14874000000.0,52000.0,52200.0,51400.0,288224.0,2577000000.0
047810,129200.0,31204000000.0,134100.0,134300.0,128600.0,240101.0,18806000000.0
000720,112900.0,62216000000.0,115100.0,116600.0,112600.0,547506.0,36300000000.0
064350,112400.0,40225000000.0,116900.0,116900.0,111200.0,357014.0,18115000000.0
133690,185250.0,995436000000.0,,,,,
005830,182900.0,17048000000.0,188000.0,188000.0,180900.0,93416.0,1977000000.0
003490,31150.0,48907000000.0,31000.0,31400.0,30200.0,1591876.0,
307950,388000.0,14524000000.0,389500.0,394500.0,385000.0,37343.0,13777000000.000002
396500,40110.0,284459000000.0,,,,,
379800,23605.0,635683000000.0,,,,,
102110,111055.0,1469542000000.0,,,,,
488770,105735.0,53591000000.0,,,,,
443060,226500.0,22697000000.0,235000.0,237000.0,220000.0,101435.0,3067000000.0
379810,27705.0,601919000000.0,,,,,
047050,57300.0,16634000000.0,56800.0,57600.0,55900.0,291922.0,13999000000.0
071050,178000.0,23237000000.0,183500.0,184100.0,177000.0,129682.0,3886000000.0
005940,26650.0,8545000000.0,27050.0,27350.0,26450.0,319932.0,1948999999.9999998
078930,105800.0,36182000000.0,104500.0,106100.0,99400.0,349266.0,4629000000.0
000500,327000.0,44841000000.0,329000.0,334000.0,321000.0,137046.0,56073000000.0
007660,131900.0,186942000000.0,127500.0,134800.0,126900.0,1416014.0,144662000000.0
323410,20100.0,13977000000.0,19840.0,20100.0,19710.0,699848.0,3053000000.0
028050,48050.0,54854000000.0,48000.0,48400.0,47550.0,1144497.0,
006260,299500.0,46299000000.0,300500.0,305500.0,294000.0,155720.0,18645000000.0
0126Z0,371500.0,10547000000.0,369000.0,374500.0,360000.0,28589.0,6020000000.0
259960,200500.0,14635000000.0,200000.0,200500.0,195600.0,73787.0,1461000000.0
003230,1210000.0,39608000000.0,1215000.0,1223000.0,1182000.0,33090.0,17005000000.000002
180640,134500.0,7813000000.0,133500.0,135000.0,130400.0,58853.0,1852000000.0
009830,37000.0,144904000000.0,36450.0,37500.0,35100.0,3954323.0,
016360,89100.0,29525000000.0,91000.0,91700.0,88100.0,331584.0,9338000000.0
353200,157900.0,166612000000.0,153100.0,158200.0,149500.0,1074391.0,
278530,40165.0,23036000000.0,,,,,
090430,133200.0,31337000000.0,133400.0,134500.0,129000.0,239513.0,5362000000.0
161390,60400.0,9463000000.0,60800.0,60800.0,59500.0,157604.0,796000000.0
047040,17750.0,65916000000.0,17700.0,18160.0,17630.0,3705713.0,
062040,235000.0,77155000000.0,231500.0,238000.0,225000.0,332624.0,75256000000.0
021240,100800.0,17905000000.0,102100.0,103000.0,98600.0,178877.0,1517000000.0
064400,73600.0,41658000000.0,73100.0,75000.0,72700.0,566505.0,
459580,1073860.0,1012710000000.0,,,,,
352820,157000.0,19271000000.0,156100.0,159500.0,155700.0,122751.0,8844000000.0
000880,126500.0,9391000000.0,129900.0,133200.0,124800.0,73797.0,2902000000.0
128940,523000.0,44286000000.0,505000.0,527000.0,498000.0,86518.0,28899000000.0
039490,253000.0,14832000000.0,260000.0,261500.0,251000.0,58352.0,3640999999.9999995
091160,151060.0,233618000000.0,,,,,
381180,46245.0,51399000000.0,,,,,
001440,31750.0,77433000000.0,31950.0,32900.0,31200.0,2436617.0,
032640,14560.0,8146000000.0,14620.0,14710.0,14430.0,559744.0,606000000.0
005387,179600.0,16373000000.0,176000.0,180100.0,175900.0,91576.0,
000990,139700.0,71046000000.0,143000.0,143100.0,136800.0,511446.0,47662000000.0
0167A0,19640.0,209270000000.0,,,,,
498400,20670.0,147874000000.0,,,,,
326030,76600.0,7303000000.0,77500.0,78000.0,75500.0,95699.0,4688000000.0
122630,111805.0,1355543000000.0,,,,,
267270,118500.0,29054000000.0,118300.0,119300.0,116000.0,247293.0,12142000000.0
000100,76300.0,14904000000.0,74500.0,76900.0,74400.0,196329.0,4753000000.0
011790,111700.0,44638000000.0,106500.0,112700.0,104100.0,404899.0,29908999999.999996
377300,40450.0,4940000000.0,40500.0,40800.0,39950.0,122585.0,3099000000.0
175330,28650.0,8657000000.0,29050.0,29150.0,28300.0,303079.0,1110000000.0
241560,55400.0,8064000000.0,55800.0,55900.0,54800.0,145929.0,1243000000.0
229200,15850.0,431059000000.0,,,,,
066970,124100.0,82085000000.0,117400.0,125000.0,115300.0,671708.0,64685000000.0
052690,128800.0,31932000000.0,125800.0,128900.0,124600.0,251251.0,32838000000.0
138930,16010.0,10131000000.0,15980.0,16190.0,15730.0,633536.0,859000000.0
454910,74800.0,36493000000.0,73100.0,76350.0,72400.0,485908.0,
036570,224000.0,66123000000.0,239500.0,239500.0,222000.0,291808.0,28372000000.000004
029780,41650.0,2392000000.0,42300.0,42350.0,41600.0,57227.0,648000000.0
088980,9730.0,6442000000.0,9790.0,9820.0,9720.0,659841.0,
310970,49700.0,573000000.0,,,,,
088350,5310.0,7919000000.0,5350.0,5420.0,5270.0,1485923.0,
010060,244500.0,52386000000.0,243500.0,247500.0,233500.0,216799.0,49532000000.0
148020,111745.0,121662000000.0,,,,,
034220,8570.0,20267000000.0,8640.0,8710.0,8510.0,2359538.0,
395160,43290.0,142406000000.0,,,,,
271560,106500.0,8635000000.0,105700.0,106600.0,104900.0,81744.0,1159000000.0
103590,87900.0,32005000000.0,87100.0,89200.0,85800.0,366158.0,38764000000.0
458730,13975.0,31480000000.0,,,,,
0162Z0,13775.0,62343000000.0,,,,,
002380,478000.0,5739000000.0,472500.0,479000.0,472000.0,12058.0,1376000000.0
005385,179300.0,10268000000.0,176900.0,180300.0,175400.0,57474.0,
233740,8710.0,578812000000.0,,,,,
001450,46900.0,12522000000.0,47950.0,47950.0,46300.0,267569.0,1639999999.9999998
004020,29950.0,23555000000.0,30100.0,30650.0,29700.0,784555.0,7283000000.0
018880,3890.0,54819000000.0,3835.0,4025.0,3765.0,13906763.0,
360200,26260.0,16038000000.0,,,,,
051900,265500.0,14919000000.0,271500.0,273000.0,261000.0,56494.0,3844000000.0
082740,47450.0,29799000000.0,48850.0,49000.0,46650.0,629480.0,18529000000.0
008930,57600.0,10394000000.0,55000.0,57700.0,54200.0,183472.0,5102000000.0
381170,31880.0,29117000000.0,,,,,
357870,58160.0,10362000000.0,,,,,
395270,62000.0,71612000000.0,,,,,
001040,130000.0,10251000000.0,131600.0,131900.0,127700.0,79200.0,1486000000.0
411060,24970.0,33006000000.0,,,,,
367380,31845.0,20539000000.0,,,,,
273130,110400.0,1623000000.0,,,,,
423160,110725.0,8409000000.0,,,,,
102780,27085.0,11736000000.0,,,,,
192820,298000.0,52912000000.0,271500.0,298500.0,264500.0,186945.0,12334000000.0
022100,21900.0,7519000000.0,21200.0,21950.0,21050.0,346382.0,5597000000.0
036460,35950.0,2947000000.0,35850.0,36200.0,35600.0,82153.0,585000000.0
487240,37465.0,75921000000.0,,,,,
161890,138900.0,48942000000.0,137000.0,140800.0,133100.0,360413.0,23940000000.0
0043B0,103880.0,15466000000.0,,,,,
012750,84700.0,4530000000.0,84500.0,85400.0,83400.0,53768.0,355000000.0
028670,6000.0,18767000000.0,6240.0,6320.0,5930.0,3119614.0,
336260,47500.0,20705000000.0,46050.0,47600.0,45200.0,447270.0,19352000000.0
004170,326500.0,16500000000.0,332500.0,333000.0,321000.0,50856.0,4877000000.0
035250,14310.0,1822000000.0,14300.0,14400.0,14250.0,127457.0,516000000.0
111770,67700.0,6192000000.0,66800.0,68300.0,66800.0,91821.0,636000000.0
014680,277500.0,15940000000.0,276000.0,284000.0,269500.0,57736.0,2132000000.0
011780,118700.0,5330000000.0,118300.0,119000.0,116400.0,45066.0,1067000000.0
139130,18820.0,5557000000.0,18700.0,18850.0,18520.0,297362.0,181000000.0
455890,55645.0,9665000000.0,,,,,
031210,41900.0,1252000000.0,42100.0,42350.0,41750.0,29866.0,338000000.0
302440,37250.0,2222000000.0,36700.0,37800.0,36650.0,59843.0,1609000000.0
007340,49650.0,3883000000.0,50500.0,51300.0,49200.0,77374.0,1976000000.0000002
017800,73300.0,6821000000.0,73300.0,73400.0,72400.0,93497.0,1285000000.0
251270,34450.0,6715000000.0,35450.0,35450.0,34050.0,195650.0,1306000000.0
375500,74000.0,14314000000.0,75300.0,75900.0,73700.0,192286.0,
020150,54200.0,28308000000.0,51400.0,55000.0,51400.0,526011.0,28864000000.0
139260,148795.0,43164000000.0,,,,,
023530,100000.0,8598000000.0,102700.0,102800.0,98000.0,86673.0,1671000000.0
006360,33050.0,27107000000.0,33200.0,33550.0,32800.0,820296.0,
450080,39700.0,21023000000.0,38750.0,40400.0,37950.0,534339.0,
472150,20280.0,65397000000.0,,,,,
085620,20400.0,2283000000.0,19700.0,20500.0,19560.0,113546.0,
383220,71300.0,2381000000.0,69200.0,71300.0,69200.0,33785.0,814000000.0
097950,180100.0,5208000000.0,179600.0,180900.0,178100.0,29084.0,1310000000.0
426030,48635.0,29809000000.0,,,,,
481050,1022095.0,37497000000.0,,,,,
486290,10610.0,16468000000.0,,,,,
004800,157700.0,1363000000.0,158600.0,159900.0,157100.0,8617.0,381000000.0
026960,26450.0,5145000000.0,27550.0,27900.0,26200.0,188034.0,2247000000.0
011170,61600.0,4487000000.0,61200.0,61700.0,60100.0,73514.0,1742000000.0000002
489790,51300.0,10341000000.0,52100.0,52500.0,50800.0,201677.0,8715000000.0
003690,14450.0,1739000000.0,14430.0,14570.0,14290.0,120778.0,364000000.0
457190,84200.0,22636000000.0,82100.0,84800.0,80500.0,271992.0,30801000000.0
009420,47800.0,10704000000.0,46100.0,48750.0,45850.0,224295.0,5033000000.0
112610,57500.0,32205000000.0,55900.0,58100.0,54200.0,562037.0,
278540,39390.0,773000000.0,,,,,
005850,52000.0,4081000000.0,52600.0,52900.0,51500.0,78590.0,1090000000.0
004370,396000.0,5362000000.0,404000.0,404000.0,391000.0,13597.0,1793000000.0
000240,25300.0,611000000.0,25450.0,25550.0,25050.0,24267.0,73000000.0
018670,258000.0,8650000000.0,241000.0,262000.0,239500.0,33942.0,2143000000.0
161510,24410.0,14339000000.0,,,,,
449170,112070.0,7318000000.0,,,,,
001720,142100.0,2349000000.0,139900.0,144800.0,139300.0,16679.0,461000000.00000006
004990,23350.0,3023000000.0,23850.0,23850.0,23150.0,129227.0,1098000000.0
483650,182900.0,17163000000.0,183400.0,188000.0,177700.0,95358.0,7898000000.0
005440,12450.0,4366000000.0,12710.0,12750.0,12370.0,348532.0,824000000.0
204320,47650.0,17398000000.0,47400.0,48150.0,46650.0,367655.0,
279570,5510.0,2731000000.0,5400.0,5550.0,5390.0,497861.0,
282330,127300.0,3252000000.0,128300.0,129500.0,126100.0,25569.0,159000000.0
385540,103465.0,417000000.0,,,,,
0193T0,10700.0,155058000000.0,,,,,
030000,18650.0,5735000000.0,18710.0,18810.0,18560.0,307660.0,734000000.0
456600,59560.0,17321000000.0,,,,,
007810,88700.0,54188000000.0,84500.0,90000.0,83400.0,617044.0,69449000000.0
281820,107400.0,37297000000.0,92100.0,108000.0,90400.0,369282.0,25523000000.0
103140,75400.0,15140000000.0,79600.0,80000.0,75200.0,197521.0,5047000000.0
009970,162400.0,1679000000.0,166500.0,166500.0,160500.0,10360.0,240000000.0
305720,15985.0,110596000000.0,,,,,
229640,67400.0,9683000000.0,67000.0,67800.0,65000.0,145868.0,9979000000.0
081660,38850.0,2596000000.0,39100.0,39150.0,38250.0,67060.0,279000000.0
051600,45350.0,3680000000.0,45450.0,46600.0,44850.0,81407.0,1717000000.0000002
139480,71800.0,3173000000.0,72000.0,72600.0,71400.0,44186.0,1058000000.0
284430,20515.0,7230000000.0,,,,,
292150,38690.0,14293000000.0,,,,,
214980,114585.0,6094000000.0,,,,,
002790,25350.0,2098000000.0,25300.0,25550.0,24750.0,83917.0,287000000.0
073240,6690.0,5683000000.0,6900.0,6920.0,6610.0,845086.0,3346000000.0
000155,480000.0,5319000000.0,470500.0,486500.0,469000.0,11106.0,
069960,87800.0,6524000000.0,88800.0,89200.0,86200.0,74824.0,1406000000.0
181710,58200.0,7690000000.0,58000.0,58900.0,56300.0,133512.0,2310000000.0
007070,22200.0,1755000000.0,22200.0,22300.0,21900.0,79548.0,342000000.0
089860,51000.0,3642000000.0,51200.0,52000.0,49900.0,72075.0,1303000000.0
439260,47600.0,2964000000.0,46300.0,48350.0,46300.0,62218.0,1980000000.0
462870,30750.0,874000000.0,31000.0,31350.0,30500.0,28446.0,507000000.0
294400,145595.0,16259000000.0,,,,,
442580,107250.0,39765000000.0,,,,,
093370,16290.0,65565000000.0,16390.0,16500.0,15440.0,4096000.0,
120110,57700.0,13965000000.0,56900.0,60400.0,56100.0,239864.0,7859999999.999999
475150,50400.0,30928000000.0,49800.0,50600.0,48850.0,623889.0,
020560,8270.0,543000000.0,8230.0,8340.0,8120.0,66026.0,252000000.0
441640,12175.0,8707000000.0,,,,,
001430,47250.0,6114000000.0,48100.0,48600.0,46850.0,128886.0,7529000000.000001
322000,151000.0,44753000000.0,139300.0,151000.0,136700.0,308007.0,
001120,43300.0,3400000000.0,43750.0,43850.0,42900.0,78788.0,593000000.0
105190,111160.0,20095000000.0,,,,,
023590,38450.0,1970000000.0,38150.0,39150.0,38000.0,51380.0,524000000.0
446770,82985.0,10478000000.0,,,,,
368590,30870.0,7875000000.0,,,,,
001820,158800.0,118797000000.0,160300.0,166300.0,157200.0,736043.0,
071970,47100.0,9505000000.0,49400.0,49400.0,47050.0,199793.0,5640000000.0
000120,69900.0,3371000000.0,71000.0,71200.0,69400.0,48256.0,842000000.0
395400,5290.0,804000000.0,5300.0,5360.0,5220.0,152342.0,
005070,47750.0,15077000000.0,47600.0,47950.0,46350.0,318967.0,11819000000.0
329200,4035.0,12475000000.0,,,,,
009155,541000.0,10659000000.0,533000.0,544000.0,532000.0,19768.0,
091230,160080.0,38594000000.0,,,,,
232080,16135.0,185425000000.0,,,,,
006040,35300.0,982000000.0,35500.0,35600.0,34800.0,28081.0,160000000.0
0177N0,14530.0,35487000000.0,,,,,
477080,107785.0,730000000.0,,,,,
610063,55910.0,5000000.0,,,,,
008770,38950.0,4743000000.0,39400.0,39500.0,38900.0,121437.0,2263000000.0
152100,112550.0,21119000000.0,,,,,
0193W0,13020.0,82031000000.0,,,,,
487230,20080.0,31222000000.0,,,,,
379780,22650.0,4465000000.0,,,,,
006280,127500.0,2881000000.0,126500.0,130500.0,126400.0,22537.0,797000000.0
361610,18170.0,9034000000.0,17760.0,18180.0,16960.0,512375.0,4289000000.0
011210,53800.0,2775000000.0,53500.0,54300.0,53300.0,51737.0,961000000.0
294870,21850.0,2338000000.0,22350.0,22550.0,21450.0,107028.0,656000000.0
226490,71560.0,9314000000.0,,,,,
0195S0,9125.0,68057000000.0,,,,,
066575,81900.0,17640000000.0,77100.0,82500.0,77100.0,220239.0,
453850,6735.0,7789000000.0,,,,,
390390,58005.0,30427000000.0,,,,,
097230,15440.0,3357000000.0,15400.0,15590.0,15010.0,220663.0,
012630,23100.0,1365000000.0,23500.0,23800.0,23000.0,58488.0,352000000.0
455850,32030.0,192416000000.0,,,,,
466920,25725.0,17032000000.0,,,,,
469150,66685.0,18299000000.0,,,,,
001800,22700.0,2157000000.0,23000.0,23200.0,22200.0,95865.0,696000000.0
494310,107115.0,322952000000.0,,,,,
475630,1079300.0,112576000000.0,,,,,
001740,6550.0,4804000000.0,6600.0,6640.0,6460.0,734498.0,
448330,17680.0,10205000000.0,,,,,
700026,107955.0,0.0,,,,,
00680K,10160.0,2525000000.0,10280.0,10510.0,10120.0,245047.0,
157450,112825.0,1335000000.0,,,,,
436140,106705.0,130000000.0,,,,,
069620,109300.0,1666000000.0,108700.0,110500.0,107600.0,15356.0,351000000.0
007310,315500.0,820000000.0,319000.0,320000.0,313000.0,2602.0,157000000.0
465580,24950.0,28121000000.0,,,,,
298020,289500.0,11069000000.0,275000.0,296000.0,270000.0,38648.0,2731000000.0
438080,13770.0,5170000000.0,,,,,
487340,106210.0,837000000.0,,,,,
415640,10040.0,886000000.0,10040.0,10070.0,9940.0,88768.0,
330590,4180.0,701000000.0,4055.0,4180.0,4045.0,170275.0,
003540,25250.0,864000000.0,25850.0,25850.0,25200.0,34088.0,248000000.0
003160,42450.0,33357000000.0,42550.0,43000.0,41400.0,788464.0,22725000000.0
192080,56700.0,1809000000.0,58700.0,58700.0,56400.0,31811.0,367000000.0
000815,395000.0,1648000000.0,391000.0,396500.0,389500.0,4208.0,
153130,113280.0,2477000000.0,,,,,
356540,101680.0,57000000.0,,,,,
300720,16000.0,500000000.0,16100.0,16190.0,16000.0,31214.0,179000000.0
497570,23425.0,7128000000.0,,,,,
006120,66300.0,1443000000.0,68100.0,68900.0,65000.0,21504.0,668000000.0
0183J0,7800.0,15318000000.0,,,,,
530031,2840.0,1898000000.0,,,,,
195870,66700.0,8234000000.0,67000.0,68300.0,64900.0,123104.0,8015000000.000001
030610,9920.0,134000000.0,10000.0,10040.0,9870.0,13527.0,97000000.0
0072R0,11920.0,22063000000.0,,,,,
445290,32120.0,10819000000.0,,,,,
004000,42800.0,1776000000.0,43250.0,43250.0,42350.0,41701.0,692000000.0
0139F0,102390.0,31000000.0,,,,,
280360,119700.0,1489000000.0,121400.0,121400.0,118200.0,12499.0,129000000.0
451540,53075.0,428000000.0,,,,,
494300,8960.0,10250000000.0,,,,,
494890,31945.0,9982000000.0,,,,,
017960,20500.0,2666000000.0,20900.0,21100.0,20350.0,129340.0,2507000000.0
469830,54550.0,7897000000.0,,,,,
006110,69500.0,26351000000.0,62900.0,71200.0,61600.0,385683.0,12934000000.0
006340,13390.0,17321000000.0,13470.0,13580.0,13250.0,1296029.0,
449180,17390.0,5774000000.0,,,,,
0117V0,19610.0,19139000000.0,,,,,
000080,14790.0,917000000.0,14780.0,14890.0,14720.0,62157.0,218000000.00000003
000210,49450.0,1273000000.0,49450.0,50100.0,49200.0,25682.0,462000000.0
295040,41585.0,2651000000.0,,,,,
003570,30850.0,4128000000.0,32650.0,33375.0,30500.0,131995.0,2042000000.0000002
003240,915000.0,903000000.0,894000.0,918000.0,891000.0,996.0,200999999.99999997
305540,20390.0,12421000000.0,,,,,
479520,106660.0,831000000.0,,,,,
760009,107640.0,0.0,,,,,
446720,12815.0,4054000000.0,,,,,
003530,4600.0,2968000000.0,4690.0,4740.0,4600.0,637399.0,
0219E0,8395.0,42158000000.0,,,,,
449450,50555.0,14583000000.0,,,,,
451800,5350.0,191000000.0,5360.0,5360.0,5280.0,35984.0,
495050,32370.0,2443000000.0,,,,,
438100,15220.0,4566000000.0,,,,,
192400,26750.0,288000000.0,27000.0,27100.0,26600.0,10786.0,93000000.0
237350,88305.0,8377000000.0,,,,,
315930,78625.0,1508000000.0,,,,,
009240,40050.0,929000000.0,39750.0,40200.0,39150.0,23191.0,164000000.0
030190,16150.0,811000000.0,16500.0,16550.0,16050.0,49927.0,39000000.0
077970,23100.0,2664000000.0,22900.0,23250.0,22550.0,116484.0,2082000000.0
0048J0,13390.0,8117000000.0,,,,,
402970,14240.0,3924000000.0,,,,,
462330,1200.0,135582000000.0,,,,,
051915,119900.0,5482000000.0,117000.0,121100.0,115300.0,46068.0,
0195R0,11855.0,38624000000.0,,,,,
071320,78800.0,777000000.0,79900.0,80000.0,78700.0,9812.0,495000000.0
185750,65700.0,589000000.0,65600.0,66000.0,65100.0,8996.0,276000000.0
285130,52200.0,1387000000.0,51900.0,52200.0,50600.0,26839.0,198000000.0
004490,64600.0,5048000000.0,62400.0,64900.0,62200.0,79161.0,2622000000.0
003090,15370.0,663000000.0,15490.0,15550.0,15220.0,43237.0,135000000.0
009450,61000.0,1440000000.0,61600.0,62000.0,60600.0,23550.0,488999999.99999994
475720,12730.0,10646000000.0,,,,,
005300,94900.0,1301000000.0,95600.0,96500.0,94400.0,13694.0,202000000.0
700028,251140.0,535000000.0,,,,,
0117L0,10180.0,105000000.0,,,,,
034230,9410.0,1719000000.0,9330.0,9450.0,9240.0,183238.0,782000000.0
032350,10900.0,7603000000.0,10980.0,11000.0,10220.0,707296.0,2110000000.0000002
0177R0,12230.0,25317000000.0,,,,,
479080,53935.0,1685000000.0,,,,,
498410,11325.0,13360000000.0,,,,,
490590,14560.0,12459000000.0,,,,,
000370,7230.0,2217000000.0,7370.0,7450.0,7190.0,304229.0,
069660,110770.0,8743000000.0,,,,,
003470,4305.0,858000000.0,4350.0,4405.0,4305.0,197901.0,
071055,141400.0,1097000000.0,143000.0,144500.0,141100.0,7705.0,
466940,25755.0,12569000000.0,,,,,
079160,4910.0,1315000000.0,5020.0,5100.0,4900.0,265760.0,
248070,16800.0,4716000000.0,16710.0,17030.0,16100.0,281502.0,2898000000.0
100090,12810.0,10406000000.0,12070.0,12850.0,12010.0,835216.0,
272580,57240.0,2546000000.0,,,,,
005690,13180.0,35816000000.0,12800.0,13770.0,12760.0,2689353.0,
495850,32100.0,1807000000.0,,,,,
550082,55910.0,0.0,,,,,
441800,28410.0,4177000000.0,,,,,
0025N0,11825.0,2221000000.0,,,,,
137310,6430.0,841000000.0,6350.0,6570.0,6240.0,130486.0,374000000.0
418660,42065.0,9607000000.0,,,,,
365550,3140.0,565000000.0,3120.0,3180.0,3070.0,181920.0,
000670,41300.0,1088000000.0,40800.0,41600.0,40350.0,26487.0,675000000.0
090460,22500.0,24610000000.0,21100.0,22650.0,20850.0,1124381.0,24940000000.0
457480,18355.0,5806000000.0,,,,,
367760,65750.0,13459000000.0,,,,,
499790,37950.0,698000000.0,38000.0,38900.0,37700.0,18392.0,299000000.0
364980,10890.0,59219000000.0,,,,,
488080,40595.0,161080000000.0,,,,,
298050,164600.0,838000000.0,163200.0,165900.0,162200.0,5115.0,498000000.00000006
005180,83200.0,2249000000.0,83500.0,84800.0,83000.0,26914.0,547000000.0
476550,6330.0,5793000000.0,,,,,
456610,58560.0,2388000000.0,,,,,
003850,8520.0,298000000.0,8490.0,8580.0,8420.0,35239.0,245000000.00000003
036530,44700.0,684000000.0,45300.0,45650.0,44700.0,15215.0,234000000.0
329750,12720.0,2986000000.0,,,,,
144600,9820.0,3478000000.0,,,,,
214320,17990.0,846000000.0,18110.0,18320.0,17920.0,47061.0,213000000.0
094800,7720.0,135000000.0,7790.0,7860.0,7630.0,17640.0,
252670,70.0,404979000000.0,,,,,
114800,987.0,390746000000.0,,,,,
064960,26800.0,1592000000.0,27200.0,27400.0,26550.0,59308.0,571000000.0
481060,6980.0,4960000000.0,,,,,
0101N0,22325.0,6413000000.0,,,,,
0148J0,10310.0,57430000000.0,,,,,
580058,53975.0,0.0,,,,,
0127P0,10640.0,196000000.0,,,,,
005090,48300.0,3974000000.0,49700.0,49700.0,46900.0,82720.0,4334000000.0
093050,23700.0,1182000000.0,24450.0,24450.0,23500.0,49326.0,78000000.0
290130,48820.0,862000000.0,,,,,
002960,527000.0,268000000.0,520000.0,527000.0,516000.0,516.0,118000000.0
0061Z0,51140.0,12000000.0,,,,,
100840,34450.0,8168000000.0,36000.0,36200.0,34300.0,233319.0,6147000000.0
314250,65010.0,2812000000.0,,,,,
482730,11520.0,4790000000.0,,,,,
434730,58050.0,5517000000.0,,,,,
0167B0,11820.0,8933000000.0,,,,,
293940,5530.0,635000000.0,5550.0,5550.0,5470.0,115410.0,
423920,96290.0,9913000000.0,,,,,
471990,32280.0,94879000000.0,,,,,
000400,2140.0,729000000.0,2210.0,2240.0,2140.0,333120.0,
456040,73900.0,1601000000.0,75500.0,75700.0,73600.0,21514.0,1170000000.0
005880,2040.0,4144000000.0,2150.0,2160.0,2020.0,2017447.0,
336370,9340.0,5358000000.0,8860.0,9570.0,8830.0,572821.0,2274000000.0
458760,10155.0,3031000000.0,,,,,
069260,15910.0,635000000.0,16020.0,16020.0,15830.0,39932.0,128000000.0
0007F0,10200.0,144000000.0,,,,,
102970,17430.0,8101000000.0,,,,,
491010,25500.0,1688000000.0,,,,,
0015B0,19810.0,11101000000.0,,,,,
014820,22100.0,300000000.0,21400.0,22100.0,21400.0,13752.0,243000000.00000003
371460,8930.0,637000000.0,,,,,
434060,16795.0,1411000000.0,,,,,
004710,12000.0,9381000000.0,12170.0,12240.0,11400.0,787008.0,
192650,9650.0,9892000000.0,9400.0,9860.0,9320.0,1024134.0,
001060,27300.0,917000000.0,26800.0,27750.0,26800.0,33541.0,868000000.0
001570,9900.0,0.0,0.0,0.0,0.0,0.0,
317450,43350.0,404000000.0,43700.0,44550.0,43050.0,9316.0,182000000.0
000640,93000.0,913000000.0,94600.0,95300.0,92700.0,9773.0,125000000.0
017940,90800.0,576000000.0,89400.0,91400.0,87300.0,6390.0,114999999.99999999
108320,38250.0,2225000000.0,37950.0,38500.0,37500.0,58377.0,1443000000.0
268280,123000.0,251000000.0,126800.0,128600.0,122300.0,2022.0,39000000.0
002840,136600.0,315000000.0,137700.0,137700.0,133700.0,2329.0,24000000.0
466950,32415.0,2567000000.0,,,,,
033240,28250.0,1664000000.0,28250.0,28550.0,27900.0,58858.0,1260000000.0
383800,8000.0,435000000.0,8080.0,8080.0,7990.0,54356.0,297000000.0
001680,17550.0,1173000000.0,17850.0,17870.0,17500.0,66545.0,275000000.0
0091P0,16880.0,18887000000.0,,,,,
453340,18660.0,608000000.0,19500.0,19500.0,18640.0,32278.0,98000000.0
491620,10515.0,8741000000.0,,,,,
017900,10330.0,23900000000.0,9950.0,10430.0,9930.0,2347868.0,
178920,20350.0,1025000000.0,20450.0,20600.0,20000.0,50373.0,852999999.9999999
006650,91400.0,3460000000.0,91700.0,93500.0,90150.0,37798.0,1279000000.0
138540,45695.0,4320000000.0,,,,,
489250,12065.0,4510000000.0,,,,,
0019K0,13570.0,4988000000.0,,,,,
496020,52635.0,279000000.0,,,,,
251600,15170.0,2931000000.0,,,,,
462010,5360.0,37621000000.0,,,,,
079900,39900.0,1120000000.0,40200.0,40350.0,39750.0,28037.0,1189000000.0
477050,53670.0,30781000000.0,,,,,
484790,7760.0,4088000000.0,,,,,
449190,23425.0,7737000000.0,,,,,
016380,5720.0,1242000000.0,5750.0,5790.0,5690.0,216898.0,
075580,10010.0,1188000000.0,10050.0,10080.0,9930.0,118992.0,451000000.0
00088K,38750.0,287000000.0,39700.0,39700.0,38750.0,7357.0,
277630,72680.0,2971000000.0,,,,,
451000,107875.0,4000000.0,,,,,
002350,5760.0,425000000.0,5800.0,5810.0,5700.0,73923.0,
025540,55600.0,917000000.0,56100.0,56400.0,55100.0,16495.0,307000000.0
365780,82650.0,540000000.0,,,,,
161000,11340.0,3850000000.0,11300.0,11350.0,11030.0,344253.0,9061000000.0
284740,24450.0,870000000.0,24800.0,24900.0,23950.0,35855.0,139000000.0
0163Y0,11075.0,10971000000.0,,,,,
001510,2330.0,4023000000.0,2390.0,2415.0,2315.0,1703355.0,
00104K,127300.0,461000000.0,128800.0,128900.0,125600.0,3643.0,
001530,25900.0,564000000.0,25000.0,25950.0,24700.0,21996.0,250000000.0
455030,11530.0,1624000000.0,,,,,
003300,17210.0,68000000.0,17430.0,17510.0,17110.0,3964.0,19000000.0
484870,19260.0,3243000000.0,18610.0,19350.0,18210.0,171616.0,2005999999.9999998
005810,36500.0,238000000.0,37000.0,37250.0,36500.0,6497.0,101000000.0
0105E0,12630.0,3494000000.0,,,,,
007700,13410.0,35000000.0,13380.0,13500.0,13360.0,2656.0,7000000.000000001
009410,1638.0,467000000.0,1628.0,1642.0,1612.0,287774.0,
001270,50400.0,74000000.0,49850.0,50800.0,49850.0,1470.0,32000000.0
058650,128800.0,24000000.0,128000.0,128900.0,126300.0,195.0,
003620,2580.0,1410000000.0,2545.0,2625.0,2540.0,542744.0,
435420,14245.0,4321000000.0,,,,,
114090,8400.0,861000000.0,8580.0,8590.0,8380.0,102094.0,329000000.0
494670,20420.0,9442000000.0,,,,,
008060,16400.0,2005000000.0,16110.0,16770.0,16100.0,121687.0,768000000.0
361580,63010.0,10726000000.0,,,,,
315960,77135.0,4410000000.0,,,,,
452260,2620.0,1975000000.0,2600.0,2660.0,2575.0,752728.0,
019170,9670.0,1908000000.0,9360.0,9670.0,9300.0,201237.0,2605000000.0
444200,45810.0,1705000000.0,,,,,
029460,45450.0,1443000000.0,44000.0,45500.0,43200.0,32537.0,654000000.0
114260,61940.0,1952000000.0,,,,,
371160,6175.0,1290000000.0,,,,,
396520,12100.0,1345000000.0,,,,,
463250,33410.0,15215000000.0,,,,,
496080,32180.0,2961000000.0,,,,,
448290,17995.0,1599000000.0,,,,,
243880,376810.0,30668000000.0,,,,,
460860,9860.0,3706000000.0,9990.0,10240.0,9810.0,370251.0,5273000000.0
251350,38080.0,884000000.0,,,,,
476800,4190.0,3516000000.0,,,,,
003545,19970.0,603000000.0,20250.0,20250.0,19950.0,30197.0,
001500,7780.0,261000000.0,7810.0,7880.0,7770.0,33448.0,128000000.0
0220W0,5690.0,8268000000.0,5690.0,5920.0,5660.0,1439743.0,
0190C0,7930.0,5232000000.0,,,,,
760013,95075.0,242000000.0,,,,,
377740,4640.0,217000000.0,4660.0,4690.0,4615.0,46837.0,
145990,45800.0,306000000.0,45900.0,46450.0,45800.0,6653.0,26000000.0
483280,11960.0,2503000000.0,,,,,
438330,115825.0,1986000000.0,,,,,
039130,30100.0,564000000.0,30000.0,30200.0,29850.0,18811.0,192000000.0
249420,14730.0,1886000000.0,14570.0,14950.0,14550.0,127919.0,1682999999.9999998
471230,104045.0,2142000000.0,,,,,
003030,112500.0,1159000000.0,115900.0,118500.0,111600.0,10155.0,416000000.0
020000,21600.0,2626000000.0,22000.0,22100.0,21050.0,122489.0,801000000.0
004690,127700.0,498000000.0,128100.0,128100.0,125700.0,3933.0,156000000.0
005250,9800.0,492000000.0,9780.0,10000.0,9680.0,50454.0,132000000.0
217590,19090.0,167852000000.0,18350.0,19420.0,17870.0,8986402.0,
448730,5050.0,210000000.0,5050.0,5050.0,4960.0,42070.0,
002240,17010.0,849000000.0,17300.0,17300.0,16860.0,49950.0,999000000.0
009900,8700.0,1986000000.0,8640.0,8750.0,8310.0,229441.0,1744000000.0000002
005420,11880.0,2573000000.0,11670.0,11920.0,11430.0,219378.0,3053000000.0
499660,1000540.0,18327000000.0,,,,,
0173Y0,12140.0,49479000000.0,,,,,
451060,35570.0,3055000000.0,,,,,
490490,10350.0,2008000000.0,,,,,
004700,67000.0,49000000.0,66900.0,67500.0,66900.0,739.0,7000000.000000001
000070,57200.0,719000000.0,57500.0,57600.0,56600.0,12619.0,100000000.0
447770,13950.0,3113000000.0,,,,,
002990,11820.0,10241000000.0,12230.0,12250.0,11760.0,857608.0,
306200,155100.0,1566000000.0,155400.0,158300.0,154300.0,10059.0,1540000000.0
016610,10340.0,219000000.0,10410.0,10570.0,10290.0,21072.0,85000000.0
010780,14760.0,469000000.0,14700.0,14800.0,14640.0,31823.0,124000000.0
003280,1810.0,3824000000.0,1855.0,1858.0,1809.0,2102685.0,
385550,114370.0,1126000000.0,,,,,
293180,111140.0,2437000000.0,,,,,
0210A0,8000.0,9919000000.0,,,,,
034310,11700.0,125000000.0,12070.0,12070.0,11680.0,10674.0,22000000.0
448300,24160.0,3834000000.0,,,,,
271940,11800.0,286000000.0,11730.0,11870.0,11660.0,24362.0,346000000.0
002030,207000.0,352000000.0,204500.0,207000.0,199300.0,1746.0,12000000.0
403550,11230.0,363000000.0,11380.0,11800.0,11100.0,31878.0,85000000.0
385560,51600.0,1745000000.0,,,,,
474220,15085.0,925000000.0,,,,,
0016X0,51625.0,230000000.0,,,,,
005945,22350.0,601000000.0,22550.0,22700.0,22250.0,26789.0,
012030,2065.0,1562000000.0,2050.0,2105.0,2015.0,759019.0,
090435,39100.0,875000000.0,39800.0,40400.0,38800.0,22319.0,
072710,88900.0,134000000.0,89300.0,89300.0,88300.0,1523.0,105000000.0
014830,60900.0,597000000.0,60800.0,61100.0,60300.0,9847.0,123000000.0
0023A0,23335.0,3263000000.0,,,,,
003000,4150.0,1103000000.0,4150.0,4200.0,4085.0,267293.0,
241180,36440.0,971000000.0,,,,,
426020,31930.0,2221000000.0,,,,,
011930,20000.0,6799000000.0,19960.0,20350.0,19310.0,343095.0,
005389,174500.0,1495000000.0,173300.0,175800.0,173000.0,8573.0,
130660,12390.0,1785000000.0,12350.0,12450.0,12270.0,144678.0,
475300,28550.0,95053000000.0,,,,,
476760,8165.0,9265000000.0,,,,,
357120,4100.0,295000000.0,4100.0,4125.0,4010.0,73000.0,
317400,10250.0,7872000000.0,10020.0,10300.0,9750.0,787619.0,
474590,51485.0,4368000000.0,,,,,
002810,21450.0,352000000.0,21100.0,21550.0,21050.0,16604.0,26000000.0
302450,72350.0,507000000.0,,,,,
001200,4070.0,1182000000.0,4095.0,4155.0,4055.0,289663.0,
148070,104810.0,878000000.0,,,,,
002710,14990.0,33701000000.0,14000.0,15800.0,13920.0,2252790.0,48766000000.0
385720,25795.0,822000000.0,,,,,
008730,15790.0,1012000000.0,15020.0,15790.0,14920.0,65786.0,493000000.0
0060H0,12415.0,453000000.0,,,,,
439860,113905.0,3000000.0,,,,,
344820,24200.0,180000000.0,24300.0,24550.0,24100.0,7413.0,75000000.0
0046A0,9295.0,5097000000.0,,,,,
469070,11485.0,3711000000.0,,,,,
015360,14590.0,163000000.0,14850.0,14850.0,14560.0,11177.0,69000000.0
092230,95900.0,209000000.0,96300.0,96300.0,94300.0,2199.0,79000000.0
029530,38950.0,236000000.0,38700.0,39050.0,38200.0,6130.0,57999999.99999999
0120G0,50600.0,2125000000.0,49000.0,50600.0,48400.0,42805.0,1967000000.0000002
520054,187465.0,160000000.0,,,,,
0094M0,17360.0,43873000000.0,,,,,
480260,53935.0,399000000.0,,,,,
016590,9180.0,48000000.0,9180.0,9180.0,9020.0,5361.0,37000000.0
126560,3380.0,170000000.0,3385.0,3410.0,3360.0,50384.0,
092790,14190.0,9229000000.0,14210.0,14670.0,14070.0,642466.0,
031430,10510.0,499000000.0,10460.0,10540.0,10370.0,47717.0,195000000.0
385510,42450.0,4960000000.0,,,,,
270810,15760.0,2394000000.0,,,,,
006220,9680.0,1039000000.0,9720.0,9770.0,9650.0,107124.0,
001940,25750.0,156000000.0,25650.0,25900.0,24950.0,6120.0,12000000.0
0040Y0,7875.0,2417000000.0,,,,,
310960,64775.0,1381000000.0,,,,,
091180,25665.0,3447000000.0,,,,,
006405,222000.0,2079000000.0,212500.0,224000.0,212500.0,9465.0,
089590,4445.0,754000000.0,4510.0,4565.0,4430.0,168754.0,
183190,9950.0,427000000.0,10100.0,10180.0,9910.0,42806.0,193000000.0
015860,7250.0,714000000.0,7390.0,7480.0,7150.0,98553.0,
007690,38500.0,372000000.0,38800.0,38850.0,38150.0,9669.0,149000000.0
027410,3720.0,164000000.0,3700.0,3745.0,3700.0,44286.0,
194370,12270.0,664000000.0,12930.0,12990.0,12210.0,53518.0,157000000.0
0182R0,11450.0,18937000000.0,,,,,
0167Z0,7715.0,5710000000.0,,,,,
950210,5880.0,257000000.0,6140.0,6140.0,5800.0,43366.0,
442570,17450.0,2339000000.0,,,,,
005610,40950.0,96000000.0,41800.0,41900.0,40950.0,2329.0,60000000.0
105630,8820.0,288000000.0,8890.0,8900.0,8770.0,32700.0,88000000.0
0080G0,10105.0,31854000000.0,,,,,
458250,31255.0,3937000000.0,,,,,
010955,87000.0,2395000000.0,89000.0,89000.0,83100.0,27647.0,
0131V0,10700.0,1739000000.0,,,,,
0144L0,9535.0,1097000000.0,,,,,
145720,40350.0,1717000000.0,39400.0,40450.0,39300.0,43011.0,1107000000.0
462900,13305.0,17470000000.0,,,,,
245710,26945.0,1782000000.0,,,,,
104700,9520.0,119000000.0,9350.0,9520.0,9350.0,12666.0,137000000.0
472170,14160.0,1716000000.0,,,,,
279530,17250.0,2321000000.0,,,,,
000157,384000.0,134000000.0,365000.0,384500.0,365000.0,356.0,
003350,15040.0,13258000000.0,15400.0,15590.0,14110.0,908425.0,
0026S0,12665.0,1222000000.0,,,,,
170900,35000.0,144000000.0,35600.0,35600.0,34800.0,4142.0,39000000.0
132030,23125.0,1690000000.0,,,,,
097520,19470.0,616000000.0,19440.0,19700.0,19390.0,31570.0,70000000.0
484880,21855.0,5916000000.0,,,,,
009290,6800.0,1799000000.0,6620.0,6870.0,6580.0,265999.0,
005720,6440.0,557000000.0,6440.0,6510.0,6350.0,87255.0,
060980,37550.0,706000000.0,38700.0,38700.0,37450.0,18728.0,150000000.0
017810,8820.0,113000000.0,8760.0,8870.0,8740.0,12854.0,81000000.0
570090,55920.0,0.0,,,,,
0052D0,15125.0,1201000000.0,,,,,
448630,15430.0,1407000000.0,,,,,
011760,24850.0,712000000.0,25050.0,25100.0,24500.0,28830.0,225999999.99999997
456880,11850.0,1283000000.0,,,,,
0043Y0,19065.0,1311000000.0,,,,,
009160,4985.0,188000000.0,4965.0,4995.0,4890.0,38126.0,
0162M0,10080.0,98000000.0,,,,,
02826K,219000.0,621000000.0,222500.0,223000.0,217000.0,2832.0,
0052S0,11365.0,1363000000.0,,,,,
001230,2055.0,585000000.0,2030.0,2090.0,2005.0,285487.0,
024720,9260.0,219000000.0,9300.0,9420.0,9160.0,23744.0,93000000.0
084010,9230.0,2606000000.0,9340.0,9430.0,9140.0,280726.0,12556000000.0
485540,15845.0,5170000000.0,,,,,
471780,40635.0,5793000000.0,,,,,
096760,4240.0,174000000.0,4290.0,4290.0,4225.0,40956.0,
0094K0,99785.0,782000000.0,,,,,
005950,11840.0,4055000000.0,11750.0,11990.0,11520.0,343081.0,
0111P0,10820.0,1314000000.0,,,,,
483320,26735.0,7095000000.0,,,,,
381970,6330.0,84000000.0,6290.0,6330.0,6240.0,13530.0,119000000.0
489030,6205.0,2372000000.0,,,,,
453810,10590.0,994000000.0,,,,,
005430,96800.0,605000000.0,97600.0,99600.0,94300.0,6301.0,
002020,23700.0,411000000.0,23850.0,24000.0,23500.0,17315.0,160000000.0
026890,7870.0,521000000.0,7980.0,8080.0,7800.0,65919.0,32000000.0
126720,21350.0,198000000.0,21550.0,21600.0,21300.0,9302.0,134000000.00000001
272450,5830.0,209000000.0,5910.0,5940.0,5790.0,35978.0,
200880,11230.0,221000000.0,11240.0,11360.0,11150.0,19760.0,185000000.0
454780,99985.0,4000000.0,,,,,
010820,6200.0,4633000000.0,6530.0,6620.0,6170.0,734717.0,
002310,7600.0,1388000000.0,7890.0,7890.0,7600.0,180598.0,
497880,50055.0,6714000000.0,,,,,
025860,6030.0,752000000.0,6030.0,6050.0,5980.0,125176.0,
433330,21660.0,1403000000.0,,,,,
0038A0,15730.0,2138000000.0,,,,,
481190,17315.0,2699000000.0,,,,,
570022,59465.0,2000000.0,,,,,
003120,22300.0,35000000.0,22050.0,22300.0,21950.0,1624.0,16000000.0
123890,2420.0,197000000.0,2400.0,2435.0,2390.0,81662.0,
108670,32950.0,436000000.0,33300.0,33850.0,32650.0,13200.0,168000000.0
018250,11180.0,144000000.0,11160.0,11290.0,11130.0,12953.0,
0162Y0,8845.0,4390000000.0,,,,,
136340,104140.0,268000000.0,,,,,
0008S0,9240.0,3404000000.0,,,,,
421320,30325.0,4242000000.0,,,,,
001750,19110.0,180000000.0,19210.0,19340.0,19010.0,9444.0,57999999.99999999
084690,7900.0,147000000.0,7920.0,7920.0,7830.0,18755.0,106000000.0
244920,12610.0,410000000.0,12500.0,12780.0,12295.0,32678.0,
475080,7840.0,947000000.0,,,,,
033270,17740.0,249000000.0,17580.0,17860.0,17500.0,14185.0,57999999.99999999
0098F0,15680.0,10533000000.0,,,,,
091170,15720.0,8545000000.0,,,,,
388420,32000.0,2349000000.0,,,,,
441680,10660.0,616000000.0,,,,,
034830,1111.0,421000000.0,1124.0,1132.0,1105.0,379116.0,
001390,4220.0,347000000.0,4235.0,4285.0,4200.0,82025.0,
273140,114710.0,534000000.0,,,,,
016800,24300.0,25000000.0,24500.0,28700.0,24100.0,993.0,5000000.0
471040,30900.0,1116000000.0,,,,,
058430,4630.0,1194000000.0,4600.0,4720.0,4570.0,256353.0,
461490,14460.0,811000000.0,,,,,
0183V0,11955.0,8312000000.0,,,,,
004430,11540.0,958000000.0,11570.0,11600.0,11320.0,83477.0,
078520,11050.0,450000000.0,11090.0,11220.0,10850.0,41061.0,216000000.0
409820,22130.0,2972000000.0,,,,,
473290,10905.0,347000000.0,,,,,
122900,8170.0,259000000.0,8200.0,8210.0,8140.0,31811.0,
423170,60945.0,906000000.0,,,,,
000430,4400.0,252000000.0,4535.0,4570.0,4395.0,56835.0,
002900,6560.0,1405000000.0,6480.0,6600.0,6440.0,214983.0,
439870,88850.0,357000000.0,,,,,
010690,7730.0,1171000000.0,7710.0,7860.0,7690.0,151033.0,
105840,13360.0,3567000000.0,13620.0,14000.0,13250.0,265065.0,
044450,11950.0,1043000000.0,12000.0,12130.0,11770.0,87722.0,
017390,54500.0,232000000.0,54200.0,54600.0,53600.0,4303.0,112999999.99999999
0228G0,10085.0,713000000.0,,,,,
091810,2630.0,147000000.0,2615.0,2655.0,2595.0,56267.0,
213610,22455.0,435000000.0,,,,,
004310,8340.0,4527000000.0,8340.0,8450.0,8230.0,543151.0,
190620,102260.0,2041000000.0,,,,,
020120,7140.0,8084000000.0,8180.0,8180.0,7010.0,1096689.0,
473330,7315.0,2860000000.0,,,,,
307520,22020.0,4827000000.0,,,,,
286940,17350.0,192000000.0,17580.0,17580.0,17230.0,11115.0,45000000.0
364970,6910.0,7614000000.0,,,,,
453870,10395.0,774000000.0,,,,,
001250,3145.0,4560000000.0,3015.0,3250.0,2980.0,1461187.0,
123320,112845.0,12577000000.0,,,,,
0232A0,100405.0,0.0,,,,,
483340,23050.0,2443000000.0,,,,,
196230,117200.0,746000000.0,,,,,
037710,33750.0,418000000.0,34000.0,34050.0,33650.0,12392.0,387000000.0
005500,19320.0,441000000.0,19140.0,19390.0,18980.0,23016.0,241000000.0
004360,13390.0,235000000.0,13490.0,13500.0,13320.0,17559.0,69000000.0
486830,53450.0,78000000.0,,,,,
472920,98475.0,4000000.0,,,,,
003960,27550.0,54000000.0,26900.0,27550.0,26850.0,2025.0,8000000.0
005680,12500.0,177000000.0,12570.0,12590.0,12420.0,14233.0,
003200,10880.0,465000000.0,10900.0,10930.0,10720.0,43038.0,270000000.0
334890,3595.0,240000000.0,3655.0,3655.0,3535.0,67214.0,
363580,60065.0,7765000000.0,,,,,
002320,16000.0,417000000.0,15600.0,16250.0,15560.0,26531.0,46000000.0
432320,1642.0,299000000.0,1630.0,1644.0,1620.0,183529.0,
226320,11260.0,539000000.0,10810.0,11350.0,10780.0,48406.0,512000000.0
495230,31600.0,1189000000.0,,,,,
010580,2210.0,676000000.0,2235.0,2280.0,2200.0,302488.0,
117700,6690.0,15241000000.0,,,,,
139230,12515.0,874000000.0,,,,,
298690,1497.0,191000000.0,1504.0,1520.0,1496.0,127368.0,
493810,11545.0,1455000000.0,,,,,
422420,7410.0,2423000000.0,,,,,
007160,48250.0,74000000.0,47800.0,48300.0,47150.0,1567.0,56999999.99999999
0182S0,12780.0,2693000000.0,,,,,
001790,2780.0,193000000.0,2810.0,2810.0,2765.0,69532.0,
025000,57700.0,211000000.0,56000.0,57800.0,56000.0,3691.0,
404990,3880.0,183000000.0,3880.0,3895.0,3785.0,47948.0,
136490,10050.0,679000000.0,10130.0,10190.0,9980.0,67700.0,
025560,8600.0,4766000000.0,8360.0,8990.0,8360.0,546824.0,
030210,3915.0,178000000.0,3855.0,3950.0,3855.0,45716.0,
003920,41850.0,103000000.0,43250.0,43250.0,41600.0,2467.0,15000000.0
011500,15170.0,1854000000.0,15000.0,15230.0,14690.0,123342.0,
001340,5260.0,507000000.0,5280.0,5290.0,5120.0,97274.0,
0030R0,3950.0,51000000.0,3920.0,4045.0,3825.0,13231.0,
0053L0,8665.0,6662000000.0,,,,,
228790,4135.0,20307000000.0,,,,,
472160,19915.0,6400000000.0,,,,,
003070,9200.0,50000000.0,9140.0,9340.0,9050.0,5550.0,
008490,20200.0,176000000.0,20300.0,20400.0,20000.0,8763.0,68000000.0
348950,1182.0,0.0,0.0,0.0,0.0,0.0,
000680,2955.0,161000000.0,2990.0,3000.0,2940.0,54283.0,
283580,14040.0,1338000000.0,,,,,
0092C0,50370.0,98000000.0,,,,,
329650,13980.0,226000000.0,,,,,
900140,1188.0,437000000.0,1187.0,1199.0,1178.0,368030.0,
044820,23850.0,750000000.0,25000.0,25500.0,23100.0,31662.0,
017860,12960.0,1401000000.0,12950.0,13170.0,12750.0,108265.0,
092200,5870.0,1256000000.0,5780.0,5940.0,5780.0,214587.0,
363570,86985.0,2182000000.0,,,,,
001470,5820.0,0.0,0.0,0.0,0.0,0.0,
134380,10330.0,5000000.0,10440.0,10440.0,10220.0,540.0,
053690,20700.0,1103000000.0,20700.0,20800.0,20500.0,53441.0,
005010,4025.0,1894000000.0,4060.0,4170.0,4020.0,461551.0,
001460,36200.0,42000000.0,35600.0,37050.0,34050.0,1166.0,24000000.0
003720,6600.0,1461000000.0,6470.0,6640.0,6450.0,223151.0,
244580,8540.0,8394000000.0,,,,,
000540,3480.0,55000000.0,3430.0,3485.0,3370.0,16165.0,
0089D0,12980.0,1833000000.0,,,,,
498270,14830.0,826000000.0,,,,,
000490,7690.0,584000000.0,7650.0,7720.0,7630.0,76235.0,
433500,56695.0,3718000000.0,,,,,
028100,19670.0,382000000.0,19820.0,19820.0,19460.0,19495.0,
0151S0,16075.0,3062000000.0,,,,,
0104N0,21275.0,1478000000.0,,,,,
009680,10060.0,140000000.0,10010.0,10080.0,9980.0,13997.0,49000000.0
437080,93945.0,231000000.0,,,,,
000050,7960.0,185000000.0,7990.0,8010.0,7900.0,23346.0,
0119H0,9945.0,287000000.0,,,,,
035510,15540.0,1307000000.0,15650.0,15830.0,15400.0,83728.0,
034120,11700.0,85000000.0,11610.0,11750.0,11580.0,7370.0,87000000.0
077500,10040.0,2605000000.0,10450.0,10740.0,9960.0,252180.0,
442320,34470.0,653000000.0,,,,,
463050,12000.0,5575000000.0,,,,,
458260,44500.0,304000000.0,,,,,
271050,1796.0,7480000000.0,,,,,
452360,12840.0,1638000000.0,,,,,
490090,16350.0,4775000000.0,,,,,
0093A0,38850.0,6848000000.0,,,,,
488980,52270.0,18000000.0,,,,,
448540,27030.0,3652000000.0,,,,,
03473K,374000.0,440000000.0,377000.0,377000.0,370500.0,1182.0,
520098,35215.0,194000000.0,,,,,
003650,121400.0,312000000.0,125400.0,125400.0,121100.0,2554.0,
475560,14230.0,195000000.0,14210.0,14390.0,14200.0,13703.0,
0233J0,10540.0,1004000000.0,,,,,
478150,17490.0,826000000.0,,,,,
332930,145285.0,46000000.0,,,,,
157500,11870.0,15782000000.0,,,,,
266160,33115.0,470000000.0,,,,,
035150,10600.0,316000000.0,10570.0,10610.0,10380.0,30053.0,124000000.0
305080,11565.0,1221000000.0,,,,,
480040,15370.0,4671000000.0,,,,,
000320,15600.0,67000000.0,15730.0,15730.0,15440.0,4314.0,25000000.0
033920,7270.0,142000000.0,7450.0,7450.0,7250.0,19481.0,
0153K0,11920.0,781000000.0,,,,,
486450,18810.0,767000000.0,,,,,
520094,102585.0,1797000000.0,,,,,
412570,1350.0,18324000000.0,,,,,
003555,68000.0,196000000.0,67900.0,68300.0,67600.0,2880.0,
233160,9630.0,21694000000.0,,,,,
088260,3215.0,424000000.0,3270.0,3270.0,3170.0,133063.0,
0005G0,59020.0,2762000000.0,,,,,
0005A0,9115.0,1610000000.0,,,,,
530145,11925.0,4624000000.0,,,,,
000480,4300.0,258000000.0,4320.0,4405.0,4270.0,59509.0,
0069M0,13850.0,1745000000.0,,,,,
298000,52700.0,791000000.0,53800.0,54900.0,52200.0,14930.0,
000650,138700.0,298000000.0,140800.0,143000.0,137700.0,2139.0,
004980,8070.0,558000000.0,8160.0,8200.0,7700.0,69002.0,545000000.0
037270,3105.0,324000000.0,3100.0,3160.0,3080.0,104308.0,
267770,85610.0,1762000000.0,,,,,
339770,3910.0,170000000.0,3885.0,3915.0,3860.0,43875.0,
302190,50170.0,553000000.0,,,,,
117580,7070.0,266000000.0,7100.0,7110.0,7040.0,37673.0,
051905,92700.0,523000000.0,93500.0,94200.0,92500.0,5636.0,
0190G0,10415.0,4278000000.0,,,,,
0204D0,5605.0,2295000000.0,,,,,
433980,15755.0,620000000.0,,,,,
261260,5630.0,712000000.0,,,,,
494220,55100.0,4145000000.0,,,,,
005960,8400.0,191000000.0,8500.0,8520.0,8300.0,22833.0,
100250,3015.0,195000000.0,3060.0,3080.0,3000.0,64680.0,
039570,7420.0,32000000.0,7490.0,7520.0,7410.0,4415.0,
000390,7080.0,314000000.0,7150.0,7150.0,6940.0,45000.0,
013580,21500.0,341000000.0,21500.0,22100.0,21450.0,15779.0,
095570,4235.0,284000000.0,4290.0,4340.0,4225.0,66834.0,
461950,5425.0,13625000000.0,,,,,
128820,4220.0,541000000.0,4235.0,4265.0,4150.0,128060.0,
053210,4015.0,62000000.0,4025.0,4025.0,3995.0,15518.0,
003520,1039.0,213000000.0,1050.0,1055.0,1026.0,205433.0,
0082V0,11265.0,583000000.0,,,,,
016580,10190.0,131000000.0,10240.0,10260.0,10060.0,12947.0,
495550,32955.0,315000000.0,,,,,
495060,28465.0,1744000000.0,,,,,
000520,8720.0,780000000.0,8610.0,8760.0,8430.0,90401.0,
530104,188855.0,39000000.0,,,,,
500069,188085.0,5000000.0,,,,,
494330,32985.0,681000000.0,,,,,
102260,3700.0,216000000.0,3750.0,3750.0,3665.0,58636.0,
487570,50300.0,80000000.0,49800.0,50400.0,49400.0,1614.0,
001630,37350.0,49000000.0,38000.0,38000.0,37100.0,1317.0,25000000.0
0091C0,9205.0,1917000000.0,,,,,
0115D0,7105.0,5659000000.0,,,,,
102460,10030.0,321000000.0,10120.0,10120.0,9950.0,32121.0,
004560,12330.0,315000000.0,12500.0,12540.0,12200.0,25546.0,
473460,24460.0,1405000000.0,,,,,
466930,23800.0,1840000000.0,,,,,
001130,10980.0,37000000.0,11230.0,11230.0,10950.0,3380.0,32000000.0
033530,6840.0,314000000.0,6820.0,6940.0,6770.0,46027.0,
003547,19250.0,101000000.0,19130.0,19310.0,19130.0,5308.0,
500029,18490.0,134000000.0,,,,,
002420,5910.0,29000000.0,6090.0,6090.0,5910.0,4870.0,
009470,27750.0,1470000000.0,27850.0,28000.0,27450.0,53179.0,
0005D0,17280.0,25213000000.0,,,,,
480020,10100.0,1863000000.0,,,,,
000140,7750.0,73000000.0,7800.0,7890.0,7620.0,9568.0,
500099,17940.0,12000000.0,,,,,
332500,74570.0,2043000000.0,,,,,
007860,7610.0,79000000.0,7680.0,7780.0,7560.0,10415.0,
429000,12400.0,892000000.0,,,,,
414780,12450.0,474000000.0,,,,,
122090,83530.0,1878000000.0,,,,,
003220,7880.0,157000000.0,7880.0,7920.0,7800.0,20128.0,107000000.0
003610,5500.0,420000000.0,5510.0,5540.0,5430.0,76755.0,
377190,1996.0,271000000.0,1987.0,1999.0,1978.0,136750.0,
015230,6500.0,384000000.0,6540.0,6600.0,6450.0,58910.0,
002100,9020.0,97000000.0,9080.0,9080.0,9010.0,10751.0,
0099L0,99910.0,167000000.0,,,,,
000300,4200.0,0.0,0.0,0.0,0.0,0.0,
234080,10970.0,195000000.0,11030.0,11060.0,10900.0,17842.0,
0047A0,11565.0,856000000.0,,,,,
016450,4300.0,36000000.0,4330.0,4335.0,4280.0,8404.0,
530134,1910.0,6137000000.0,,,,,
014710,9950.0,25000000.0,9690.0,9980.0,9600.0,2575.0,
403790,58450.0,10000000.0,,,,,
000700,6560.0,247000000.0,6620.0,6700.0,6410.0,37897.0,
476450,52935.0,126000000.0,,,,,
003460,3000.0,41000000.0,2990.0,3010.0,2990.0,13745.0,
213500,7140.0,249000000.0,7200.0,7570.0,7120.0,34718.0,
354500,16000.0,3222000000.0,,,,,
483290,9520.0,1763000000.0,,,,,
002150,5000.0,103000000.0,5060.0,5060.0,4955.0,20701.0,
471760,17740.0,45485000000.0,,,,,
0040X0,8960.0,772000000.0,,,,,
272560,115065.0,695000000.0,,,,,
337160,48355.0,1493000000.0,,,,,
491820,44965.0,2508000000.0,,,,,
090350,8170.0,456000000.0,8140.0,8320.0,8100.0,55525.0,
0192Z0,101135.0,232000000.0,,,,,
480030,9685.0,1146000000.0,,,,,
237370,15550.0,7988000000.0,,,,,
004380,7790.0,184000000.0,7770.0,8050.0,7730.0,23403.0,
101530,5530.0,0.0,0.0,0.0,0.0,0.0,
0193G0,8560.0,2522000000.0,,,,,
490600,8355.0,1808000000.0,,,,,
241590,2645.0,152000000.0,2720.0,2750.0,2635.0,57222.0,
460850,5360.0,111000000.0,5430.0,5440.0,5360.0,20679.0,
488720,48910.0,255000000.0,,,,,
001780,1648.0,412000000.0,1627.0,1655.0,1615.0,251827.0,
457990,40200.0,24370000000.0,,,,,
438560,100645.0,30000000.0,,,,,
570051,31465.0,35000000.0,,,,,
152870,111800.0,111000000.0,,,,,
000860,11960.0,40000000.0,12040.0,12040.0,11910.0,3368.0,
002170,51800.0,4000000.0,52400.0,52400.0,51600.0,93.0,
462520,13090.0,9036000000.0,12860.0,15040.0,12760.0,633893.0,
400760,2810.0,289000000.0,2815.0,2820.0,2790.0,103372.0,
0180V0,8085.0,1936000000.0,,,,,
007570,8060.0,85000000.0,8090.0,8160.0,8000.0,10646.0,
200250,19415.0,266000000.0,,,,,
160580,15920.0,1018000000.0,,,,,
394670,10485.0,234000000.0,,,,,
472870,6305.0,1969000000.0,,,,,
000020,5450.0,32803000000.0,5100.0,6130.0,5070.0,5771067.0,
006805,11260.0,235000000.0,11140.0,11340.0,11140.0,20930.0,
760011,9770.0,47000000.0,,,,,
008970,1451.0,20985000000.0,1370.0,1555.0,1360.0,14276899.0,
004090,11830.0,1309000000.0,11880.0,11950.0,11610.0,110870.0,
001045,66300.0,79000000.0,67500.0,67500.0,66100.0,1195.0,
0064K0,11615.0,1761000000.0,,,,,
00279K,21100.0,71000000.0,21300.0,21300.0,20700.0,3443.0,
013890,6820.0,63000000.0,6920.0,6920.0,6790.0,9284.0,20000000.0
293480,8410.0,90000000.0,8400.0,8450.0,8350.0,10808.0,
219480,33535.0,290000000.0,,,,,
011785,49300.0,213000000.0,50000.0,50000.0,49250.0,4314.0,
458210,110900.0,199000000.0,,,,,
0151P0,15260.0,1144000000.0,,,,,
700023,148700.0,0.0,,,,,
000970,6490.0,278000000.0,6560.0,6590.0,6450.0,42812.0,
272550,9820.0,70000000.0,9870.0,9890.0,9760.0,7206.0,
138520,36555.0,1034000000.0,,,,,
0104H0,12035.0,586000000.0,,,,,
271980,10020.0,97000000.0,10000.0,10060.0,9900.0,9742.0,
550089,146345.0,2000000.0,,,,,
016880,1824.0,80000000.0,1852.0,1862.0,1793.0,44361.0,
097955,109700.0,219000000.0,110900.0,111000.0,108900.0,2012.0,
491610,105165.0,544000000.0,,,,,
004150,3545.0,351000000.0,3645.0,3645.0,3530.0,98137.0,
004970,9050.0,63000000.0,9120.0,9120.0,8920.0,7104.0,
003830,109000.0,7000000.0,106700.0,109000.0,106700.0,67.0,
143860,36285.0,805000000.0,,,,,
0051G0,11690.0,381000000.0,,,,,
0199C0,8870.0,3509000000.0,,,,,
0209D0,9260.0,23067000000.0,,,,,
025820,4285.0,377000000.0,4380.0,4380.0,4260.0,87499.0,
012610,3440.0,427000000.0,3415.0,3470.0,3395.0,124663.0,
0041E0,16305.0,1864000000.0,,,,,
481180,16770.0,1074000000.0,,,,,
498180,93860.0,0.0,,,,,
0127M0,11855.0,24000000.0,,,,,
015890,4795.0,44000000.0,4770.0,4815.0,4762.0,9274.0,
0131W0,102405.0,425000000.0,,,,,
011690,3810.0,832000000.0,3760.0,3885.0,3695.0,219061.0,
071840,5920.0,34000000.0,5880.0,6030.0,5880.0,5753.0,
476030,17555.0,814000000.0,,,,,
001360,1470.0,678000000.0,1470.0,1480.0,1444.0,464352.0,
107590,59600.0,1000000.0,59900.0,59900.0,59600.0,27.0,
001080,3935.0,444000000.0,4000.0,4105.0,3935.0,111123.0,
008350,1070.0,385000000.0,1070.0,1076.0,1066.0,360215.0,
0085P0,9205.0,4975000000.0,,,,,
094280,11900.0,18000000.0,11860.0,11940.0,11840.0,1588.0,
495330,31925.0,98000000.0,,,,,
003480,4640.0,298000000.0,4680.0,4715.0,4600.0,64299.0,
0048K0,7610.0,1302000000.0,,,,,
081000,9600.0,177000000.0,9460.0,9680.0,9450.0,18555.0,
570106,54460.0,0.0,,,,,
245340,33570.0,444000000.0,,,,,
760007,33790.0,2000000.0,,,,,
018470,5330.0,555000000.0,5230.0,5370.0,5150.0,104714.0,
463680,23325.0,948000000.0,,,,,
014280,4565.0,767000000.0,4630.0,4685.0,4550.0,167014.0,
004080,14360.0,14000000.0,14490.0,14490.0,14310.0,1000.0,
0074K0,18090.0,904000000.0,,,,,
570050,26335.0,0.0,,,,,
411420,27690.0,284000000.0,,,,,
092220,3260.0,1168000000.0,3260.0,3300.0,3225.0,357535.0,
0091M0,10180.0,6000000.0,,,,,
530136,13005.0,1654000000.0,,,,,
325010,44695.0,121000000.0,,,,,
139220,7580.0,1634000000.0,,,,,
024090,11350.0,22000000.0,11520.0,11520.0,11350.0,1998.0,
214390,5410.0,161000000.0,5460.0,5500.0,5400.0,29789.0,
0092B0,15485.0,1611000000.0,,,,,
013520,2575.0,142000000.0,2520.0,2590.0,2510.0,55865.0,
377990,26180.0,1995000000.0,,,,,
461500,105495.0,2000000.0,,,,,
004960,10930.0,170000000.0,10810.0,11020.0,10800.0,15689.0,
463290,109580.0,73000000.0,,,,,
447620,15955.0,909000000.0,,,,,
0181B0,10180.0,2603000000.0,,,,,
469170,6140.0,4083000000.0,,,,,
006060,2255.0,97000000.0,2255.0,2255.0,2230.0,43569.0,
448100,113225.0,1042000000.0,,,,,
520066,20755.0,476000000.0,,,,,
009270,1085.0,137000000.0,1100.0,1106.0,1082.0,126593.0,
002210,1284.0,52000000.0,1300.0,1330.0,1270.0,40705.0,
475310,34420.0,45181000000.0,,,,,
078000,13400.0,15000000.0,13510.0,13540.0,13400.0,1181.0,
015590,2315.0,289000000.0,2380.0,2410.0,2205.0,125087.0,
0000Y0,102120.0,0.0,,,,,
267290,20950.0,148000000.0,21300.0,21300.0,20700.0,7120.0,
002620,7680.0,37000000.0,7560.0,7690.0,7340.0,4994.0,
210540,11110.0,227000000.0,11110.0,11200.0,11060.0,20567.0,
500037,61205.0,61000000.0,,,,,
009070,4080.0,307000000.0,4145.0,4170.0,4075.0,74774.0,
089470,3825.0,123000000.0,3805.0,3840.0,3765.0,32496.0,
0123G0,5860.0,600000000.0,,,,,
438570,98380.0,28000000.0,,,,,
328370,39035.0,4000000.0,,,,,
214420,5030.0,122000000.0,5050.0,5130.0,5010.0,24294.0,
037560,1557.0,158000000.0,1525.0,1567.0,1525.0,101872.0,
0168K0,5865.0,6227000000.0,,,,,
005800,13360.0,70000000.0,13520.0,13580.0,13200.0,5298.0,
304660,6825.0,1114000000.0,,,,,
001520,1118.0,314000000.0,1137.0,1137.0,1111.0,281347.0,
004100,3240.0,1779000000.0,3270.0,3375.0,3230.0,541741.0,
326240,47480.0,1020000000.0,,,,,
350520,3210.0,242000000.0,3350.0,3390.0,3195.0,75329.0,
332940,49150.0,15000000.0,,,,,
114820,105315.0,2682000000.0,,,,,
266370,75995.0,685000000.0,,,,,
455860,4905.0,4671000000.0,,,,,
0184L0,100770.0,1818000000.0,,,,,
014530,3375.0,238000000.0,3395.0,3440.0,3355.0,70321.0,
550092,117655.0,4000000.0,,,,,
192090,11475.0,387000000.0,,,,,
399110,20625.0,281000000.0,,,,,
002390,8530.0,111000000.0,8700.0,8900.0,8530.0,12805.0,
304940,34190.0,148000000.0,,,,,
491230,52640.0,701000000.0,,,,,
017550,1845.0,334000000.0,1859.0,1879.0,1839.0,180189.0,
227840,12630.0,112000000.0,12750.0,12910.0,12550.0,8893.0,
034590,26250.0,21000000.0,26500.0,26500.0,26100.0,811.0,
0000J0,28705.0,3407000000.0,,,,,
016740,4000.0,89000000.0,3980.0,4025.0,3910.0,22680.0,
0174B0,15710.0,1929000000.0,,,,,
001210,9060.0,7038000000.0,9500.0,9500.0,8980.0,769028.0,
367770,22115.0,402000000.0,,,,,
0036R0,20330.0,570000000.0,,,,,
083420,4720.0,44000000.0,4790.0,4790.0,4675.0,9370.0,
079430,5600.0,86000000.0,5660.0,5660.0,5550.0,15567.0,
003010,8860.0,7176000000.0,9450.0,9450.0,8340.0,830759.0,
009580,1799.0,1528000000.0,1791.0,1888.0,1753.0,845649.0,
002460,11030.0,37000000.0,11050.0,11050.0,10910.0,3453.0,
012200,3145.0,1095000000.0,3125.0,3170.0,3100.0,348542.0,
319640,24210.0,284000000.0,,,,,
182480,12640.0,195000000.0,,,,,
016710,6890.0,47000000.0,6890.0,6940.0,6840.0,6988.0,
013570,4190.0,78000000.0,4240.0,4240.0,4155.0,18785.0,
023450,31500.0,26000000.0,31700.0,31900.0,30450.0,838.0,
476850,21975.0,1847000000.0,,,,,
0221V0,100780.0,10000000.0,,,,,
006660,13480.0,3324000000.0,13260.0,13600.0,13150.0,247922.0,
011810,3530.0,0.0,0.0,0.0,0.0,0.0,
570019,7270.0,0.0,,,,,
014580,3950.0,339000000.0,3875.0,3980.0,3870.0,86540.0,
012800,1191.0,310000000.0,1205.0,1217.0,1187.0,258687.0,
488500,11990.0,750000000.0,,,,,
021820,10820.0,60000000.0,10620.0,10820.0,10460.0,5723.0,
309230,29150.0,194000000.0,,,,,
0132K0,8055.0,1284000000.0,,,,,
0193M0,50445.0,0.0,,,,,
496090,32215.0,3000000.0,,,,,
465610,44255.0,621000000.0,,,,,
0137V0,11535.0,1302000000.0,,,,,
011280,1494.0,89000000.0,1460.0,1498.0,1436.0,61101.0,
464310,13545.0,293000000.0,,,,,
003580,2080.0,7665000000.0,1795.0,2280.0,1794.0,3556076.0,
010100,3450.0,98000000.0,3485.0,3485.0,3425.0,28445.0,
078935,58900.0,163000000.0,59500.0,59600.0,57900.0,2793.0,
500050,52365.0,12000000.0,,,,,
0177X0,10145.0,3163000000.0,,,,,
203780,34310.0,460000000.0,,,,,
004250,2840.0,23000000.0,2835.0,2860.0,2830.0,8429.0,
464930,20850.0,77000000.0,,,,,
008040,7380.0,125000000.0,7470.0,7580.0,7340.0,16880.0,
120030,82700.0,38000000.0,82300.0,83000.0,81900.0,466.0,
267850,9340.0,7000000.0,9260.0,9350.0,9260.0,814.0,
0138Y0,9420.0,1201000000.0,,,,,
012320,43700.0,181000000.0,43900.0,44150.0,43250.0,4167.0,
251340,2120.0,88430000000.0,,,,,
027970,2700.0,37000000.0,2710.0,2730.0,2675.0,13874.0,
123690,6380.0,324000000.0,6590.0,6590.0,6300.0,50898.0,
0191W0,101055.0,0.0,,,,,
0122W0,51140.0,7000000.0,,,,,
372330,6160.0,417000000.0,,,,,
570116,50660.0,6000000.0,,,,,
0135Y0,100550.0,0.0,,,,,
119650,918.0,0.0,0.0,0.0,0.0,0.0,
248170,21950.0,203000000.0,21950.0,22050.0,21800.0,9301.0,
486240,32225.0,56000000.0,,,,,
458030,55190.0,15000000.0,,,,,
025620,5480.0,123000000.0,5200.0,5480.0,5100.0,23027.0,
168580,31930.0,32000000.0,,,,,
035000,6140.0,3482000000.0,6150.0,6180.0,6040.0,570860.0,
37550L,47050.0,21000000.0,47500.0,47800.0,47050.0,453.0,
475050,6630.0,2929000000.0,,,,,
0162L0,12170.0,811000000.0,,,,,
394660,15000.0,71000000.0,,,,,
0080Y0,7365.0,4279000000.0,,,,,
002450,1081.0,65000000.0,1088.0,1102.0,1077.0,60922.0,
0142D0,10435.0,1520000000.0,,,,,
530055,97180.0,32000000.0,,,,,
067830,2360.0,74000000.0,2310.0,2390.0,2285.0,32271.0,
453080,24125.0,1415000000.0,,,,,
0198A0,9190.0,6398000000.0,,,,,
461460,51450.0,968000000.0,,,,,
195980,15685.0,492000000.0,,,,,
610037,6870.0,0.0,,,,,
0176E0,10070.0,474000000.0,,,,,
417310,2380.0,87000000.0,2385.0,2385.0,2370.0,36617.0,
070960,1996.0,86000000.0,2050.0,2050.0,1965.0,43610.0,
008700,1242.0,172000000.0,1257.0,1257.0,1233.0,139211.0,
0197X0,5875.0,44279000000.0,,,,,
264900,7630.0,31000000.0,7700.0,7700.0,7580.0,4134.0,
002780,6550.0,391000000.0,6670.0,6820.0,6490.0,59425.0,
0035T0,19815.0,270000000.0,,,,,
479620,27475.0,499000000.0,,,,,
473440,10880.0,211000000.0,,,,,
433970,13920.0,303000000.0,,,,,
032560,5550.0,62000000.0,5510.0,5570.0,5480.0,11332.0,
451530,35840.0,599000000.0,,,,,
007210,1441.0,60000000.0,1441.0,1446.0,1431.0,42187.0,
014790,2485.0,74000000.0,2510.0,2520.0,2475.0,29936.0,
007540,46550.0,340000000.0,46700.0,46800.0,46000.0,7353.0,
001290,4325.0,200000000.0,4265.0,4385.0,4205.0,46857.0,
580039,187420.0,54000000.0,,,,,
008260,3275.0,177000000.0,3325.0,3335.0,3260.0,54043.0,
014440,4670.0,17000000.0,4665.0,4675.0,4655.0,3849.0,
0008T0,16665.0,15105000000.0,,,,,
363280,2050.0,14000000.0,2090.0,2090.0,2030.0,6820.0,
298770,85990.0,1279000000.0,,,,,
006840,7000.0,55000000.0,7010.0,7010.0,6880.0,8011.0,
002200,2760.0,369000000.0,2800.0,2810.0,2715.0,133992.0,
530061,30640.0,983000000.0,,,,,
143850,78185.0,214000000.0,,,,,
013700,1530.0,317000000.0,1580.0,1580.0,1507.0,208219.0,
096775,73200.0,282000000.0,71900.0,73800.0,70500.0,3889.0,
308620,10860.0,427000000.0,,,,,
454320,42390.0,293000000.0,,,,,
058850,2200.0,100000000.0,2205.0,2205.0,2185.0,45801.0,
269540,30360.0,250000000.0,,,,,
001275,30350.0,10000000.0,30350.0,30350.0,30350.0,361.0,
019180,5030.0,245000000.0,5090.0,5140.0,5020.0,48358.0,
058860,2600.0,216000000.0,2575.0,2635.0,2575.0,83114.0,
0052T0,50845.0,1000000.0,,,,,
036580,2450.0,48000000.0,2525.0,2525.0,2435.0,19966.0,
325020,28920.0,160000000.0,,,,,
114100,106280.0,765000000.0,,,,,
0007N0,111575.0,106000000.0,,,,,
444490,19935.0,453000000.0,,,,,
139990,2285.0,44000000.0,2315.0,2315.0,2265.0,19699.0,
610064,55170.0,0.0,,,,,
004140,1831.0,222000000.0,1823.0,1838.0,1804.0,122300.0,
261270,8325.0,113000000.0,,,,,
023000,2205.0,3000000.0,2225.0,2225.0,2195.0,1739.0,
468380,10305.0,456000000.0,,,,,
211900,27520.0,2113000000.0,,,,,
453330,18400.0,314000000.0,,,,,
0066W0,11750.0,1225000000.0,,,,,
329670,21580.0,206000000.0,,,,,
495040,31835.0,261000000.0,,,,,
006090,9020.0,12000000.0,9000.0,9060.0,8940.0,1425.0,
33626K,6330.0,49000000.0,6300.0,6400.0,6210.0,7884.0,
485690,23100.0,318000000.0,,,,,
004890,34700.0,11000000.0,34500.0,34750.0,34150.0,340.0,
002600,139000.0,0.0,139000.0,139000.0,139000.0,3.0,
007980,1778.0,419000000.0,1792.0,1797.0,1752.0,237368.0,
359210,36095.0,151000000.0,,,,,
475280,10750.0,2000000.0,,,,,
329660,17655.0,313000000.0,,,,,
0098N0,12765.0,603000000.0,,,,,
011700,2550.0,355000000.0,2550.0,2600.0,2515.0,139027.0,
0017Y0,94465.0,4000000.0,,,,,
460960,10340.0,204000000.0,,,,,
000590,70600.0,66000000.0,70300.0,71000.0,70100.0,950.0,
108450,40595.0,916000000.0,,,,,
337140,36900.0,147000000.0,,,,,
429760,19310.0,165000000.0,,,,,
530107,1351.0,46718000000.0,,,,,
000850,36800.0,288000000.0,37250.0,37450.0,36500.0,7849.0,
449770,20755.0,496000000.0,,,,,
138530,12495.0,1007000000.0,,,,,
055490,16710.0,220000000.0,16850.0,16880.0,16530.0,13241.0,
469060,38025.0,573000000.0,,,,,
023800,5050.0,146000000.0,5030.0,5100.0,5030.0,28838.0,
001260,8100.0,251000000.0,8170.0,8280.0,8030.0,30959.0,
009180,2810.0,89000000.0,2790.0,2830.0,2790.0,31826.0,
111380,12900.0,43000000.0,12920.0,12920.0,12680.0,3434.0,
0018C0,10330.0,1239000000.0,,,,,
0057H0,11420.0,1721000000.0,,,,,
007610,4375.0,805000000.0,4270.0,4390.0,4265.0,185896.0,
495750,32025.0,28000000.0,,,,,
069730,5440.0,49000000.0,5450.0,5480.0,5380.0,9241.0,
0225V0,12030.0,6784000000.0,,,,,
365040,37015.0,328000000.0,,,,,
005740,5230.0,16000000.0,5250.0,5250.0,5180.0,3262.0,
0049M0,10980.0,278000000.0,,,,,
163560,5560.0,88000000.0,5600.0,5630.0,5510.0,15998.0,
004840,3980.0,17000000.0,3970.0,4000.0,3970.0,4478.0,
550093,38335.0,0.0,,,,,
002220,2865.0,193000000.0,2790.0,2885.0,2790.0,67889.0,
490480,27765.0,2082000000.0,,,,,
210780,23060.0,142000000.0,,,,,
109070,7160.0,326000000.0,7500.0,7510.0,7070.0,45225.0,
364960,6375.0,227000000.0,,,,,
500071,30195.0,45000000.0,,,,,
0210E0,7325.0,5173000000.0,,,,,
007590,5530.0,33000000.0,5580.0,5580.0,5490.0,6038.0,
570120,15045.0,508000000.0,,,,,
0240J0,10730.0,5641000000.0,,,,,
412770,13045.0,66000000.0,,,,,
000105,64700.0,34000000.0,64500.0,67500.0,64500.0,534.0,
063160,13520.0,372000000.0,12940.0,13650.0,12940.0,27746.0,
010960,3070.0,207000000.0,3110.0,3110.0,3050.0,67529.0,
0080X0,10545.0,538000000.0,,,,,
0238F0,10615.0,3238000000.0,,,,,
465330,12500.0,3378000000.0,,,,,
013360,1364.0,199000000.0,1380.0,1385.0,1359.0,146076.0,
298340,56670.0,2281000000.0,,,,,
292190,49080.0,314000000.0,,,,,
157490,7910.0,964000000.0,,,,,
272910,106375.0,3000000.0,,,,,
228810,2990.0,927000000.0,,,,,
480370,2230.0,4515000000.0,2400.0,2445.0,2145.0,1983886.0,
214330,6920.0,178000000.0,7070.0,7120.0,6910.0,25574.0,
024900,2220.0,275000000.0,2275.0,2295.0,2090.0,122577.0,
292770,57920.0,0.0,,,,,
500096,14455.0,25000000.0,,,,,
000230,6260.0,64000000.0,6200.0,6400.0,6180.0,10222.0,
002720,3410.0,294000000.0,3315.0,3410.0,3300.0,87715.0,
013870,3780.0,73000000.0,3790.0,3820.0,3775.0,19407.0,
530115,71430.0,121000000.0,,,,,
338100,3825.0,486000000.0,3890.0,3890.0,3765.0,127735.0,
266420,16540.0,469000000.0,,,,,
0190Y0,8775.0,287000000.0,,,,,
014160,655.0,0.0,0.0,0.0,0.0,0.0,
120115,25650.0,275000000.0,25350.0,25900.0,25250.0,10774.0,
475350,13905.0,358000000.0,,,,,
071090,3510.0,3631000000.0,3485.0,3675.0,3465.0,1013662.0,
0098Z0,94495.0,0.0,,,,,
453950,36250.0,1063000000.0,,,,,
550091,35280.0,136000000.0,,,,,
001560,9280.0,29000000.0,9030.0,9350.0,9020.0,3264.0,
278240,9805.0,1286000000.0,,,,,
002795,11040.0,31000000.0,11020.0,11040.0,10950.0,2887.0,
002700,1024.0,663000000.0,1011.0,1029.0,1003.0,649920.0,
005750,4230.0,86000000.0,4235.0,4280.0,4180.0,20671.0,
0102A0,8685.0,170000000.0,,,,,
004440,5490.0,147000000.0,5390.0,5530.0,5380.0,26938.0,
009770,27900.0,86000000.0,27850.0,27900.0,27350.0,3141.0,
441540,25700.0,266000000.0,,,,,
031820,5730.0,294000000.0,5850.0,5960.0,5730.0,50063.0,
211560,34350.0,96000000.0,,,,,
001020,1931.0,12000000.0,1968.0,1968.0,1915.0,6546.0,
0022T0,12015.0,1224000000.0,,,,,
418670,19615.0,4851000000.0,,,,,
155660,4265.0,83000000.0,4285.0,4285.0,4210.0,19548.0,
010040,1661.0,92000000.0,1640.0,1687.0,1613.0,55969.0,
130730,103280.0,335000000.0,,,,,
492500,51435.0,2000000.0,,,,,
095720,1196.0,41000000.0,1210.0,1210.0,1179.0,34629.0,
011150,1881.0,118000000.0,1888.0,1895.0,1864.0,63077.0,
530131,22510.0,4000000.0,,,,,
010660,3065.0,163000000.0,3150.0,3155.0,3055.0,53051.0,
550084,33700.0,24000000.0,,,,,
000180,4820.0,16000000.0,4775.0,4820.0,4770.0,3457.0,
228800,2615.0,241000000.0,,,,,
278620,119345.0,24000000.0,,,,,
530126,33525.0,0.0,,,,,
0233A0,10810.0,842000000.0,,,,,
491700,111575.0,0.0,,,,,
433880,18280.0,206000000.0,,,,,
0113D0,11685.0,260000000.0,,,,,
079980,1925.0,42000000.0,1970.0,1970.0,1916.0,22282.0,
0222D0,10055.0,2231000000.0,,,,,
0220B0,12880.0,7433000000.0,,,,,
610066,55225.0,0.0,,,,,
007815,22350.0,41000000.0,21350.0,22350.0,21350.0,1876.0,
520081,66075.0,0.0,,,,,
017370,3605.0,61000000.0,3560.0,3650.0,3515.0,17225.0,
085310,8850.0,150000000.0,8870.0,8950.0,8650.0,17325.0,
007280,2290.0,12000000.0,2300.0,2300.0,2275.0,5483.0,
004720,2895.0,18000000.0,2850.0,2895.0,2825.0,6431.0,
100220,5030.0,59000000.0,4950.0,5090.0,4950.0,11915.0,
019680,1623.0,19000000.0,1623.0,1623.0,1599.0,11880.0,
084670,22500.0,301000000.0,23150.0,23200.0,22300.0,13273.0,
277640,38175.0,502000000.0,,,,,
700022,32380.0,0.0,,,,,
580082,25902.0,44000000.0,,,,,
058730,3195.0,557000000.0,3190.0,3245.0,3170.0,173989.0,
473640,30505.0,488000000.0,,,,,
004770,1797.0,1729000000.0,1854.0,1918.0,1785.0,943604.0,
520080,21235.0,0.0,,,,,
005870,4500.0,250000000.0,4620.0,4640.0,4475.0,55468.0,
306950,79395.0,87000000.0,,,,,
018500,1358.0,55000000.0,1392.0,1392.0,1354.0,40713.0,
0115E0,14560.0,263000000.0,,,,,
0123S0,10210.0,12000000.0,,,,,
009200,1518.0,26000000.0,1530.0,1538.0,1509.0,17303.0,
570100,20970.0,58000000.0,,,,,
458750,12085.0,339000000.0,,,,,
068290,6280.0,111000000.0,6210.0,6300.0,6120.0,17897.0,
084680,2210.0,202000000.0,2335.0,2400.0,2175.0,90336.0,
495940,19840.0,55000000.0,,,,,
419890,107675.0,34000000.0,,,,,
016090,1410.0,55000000.0,1415.0,1415.0,1406.0,39703.0,
580010,10395.0,0.0,,,,,
252400,103905.0,63000000.0,,,,,
261240,13915.0,991000000.0,,,,,
520086,24710.0,2000000.0,,,,,
455660,9140.0,223000000.0,,,,,
530067,30500.0,107000000.0,,,,,
35320K,28950.0,338000000.0,28000.0,29050.0,28000.0,11763.0,
0181L0,7305.0,524000000.0,,,,,
004450,28000.0,3000000.0,28200.0,28900.0,27750.0,118.0,
275980,24100.0,128000000.0,,,,,
210980,3230.0,417000000.0,3400.0,3465.0,3150.0,127897.0,
520095,24050.0,2010000000.0,,,,,
520100,12015.0,2050000000.0,,,,,
530124,59930.0,127000000.0,,,,,
014990,3980.0,625000000.0,4040.0,4065.0,3845.0,158264.0,
440640,112980.0,194000000.0,,,,,
072130,4705.0,140000000.0,4830.0,4830.0,4705.0,29737.0,
000220,3785.0,151000000.0,3785.0,3820.0,3750.0,40169.0,
002760,994.0,53000000.0,999.0,1005.0,993.0,54017.0,
480310,22020.0,239000000.0,,,,,
760018,9880.0,0.0,,,,,
520056,29600.0,145000000.0,,,,,
372910,2135.0,543000000.0,2155.0,2205.0,2115.0,252913.0,
295020,60740.0,11000000.0,,,,,
0040S0,23600.0,2088000000.0,,,,,
491220,130805.0,81000000.0,,,,,
453640,13620.0,319000000.0,,,,,
140700,20115.0,1198000000.0,,,,,
225040,69100.0,431000000.0,,,,,
476260,15870.0,7724000000.0,,,,,
442560,16425.0,234000000.0,,,,,
111110,6340.0,16000000.0,6440.0,6440.0,6290.0,2603.0,
003925,30300.0,100000000.0,30950.0,30950.0,29500.0,3354.0,
0172V0,7630.0,1031000000.0,,,,,
261070,11960.0,4945000000.0,,,,,
304780,126710.0,26000000.0,,,,,
001465,26400.0,36000000.0,26300.0,26850.0,25800.0,1381.0,
129260,1899.0,28000000.0,1937.0,1937.0,1895.0,14766.0,
006890,4850.0,96000000.0,4810.0,4880.0,4810.0,19866.0,
075180,2930.0,31000000.0,2915.0,2960.0,2875.0,10645.0,
37550K,26550.0,131000000.0,27000.0,27000.0,26250.0,4921.0,
385590,24335.0,78000000.0,,,,,
570104,18645.0,0.0,,,,,
0220WL,2365.0,497000000.0,2320.0,2405.0,2320.0,209943.0,
580076,27925.0,0.0,,,,,
007460,2175.0,324000000.0,2120.0,2190.0,2110.0,151057.0,
434960,111555.0,448000000.0,,,,,
0226A0,11130.0,1147000000.0,,,,,
020760,902.0,0.0,0.0,0.0,0.0,0.0,
0141S0,8405.0,595000000.0,,,,,
003465,3155.0,0.0,3005.0,3155.0,3005.0,2.0,
0238P0,10080.0,1099000000.0,,,,,
476750,6805.0,782000000.0,,,,,
580034,110110.0,5000000.0,,,,,
090080,998.0,91000000.0,1022.0,1022.0,994.0,91627.0,
000725,51800.0,76000000.0,51500.0,52400.0,51200.0,1490.0,
021050,1150.0,266000000.0,1127.0,1167.0,1125.0,233192.0,
025530,3650.0,37000000.0,3650.0,3650.0,3620.0,10318.0,
455960,11845.0,64000000.0,,,,,
28513K,25600.0,6000000.0,25300.0,25700.0,25300.0,253.0,
520087,27060.0,517000000.0,,,,,
0000D0,8580.0,202000000.0,,,,,
023810,5380.0,81000000.0,5300.0,5400.0,5220.0,15369.0,
378850,2825.0,63000000.0,2860.0,2875.0,2800.0,22413.0,
520101,10725.0,499000000.0,,,,,
150460,7290.0,73000000.0,,,,,
003475,4170.0,23000000.0,4160.0,4180.0,4120.0,5652.0,
401470,9290.0,63000000.0,,,,,
092440,1829.0,64000000.0,1850.0,1852.0,1824.0,35152.0,
0166S0,11735.0,431000000.0,,,,,
006125,43300.0,26000000.0,43500.0,43850.0,43300.0,606.0,
004830,3400.0,209000000.0,3345.0,3420.0,3320.0,61910.0,
760016,53240.0,92000000.0,,,,,
002410,1935.0,0.0,0.0,0.0,0.0,0.0,
520089,10630.0,0.0,,,,,
0041D0,14325.0,639000000.0,,,,,
530113,52810.0,11000000.0,,,,,
101280,30635.0,191000000.0,,,,,
001550,10130.0,172000000.0,10190.0,10250.0,10080.0,16993.0,
006980,17010.0,40000000.0,16860.0,17130.0,16680.0,2420.0,
479730,8900.0,65000000.0,,,,,
275300,30880.0,250000000.0,,,,,
396690,1322.0,113000000.0,1360.0,1360.0,1318.0,84363.0,
000950,31150.0,7000000.0,29150.0,31150.0,29150.0,262.0,
0046Y0,12170.0,103000000.0,,,,,
0111J0,11875.0,694000000.0,,,,,
610088,52045.0,26000000.0,,,,,
0118Z0,8735.0,155000000.0,,,,,
253150,207430.0,48000000.0,,,,,
287180,57560.0,256000000.0,,,,,
316670,7910.0,5537000000.0,,,,,
114470,107715.0,215000000.0,,,,,
520092,25820.0,423000000.0,,,,,
003780,3960.0,414000000.0,4150.0,4155.0,3950.0,103195.0,
012690,1405.0,82000000.0,1417.0,1423.0,1403.0,58451.0,
011230,2680.0,378000000.0,2685.0,2765.0,2670.0,139778.0,
473490,34230.0,875000000.0,,,,,
123700,3285.0,9000000.0,3255.0,3300.0,3255.0,2996.0,
0000Z0,8750.0,1152000000.0,,,,,
005305,66000.0,14000000.0,66000.0,66300.0,65800.0,216.0,
292560,7870.0,1262000000.0,,,,,
0113P0,102715.0,709000000.0,,,,,
010770,3495.0,84000000.0,3530.0,3550.0,3485.0,24136.0,
005320,1495.0,619000000.0,1417.0,1520.0,1350.0,420092.0,
520072,17025.0,0.0,,,,,
101140,5080.0,34000000.0,5150.0,5180.0,4850.0,6928.0,
336160,100040.0,128000000.0,,,,,
0185L0,7250.0,473000000.0,,,,,
445150,27415.0,121000000.0,,,,,
152500,45960.0,1429000000.0,,,,,
580056,25180.0,5000000.0,,,,,
580068,50145.0,230000000.0,,,,,
006880,4235.0,44000000.0,4305.0,4305.0,4180.0,10412.0,
0139P0,13180.0,110000000.0,,,,,
700029,49890.0,1000000.0,,,,,
0194T0,9215.0,350000000.0,,,,,
0207G0,8505.0,5322000000.0,,,,,
475260,10780.0,0.0,,,,,
002630,1676.0,42000000.0,1668.0,1718.0,1630.0,25600.0,
011390,47050.0,90000000.0,48100.0,48200.0,46150.0,1905.0,
0118S0,10790.0,242000000.0,,,,,
530133,49580.0,234000000.0,,,,,
500093,49500.0,44000000.0,,,,,
461340,44970.0,194000000.0,,,,,
610061,24585.0,35000000.0,,,,,
218420,19995.0,528000000.0,,,,,
140950,87030.0,17000000.0,,,,,
204480,20400.0,51000000.0,,,,,
009835,19080.0,178000000.0,18770.0,19220.0,18570.0,9398.0,
700027,48545.0,300000000.0,,,,,
011000,2670.0,0.0,0.0,0.0,0.0,0.0,
001620,2180.0,19000000.0,2190.0,2210.0,2160.0,9159.0,
011300,2810.0,80000000.0,2585.0,2860.0,2585.0,29063.0,
442090,32285.0,12000000.0,,,,,
004410,1220.0,85000000.0,1220.0,1233.0,1214.0,69702.0,
440910,21380.0,133000000.0,,,,,
442260,38765.0,54000000.0,,,,,
0141T0,50410.0,0.0,,,,,
610101,47940.0,49000000.0,,,,,
002140,1915.0,162000000.0,1940.0,1940.0,1914.0,84616.0,
473590,20300.0,249000000.0,,,,,
196030,95000.0,11000000.0,,,,,
0178H0,10325.0,442000000.0,,,,,
0020H0,22595.0,287000000.0,,,,,
305050,72695.0,146000000.0,,,,,
447430,16560.0,142000000.0,,,,,
041650,2190.0,6000000.0,2185.0,2200.0,2165.0,2784.0,
487130,32305.0,347000000.0,,,,,
261220,25970.0,1556000000.0,,,,,
238720,51765.0,294000000.0,,,,,
371470,8790.0,168000000.0,,,,,
0086B0,9470.0,81000000.0,,,,,
069460,2660.0,0.0,0.0,0.0,0.0,0.0,
357250,1853.0,51000000.0,1868.0,1868.0,1835.0,27809.0,
002920,1784.0,166000000.0,1800.0,1824.0,1757.0,92420.0,
009320,931.0,59000000.0,965.0,965.0,931.0,62872.0,
000910,2940.0,73000000.0,2965.0,2965.0,2925.0,24835.0,
123310,1096.0,1384000000.0,,,,,
004540,1230.0,13000000.0,1240.0,1243.0,1217.0,10842.0,
481430,98320.0,47000000.0,,,,,
0186S0,8955.0,7564000000.0,,,,,
530143,45660.0,285000000.0,,,,,
375770,25330.0,21000000.0,,,,,
520102,22770.0,24165000000.0,,,,,
580081,45330.0,22000000.0,,,,,
276990,25600.0,76000000.0,,,,,
570119,45010.0,0.0,,,,,
084870,2200.0,13000000.0,2220.0,2220.0,2160.0,6231.0,
074610,5110.0,0.0,0.0,0.0,0.0,0.0,
092780,3385.0,124000000.0,3490.0,3490.0,3355.0,36586.0,
003080,2225.0,11000000.0,2245.0,2245.0,2210.0,5203.0,
200030,39520.0,98000000.0,,,,,
360140,20205.0,1710000000.0,,,,,
453650,17755.0,356000000.0,,,,,
520073,44175.0,2000000.0,,,,,
004910,3430.0,7000000.0,3465.0,3465.0,3420.0,2121.0,
0112X0,41745.0,431000000.0,,,,,
014910,1983.0,307000000.0,2005.0,2025.0,1970.0,155075.0,
008420,2100.0,60000000.0,2080.0,2125.0,2080.0,28583.0,
017180,1265.0,77000000.0,1269.0,1282.0,1252.0,61444.0,
440650,11285.0,892000000.0,,,,,
0089C0,11250.0,7767000000.0,,,,,
0194M0,12030.0,258000000.0,,,,,
520057,1350.0,11439000000.0,,,,,
570117,1930.0,593000000.0,,,,,
481850,974.0,14000000.0,970.0,983.0,969.0,15010.0,
446070,3985.0,190000000.0,4045.0,4045.0,3880.0,48138.0,
550041,60080.0,0.0,,,,,
004060,2075.0,136000000.0,2110.0,2110.0,2055.0,65657.0,
256750,13725.0,55000000.0,,,,,
100910,17475.0,201000000.0,,,,,
011330,4175.0,345000000.0,4250.0,4350.0,4110.0,82541.0,
026940,2090.0,325000000.0,2110.0,2145.0,2085.0,154109.0,
0191M0,100905.0,0.0,,,,,
0132H0,6910.0,456000000.0,,,,,
019490,541.0,0.0,0.0,0.0,0.0,0.0,
450910,15530.0,2078000000.0,,,,,
472840,110120.0,462000000.0,,,,,
520078,13755.0,1000000.0,,,,,
401170,10670.0,23000000.0,,,,,
183700,97460.0,167000000.0,,,,,
023350,3730.0,53000000.0,3750.0,3760.0,3705.0,14356.0,
448570,30235.0,3000000.0,,,,,
520091,10195.0,13000000.0,,,,,
469050,35445.0,826000000.0,,,,,
000215,24100.0,58000000.0,24300.0,24600.0,24050.0,2421.0,
017040,932.0,0.0,0.0,0.0,0.0,0.0,
491830,23755.0,355000000.0,,,,,
007110,2605.0,405000000.0,2500.0,2700.0,2440.0,159081.0,
500094,1920.0,1376000000.0,,,,,
0197W0,8960.0,1183000000.0,,,,,
472830,7180.0,444000000.0,,,,,
275280,44125.0,288000000.0,,,,,
049800,1985.0,68000000.0,2000.0,2030.0,1965.0,34661.0,
520074,13225.0,0.0,,,,,
520082,13185.0,0.0,,,,,
011420,1433.0,43000000.0,1427.0,1439.0,1396.0,30696.0,
002870,1118.0,397000000.0,1217.0,1234.0,1109.0,347169.0,
008870,39050.0,16000000.0,38750.0,39200.0,38750.0,417.0,
322410,22265.0,479000000.0,,,,,
365000,3825.0,592000000.0,,,,,
139280,12120.0,29000000.0,,,,,
570102,19285.0,52000000.0,,,,,
428510,22660.0,127000000.0,,,,,
139320,17100.0,202000000.0,,,,,
145270,800.0,22000000.0,804.0,804.0,792.0,28721.0,
009810,1884.0,12000000.0,1943.0,1943.0,1800.0,6630.0,
0189B0,7365.0,415000000.0,,,,,
570118,9570.0,22000000.0,,,,,
500095,6370.0,26000000.0,,,,,
023960,1004.0,6000000.0,1019.0,1019.0,995.0,6468.0,
004920,7300.0,440000000.0,7720.0,7730.0,6600.0,63306.0,
760024,8450.0,12000000.0,,,,,
494840,11275.0,203000000.0,,,,,
0234N0,10630.0,4507000000.0,,,,,
610038,3735.0,19000000.0,,,,,
047400,889.0,153000000.0,905.0,912.0,879.0,172765.0,
002360,3350.0,193000000.0,3325.0,3525.0,3150.0,57971.0,
134790,18550.0,3000000.0,18930.0,18950.0,18220.0,190.0,
276650,49245.0,1000000.0,,,,,
0007G0,12085.0,70000000.0,,,,,
570029,7360.0,0.0,,,,,
449690,48990.0,1000000.0,,,,,
0204S0,8465.0,999000000.0,,,,,
195930,22905.0,211000000.0,,,,,
009140,23300.0,1131000000.0,20450.0,25050.0,19750.0,49449.0,
012280,3685.0,97000000.0,3600.0,3710.0,3570.0,26514.0,
494410,14595.0,66000000.0,,,,,
610089,2145.0,1227000000.0,,,,,
133820,980.0,35000000.0,990.0,1008.0,970.0,36096.0,
000890,1315.0,173000000.0,1327.0,1338.0,1310.0,131280.0,
385520,16875.0,136000000.0,,,,,
530118,12035.0,206000000.0,,,,,
027740,1135.0,181000000.0,1156.0,1156.0,1093.0,162778.0,
610078,30030.0,568000000.0,,,,,
400970,7195.0,89000000.0,,,,,
580069,1940.0,506000000.0,,,,,
0100K0,5980.0,8020000000.0,,,,,
0184E0,11170.0,1607000000.0,,,,,
147970,81215.0,178000000.0,,,,,
0192L0,9320.0,351000000.0,,,,,
0085N0,9380.0,1109000000.0,,,,,
380340,29655.0,5380000000.0,,,,,
352540,10465.0,228000000.0,,,,,
760005,35505.0,0.0,,,,,
117460,14910.0,2383000000.0,,,,,
407830,14780.0,39000000.0,,,,,
570103,3535.0,37000000.0,,,,,
510045,23540.0,0.0,,,,,
276970,7500.0,57000000.0,,,,,
464470,43825.0,757000000.0,,,,,
008250,3210.0,151000000.0,3115.0,3240.0,3115.0,47265.0,
241390,15930.0,18000000.0,,,,,
104530,17040.0,150000000.0,,,,,
002880,3715.0,60000000.0,3900.0,3900.0,3700.0,16003.0,
465660,27790.0,1251000000.0,,,,,
000760,12340.0,73000000.0,12100.0,12980.0,12070.0,6048.0,
610007,6900.0,0.0,,,,,
013000,1198.0,190000000.0,1202.0,1210.0,1190.0,158843.0,
520096,13730.0,3752000000.0,,,,,
500085,34265.0,0.0,,,,,
530117,34090.0,20000000.0,,,,,
449780,18895.0,135000000.0,,,,,
266360,9190.0,177000000.0,,,,,
0192T0,8000.0,6686000000.0,,,,,
459560,22650.0,68000000.0,,,,,
446690,67315.0,856000000.0,,,,,
0023B0,15650.0,278000000.0,,,,,
004365,9110.0,7000000.0,9180.0,9200.0,9110.0,768.0,
143210,1199.0,0.0,0.0,0.0,0.0,0.0,
009460,2715.0,31000000.0,2770.0,2810.0,2670.0,11648.0,
261060,30450.0,1538000000.0,,,,,
105780,16735.0,31000000.0,,,,,
491090,18590.0,357000000.0,,,,,
0150K0,11935.0,498000000.0,,,,,
005820,14500.0,18000000.0,14500.0,14720.0,14350.0,1290.0,
475070,30200.0,104000000.0,,,,,
138910,10025.0,326000000.0,,,,,
014130,2795.0,139000000.0,2755.0,2795.0,2750.0,50239.0,
010640,1974.0,150000000.0,2070.0,2075.0,1974.0,75200.0,
006370,3045.0,127000000.0,2985.0,3090.0,2950.0,41911.0,
012160,2105.0,71000000.0,2160.0,2200.0,2100.0,33117.0,
261250,15100.0,1065000000.0,,,,,
0154F0,11915.0,168000000.0,,,,,
474800,15540.0,589000000.0,,,,,
217770,1129.0,863000000.0,,,,,
464920,27170.0,2470000000.0,,,,,
0138T0,9310.0,149000000.0,,,,,
520099,2505.0,7104000000.0,,,,,
498860,16275.0,109000000.0,,,,,
0089B0,11220.0,211000000.0,,,,,
500040,32510.0,1000000.0,,,,,
0083S0,12460.0,798000000.0,,,,,
0166N0,9520.0,755000000.0,,,,,
122260,104375.0,126000000.0,,,,,
580077,10740.0,42000000.0,,,,,
520077,12880.0,6000000.0,,,,,
0218J0,9415.0,3354000000.0,,,,,
452250,4130.0,175000000.0,,,,,
090370,1172.0,22000000.0,1186.0,1216.0,1163.0,19324.0,
520065,16000.0,0.0,,,,,
494340,21230.0,526000000.0,,,,,
252710,78.0,4246000000.0,,,,,
570127,31770.0,9000000.0,,,,,
469790,45230.0,33000000.0,,,,,
156080,52750.0,133000000.0,,,,,
261140,24605.0,281000000.0,,,,,
322400,9540.0,5000000.0,,,,,
003535,6550.0,106000000.0,6640.0,6640.0,6450.0,16305.0,
520079,31400.0,3000000.0,,,,,
275290,34870.0,331000000.0,,,,,
0155N0,7990.0,270000000.0,,,,,
227540,18525.0,334000000.0,,,,,
395170,15485.0,192000000.0,,,,,
387270,26560.0,76000000.0,,,,,
174360,21995.0,113000000.0,,,,,
010400,4030.0,85000000.0,4185.0,4240.0,4025.0,20873.0,
025750,1900.0,17000000.0,1899.0,1902.0,1878.0,9173.0,
153270,85030.0,97000000.0,,,,,
468630,10155.0,724000000.0,,,,,
459750,17425.0,44000000.0,,,,,
099140,19900.0,134000000.0,,,,,
024070,1979.0,19000000.0,1999.0,1999.0,1975.0,9825.0,
036420,1570.0,26000000.0,1570.0,1613.0,1547.0,16645.0,
069640,1390.0,33000000.0,1398.0,1398.0,1360.0,23978.0,
139270,16400.0,432000000.0,,,,,
395290,4745.0,127000000.0,,,,,
459790,20770.0,0.0,,,,,
500102,15055.0,42000000.0,,,,,
0192M0,12160.0,973000000.0,,,,,
001070,5670.0,18000000.0,5750.0,5780.0,5650.0,3200.0,
530148,30015.0,11606000000.0,,,,,
700017,30000.0,7000000.0,,,,,
426150,51515.0,144000000.0,,,,,
570081,29925.0,64000000.0,,,,,
051630,1410.0,375000000.0,1525.0,1561.0,1410.0,258341.0,
450190,49722.0,0.0,,,,,
530106,29640.0,2555000000.0,,,,,
253250,101975.0,86000000.0,,,,,
025890,2650.0,126000000.0,2650.0,2650.0,2605.0,48164.0,
289480,13390.0,672000000.0,,,,,
145850,117350.0,1000000.0,,,,,
570072,29335.0,0.0,,,,,
088790,2355.0,82000000.0,2540.0,2540.0,2350.0,34877.0,
465350,14625.0,1716000000.0,,,,,
248270,25090.0,94000000.0,,,,,
192720,56805.0,45000000.0,,,,,
117680,12535.0,432000000.0,,,,,
256440,4710.0,176000000.0,,,,,
0239Z0,12765.0,7461000000.0,,,,,
308170,3335.0,32000000.0,3410.0,3410.0,3305.0,9920.0,
476690,9570.0,145000000.0,,,,,
520075,28660.0,0.0,,,,,
500023,14270.0,0.0,,,,,
0223R0,9910.0,126000000.0,,,,,
019175,14290.0,22000000.0,14080.0,14390.0,13910.0,1572.0,
520090,7100.0,158000000.0,,,,,
006740,4755.0,35000000.0,4805.0,4850.0,4650.0,7587.0,
245350,17675.0,117000000.0,,,,,
006570,1854.0,45000000.0,1924.0,1924.0,1847.0,24267.0,
520083,28210.0,0.0,,,,,
500035,14090.0,11000000.0,,,,,
570069,28115.0,36000000.0,,,,,
415920,5850.0,185000000.0,,,,,
0224X0,9740.0,836000000.0,,,,,
496770,15410.0,73000000.0,,,,,
223190,27735.0,46000000.0,,,,,
023150,4470.0,81000000.0,4535.0,4550.0,4415.0,18312.0,
352560,11250.0,972000000.0,,,,,
0155M0,6040.0,143000000.0,,,,,
520093,2290.0,66000000.0,,,,,
003680,4415.0,151000000.0,4430.0,4455.0,4395.0,34204.0,
475270,10750.0,0.0,,,,,
489290,14780.0,199000000.0,,,,,
0049K0,10915.0,102000000.0,,,,,
570082,1363.0,198000000.0,,,,,
007120,992.0,38000000.0,984.0,1027.0,975.0,38947.0,
002690,1331.0,26000000.0,1315.0,1333.0,1296.0,20542.0,
760004,10005.0,0.0,,,,,
33637K,1585.0,34000000.0,1536.0,1605.0,1536.0,21976.0,
167860,92220.0,1000000.0,,,,,
0107F0,10685.0,141000000.0,,,,,
118000,1210.0,25000000.0,1271.0,1271.0,1190.0,21325.0,
0013R0,7385.0,64000000.0,,,,,
0137W0,10160.0,63000000.0,,,,,
415340,12750.0,158000000.0,,,,,
520047,26380.0,17000000.0,,,,,
610075,43905.0,178000000.0,,,,,
481340,7745.0,792000000.0,,,,,
139250,18515.0,912000000.0,,,,,
476070,9905.0,136000000.0,,,,,
700013,26240.0,0.0,,,,,
033250,4090.0,148000000.0,4200.0,4210.0,4055.0,36285.0,
277540,32670.0,219000000.0,,,,,
009190,579.0,1733000000.0,612.0,673.0,575.0,2866337.0,
0152E0,10575.0,66000000.0,,,,,
006490,1459.0,99000000.0,1466.0,1538.0,1401.0,68017.0,
0203S0,8485.0,340000000.0,,,,,
570047,25870.0,0.0,,,,,
271060,8610.0,126000000.0,,,,,
610028,25825.0,99000000.0,,,,,
437350,11720.0,500000000.0,,,,,
006345,9830.0,126000000.0,9830.0,10110.0,9720.0,12818.0,
483570,16100.0,28000000.0,,,,,
0047R0,15600.0,117000000.0,,,,,
002355,3960.0,8000000.0,3945.0,3990.0,3945.0,2136.0,
580049,12860.0,0.0,,,,,
367740,46500.0,26000000.0,,,,,
530063,25560.0,23000000.0,,,,,
004270,5600.0,62000000.0,5590.0,5740.0,5450.0,11188.0,
440340,11335.0,59000000.0,,,,,
550069,25485.0,12000000.0,,,,,
580070,25455.0,49000000.0,,,,,
570124,12675.0,0.0,,,,,
003060,1555.0,184000000.0,1577.0,1616.0,1490.0,117973.0,
530138,25260.0,23000000.0,,,,,
0209Z0,7320.0,926000000.0,,,,,
760026,16835.0,1242000000.0,,,,,
475380,9495.0,106000000.0,,,,,
292500,50120.0,137000000.0,,,,,
496120,33390.0,210000000.0,,,,,
368190,7820.0,2000000.0,,,,,
493420,11870.0,150000000.0,,,,,
245360,11575.0,241000000.0,,,,,
001380,1105.0,212000000.0,1225.0,1225.0,1104.0,188590.0,
292160,49495.0,579000000.0,,,,,
0177A0,9675.0,550000000.0,,,,,
159800,87760.0,64000000.0,,,,,
580057,12275.0,0.0,,,,,
0097L0,12510.0,100000000.0,,,,,
510044,16255.0,0.0,,,,,
0093D0,18690.0,56000000.0,,,,,
610022,8095.0,0.0,,,,,
610001,12140.0,0.0,,,,,
003495,21850.0,39000000.0,21900.0,22000.0,21750.0,1788.0,
0115C0,10305.0,68000000.0,,,,,
0103T0,8350.0,3192000000.0,,,,,
580048,12090.0,0.0,,,,,
364690,39900.0,43000000.0,,,,,
610069,15955.0,690000000.0,,,,,
0164G0,11355.0,89000000.0,,,,,
0223A0,12200.0,4162000000.0,,,,,
185680,44700.0,102000000.0,,,,,
442550,14720.0,184000000.0,,,,,
357430,771.0,17000000.0,790.0,816.0,760.0,22686.0,
414270,11170.0,321000000.0,,,,,
195970,16015.0,357000000.0,,,,,
009310,5330.0,0.0,0.0,0.0,0.0,0.0,
530128,23300.0,8000000.0,,,,,
760008,11620.0,0.0,,,,,
479850,17210.0,679000000.0,,,,,
550085,11600.0,0.0,,,,,
570115,23080.0,0.0,,,,,
464600,25600.0,418000000.0,,,,,
469160,27065.0,162000000.0,,,,,
0238C0,10200.0,5000000.0,,,,,
0127R0,16995.0,170000000.0,,,,,
0047P0,14795.0,32000000.0,,,,,
138230,15785.0,42000000.0,,,,,
700012,22815.0,0.0,,,,,
0206G0,7705.0,1754000000.0,,,,,
760012,32450.0,0.0,,,,,
0198D0,9545.0,169000000.0,,,,,
0239Y0,11300.0,3567000000.0,,,,,
280930,16120.0,88000000.0,,,,,
300950,5370.0,87000000.0,,,,,
304770,15845.0,301000000.0,,,,,
261120,5605.0,128000000.0,,,,,
376410,24885.0,11000000.0,,,,,
375760,24770.0,6000000.0,,,,,
461450,17080.0,448000000.0,,,,,
0186L0,9645.0,170000000.0,,,,,
433220,29895.0,83000000.0,,,,,
108590,110465.0,101000000.0,,,,,
388280,6815.0,105000000.0,,,,,
33626L,7390.0,11000000.0,7440.0,7480.0,7060.0,1547.0,
071950,1526.0,446000000.0,1660.0,1668.0,1503.0,287361.0,
419430,7880.0,10000000.0,,,,,
447660,13770.0,162000000.0,,,,,
001420,2895.0,141000000.0,2985.0,3100.0,2840.0,47799.0,
239660,121965.0,125000000.0,,,,,
520105,10975.0,700000000.0,,,,,
411540,16735.0,152000000.0,,,,,
004870,960.0,55000000.0,985.0,999.0,952.0,57332.0,
500100,10845.0,52000000.0,,,,,
580072,10800.0,0.0,,,,,
012170,2955.0,23000000.0,2990.0,3050.0,2880.0,7949.0,
610047,10760.0,0.0,,,,,
030720,4610.0,128000000.0,4665.0,4675.0,4500.0,28151.0,
550097,21435.0,18000000.0,,,,,
225130,42760.0,75000000.0,,,,,
0026E0,11535.0,2000000.0,,,,,
404120,26485.0,69000000.0,,,,,
471460,45980.0,122000000.0,,,,,
269420,20460.0,72000000.0,,,,,
008775,28000.0,30000000.0,28000.0,28150.0,27700.0,1105.0,
371450,13840.0,95000000.0,,,,,
337120,34980.0,546000000.0,,,,,
0190M0,8740.0,69000000.0,,,,,
226980,23305.0,39000000.0,,,,,
570130,20965.0,0.0,,,,,
0231Z0,10480.0,5715000000.0,,,,,
0192S0,9520.0,1029000000.0,,,,,
550087,10455.0,0.0,,,,,
253290,11605.0,283000000.0,,,,,
0241R0,10435.0,4950000000.0,,,,,
570122,10425.0,0.0,,,,,
461600,7865.0,152000000.0,,,,,
300640,6405.0,93000000.0,,,,,
500091,10400.0,0.0,,,,,
152380,64865.0,223000000.0,,,,,
289040,34305.0,3000000.0,,,,,
610036,20575.0,10000000.0,,,,,
364990,4515.0,736000000.0,,,,,
610103,20450.0,0.0,,,,,
289250,35725.0,1000000.0,,,,,
0193L0,7870.0,5800000000.0,,,,,
580073,20235.0,0.0,,,,,
0203R0,50520.0,0.0,,,,,
417630,19190.0,3000000.0,,,,,
000040,1024.0,23000000.0,1010.0,1085.0,1010.0,22917.0,
520104,10045.0,2238000000.0,,,,,
404260,25100.0,31000000.0,,,,,
001685,14630.0,7000000.0,14750.0,14750.0,14600.0,490.0,
204450,2110.0,113000000.0,,,,,
610018,10015.0,0.0,,,,,
00499K,24850.0,6000000.0,25000.0,25000.0,24450.0,267.0,
580067,9965.0,0.0,,,,,
530116,3985.0,177000000.0,,,,,
015020,928.0,0.0,0.0,0.0,0.0,0.0,
530130,6615.0,455000000.0,,,,,
005360,1050.0,885000000.0,1079.0,1125.0,1004.0,837206.0,
477730,6725.0,106000000.0,,,,,
520103,9915.0,1906000000.0,,,,,
489000,9000.0,458000000.0,,,,,
530119,19755.0,34000000.0,,,,,
610040,19715.0,0.0,,,,,
610087,19705.0,0.0,,,,,
463300,12275.0,10000000.0,,,,,
550088,19610.0,0.0,,,,,
379790,16965.0,202000000.0,,,,,
465670,15515.0,170000000.0,,,,,
456680,4750.0,50000000.0,,,,,
437070,55945.0,70000000.0,,,,,
091220,16395.0,949000000.0,,,,,
760021,27565.0,0.0,,,,,
461910,38530.0,14000000.0,,,,,
530112,19255.0,2000000.0,,,,,
228820,19245.0,246000000.0,,,,,
304760,48075.0,145000000.0,,,,,
169950,23975.0,5000000.0,,,,,
381560,18255.0,37000000.0,,,,,
0153X0,10355.0,384000000.0,,,,,
229720,38185.0,90000000.0,,,,,
0067V0,8660.0,20000000.0,,,,,
183710,94540.0,42000000.0,,,,,
580071,9440.0,59000000.0,,,,,
284980,21945.0,54000000.0,,,,,
580074,9430.0,0.0,,,,,
760028,2355.0,3437000000.0,,,,,
487950,12980.0,119000000.0,,,,,
108675,18230.0,9000000.0,18400.0,18400.0,18220.0,523.0,
610104,18760.0,0.0,,,,,
760022,9370.0,0.0,,,,,
497780,9855.0,176000000.0,,,,,
438320,4330.0,182000000.0,,,,,
385600,12440.0,148000000.0,,,,,
530132,18610.0,25000000.0,,,,,
530123,18580.0,0.0,,,,,
445910,20580.0,55000000.0,,,,,
461900,23085.0,87000000.0,,,,,
570129,18445.0,0.0,,,,,
276000,20370.0,38000000.0,,,,,
416090,11450.0,97000000.0,,,,,
213630,19900.0,117000000.0,,,,,
0104P0,10720.0,66000000.0,,,,,
445690,30350.0,0.0,,,,,
093240,296.0,0.0,0.0,0.0,0.0,0.0,
520106,9015.0,3650000000.0,,,,,
227830,72100.0,133000000.0,,,,,
0018Z0,18000.0,169000000.0,,,,,
195920,35945.0,40000000.0,,,,,
407310,16305.0,76000000.0,,,,,
002070,3715.0,59000000.0,3785.0,3820.0,3710.0,15802.0,
449580,16215.0,109000000.0,,,,,
580089,17790.0,69000000.0,,,,,
225060,16775.0,0.0,,,,,
570125,17700.0,1000000.0,,,,,
289260,29500.0,8000000.0,,,,,
292050,50485.0,142000000.0,,,,,
391670,29445.0,20000000.0,,,,,
008600,2620.0,0.0,0.0,0.0,0.0,0.0,
610003,8800.0,0.0,,,,,
610025,17590.0,0.0,,,,,
009440,756.0,0.0,0.0,0.0,0.0,0.0,
0144M0,6120.0,250000000.0,,,,,
0105D0,9055.0,397000000.0,,,,,
0086C0,9830.0,126000000.0,,,,,
570071,17160.0,1000000.0,,,,,
0198B0,12405.0,98000000.0,,,,,
477490,19000.0,24000000.0,,,,,
457690,10525.0,11000000.0,,,,,
488290,48570.0,104000000.0,,,,,
0065G0,7840.0,583000000.0,,,,,
468370,10065.0,326000000.0,,,,,
580066,8380.0,0.0,,,,,
580075,16715.0,0.0,,,,,
451600,85605.0,1160000000.0,,,,,
700034,11070.0,411000000.0,,,,,
0233N0,11010.0,3985000000.0,,,,,
494420,8685.0,51000000.0,,,,,
460660,10975.0,70000000.0,,,,,
0051A0,25310.0,657000000.0,,,,,
580090,16420.0,216000000.0,,,,,
474920,17425.0,36000000.0,,,,,
219390,8160.0,88000000.0,,,,,
530120,16270.0,3000000.0,,,,,
483330,15425.0,166000000.0,,,,,
005725,4490.0,16000000.0,4450.0,4490.0,4390.0,3757.0,
250730,9475.0,60000000.0,,,,,
415760,11835.0,51000000.0,,,,,
18064K,30350.0,6000000.0,31150.0,31150.0,30050.0,219.0,
610085,26725.0,81000000.0,,,,,
131890,40000.0,85000000.0,,,,,
570126,15980.0,0.0,,,,,
530140,15900.0,202000000.0,,,,,
419650,4805.0,50000000.0,,,,,
265690,8535.0,0.0,,,,,
0207Z0,7485.0,326000000.0,,,,,
006200,1677.0,102000000.0,1700.0,1700.0,1630.0,61251.0,
387280,12345.0,37000000.0,,,,,
610039,15665.0,0.0,,,,,
570121,7815.0,2000000.0,,,,,
011090,1314.0,85000000.0,1341.0,1342.0,1292.0,64928.0,
432840,19475.0,135000000.0,,,,,
484890,52685.0,236000000.0,,,,,
244620,22070.0,151000000.0,,,,,
004105,4670.0,543000000.0,4490.0,4850.0,4460.0,115805.0,
413930,27830.0,16000000.0,,,,,
0222F0,13305.0,69000000.0,,,,,
130680,7620.0,235000000.0,,,,,
332620,81475.0,98000000.0,,,,,
465770,2110.0,546000000.0,2220.0,2220.0,2025.0,259821.0,
0106J0,20235.0,0.0,20460.0,20460.0,20205.0,37.0,
0193K0,13195.0,88000000.0,,,,,
530095,15080.0,0.0,,,,,
491510,17740.0,0.0,,,,,
337150,25125.0,103000000.0,,,,,
002025,12990.0,12000000.0,13040.0,13050.0,12730.0,935.0,
114460,100415.0,23000000.0,,,,,
0242S0,10735.0,963000000.0,,,,,
580086,15005.0,28000000.0,,,,,
404650,24935.0,94000000.0,,,,,
580043,29785.0,64000000.0,,,,,
487750,37195.0,427000000.0,,,,,
005257,17530.0,2000000.0,18340.0,18340.0,17500.0,151.0,
453010,110160.0,1322000000.0,,,,,
570099,14755.0,0.0,,,,,
760015,7365.0,265000000.0,,,,,
104520,14655.0,42000000.0,,,,,
760017,20915.0,1000000.0,,,,,
0088N0,11660.0,56000000.0,,,,,
0090B0,7455.0,413000000.0,,,,,
373490,26400.0,210000000.0,,,,,
580050,14515.0,0.0,,,,,
520076,5780.0,86000000.0,,,,,
0084E0,9935.0,8000000.0,,,,,
234310,28775.0,1000000.0,,,,,
610086,71520.0,0.0,,,,,
610024,14245.0,0.0,,,,,
530129,14170.0,4000000.0,,,,,
360150,3425.0,265000000.0,,,,,
000087,12390.0,2000000.0,12430.0,12430.0,12310.0,176.0,
438900,10740.0,176000000.0,,,,,
453630,11545.0,58000000.0,,,,,
610081,27635.0,0.0,,,,,
500024,6895.0,0.0,,,,,
001795,2125.0,18000000.0,2160.0,2160.0,2105.0,8866.0,
0153P0,9445.0,123000000.0,,,,,
102960,13650.0,117000000.0,,,,,
236350,22000.0,136000000.0,,,,,
500072,1360.0,125000000.0,,,,,
496130,25145.0,2000000.0,,,,,
530137,13520.0,2000000.0,,,,,
485810,11755.0,172000000.0,,,,,
00806K,11110.0,43000000.0,10910.0,11160.0,10910.0,3891.0,
417450,15790.0,37000000.0,,,,,
0127V0,10715.0,9000000.0,,,,,
279540,22065.0,2000000.0,,,,,
137610,5740.0,52000000.0,,,,,
472720,25370.0,21000000.0,,,,,
570105,4395.0,12000000.0,,,,,
0220A0,8730.0,439000000.0,,,,,
280920,23610.0,67000000.0,,,,,
610072,25910.0,0.0,,,,,
0127T0,10765.0,49000000.0,,,,,
580080,12900.0,1000000.0,,,,,
580032,25770.0,49000000.0,,,,,
084695,14090.0,83000000.0,13980.0,14190.0,13810.0,5970.0,
0208N0,7785.0,29000000.0,,,,,
580083,25685.0,0.0,,,,,
45226K,4415.0,14000000.0,4425.0,4430.0,4415.0,3250.0,
363510,112410.0,0.0,,,,,
610070,25570.0,1000000.0,,,,,
300610,5430.0,206000000.0,,,,,
290080,7290.0,175000000.0,,,,,
500097,12755.0,0.0,,,,,
0028X0,11075.0,21000000.0,,,,,
140710,6700.0,162000000.0,,,,,
00781K,16190.0,38000000.0,15400.0,16190.0,15400.0,2405.0,
610062,63410.0,25000000.0,,,,,
570096,12630.0,0.0,,,,,
166400,25205.0,22000000.0,,,,,
489860,14820.0,49000000.0,,,,,
404540,25135.0,304000000.0,,,,,
0004G0,8350.0,116000000.0,,,,,
500086,12525.0,0.0,,,,,
530092,2500.0,15000000.0,,,,,
0013P0,11345.0,78000000.0,,,,,
520088,6205.0,1000000.0,,,,,
453820,9525.0,14000000.0,,,,,
002820,1024.0,172000000.0,997.0,1089.0,976.0,167387.0,
570074,12350.0,0.0,,,,,
610080,12340.0,0.0,,,,,
409810,5250.0,197000000.0,,,,,
0015F0,10270.0,24000000.0,,,,,
610030,12315.0,0.0,,,,,
0104G0,5350.0,1078000000.0,,,,,
453060,111740.0,3000000.0,,,,,
580065,12290.0,0.0,,,,,
760023,12220.0,58000000.0,,,,,
580052,24420.0,4000000.0,,,,,
457700,9250.0,7000000.0,,,,,
610035,12160.0,2000000.0,,,,,
570123,6070.0,0.0,,,,,
610079,60650.0,5000000.0,,,,,
435550,17312.0,22000000.0,,,,,
395760,21970.0,0.0,,,,,
610071,12050.0,0.0,,,,,
140580,24085.0,1000000.0,,,,,
580051,8015.0,7000000.0,,,,,
251590,17160.0,37000000.0,,,,,
0194R0,8880.0,146000000.0,,,,,
610020,11985.0,0.0,,,,,
145995,32250.0,136000000.0,32000.0,32250.0,31500.0,4274.0,
396510,6560.0,12000000.0,,,,,
0191S0,15950.0,41000000.0,,,,,
610093,23520.0,0.0,,,,,
282000,115030.0,0.0,,,,,
0203D0,9025.0,295000000.0,,,,,
332610,121620.0,23000000.0,,,,,
176950,60550.0,64000000.0,,,,,
446700,11170.0,162000000.0,,,,,
400570,11455.0,23000000.0,,,,,
610049,11520.0,0.0,,,,,
610045,11425.0,8000000.0,,,,,
530121,11405.0,0.0,,,,,
580088,22810.0,85000000.0,,,,,
024890,1378.0,82000000.0,1428.0,1436.0,1350.0,59400.0,
266410,9430.0,82000000.0,,,,,
430500,113025.0,17000000.0,,,,,
530127,11300.0,0.0,,,,,
464610,7020.0,65000000.0,,,,,
610096,11225.0,14000000.0,,,,,
428560,14965.0,59000000.0,,,,,
453660,16005.0,4000000.0,,,,,
700032,11155.0,64000000.0,,,,,
448490,53115.0,65000000.0,,,,,
252650,18590.0,31000000.0,,,,,
38380K,7600.0,5000000.0,7600.0,7600.0,7520.0,721.0,
269370,15780.0,6000000.0,,,,,
610060,22070.0,0.0,,,,,
269530,18380.0,107000000.0,,,,,
482030,10475.0,692000000.0,,,,,
610055,21880.0,0.0,,,,,
407820,6070.0,317000000.0,,,,,
760032,10895.0,0.0,,,,,
0000H0,9435.0,48000000.0,,,,,
354240,9825.0,23000000.0,,,,,
0216Z0,9005.0,1088000000.0,,,,,
0219B0,13500.0,4156000000.0,,,,,
610076,53700.0,7000000.0,,,,,
0227L0,10740.0,599000000.0,,,,,
0002C0,9935.0,2000000.0,,,,,
0120X0,10115.0,0.0,10115.0,10115.0,10115.0,0.0,
580064,21445.0,0.0,,,,,
252000,19435.0,13000000.0,,,,,
530139,10680.0,1000000.0,,,,,
419420,8900.0,32000000.0,,,,,
580054,21320.0,16000000.0,,,,,
385710,10655.0,16000000.0,,,,,
001067,50700.0,6000000.0,49000.0,50700.0,49000.0,131.0,
410870,8870.0,29000000.0,,,,,
140570,26600.0,6000000.0,,,,,
610051,10630.0,0.0,,,,,
438740,35160.0,0.0,,,,,
461580,17510.0,347000000.0,,,,,
610058,20985.0,0.0,,,,,
0068M0,11605.0,0.0,,,,,
451150,16815.0,0.0,,,,,
610057,20845.0,0.0,,,,,
520064,5190.0,1000000.0,,,,,
580047,10375.0,0.0,,,,,
301400,15960.0,173000000.0,,,,,
610074,10330.0,1000000.0,,,,,
0093B0,12905.0,34000000.0,,,,,
435040,18710.0,52000000.0,,,,,
550100,10285.0,1000000.0,,,,,
520046,10265.0,8000000.0,,,,,
310080,8920.0,11000000.0,,,,,
610056,20490.0,0.0,,,,,
610102,10240.0,0.0,,,,,
0001P0,9125.0,13000000.0,,,,,
237440,10150.0,23000000.0,,,,,
0113G0,11230.0,150000000.0,,,,,
610106,10065.0,0.0,,,,,
463640,12570.0,19000000.0,,,,,
0227K0,10050.0,491000000.0,,,,,
0189Z0,10040.0,17000000.0,,,,,
004255,1894.0,51000000.0,1910.0,1927.0,1871.0,27099.0,
610111,9990.0,0.0,,,,,
700014,9965.0,0.0,,,,,
460270,12290.0,7000000.0,,,,,
610092,9925.0,0.0,,,,,
580059,9890.0,5000000.0,,,,,
530064,658.0,2000000.0,,,,,
291130,16430.0,13000000.0,,,,,
610105,9855.0,0.0,,,,,
570085,9820.0,0.0,,,,,
610098,9795.0,24000000.0,,,,,
466810,6500.0,328000000.0,,,,,
570128,9695.0,0.0,,,,,
0224D0,10765.0,703000000.0,,,,,
371870,6050.0,57000000.0,,,,,
498050,10095.0,90000000.0,,,,,
463690,17425.0,80000000.0,,,,,
429010,19155.0,2000000.0,,,,,
610112,19092.0,3000000.0,,,,,
610082,9540.0,1000000.0,,,,,
0120J0,7620.0,26000000.0,,,,,
610068,9515.0,153000000.0,,,,,
019685,979.0,14000000.0,982.0,990.0,964.0,14386.0,
105010,6760.0,484000000.0,,,,,
145210,2240.0,0.0,0.0,0.0,0.0,0.0,
181480,78565.0,1000000.0,,,,,
760027,4695.0,23000000.0,,,,,
381570,11040.0,76000000.0,,,,,
0219Z0,10420.0,323000000.0,,,,,
610034,9375.0,2000000.0,,,,,
610077,9370.0,0.0,,,,,
0221Z0,9835.0,161000000.0,,,,,
230480,4880.0,6000000.0,,,,,
0194N0,12015.0,330000000.0,,,,,
580035,9305.0,0.0,,,,,
217780,5980.0,1000000.0,,,,,
580087,9220.0,104000000.0,,,,,
003075,12440.0,1000000.0,12520.0,12600.0,11900.0,104.0,
0216K0,9185.0,1426000000.0,,,,,
117690,18345.0,119000000.0,,,,,
0174R0,11465.0,14000000.0,,,,,
0094L0,6550.0,31000000.0,,,,,
341850,4565.0,17000000.0,,,,,
001755,19280.0,3000000.0,19290.0,19320.0,19130.0,180.0,
550099,9105.0,64000000.0,,,,,
270800,16535.0,86000000.0,,,,,
261110,15150.0,54000000.0,,,,,
399580,9070.0,40000000.0,,,,,
700033,9065.0,499000000.0,,,,,
0084D0,11250.0,1000000.0,,,,,
0215T0,10000.0,246000000.0,,,,,
487910,7490.0,46000000.0,,,,,
700011,8980.0,0.0,,,,,
354350,17270.0,8000000.0,,,,,
33637L,2375.0,1000000.0,2310.0,2385.0,2300.0,519.0,
580060,17900.0,0.0,,,,,
266390,14865.0,62000000.0,,,,,
281990,17835.0,9000000.0,,,,,
494180,12650.0,1000000.0,,,,,
139240,10775.0,265000000.0,,,,,
530135,8770.0,0.0,,,,,
580061,8755.0,9000000.0,,,,,
610095,8735.0,348000000.0,,,,,
700031,8700.0,84000000.0,,,,,
610059,17365.0,13000000.0,,,,,
550095,17335.0,0.0,,,,,
215620,15995.0,0.0,,,,,
395150,1796.0,58000000.0,,,,,
456250,7495.0,157000000.0,,,,,
500068,12270.0,0.0,,,,,
174350,20415.0,8000000.0,,,,,
580085,8570.0,9000000.0,,,,,
0008E0,11425.0,24000000.0,,,,,
429980,17130.0,154000000.0,,,,,
500101,8565.0,9000000.0,,,,,
610083,17105.0,0.0,,,,,
457930,28450.0,2000000.0,,,,,
580063,17050.0,0.0,,,,,
497510,12130.0,24000000.0,,,,,
500036,4240.0,0.0,,,,,
0214M0,9970.0,59000000.0,,,,,
580053,16930.0,1000000.0,,,,,
449680,9925.0,0.0,,,,,
520097,8430.0,32000000.0,,,,,
610097,8425.0,0.0,,,,,
0184N0,8425.0,250000000.0,,,,,
570094,8410.0,0.0,,,,,
435540,16785.0,12000000.0,,,,,
0133E0,7975.0,9000000.0,,,,,
395750,20720.0,0.0,,,,,
610073,16540.0,0.0,,,,,
0226D0,10325.0,19000000.0,,,,,
610090,8250.0,0.0,,,,,
0067Y0,9165.0,82000000.0,,,,,
0176P0,14975.0,347000000.0,,,,,
700035,8230.0,791000000.0,,,,,
000225,3625.0,15000000.0,3670.0,3670.0,3575.0,4206.0,
0226G0,12630.0,29000000.0,,,,,
610094,8185.0,31000000.0,,,,,
497520,12575.0,213000000.0,,,,,
375270,12570.0,7000000.0,,,,,
182490,13600.0,3000000.0,,,,,
570107,3245.0,3000000.0,,,,,
462340,16215.0,5000000.0,,,,,
700036,1615.0,395000000.0,,,,,
395280,3430.0,11000000.0,,,,,
227550,12550.0,90000000.0,,,,,
520085,7950.0,0.0,,,,,
610084,7915.0,0.0,,,,,
304670,13180.0,20000000.0,,,,,
530114,7870.0,12000000.0,,,,,
001515,4020.0,10000000.0,4080.0,4080.0,3950.0,2699.0,
760025,11230.0,8000000.0,,,,,
570097,7860.0,0.0,,,,,
189400,26075.0,2000000.0,,,,,
371150,6000.0,11000000.0,,,,,
0218K0,11135.0,38000000.0,,,,,
530056,1932.0,28000000.0,,,,,
015260,164.0,467000000.0,202.0,210.0,155.0,2681602.0,
480460,9060.0,56000000.0,,,,,
001065,22500.0,9000000.0,22500.0,22500.0,22000.0,440.0,
700030,1918.0,78000000.0,,,,,
253280,12670.0,13000000.0,,,,,
285690,21695.0,0.0,,,,,
0138D0,13755.0,148000000.0,,,,,
402460,15095.0,0.0,,,,,
530122,7535.0,1000000.0,,,,,
227570,20820.0,12000000.0,,,,,
494210,10635.0,38000000.0,,,,,
435530,14865.0,9000000.0,,,,,
610100,7420.0,5000000.0,,,,,
570114,7390.0,1000000.0,,,,,
272570,108160.0,0.0,,,,,
0172Y0,9165.0,21000000.0,,,,,
488480,13295.0,44000000.0,,,,,
530141,7285.0,0.0,,,,,
225800,14250.0,2000000.0,,,,,
0005C0,11120.0,6000000.0,,,,,
0191B0,36010.0,117000000.0,,,,,
530060,7185.0,0.0,,,,,
487920,7135.0,40000000.0,,,,,
490330,12890.0,201000000.0,,,,,
437370,10090.0,26000000.0,,,,,
530142,7055.0,1000000.0,,,,,
315270,18555.0,15000000.0,,,,,
580079,6985.0,56000000.0,,,,,
000325,28650.0,4000000.0,28700.0,28900.0,28050.0,157.0,
225050,15480.0,2000000.0,,,,,
0094X0,7700.0,22000000.0,,,,,
244670,11520.0,0.0,,,,,
580062,13662.0,0.0,,,,,
570092,6790.0,0.0,,,,,
760006,6790.0,0.0,,,,,
400590,13495.0,11000000.0,,,,,
500098,6740.0,0.0,,,,,
760010,9580.0,4000000.0,,,,,
0082F0,9575.0,0.0,,,,,
500067,9565.0,0.0,,,,,
610091,13340.0,0.0,,,,,
139660,8650.0,18000000.0,,,,,
256450,13285.0,0.0,,,,,
570109,13245.0,0.0,,,,,
450180,10185.0,0.0,,,,,
004985,8970.0,13000000.0,9320.0,9320.0,8870.0,1545.0,
610099,6590.0,0.0,,,,,
520084,6575.0,0.0,,,,,
0036Z0,11850.0,17000000.0,,,,,
139290,23070.0,137000000.0,,,,,
307510,12900.0,62000000.0,,,,,
456200,58460.0,14000000.0,,,,,
570101,6397.0,0.0,,,,,
291630,4405.0,538000000.0,,,,,
570091,6380.0,0.0,,,,,
004835,4580.0,147000000.0,4540.0,4735.0,4420.0,32229.0,
326230,10955.0,2000000.0,,,,,
530096,6330.0,0.0,,,,,
138920,12580.0,12000000.0,,,,,
289670,52220.0,27000000.0,,,,,
570095,6245.0,27000000.0,,,,,
368680,7805.0,0.0,,,,,
580078,6220.0,5000000.0,,,,,
451670,12430.0,5000000.0,,,,,
469530,9655.0,0.0,,,,,
0047N0,8765.0,84000000.0,,,,,
044380,436.0,0.0,0.0,0.0,0.0,0.0,
429740,6015.0,33000000.0,,,,,
483020,9255.0,50000000.0,,,,,
570098,5985.0,14000000.0,,,,,
530062,46.0,12000000.0,,,,,
580084,11925.0,0.0,,,,,
316300,11885.0,30000000.0,,,,,
267450,11865.0,0.0,,,,,
314700,10785.0,50000000.0,,,,,
433250,23720.0,0.0,,,,,
400580,11725.0,3000000.0,,,,,
0053M0,13010.0,4000000.0,,,,,
26490K,7550.0,2000000.0,7590.0,7590.0,7330.0,333.0,
0229F0,8975.0,49000000.0,,,,,
0166T0,8965.0,179000000.0,,,,,
012205,4980.0,19000000.0,5020.0,5020.0,4970.0,3895.0,
570111,28725.0,0.0,,,,,
250780,2155.0,923000000.0,,,,,
550096,11420.0,0.0,,,,,
090355,12320.0,4000000.0,12030.0,12320.0,12030.0,343.0,
0114X0,8730.0,17000000.0,,,,,
570108,11295.0,0.0,,,,,
407300,10230.0,0.0,,,,,
470310,18730.0,12000000.0,,,,,
291890,12470.0,0.0,,,,,
570073,5550.0,0.0,,,,,
432600,55400.0,0.0,,,,,
610023,5480.0,3000000.0,,,,,
401590,10700.0,4000000.0,,,,,
238670,13635.0,53000000.0,,,,,
499150,10790.0,20000000.0,,,,,
0087F0,10595.0,12000000.0,,,,,
0174J0,8815.0,74000000.0,,,,,
390400,6590.0,189000000.0,,,,,
220130,6550.0,0.0,,,,,
760014,7370.0,0.0,,,,,
0184V0,5720.0,202000000.0,,,,,
295000,51450.0,0.0,,,,,
0015E0,10290.0,15000000.0,,,,,
0102X0,8455.0,11000000.0,,,,,
219900,3575.0,13000000.0,,,,,
0154H0,9095.0,218000000.0,,,,,
483030,11065.0,7000000.0,,,,,
413220,4135.0,23000000.0,,,,,
550098,4910.0,74000000.0,,,,,
227560,12270.0,122000000.0,,,,,
0132D0,8855.0,56000000.0,,,,,
530094,4835.0,4000000.0,,,,,
476310,8790.0,14000000.0,,,,,
610029,4800.0,15000000.0,,,,,
0015K0,6835.0,0.0,,,,,
001770,3925.0,0.0,0.0,0.0,0.0,0.0,
550070,4755.0,0.0,,,,,
474390,41165.0,4000000.0,,,,,
411860,15610.0,17000000.0,,,,,
267440,7610.0,8000000.0,,,,,
0073X0,8180.0,13000000.0,,,,,
266550,17945.0,0.0,,,,,
391600,9900.0,6000000.0,,,,,
498610,7395.0,61000000.0,,,,,
000545,5740.0,0.0,5970.0,5970.0,5700.0,93.0,
0078V0,8720.0,0.0,,,,,
000145,9140.0,7000000.0,9990.0,9990.0,9010.0,759.0,
0128D0,6140.0,20000000.0,,,,,
277650,21475.0,1000000.0,,,,,
205720,1415.0,5000000.0,,,,,
0050E0,8385.0,114000000.0,,,,,
002995,14280.0,71000000.0,14590.0,14590.0,14270.0,4939.0,
243890,9080.0,179000000.0,,,,,
510027,1361.0,22000000.0,,,,,
580044,1349.0,257000000.0,,,,,
373790,14455.0,4000000.0,,,,,
291680,8070.0,0.0,,,,,
009415,6180.0,2000000.0,6050.0,6290.0,6050.0,414.0,
226380,5700.0,4000000.0,,,,,
252420,75.0,66000000.0,,,,,
306530,8805.0,809000000.0,,,,,
005965,17060.0,0.0,17190.0,17190.0,17060.0,46.0,
0131A0,6860.0,101000000.0,,,,,
225030,2240.0,21000000.0,,,,,
244660,9240.0,1000000.0,,,,,
334690,5245.0,14000000.0,,,,,
530125,3660.0,110000000.0,,,,,
500041,731.0,1000000.0,,,,,
014825,13830.0,0.0,13810.0,13830.0,13810.0,2.0,
007575,7870.0,4000000.0,7700.0,8000.0,7700.0,555.0,
36328K,2950.0,2000000.0,2995.0,2995.0,2880.0,701.0,
570110,17100.0,0.0,,,,,
427120,5475.0,17000000.0,,,,,
570023,665.0,11000000.0,,,,,
014285,5460.0,3000000.0,5780.0,5780.0,5300.0,588.0,
0079X0,8920.0,2000000.0,,,,,
321410,10315.0,0.0,,,,,
267490,4410.0,1000000.0,,,,,
014915,5000.0,10000000.0,5140.0,5140.0,4815.0,2117.0,
005745,4990.0,28000000.0,5090.0,5090.0,4940.0,5708.0,
476000,5300.0,22000000.0,,,,,
280940,3625.0,11000000.0,,,,,
145670,1257.0,22000000.0,,,,,
491630,4710.0,7000000.0,,,,,
252410,1279.0,39000000.0,,,,,
005030,28.0,501000000.0,35.0,37.0,26.0,16525980.0,
000227,7920.0,3000000.0,7600.0,8220.0,7590.0,392.0,
334700,3695.0,1000000.0,,,,,
580033,4770.0,10000000.0,,,,,
253230,70.0,70000000.0,,,,,
500051,1123.0,0.0,,,,,
500030,66.0,2000000.0,,,,,
008355,7200.0,0.0,7400.0,7400.0,7010.0,85.0,
280320,21920.0,18000000.0,,,,,
275750,2155.0,64000000.0,,,,,
001525,7780.0,24000000.0,8400.0,8400.0,7780.0,3119.0,
570070,1802.0,0.0,,,,,
005110,77.0,706000000.0,112.0,118.0,73.0,7895835.0,
291620,3780.0,79000000.0,,,,,
253240,1267.0,20000000.0,,,,,
306520,2320.0,9000000.0,,,,,
253160,145.0,45000000.0,,,,,
700018,1365.0,16000000.0,,,,,
004545,3505.0,0.0,3800.0,3800.0,3505.0,53.0,
500038,1204.0,0.0,,,,,
011155,5630.0,6000000.0,5700.0,5840.0,5500.0,1174.0,
261920,11135.0,0.0,,,,,
412560,1650.0,9000000.0,,,,,
001527,4760.0,7000000.0,5150.0,5150.0,4760.0,1601.0,
004415,3905.0,4000000.0,3795.0,3910.0,3735.0,1224.0,
465620,6245.0,7000000.0,,,,,
002785,6660.0,31000000.0,6520.0,6800.0,6520.0,4794.0,
002787,9000.0,27000000.0,9820.0,9820.0,9000.0,3055.0,
196170,260000.0,62153000000.0,259000.0,266500.0,256500.0,238618.0,50811559000.0
086520,95400.0,125935000000.0,89900.0,96700.0,89300.0,1340279.0,120129790000.0
036930,278500.0,852706000000.0,245000.0,279500.0,242500.0,3188639.0,
247540,128900.0,97262000000.0,117200.0,129400.0,116800.0,774073.0,70012160000.0
277810,466000.0,38388000000.0,448500.0,468500.0,448500.0,82798.0,29303903000.000004
240810,141300.0,160663000000.0,141500.0,142500.0,136900.0,1146986.0,
222800,175000.0,164757000000.0,172800.0,182600.0,169700.0,930476.0,137604853000.0
039030,544000.0,39297000000.0,538000.0,549000.0,526000.0,73085.0,16438397000.0
058470,86900.0,117208000000.0,87500.0,88000.0,85700.0,1349659.0,66025248000.0
028300,47400.0,263296000000.0,42700.0,50700.0,42150.0,5506868.0,217481293999.99997
403870,68800.0,168225000000.0,66900.0,69700.0,65800.0,2465250.0,
000250,241000.0,71564000000.0,217000.0,246500.0,215500.0,303139.0,68967945000.0
108490,315500.0,74616000000.0,309000.0,323000.0,306500.0,235068.0,79862035000.0
319660,154000.0,49211000000.0,153800.0,156200.0,147200.0,325936.0,0.0
095340,205500.0,29179000000.0,208000.0,209500.0,204000.0,141629.0,14192601000.0
440110,86100.0,41910000000.0,88100.0,89100.0,82900.0,491073.0,
031980,197000.0,40816000000.0,201000.0,206500.0,187100.0,210185.0,16197580000.0
084370,180100.0,24092000000.0,180000.0,184700.0,177800.0,132900.0,10272386000.0
067310,52800.0,119012000000.0,52300.0,54500.0,51600.0,2236156.0,
131290,313500.0,30237000000.0,291500.0,314000.0,288000.0,100194.0,12566754000.0
095610,176400.0,47319000000.0,178300.0,179200.0,171100.0,270971.0,23034103000.0
064760,296500.0,14599000000.0,296500.0,298000.0,287500.0,49653.0,3857900999.9999995
357780,425000.0,12371000000.0,426500.0,435000.0,416500.0,29048.0,3109679000.0
080220,93600.0,184756000000.0,93500.0,94300.0,89400.0,1997152.0,
214450,306000.0,35128000000.0,305500.0,310500.0,298500.0,115940.0,12775556000.0
141080,83900.0,17195000000.0,82300.0,86600.0,82100.0,204572.0,9434235000.0
087010,130600.0,17587000000.0,128300.0,133300.0,127100.0,134872.0,13176274000.0
298380,52500.0,15551000000.0,51900.0,54100.0,51100.0,295866.0,11571231000.0
010170,18530.0,236956000000.0,18040.0,18880.0,17950.0,12792782.0,
310210,154600.0,11553000000.0,144100.0,157200.0,143300.0,75248.0,5696917000.0
226950,122600.0,33281000000.0,117000.0,126300.0,116800.0,271081.0,16226856000.0
178320,42950.0,42765000000.0,42500.0,43150.0,41300.0,1011246.0,
005290,52300.0,25743000000.0,52600.0,52800.0,51100.0,495906.0,21938677000.0
098460,36450.0,74647000000.0,34500.0,36600.0,34100.0,2085479.0,
043260,32350.0,117385000000.0,31850.0,32850.0,31000.0,3668284.0,
257720,36750.0,19600000000.0,37000.0,37500.0,35900.0,538188.0,14045297000.0
030530,30600.0,56613000000.0,29450.0,31900.0,29250.0,1833827.0,
058610,106300.0,47875000000.0,102500.0,109700.0,101600.0,448340.0,49743679000.0
319400,21000.0,16163000000.0,21000.0,21375.0,20800.0,767028.0,
131970,120000.0,59286000000.0,111900.0,122700.0,109200.0,504554.0,46760735000.0
214370,43100.0,3236000000.0,42500.0,45700.0,42450.0,73836.0,1674624000.0
145020,181500.0,10223000000.0,180100.0,182900.0,178900.0,56664.0,2040822000.0
032820,12800.0,24141000000.0,12760.0,12940.0,12600.0,1887290.0,
347850,47550.0,52442000000.0,43200.0,48350.0,42850.0,1135169.0,
140410,70800.0,11034000000.0,66000.0,70900.0,64300.0,162638.0,
140860,307000.0,13876000000.0,298000.0,310000.0,292000.0,45842.0,3464409000.0
089030,57300.0,40652000000.0,56100.0,57700.0,55500.0,714875.0,
263750,32950.0,3308000000.0,33350.0,33650.0,32850.0,99854.0,1831937000.0
214150,31350.0,4764000000.0,30900.0,31700.0,30700.0,153214.0,2109994000.0
237690,96900.0,14444000000.0,93600.0,99000.0,93500.0,150134.0,7169919000.0
036540,11730.0,113150000000.0,11490.0,12370.0,11370.0,9506560.0,
089970,70400.0,50611000000.0,68800.0,71100.0,65100.0,738723.0,40526004000.0
323280,61000.0,18783000000.0,60600.0,62900.0,59400.0,306204.0,24614823000.0
060370,34950.0,7313000000.0,33800.0,35200.0,33800.0,211066.0,4031839999.9999995
083650,58200.0,11543000000.0,59200.0,59500.0,58000.0,197843.0,13012143000.0
041510,78200.0,4855000000.0,78800.0,80700.0,77700.0,61885.0,1244072000.0
068760,39650.0,3062000000.0,38650.0,40150.0,38600.0,77276.0,2148843000.0
078600,111400.0,33742000000.0,112600.0,114900.0,109100.0,300841.0,37427717000.0
183300,34050.0,14380000000.0,35100.0,35200.0,33500.0,423700.0,8337482000.0
096530,37250.0,6536000000.0,36650.0,37450.0,36350.0,176247.0,3871425000.0
420770,135500.0,10457000000.0,132800.0,138800.0,130300.0,77018.0,0.0
0009K0,25800.0,3890000000.0,25200.0,26450.0,25100.0,151045.0,3296268000.0
218410,62400.0,22598000000.0,62700.0,62900.0,61200.0,364496.0,28309284000.000004
437730,51800.0,25360000000.0,51800.0,53300.0,50500.0,489109.0,22728432000.0
007390,24750.0,3817000000.0,24650.0,25200.0,24650.0,153587.0,3138357000.0
039200,39150.0,6738000000.0,36600.0,39250.0,36450.0,175677.0,2873611000.0
232140,18130.0,59097000000.0,17090.0,18690.0,16770.0,3305731.0,
950160,17120.0,16892000000.0,16250.0,17440.0,16150.0,988079.0,
950260,29250.0,19575000000.0,28500.0,29950.0,27450.0,684264.0,
290650,52400.0,5747000000.0,53900.0,54400.0,51500.0,109768.0,3088225000.0
347700,26800.0,92113000000.0,26350.0,28300.0,25850.0,3415536.0,
082920,30150.0,8142000000.0,29900.0,30250.0,29150.0,272956.0,4904701000.0
035900,37850.0,4974000000.0,37500.0,38700.0,37500.0,130585.0,3320456000.0
204270,22950.0,22688000000.0,22250.0,23750.0,22150.0,984087.0,
003380,11590.0,4643000000.0,11340.0,11600.0,11290.0,403813.0,
166090,65000.0,9506000000.0,63500.0,65800.0,62400.0,146825.0,4468785000.0
356860,50400.0,26647000000.0,49900.0,51500.0,49500.0,527027.0,28058202000.0
252990,19690.0,13404000000.0,20050.0,20150.0,19150.0,689908.0,
241710,110400.0,33281000000.0,108300.0,111600.0,102900.0,312165.0,6660097000.0
195940,41300.0,4143000000.0,40950.0,41550.0,40600.0,100774.0,1724549000.0
101490,53800.0,18465000000.0,54500.0,54500.0,52800.0,344609.0,20499821000.0
056190,31800.0,5964000000.0,30750.0,32100.0,30200.0,189549.0,3227951000.0
127120,29950.0,4847000000.0,29750.0,30350.0,28800.0,162214.0,2111517000.0
293490,10010.0,4634000000.0,10140.0,10400.0,9970.0,458772.0,
417200,15780.0,34438000000.0,15340.0,16050.0,14840.0,2207524.0,
445680,61500.0,6176000000.0,61000.0,63900.0,59600.0,100466.0,9662825000.0
160190,34150.0,31100000000.0,29000.0,35800.0,28200.0,935821.0,
327260,57800.0,54977000000.0,54100.0,58000.0,53400.0,974400.0,
458870,27050.0,3638000000.0,27350.0,27400.0,26350.0,135571.0,2546900000.0
083450,56000.0,10475000000.0,54800.0,56900.0,54400.0,188148.0,10551865000.0
036830,49300.0,5877000000.0,48800.0,49700.0,47400.0,120187.0,5145655000.0
053800,89000.0,57644000000.0,93100.0,93100.0,83800.0,652484.0,105533612000.0
086450,21700.0,9878000000.0,22750.0,22750.0,21450.0,452044.0,5734720000.0
161580,41850.0,13296000000.0,40800.0,42000.0,40050.0,321620.0,20370414000.0
491000,38400.0,9744000000.0,36550.0,39150.0,36300.0,256358.0,
100790,18250.0,17040000000.0,19000.0,19690.0,18230.0,900294.0,
295310,76700.0,20350000000.0,77800.0,77800.0,72200.0,269795.0,31640609000.0
115180,25000.0,2853000000.0,24900.0,25800.0,24050.0,114347.0,1258551000.0
065350,33850.0,3653000000.0,33150.0,34300.0,33100.0,108415.0,3685237999.9999995
099320,82600.0,11095000000.0,85800.0,86200.0,80500.0,134411.0,13261773000.0
388210,93400.0,5561000000.0,96000.0,96800.0,91000.0,59670.0,3369225999.9999995
033790,10320.0,22542000000.0,10200.0,10410.0,9710.0,2248434.0,
031330,8840.0,3079000000.0,8980.0,9010.0,8810.0,347050.0,
032500,20900.0,4257000000.0,21100.0,21250.0,20500.0,204915.0,5251682000.0
119850,53200.0,25589000000.0,53000.0,53300.0,51000.0,493510.0,15415194000.0
074600,32800.0,6101000000.0,32800.0,33200.0,32400.0,185851.0,3644205000.0
281740,13070.0,10227000000.0,12650.0,13340.0,12510.0,786147.0,
388720,71800.0,2855000000.0,71300.0,73300.0,70700.0,39444.0,2329717000.0
425420,68200.0,11528000000.0,71700.0,71700.0,67000.0,167767.0,7093572000.0
476830,29900.0,12457000000.0,28300.0,31150.0,27500.0,415278.0,11838336000.0
328130,11120.0,6813000000.0,10560.0,11160.0,10560.0,623019.0,6689126000.0
033100,50400.0,5456000000.0,49850.0,50400.0,49350.0,109001.0,5404588000.0
085660,8660.0,1756000000.0,8480.0,8890.0,8320.0,202446.0,791081000.0
059090,24000.0,6085000000.0,23900.0,24200.0,23550.0,254634.0,5430946000.0
189300,74400.0,12419000000.0,77100.0,77300.0,72500.0,165643.0,16909991000.0
014620,30000.0,4249000000.0,30600.0,30700.0,29700.0,141269.0,2153075000.0
090360,81700.0,9083000000.0,79700.0,82800.0,79500.0,111290.0,10130891000.0
137400,33450.0,5708000000.0,32950.0,33600.0,32400.0,171802.0,6540872000.0
064290,60400.0,12615000000.0,60500.0,62400.0,59800.0,206369.0,
121600,64000.0,11694000000.0,60200.0,65400.0,59700.0,184192.0,7054982000.0
090710,6540.0,11928000000.0,6500.0,6790.0,6460.0,1796076.0,
251970,63000.0,9545000000.0,60900.0,64200.0,60900.0,151408.0,1672605000.0
041960,10430.0,4449000000.0,9900.0,10610.0,9810.0,431818.0,
036810,35850.0,6069000000.0,35500.0,36450.0,35100.0,168862.0,4055505999.9999995
053610,85700.0,3967000000.0,86500.0,87100.0,83800.0,46334.0,1820432000.0
171090,75300.0,3330000000.0,76200.0,77100.0,75000.0,43982.0,2939412000.0
122870,40700.0,2965000000.0,40800.0,42350.0,40550.0,71991.0,1078408000.0
213420,30600.0,2947000000.0,30250.0,31000.0,30100.0,96631.0,1622950000.0000002
044490,37650.0,3245000000.0,37750.0,37850.0,37100.0,86667.0,3370367000.0000005
035760,34300.0,1633000000.0,35000.0,35800.0,34100.0,47322.0,442192999.99999994
466100,24100.0,6714000000.0,23700.0,24450.0,23550.0,278588.0,7562926000.0
033640,32350.0,11480000000.0,31800.0,33900.0,29550.0,349208.0,6433368000.0
490470,21800.0,39715000000.0,20950.0,22200.0,20700.0,1841438.0,
032190,19220.0,1459000000.0,19500.0,19830.0,19080.0,75332.0,2028384000.0000002
006730,11440.0,4268000000.0,11430.0,11630.0,11210.0,371793.0,
122640,33800.0,11824000000.0,34750.0,34900.0,33400.0,346599.0,
456160,43900.0,10793000000.0,43200.0,44300.0,41050.0,251880.0,8042251000.0
038500,6750.0,2357000000.0,6900.0,7020.0,6720.0,344386.0,
225570,10950.0,765000000.0,10750.0,10950.0,10720.0,70513.0,147997000.0
102710,50100.0,3751000000.0,49050.0,50400.0,47900.0,76132.0,2356082000.0
253590,16230.0,26656000000.0,15800.0,16400.0,15300.0,1665738.0,
476060,15600.0,2272000000.0,15680.0,15910.0,14890.0,145194.0,3027576000.0
041830,52300.0,2513000000.0,51500.0,52600.0,51000.0,48358.0,564950000.0
092870,53900.0,15824000000.0,52900.0,54600.0,51200.0,297053.0,
124500,29950.0,3670000000.0,29500.0,30350.0,29450.0,122783.0,3881749000.0
023160,26750.0,4754000000.0,27800.0,27850.0,26750.0,175519.0,2755512000.0
048410,7150.0,6766000000.0,7080.0,7380.0,7020.0,945079.0,
222080,8770.0,9231000000.0,8410.0,8960.0,8380.0,1059439.0,
126340,94000.0,11920000000.0,96400.0,96400.0,90800.0,128252.0,7932988000.0
077360,14600.0,12357000000.0,14440.0,14940.0,14210.0,850983.0,
050890,10580.0,17046000000.0,10700.0,10700.0,10370.0,1623312.0,
046890,10840.0,2385000000.0,10950.0,11010.0,10820.0,218528.0,2430484000.0
093320,128500.0,850000000.0,127700.0,129500.0,125000.0,6676.0,334922000.0
253450,20400.0,941000000.0,20500.0,21300.0,20350.0,45257.0,324114000.0
144960,13870.0,20640000000.0,13450.0,14040.0,12950.0,1514311.0,
024850,17530.0,21562000000.0,16370.0,19980.0,16330.0,1172357.0,
080580,28550.0,11533000000.0,29050.0,29100.0,27700.0,407753.0,
045100,34300.0,2480000000.0,35450.0,35500.0,34050.0,71595.0,3248832000.0
214430,80800.0,4048000000.0,80300.0,82500.0,78100.0,50489.0,2763208000.0
089890,35500.0,8835000000.0,36750.0,36750.0,34600.0,250581.0,5471666000.0
358570,9070.0,2234000000.0,8850.0,9480.0,8780.0,245535.0,1031550000.0
356680,20500.0,148037000000.0,21400.0,22300.0,20050.0,7002276.0,
219130,92200.0,2498000000.0,93600.0,96000.0,90100.0,27138.0,
174900,28800.0,6586000000.0,28000.0,29500.0,27300.0,231783.0,
468530,51500.0,6076000000.0,54200.0,54600.0,50200.0,116680.0,6198846000.0
399720,48200.0,4763000000.0,48100.0,48550.0,47350.0,99074.0,5833507000.0
069540,5010.0,156142000000.0,4435.0,5130.0,4305.0,31618179.0,
009520,13480.0,1663000000.0,13260.0,13480.0,13100.0,124466.0,2133306000.0
383310,26600.0,8779000000.0,25100.0,27050.0,25100.0,334200.0,
042000,22950.0,20823000000.0,20500.0,24250.0,20250.0,909570.0,13461678000.0
078350,36350.0,8907000000.0,36050.0,37000.0,34950.0,246770.0,0.0
060250,13700.0,2096000000.0,13850.0,14050.0,13610.0,152160.0,
067630,4470.0,27596000000.0,3670.0,4645.0,3670.0,6208032.0,
101160,32950.0,1171000000.0,33100.0,33350.0,32675.0,35565.0,910703000.0
052020,7960.0,1065000000.0,7850.0,7990.0,7650.0,135780.0,
094170,25800.0,2529000000.0,26800.0,26950.0,25500.0,96005.0,2127337000.0
052400,36750.0,1681000000.0,37700.0,37950.0,36650.0,45203.0,749726000.0
037460,32750.0,1381000000.0,33200.0,33300.0,32400.0,42196.0,
348370,24300.0,7661000000.0,23000.0,24600.0,22800.0,317658.0,6871235000.0
112040,15640.0,1243000000.0,15600.0,15900.0,15560.0,79209.0,517432000.0
348340,22550.0,12467000000.0,23500.0,23500.0,22200.0,549063.0,
104830,41600.0,3692000000.0,42000.0,42450.0,38700.0,88293.0,1268439000.0
079940,38700.0,616000000.0,40000.0,40350.0,38400.0,15755.0,551160000.0
365340,39100.0,2171000000.0,38300.0,39750.0,37850.0,55798.0,2156257000.0
082270,11080.0,1016000000.0,11170.0,11580.0,10970.0,90579.0,795932000.0
098120,60500.0,8031000000.0,60500.0,61000.0,57600.0,135140.0,
125490,13740.0,32088000000.0,13250.0,14110.0,13220.0,2336716.0,
041190,6270.0,15316000000.0,6270.0,6320.0,6120.0,2461672.0,
376900,28650.0,3564000000.0,28000.0,30000.0,27650.0,123172.0,3515833000.0
099190,16780.0,541000000.0,16990.0,17420.0,16540.0,32137.0,592190000.0
056080,12890.0,6757000000.0,12820.0,13250.0,12660.0,517637.0,
086900,67500.0,582000000.0,67000.0,67900.0,66900.0,8647.0,440021000.00000006
025980,5050.0,5723000000.0,5040.0,5080.0,4880.0,1148604.0,
290550,24450.0,8293000000.0,24050.0,24650.0,23600.0,341982.0,
027360,4035.0,24049000000.0,4115.0,4435.0,4000.0,5777746.0,
089010,28950.0,4740000000.0,28250.0,29350.0,27650.0,165081.0,5398350000.0
475960,35900.0,1460000000.0,35000.0,36500.0,34650.0,40835.0,1138521000.0
033500,16130.0,1006000000.0,16410.0,16490.0,16060.0,61888.0,472536000.0
278280,39400.0,1095000000.0,38400.0,40000.0,38150.0,27832.0,761735000.0
015750,6000.0,1036000000.0,5930.0,6050.0,5930.0,172982.0,510874999.99999994
033160,19500.0,28838000000.0,20300.0,20800.0,18820.0,1476491.0,
211050,9690.0,477000000.0,9560.0,9900.0,9560.0,48914.0,30664000.000000004
368770,14520.0,6734000000.0,15000.0,15040.0,14380.0,460925.0,
019210,12710.0,6809000000.0,13000.0,13280.0,12550.0,532076.0,
170920,44250.0,5206000000.0,44000.0,44400.0,42550.0,119247.0,
460930,13140.0,651000000.0,13190.0,13220.0,13060.0,49587.0,830771000.0
034950,102400.0,104000000.0,104500.0,104500.0,102100.0,1010.0,85248000.0
340570,28700.0,2004000000.0,27800.0,29000.0,27600.0,70357.0,1150587000.0
336570,5150.0,2762000000.0,5090.0,5220.0,5060.0,536176.0,
035890,2200.0,299000000.0,2225.0,2265.0,2185.0,134926.0,
272290,22850.0,1798000000.0,22950.0,23000.0,22600.0,78761.0,3312146000.0
079370,14510.0,8614000000.0,14360.0,14820.0,13950.0,597945.0,
078340,37200.0,2494000000.0,37700.0,38350.0,37050.0,66526.0,1113217000.0
417840,19470.0,19271000000.0,18900.0,19900.0,18480.0,994661.0,
030520,18450.0,8892000000.0,19010.0,19010.0,17850.0,485704.0,30837815999.999996
486990,20800.0,3747000000.0,20800.0,20800.0,20350.0,182042.0,7574396000.0
475830,20450.0,7726000000.0,20950.0,21300.0,20150.0,375937.0,6000786000.0
376300,18710.0,2186000000.0,18850.0,19680.0,18530.0,115802.0,831081000.0
018290,12710.0,1843000000.0,12510.0,12960.0,12420.0,145505.0,1055029000.0
200470,10130.0,7552000000.0,10150.0,10270.0,9900.0,749146.0,
397030,16030.0,8871000000.0,16440.0,16940.0,15860.0,546892.0,8995888000.0
187660,6880.0,5407000000.0,7060.0,7230.0,6700.0,781162.0,
114810,15350.0,1349000000.0,15550.0,15690.0,15150.0,88116.0,687816000.0
078130,3825.0,555000000.0,3700.0,3880.0,3670.0,145560.0,
159010,32150.0,4379000000.0,32450.0,35000.0,31150.0,132636.0,
047920,13010.0,52990000000.0,10530.0,13010.0,10110.0,4295993.0,64025624000.00001
332570,9270.0,12544000000.0,9370.0,9480.0,9170.0,1351464.0,
348210,40500.0,5009000000.0,39300.0,42550.0,38500.0,125134.0,3586663999.9999995
052710,22700.0,19035000000.0,21300.0,23050.0,20600.0,872339.0,
236200,60400.0,3804000000.0,57100.0,60400.0,56500.0,64372.0,3159278000.0
013030,35650.0,440000000.0,36400.0,36400.0,35600.0,12289.0,362624000.0
241770,40850.0,552000000.0,40900.0,41200.0,39150.0,13677.0,256809999.99999997
330860,33950.0,14854000000.0,32700.0,35250.0,32250.0,437483.0,
456010,28500.0,50546000000.0,27900.0,30350.0,27500.0,1765175.0,
477850,23250.0,5631000000.0,22900.0,23350.0,22250.0,247219.0,
067160,36750.0,1577000000.0,36350.0,36900.0,36350.0,42988.0,167743000.0
107640,45350.0,8527000000.0,42900.0,45450.0,42700.0,191878.0,7828794999.999999
078160,10430.0,1625000000.0,9770.0,10430.0,9650.0,160406.0,991536999.9999999
138080,32950.0,19725000000.0,32650.0,34100.0,31000.0,595846.0,
039440,25900.0,3021000000.0,26050.0,26500.0,25300.0,117755.0,2782217000.0
441270,9470.0,3916000000.0,9310.0,9630.0,9160.0,414150.0,4227308000.0
095660,18340.0,893000000.0,17970.0,18540.0,17970.0,48999.0,86210000.0
200710,29350.0,3259000000.0,29850.0,29900.0,29100.0,110716.0,4200925999.9999995
215200,37800.0,1050000000.0,37350.0,38150.0,37350.0,27773.0,212242000.0
092190,8500.0,1317000000.0,9040.0,9100.0,8440.0,152629.0,
101730,4605.0,504000000.0,4600.0,4670.0,4575.0,109279.0,720858000.0
025900,7600.0,686000000.0,7450.0,7620.0,7400.0,91524.0,678382000.0
204620,5410.0,7500000000.0,5680.0,5720.0,5360.0,1374619.0,
046970,8660.0,60742000000.0,8410.0,9400.0,8390.0,6959309.0,
168360,16850.0,5126000000.0,16880.0,17210.0,16690.0,302953.0,19978025000.0
036800,8280.0,1258000000.0,8430.0,8460.0,8080.0,152629.0,643714000.0
069080,12000.0,1261000000.0,11680.0,12010.0,11680.0,106218.0,136520000.0
060280,9000.0,3295000000.0,8840.0,9270.0,8780.0,364347.0,
006910,7550.0,4816000000.0,7460.0,7550.0,7350.0,643746.0,
025320,4005.0,947000000.0,4005.0,4025.0,3970.0,236939.0,798561000.0
389470,27700.0,2567000000.0,27550.0,28600.0,26750.0,93509.0,1711542000.0
110990,19390.0,1731000000.0,19470.0,19500.0,18970.0,89632.0,1493017000.0
393890,10820.0,4168000000.0,11060.0,11370.0,10700.0,378930.0,
092730,22600.0,1100000000.0,23100.0,23450.0,22300.0,48676.0,398660000.0
078020,6490.0,163000000.0,6550.0,6550.0,6430.0,25258.0,
003800,32050.0,54000000.0,32000.0,32350.0,31900.0,1694.0,
064260,4665.0,4599000000.0,4570.0,4740.0,4510.0,984165.0,
018000,1203.0,2125000000.0,1142.0,1209.0,1100.0,1790651.0,
093520,29500.0,386000000.0,29650.0,29750.0,28700.0,13191.0,246306000.0
448900,57800.0,1853000000.0,57200.0,58300.0,56400.0,32196.0,3274168000.0
488900,11950.0,5616000000.0,13150.0,13150.0,11750.0,458086.0,26954787000.0
372320,22700.0,416000000.0,23000.0,23550.0,22600.0,18122.0,285048000.0
455900,22450.0,1432000000.0,22000.0,22850.0,21700.0,63965.0,1519820000.0
468670,30400.0,61822000000.0,33500.0,33900.0,30300.0,1927560.0,
117730,15170.0,2263000000.0,14910.0,15260.0,14750.0,149797.0,2718783000.0
482630,15600.0,4262000000.0,15710.0,15950.0,15390.0,271837.0,
061970,4855.0,1877000000.0,4855.0,4960.0,4800.0,385146.0,
036620,3765.0,725000000.0,3720.0,3770.0,3695.0,193994.0,133837999.99999999
036200,11030.0,2333000000.0,10910.0,11070.0,10770.0,213186.0,2027546000.0
446540,11550.0,10506000000.0,11080.0,11670.0,10120.0,948838.0,
425040,15300.0,10868000000.0,14780.0,15400.0,14730.0,718655.0,
091580,24850.0,14797000000.0,22800.0,25000.0,22500.0,611957.0,
121440,7720.0,268000000.0,7900.0,7900.0,7650.0,34936.0,
234340,23600.0,6520000000.0,23850.0,24200.0,23400.0,274749.0,
086390,15400.0,4752000000.0,15390.0,15760.0,15020.0,309023.0,4097963000.0
017890,15740.0,1306000000.0,15770.0,15960.0,15560.0,82829.0,
215600,2340.0,1122000000.0,2360.0,2395.0,2330.0,476644.0,
354320,50600.0,27728000000.0,45600.0,54500.0,45300.0,547422.0,
199800,35500.0,542000000.0,34750.0,35800.0,34300.0,15371.0,297337000.0
424870,3490.0,2515000000.0,3390.0,3515.0,3365.0,725295.0,3756776000.0
386380,17000.0,24673000000.0,18200.0,18700.0,17000.0,1406205.0,
0035S0,31000.0,84380000000.0,31400.0,34200.0,30100.0,2589668.0,
160980,29100.0,4244000000.0,28950.0,29450.0,28500.0,146724.0,
042520,22250.0,1700000000.0,21600.0,22250.0,21100.0,77560.0,498421000.0
203650,3095.0,54565000000.0,3200.0,3360.0,2995.0,17417611.0,
265520,20800.0,661000000.0,20800.0,20850.0,20500.0,31977.0,395783000.0
206650,8430.0,644000000.0,8470.0,8700.0,8270.0,75864.0,
042370,11790.0,17375000000.0,11650.0,11790.0,11240.0,1508095.0,
314130,5880.0,4010000000.0,5630.0,5930.0,5500.0,702314.0,
900290,3300.0,1284000000.0,3495.0,3495.0,3285.0,383481.0,
049070,19390.0,2138000000.0,18860.0,19420.0,18600.0,111568.0,1134367000.0
266690,16080.0,37875000000.0,16710.0,17180.0,16030.0,2283448.0,
228760,12200.0,807000000.0,12340.0,12680.0,12020.0,65975.0,417346000.00000006
389500,45250.0,4328000000.0,44750.0,46200.0,44100.0,95680.0,
484590,7310.0,1929000000.0,7600.0,7600.0,7250.0,263198.0,
452430,36200.0,1822000000.0,37750.0,37750.0,35750.0,50001.0,1611032000.0000002
025770,7870.0,337000000.0,7900.0,8050.0,7800.0,42797.0,
084110,23250.0,446000000.0,22900.0,23300.0,22550.0,19385.0,316232000.0
054950,24300.0,408000000.0,24300.0,24550.0,24000.0,16877.0,208151999.99999997
200670,26150.0,395000000.0,25900.0,26200.0,25700.0,15188.0,232648000.0
378340,13500.0,1057000000.0,12900.0,13520.0,12810.0,79629.0,1310974000.0
304360,23300.0,1053000000.0,21650.0,23400.0,21200.0,46328.0,1067353000.0
071200,11920.0,295000000.0,11990.0,11990.0,11730.0,24922.0,
092460,16950.0,398000000.0,16740.0,17180.0,16720.0,23427.0,235300999.99999997
452280,15020.0,17127000000.0,14390.0,15320.0,14140.0,1152963.0,
486510,14700.0,75491000000.0,14920.0,16590.0,14300.0,4836433.0,
035810,4460.0,654000000.0,4540.0,4565.0,4435.0,145751.0,
101930,6250.0,312000000.0,6450.0,6450.0,6230.0,49541.0,366102000.0
012210,12330.0,23791000000.0,11970.0,12780.0,11740.0,1929576.0,
136480,2665.0,383000000.0,2670.0,2675.0,2650.0,144035.0,
493280,18970.0,7531000000.0,17600.0,19770.0,17480.0,396416.0,
317330,13630.0,1247000000.0,13290.0,13660.0,13010.0,93137.0,1105556000.0
394280,10580.0,1129000000.0,10520.0,10600.0,10370.0,107437.0,1137852000.0
352480,20450.0,152000000.0,20850.0,20900.0,20350.0,7415.0,66889000.0
294570,27600.0,2160000000.0,26700.0,27800.0,26650.0,78732.0,2698888000.0
448280,9390.0,55000000.0,9370.0,9590.0,9100.0,5891.0,56586000.0
060720,11690.0,740000000.0,11560.0,11700.0,11460.0,63694.0,
024840,6350.0,8106000000.0,6430.0,6550.0,6300.0,1271367.0,
085910,20000.0,11471000000.0,18200.0,21150.0,18180.0,583425.0,
287840,18320.0,460000000.0,18440.0,18970.0,18010.0,24967.0,231483000.00000003
254490,19000.0,2067000000.0,19130.0,19220.0,18880.0,108539.0,
094360,12830.0,1134000000.0,12880.0,12950.0,12790.0,88326.0,825273000.0
036710,5180.0,3205000000.0,5140.0,5400.0,5010.0,614214.0,
115450,2890.0,11866000000.0,2530.0,3100.0,2520.0,4033923.0,
089980,16910.0,865000000.0,17120.0,17480.0,16800.0,50989.0,5055698000.0
267980,35100.0,997000000.0,34050.0,35800.0,33650.0,28160.0,291328000.0
309710,21000.0,0.0,0.0,0.0,0.0,0.0,
035600,9700.0,435000000.0,9790.0,9870.0,9640.0,44774.0,283142000.0
100120,29650.0,1050000000.0,28900.0,30300.0,28850.0,35305.0,
182400,3670.0,0.0,0.0,0.0,0.0,0.0,
073490,34900.0,2136000000.0,35200.0,35200.0,34200.0,61603.0,
099440,3875.0,735000000.0,3950.0,4015.0,3855.0,187470.0,
472850,4575.0,106000000.0,4620.0,4740.0,4575.0,22752.0,175179000.0
032580,7910.0,6183000000.0,8000.0,8040.0,7360.0,804615.0,
091700,5240.0,268000000.0,5270.0,5280.0,5170.0,51215.0,
098070,23550.0,1009000000.0,23600.0,23775.0,23300.0,42905.0,880718000.0000001
043150,17620.0,474000000.0,17880.0,17940.0,17470.0,26821.0,200844999.99999997
272110,32550.0,3307000000.0,32400.0,33300.0,31700.0,101150.0,
389650,31500.0,544000000.0,31750.0,32600.0,31100.0,17231.0,357880000.0
439090,15810.0,1418000000.0,15650.0,15850.0,15500.0,90534.0,2647952000.0
0011T0,5490.0,567000000.0,5430.0,5580.0,5420.0,103273.0,
051500,21650.0,113000000.0,21800.0,21950.0,21400.0,5241.0,57765999.99999999
151860,5390.0,197000000.0,5460.0,5460.0,5360.0,36350.0,
121800,3320.0,0.0,0.0,0.0,0.0,0.0,
445090,23300.0,1004000000.0,22950.0,23400.0,22500.0,43482.0,1130611000.0
068930,9150.0,274000000.0,9270.0,9450.0,9080.0,29800.0,
377460,4080.0,0.0,0.0,0.0,0.0,0.0,
108860,9390.0,6355000000.0,9200.0,9460.0,9200.0,679286.0,7668098999.999999
112290,12480.0,3416000000.0,12630.0,12630.0,12180.0,276981.0,
484120,23000.0,807000000.0,22800.0,23750.0,22200.0,34693.0,468497000.0
114190,9620.0,3107000000.0,8950.0,9800.0,8860.0,331509.0,2874536000.0
023410,3250.0,366000000.0,3275.0,3290.0,3235.0,112585.0,
036890,11370.0,850000000.0,11400.0,11450.0,11180.0,75293.0,382063000.0
416180,27700.0,1021000000.0,26500.0,27850.0,26350.0,37491.0,1228357000.0
439960,7700.0,13317000000.0,7890.0,8120.0,7600.0,1706927.0,
389260,13930.0,2051000000.0,13410.0,13940.0,13370.0,149265.0,
011560,24350.0,1375000000.0,24850.0,25400.0,24050.0,55784.0,
377450,14150.0,155000000.0,14200.0,14880.0,14120.0,10858.0,
064820,7920.0,132000000.0,7940.0,7990.0,7850.0,16738.0,103448000.0
036030,4960.0,108000000.0,5050.0,5060.0,4920.0,21705.0,
067390,5760.0,247000000.0,5680.0,5950.0,5660.0,42648.0,
376270,33600.0,274000000.0,34900.0,35050.0,33000.0,8157.0,234850000.0
340450,10200.0,20625000000.0,9030.0,10340.0,9030.0,2067076.0,
243840,6230.0,2383000000.0,5990.0,6260.0,5870.0,391097.0,
450950,6380.0,351000000.0,6250.0,6400.0,6150.0,55845.0,309078000.0
298830,4450.0,1185000000.0,4420.0,4565.0,4420.0,264181.0,
083310,13310.0,3153000000.0,13050.0,13500.0,12860.0,238081.0,
461300,17640.0,664000000.0,18450.0,18450.0,17610.0,37193.0,
043370,11200.0,227000000.0,11360.0,11430.0,11050.0,20269.0,113552000.00000001
144510,14850.0,391000000.0,14550.0,15090.0,14440.0,26376.0,190523000.0
099430,3785.0,853000000.0,3790.0,3855.0,3715.0,226119.0,
243070,19460.0,294000000.0,19680.0,19680.0,19360.0,15147.0,228512000.0
200130,8070.0,177000000.0,8050.0,8110.0,8010.0,21918.0,101821000.0
064850,20350.0,859000000.0,21150.0,21700.0,20150.0,41170.0,
180400,2340.0,45000000.0,2365.0,2400.0,2305.0,19305.0,
094480,5870.0,1060000000.0,5990.0,6020.0,5830.0,179389.0,
061090,42100.0,709000000.0,41550.0,42150.0,41150.0,16985.0,783384000.0
078150,2420.0,5624000000.0,2325.0,2495.0,2315.0,2326504.0,
064550,8860.0,1243000000.0,8600.0,8870.0,8570.0,141785.0,1183091000.0
216080,6130.0,306000000.0,6000.0,6150.0,5900.0,50775.0,
475400,19250.0,846000000.0,19000.0,19430.0,18950.0,44052.0,838712000.0
241520,8490.0,814000000.0,8550.0,8730.0,8440.0,95190.0,
293780,8030.0,817000000.0,8100.0,8220.0,7920.0,101043.0,
215000,35900.0,299000000.0,35850.0,35900.0,35450.0,8386.0,109590000.00000001
005160,4145.0,23493000000.0,4040.0,4485.0,3955.0,5485174.0,
067080,12060.0,882000000.0,11620.0,12100.0,11590.0,74028.0,712902000.0
095500,7240.0,815000000.0,7160.0,7290.0,7070.0,113483.0,861153000.0
365270,10120.0,470000000.0,10110.0,10480.0,10020.0,45945.0,
190510,15910.0,792000000.0,16020.0,16140.0,15880.0,49467.0,562248000.0
263860,24650.0,52291000000.0,25650.0,26500.0,23900.0,2076363.0,
0008Z0,23700.0,442000000.0,24050.0,24250.0,23600.0,18509.0,163724000.0
065680,24700.0,134000000.0,25500.0,25900.0,24400.0,5383.0,37700000.0
126730,25450.0,13170000000.0,24300.0,25500.0,24150.0,525799.0,
053300,5630.0,7149000000.0,5520.0,5680.0,5360.0,1285275.0,
0001A0,8730.0,535000000.0,8540.0,8780.0,8540.0,61629.0,
065710,43150.0,270000000.0,44200.0,44200.0,42850.0,6264.0,
382900,25350.0,1729000000.0,24600.0,25400.0,24500.0,69381.0,3114513000.0
023760,1406.0,50000000.0,1405.0,1415.0,1398.0,35427.0,
018310,14960.0,133000000.0,15060.0,15110.0,14860.0,8874.0,2890000.0
256840,3190.0,5359000000.0,3180.0,3250.0,3115.0,1684526.0,
125020,6210.0,2287000000.0,6260.0,6310.0,6100.0,370184.0,
307180,5860.0,942000000.0,5790.0,5900.0,5750.0,162141.0,
237880,11960.0,737000000.0,12080.0,12150.0,11790.0,61974.0,301673000.0
053030,6610.0,319000000.0,6430.0,6680.0,6430.0,48595.0,230978000.0
217730,2290.0,523000000.0,2305.0,2390.0,2235.0,228627.0,
045390,3055.0,1416000000.0,3085.0,3085.0,3025.0,464130.0,
462350,6350.0,2246000000.0,6670.0,7050.0,6190.0,347033.0,
405100,17420.0,1673000000.0,16650.0,17780.0,16650.0,97541.0,
206640,9720.0,141000000.0,9770.0,9850.0,9660.0,14464.0,93202000.0
459510,16370.0,1133000000.0,15870.0,16370.0,15690.0,70356.0,1250229000.0
058970,17120.0,387000000.0,17340.0,17500.0,17040.0,22513.0,1460464000.0
462860,2945.0,1417000000.0,2925.0,3015.0,2900.0,482449.0,
452450,5850.0,4105000000.0,5380.0,5990.0,5340.0,710689.0,
176750,7390.0,334000000.0,7200.0,7390.0,7160.0,45785.0,523869000.0
019010,4355.0,347000000.0,4430.0,4430.0,4280.0,80073.0,
005710,10460.0,392000000.0,10480.0,10480.0,10210.0,38021.0,52423000.0
382800,6540.0,7410000000.0,6510.0,6550.0,6360.0,1146379.0,
014940,4565.0,354000000.0,4600.0,4630.0,4530.0,77703.0,
950170,4255.0,18000000.0,4315.0,4330.0,4215.0,4190.0,
380540,8450.0,0.0,0.0,0.0,0.0,0.0,
199430,18220.0,1379000000.0,17810.0,18330.0,17710.0,76314.0,1629056000.0
314930,6820.0,95000000.0,6780.0,6980.0,6600.0,14011.0,52542999.99999999
049430,22300.0,536000000.0,22100.0,22350.0,21800.0,24259.0,
394800,6340.0,5568000000.0,5910.0,6350.0,5850.0,900367.0,7477719000.0
481070,14020.0,159000000.0,14200.0,14860.0,13780.0,11389.0,103689000.00000001
126600,3205.0,106000000.0,3200.0,3230.0,3160.0,33018.0,
036190,33400.0,179000000.0,34700.0,34700.0,33200.0,5351.0,
388050,10590.0,4991000000.0,10240.0,10610.0,10060.0,479287.0,
464080,10940.0,1305000000.0,10510.0,11000.0,10510.0,120550.0,
304100,15600.0,996000000.0,15560.0,15820.0,15370.0,63909.0,973978000.0
353810,5880.0,906000000.0,6090.0,6090.0,5840.0,152906.0,
194700,10630.0,590000000.0,10430.0,10690.0,10420.0,55940.0,619951000.0
086670,19530.0,1237000000.0,19230.0,19590.0,18690.0,64396.0,
478340,16670.0,10145000000.0,17270.0,17270.0,16670.0,601941.0,
355150,24800.0,5109000000.0,23550.0,25700.0,23500.0,206226.0,
488280,17850.0,109240000000.0,18000.0,18640.0,16800.0,6136727.0,
080720,2410.0,0.0,0.0,0.0,0.0,0.0,
036170,3135.0,813000000.0,3050.0,3145.0,2950.0,264352.0,
234690,10660.0,2432000000.0,10990.0,11130.0,10450.0,224434.0,
484810,12390.0,932000000.0,12290.0,12480.0,12160.0,75578.0,
041920,10270.0,948000000.0,10100.0,10310.0,9950.0,93632.0,
102940,14570.0,770000000.0,14500.0,14870.0,14320.0,52768.0,342474000.0
012860,2595.0,5874000000.0,2500.0,2750.0,2490.0,2227860.0,
013120,2090.0,160000000.0,2105.0,2145.0,2070.0,76088.0,
094820,12580.0,1237000000.0,12200.0,12580.0,12080.0,100286.0,
230240,14250.0,2039000000.0,14520.0,14660.0,14130.0,141977.0,
274090,13720.0,18942000000.0,14300.0,14580.0,13460.0,1362267.0,
143240,17590.0,83000000.0,17200.0,17590.0,17180.0,4744.0,
163730,14780.0,2564000000.0,14910.0,15400.0,13900.0,175311.0,
214180,14500.0,1484000000.0,14240.0,14840.0,14230.0,101959.0,
036560,11960.0,92000000.0,12050.0,12050.0,11910.0,7725.0,
138610,16570.0,712000000.0,16000.0,16590.0,15910.0,43398.0,911122000.0
220100,7280.0,412000000.0,7220.0,7420.0,7140.0,56589.0,519919000.0
119610,16440.0,607000000.0,16900.0,16900.0,16000.0,37347.0,
016790,994.0,0.0,0.0,0.0,0.0,0.0,
0015G0,15960.0,2141000000.0,16940.0,16940.0,15900.0,131827.0,
083930,12720.0,392000000.0,12650.0,12740.0,12640.0,30844.0,
088800,2470.0,2147000000.0,2390.0,2550.0,2365.0,873961.0,
034810,5900.0,96000000.0,5940.0,5960.0,5840.0,16307.0,
372170,23250.0,440000000.0,22550.0,23250.0,22200.0,19204.0,585045000.0
052330,10400.0,133000000.0,10410.0,10520.0,10310.0,12769.0,
051160,13660.0,2384000000.0,12930.0,13770.0,12710.0,176978.0,
066620,24550.0,76000000.0,24750.0,24750.0,24250.0,3094.0,
308430,14210.0,390000000.0,14600.0,14770.0,14030.0,27274.0,223665000.0
068790,8260.0,1288000000.0,8060.0,8360.0,7840.0,158375.0,
046120,5410.0,1895000000.0,5500.0,5500.0,5340.0,351256.0,
126700,12250.0,1081000000.0,11830.0,12380.0,11690.0,90061.0,
419530,17930.0,329000000.0,17980.0,18100.0,17770.0,18391.0,247586000.0
024060,12200.0,7041000000.0,12010.0,12310.0,11800.0,581697.0,
264850,6030.0,2902000000.0,5940.0,6090.0,5890.0,482729.0,
054210,7220.0,1691000000.0,6830.0,7280.0,6780.0,240522.0,
084850,7990.0,171000000.0,8160.0,8230.0,7900.0,21355.0,67177000.0
187870,13020.0,2177000000.0,12910.0,14100.0,12870.0,160940.0,
108380,18790.0,154000000.0,18820.0,18970.0,18660.0,8198.0,37844000.0
042420,22050.0,210000000.0,22150.0,22450.0,21750.0,9546.0,
357550,32800.0,78000000.0,32600.0,33950.0,32400.0,2343.0,40645000.0
403850,12450.0,599000000.0,12180.0,12640.0,12180.0,47951.0,353412000.0
318060,15950.0,944000000.0,16260.0,16340.0,15890.0,58705.0,
082800,2940.0,334000000.0,2995.0,3050.0,2925.0,112221.0,
432720,12490.0,3695000000.0,12680.0,12800.0,12020.0,298360.0,
270660,13960.0,442000000.0,13700.0,14140.0,13600.0,31716.0,573630000.0
192440,28450.0,256000000.0,29600.0,29600.0,28400.0,8894.0,
199820,7950.0,928000000.0,8010.0,8110.0,7900.0,116411.0,
039860,4610.0,800000000.0,4545.0,4645.0,4525.0,173824.0,
086820,6770.0,717000000.0,6710.0,6840.0,6470.0,108903.0,
051370,7510.0,2722000000.0,7230.0,7570.0,7220.0,365823.0,
388790,5710.0,4290000000.0,5730.0,5870.0,5550.0,755380.0,
260970,60300.0,565000000.0,60700.0,61400.0,59300.0,9348.0,
013990,5300.0,871000000.0,5210.0,5310.0,5180.0,165415.0,
084990,3780.0,572000000.0,3695.0,3785.0,3655.0,153039.0,
092070,15000.0,1102000000.0,15000.0,15350.0,14840.0,73270.0,
149950,12670.0,1296000000.0,12600.0,12790.0,12370.0,103066.0,
049630,7410.0,1143000000.0,7320.0,7440.0,7310.0,154593.0,
251370,9580.0,2020000000.0,9400.0,9950.0,9270.0,210508.0,
123330,21600.0,3952000000.0,21750.0,22300.0,20850.0,185222.0,
264450,11720.0,504000000.0,11850.0,11870.0,11650.0,42883.0,
445180,9990.0,820000000.0,10130.0,10230.0,9820.0,81877.0,
143160,16020.0,32000000.0,16090.0,16090.0,15830.0,2009.0,
0082N0,12870.0,1041000000.0,12890.0,13500.0,12710.0,79792.0,
092130,14200.0,57000000.0,14220.0,14280.0,14130.0,4027.0,
158430,6980.0,122775000000.0,6170.0,7150.0,5920.0,18324516.0,
119830,6400.0,785000000.0,6480.0,6670.0,6300.0,121712.0,
032620,3250.0,188000000.0,3225.0,3265.0,3180.0,57998.0,
194480,13940.0,472000000.0,14110.0,14300.0,13870.0,33566.0,182017000.0
0161M0,13870.0,26686000000.0,16620.0,16620.0,13740.0,1787648.0,
489460,11470.0,408000000.0,11740.0,11880.0,11360.0,35178.0,
418550,5280.0,385000000.0,5280.0,5400.0,5260.0,72322.0,
104480,1858.0,402000000.0,1816.0,1867.0,1801.0,218974.0,
032940,9260.0,1857000000.0,9330.0,9440.0,9160.0,199219.0,
474650,29200.0,749000000.0,29600.0,29600.0,28400.0,25889.0,
245620,741.0,0.0,0.0,0.0,0.0,0.0,
0010S0,16630.0,6226000000.0,17850.0,18320.0,16600.0,355829.0,
038390,9920.0,161000000.0,10090.0,10090.0,9900.0,16225.0,
289080,2755.0,1646000000.0,2795.0,2850.0,2740.0,591489.0,
267320,2885.0,4871000000.0,2780.0,2895.0,2755.0,1720889.0,
122990,6450.0,433000000.0,6740.0,6740.0,6420.0,66819.0,
042510,14870.0,78264000000.0,13360.0,14870.0,12820.0,5571987.0,
067290,2940.0,3794000000.0,2965.0,2980.0,2920.0,1288854.0,
402030,13150.0,283000000.0,13120.0,13340.0,12970.0,21555.0,166286000.0
255220,1093.0,1791000000.0,1107.0,1121.0,1080.0,1637766.0,
290690,3065.0,2403000000.0,3045.0,3150.0,2980.0,785765.0,
123410,5820.0,349000000.0,5980.0,6020.0,5820.0,59422.0,
039830,15010.0,1077000000.0,15950.0,16050.0,14850.0,71126.0,
950140,8130.0,46000000.0,8170.0,8220.0,8100.0,5710.0,
475040,3000.0,772000000.0,3010.0,3080.0,2975.0,256952.0,
041020,3250.0,634000000.0,3220.0,3270.0,3190.0,196237.0,
086890,3955.0,488000000.0,4000.0,4025.0,3910.0,122721.0,
226590,15020.0,649000000.0,15070.0,15320.0,14960.0,42932.0,
396300,6070.0,7074000000.0,6170.0,6220.0,5990.0,1165634.0,
494120,10530.0,970000000.0,9690.0,11000.0,9670.0,92984.0,645175000.0
101360,9030.0,707000000.0,8860.0,9120.0,8730.0,79068.0,969186000.0
413630,4405.0,15604000000.0,4205.0,4600.0,4140.0,3492324.0,
204610,2870.0,135000000.0,2895.0,2925.0,2835.0,47070.0,
066410,1153.0,0.0,0.0,0.0,0.0,0.0,
041520,13050.0,394000000.0,13010.0,13180.0,12900.0,30315.0,
054920,5630.0,77520000000.0,5380.0,5780.0,5170.0,14041214.0,
102120,8920.0,2044000000.0,8900.0,9010.0,8750.0,230234.0,
054450,10430.0,532000000.0,10600.0,10600.0,10400.0,50712.0,
078070,9240.0,220000000.0,9240.0,9240.0,9050.0,24015.0,
093640,4795.0,153000000.0,4750.0,4850.0,4705.0,31851.0,
093190,8170.0,50000000.0,8280.0,8400.0,8150.0,6144.0,
118990,6400.0,199000000.0,6330.0,6440.0,6290.0,31309.0,
322310,16730.0,3133000000.0,17020.0,17120.0,16470.0,186240.0,
123860,12890.0,188000000.0,13100.0,13150.0,12680.0,14657.0,
072870,13100.0,209000000.0,13110.0,13180.0,12980.0,15947.0,
417030,26950.0,9152000000.0,30000.0,30200.0,26700.0,329238.0,
023910,25950.0,56000000.0,26250.0,26250.0,25900.0,2157.0,
011040,5040.0,98000000.0,5050.0,5050.0,4975.0,19506.0,
220260,4820.0,903000000.0,4955.0,4955.0,4750.0,187984.0,
0007C0,19250.0,1671000000.0,18530.0,19340.0,18530.0,87370.0,
146320,12030.0,876000000.0,11600.0,12500.0,11590.0,72457.0,
024800,4370.0,549000000.0,4370.0,4445.0,4110.0,130226.0,
067280,25950.0,135000000.0,26400.0,26400.0,25900.0,5191.0,
489500,24000.0,642000000.0,24500.0,24700.0,23750.0,26785.0,
452190,6400.0,17003000000.0,6160.0,6500.0,6040.0,2689312.0,
115500,12750.0,47581000000.0,11540.0,13390.0,11100.0,3823619.0,
417500,4665.0,4396000000.0,4340.0,4765.0,4235.0,955514.0,
080160,8090.0,327000000.0,8170.0,8220.0,8060.0,40318.0,
0039P0,8100.0,3956000000.0,7900.0,8180.0,7900.0,492604.0,
950250,4240.0,5645000000.0,4200.0,4395.0,4150.0,1319847.0,
007330,9970.0,120000000.0,9970.0,10040.0,9880.0,12118.0,
179290,4645.0,94000000.0,4730.0,4730.0,4580.0,20335.0,
052260,5010.0,3765000000.0,4945.0,5100.0,4945.0,749634.0,
042600,12080.0,817000000.0,11090.0,12120.0,10700.0,70110.0,
054800,14490.0,88000000.0,14650.0,14680.0,14400.0,6014.0,
205500,1792.0,203000000.0,1842.0,1848.0,1765.0,113196.0,
065660,14930.0,127000000.0,15240.0,15240.0,14840.0,8505.0,43593000.0
0088M0,15100.0,2180000000.0,14420.0,15210.0,14160.0,146075.0,
387690,19550.0,53143000000.0,19010.0,21500.0,18860.0,2624323.0,
256940,7380.0,791000000.0,7100.0,7630.0,7000.0,106172.0,
300080,8950.0,369000000.0,9080.0,9080.0,8810.0,41256.0,312246000.0
232680,11150.0,1031000000.0,10980.0,11300.0,10980.0,92500.0,
212560,10960.0,1476000000.0,11400.0,11400.0,10880.0,133006.0,
059120,8070.0,4370000000.0,8000.0,8220.0,7930.0,540008.0,
469610,16520.0,1572000000.0,16130.0,16610.0,16110.0,95617.0,1736727000.0000002
101970,9980.0,26000000.0,9940.0,9990.0,9670.0,2629.0,
147830,7380.0,756000000.0,7330.0,7430.0,7290.0,102800.0,
264660,15060.0,594000000.0,15200.0,15300.0,15000.0,39195.0,
211270,9700.0,1961000000.0,9820.0,9870.0,9390.0,203535.0,
046440,4020.0,294000000.0,4040.0,4065.0,3980.0,73365.0,
321370,2055.0,25019000000.0,1949.0,2390.0,1924.0,11496814.0,
142210,6990.0,3999000000.0,6700.0,7060.0,6700.0,576146.0,
069510,13270.0,70000000.0,13360.0,13460.0,13250.0,5260.0,
049960,15390.0,75000000.0,15590.0,15590.0,15360.0,4841.0,
023600,9030.0,22000000.0,9060.0,9060.0,8980.0,2446.0,
451760,8700.0,2218000000.0,9100.0,9180.0,8570.0,250855.0,
005990,10790.0,53000000.0,10370.0,10790.0,10150.0,5132.0,
089600,12500.0,198000000.0,12100.0,12560.0,12100.0,15923.0,
148150,4000.0,140000000.0,4020.0,4020.0,3920.0,35330.0,
141000,11720.0,1664000000.0,11140.0,11790.0,10900.0,144794.0,
115310,9570.0,20000000.0,9600.0,9660.0,9460.0,2145.0,
321550,4725.0,510000000.0,4550.0,4735.0,4520.0,109343.0,
105330,8850.0,375000000.0,9100.0,9100.0,8670.0,42599.0,
156100,6310.0,955000000.0,6150.0,6310.0,6020.0,154448.0,
048870,1594.0,176000000.0,1598.0,1615.0,1575.0,110825.0,
072950,17330.0,31907000000.0,17350.0,17730.0,16900.0,1835750.0,
114840,8340.0,262000000.0,8360.0,8460.0,8310.0,31305.0,144198000.0
071280,9080.0,2478000000.0,8690.0,9300.0,8690.0,273649.0,
417010,6840.0,1621000000.0,7020.0,7030.0,6710.0,236212.0,
322510,5360.0,422000000.0,5180.0,5360.0,5170.0,80001.0,
136540,11210.0,820000000.0,11380.0,11500.0,11020.0,72979.0,
140670,10720.0,554000000.0,10620.0,10840.0,10580.0,51637.0,
052860,7700.0,268000000.0,7630.0,7890.0,7590.0,34701.0,
228850,8290.0,566000000.0,8700.0,8700.0,8100.0,68450.0,
126640,3910.0,1441000000.0,3970.0,3990.0,3875.0,366342.0,
411080,8970.0,49785000000.0,8500.0,8970.0,8040.0,5805805.0,
351320,4410.0,1706000000.0,4820.0,5020.0,4160.0,376170.0,
060150,3000.0,51000000.0,2975.0,3030.0,2975.0,17126.0,
297090,5000.0,504000000.0,5010.0,5160.0,4915.0,99640.0,
047770,3600.0,1976000000.0,3580.0,3610.0,3475.0,557010.0,
038290,12550.0,251000000.0,12520.0,12620.0,12420.0,20043.0,
172670,15180.0,1504000000.0,15000.0,15640.0,14480.0,100405.0,
003100,20550.0,57000000.0,20700.0,20700.0,20400.0,2802.0,
037070,6780.0,262000000.0,6730.0,6810.0,6670.0,38835.0,
402490,8000.0,1222000000.0,8080.0,8160.0,7850.0,153113.0,
009780,7670.0,350000000.0,7480.0,7700.0,7420.0,45856.0,
035610,4930.0,81000000.0,4855.0,4935.0,4830.0,16495.0,
240550,6430.0,881000000.0,6350.0,6540.0,6260.0,136456.0,
282880,11470.0,368000000.0,11370.0,11590.0,11150.0,32206.0,
053260,7150.0,6187000000.0,7240.0,7690.0,7150.0,835084.0,
285490,12640.0,328000000.0,12650.0,12900.0,12550.0,25842.0,
039840,9950.0,549000000.0,10080.0,10120.0,9860.0,55014.0,837923999.9999999
443670,5500.0,33279000000.0,5090.0,5570.0,4870.0,6251318.0,
115440,12230.0,13287000000.0,12950.0,12980.0,12160.0,1061645.0,
474170,7400.0,1084000000.0,7700.0,7830.0,7130.0,146641.0,
457550,14130.0,0.0,0.0,0.0,0.0,0.0,
265740,7350.0,1412000000.0,7410.0,7450.0,7130.0,195302.0,
299030,16390.0,731000000.0,16210.0,16390.0,16000.0,45062.0,1652220000.0000002
361390,13450.0,1369000000.0,14090.0,14550.0,13420.0,99607.0,
338840,8480.0,152000000.0,8570.0,8800.0,8330.0,17966.0,128410000.0
094840,13310.0,402000000.0,13300.0,13500.0,12960.0,30415.0,
222040,6310.0,1817000000.0,6360.0,6390.0,6050.0,291333.0,
408920,3005.0,31000000.0,3050.0,3075.0,2980.0,10389.0,
049720,9080.0,178000000.0,9150.0,9150.0,9020.0,19590.0,
035080,11580.0,200000000.0,11620.0,11720.0,11430.0,17354.0,
001540,9920.0,240000000.0,9910.0,9980.0,9810.0,24347.0,
307750,2395.0,321000000.0,2370.0,2430.0,2350.0,133835.0,
095700,2835.0,205000000.0,2815.0,2850.0,2760.0,72982.0,
418420,4195.0,528000000.0,4300.0,4320.0,4115.0,125579.0,
039560,3010.0,2925000000.0,3000.0,3115.0,2920.0,966715.0,
073010,3205.0,528000000.0,3345.0,3345.0,3190.0,163053.0,
037350,8460.0,1370000000.0,8520.0,8700.0,8440.0,160598.0,
079960,17000.0,209000000.0,17370.0,17370.0,16890.0,12341.0,
101170,9490.0,2374000000.0,8770.0,9830.0,8630.0,252368.0,
080420,1604.0,6000000.0,1563.0,1604.0,1546.0,3948.0,
259630,10430.0,2454000000.0,10090.0,10560.0,10000.0,237120.0,
950190,9750.0,91000000.0,9740.0,9790.0,9640.0,9375.0,
0015N0,10070.0,3801000000.0,10130.0,10260.0,9790.0,382060.0,
008830,6560.0,1335000000.0,6420.0,6570.0,6400.0,205117.0,
036690,2885.0,0.0,0.0,0.0,0.0,0.0,
108230,3305.0,377000000.0,3255.0,3335.0,3245.0,114458.0,
053080,9650.0,635000000.0,9700.0,9800.0,9510.0,65956.0,
474610,8650.0,790000000.0,8720.0,8780.0,8400.0,92521.0,
290720,3240.0,890000000.0,2995.0,3390.0,2995.0,273202.0,
134580,2505.0,2741000000.0,2820.0,2890.0,2405.0,1076094.0,
166480,2335.0,430000000.0,2330.0,2400.0,2315.0,182215.0,
056090,1190.0,0.0,0.0,0.0,0.0,0.0,
293580,1283.0,304000000.0,1279.0,1308.0,1263.0,237695.0,
047310,3320.0,540000000.0,3270.0,3365.0,3270.0,162514.0,
017510,7970.0,979000000.0,7970.0,8050.0,7890.0,123264.0,
297890,1661.0,323000000.0,1682.0,1682.0,1650.0,194520.0,
027710,1090.0,319000000.0,1118.0,1120.0,1030.0,290748.0,
095190,1855.0,75000000.0,1865.0,1882.0,1830.0,40505.0,
083500,14550.0,746000000.0,14620.0,14980.0,14330.0,51410.0,
338220,8590.0,2758000000.0,8420.0,8630.0,8160.0,329704.0,7213593000.0
336680,3070.0,291000000.0,2995.0,3085.0,2935.0,95948.0,
138360,1365.0,1470000000.0,1423.0,1433.0,1350.0,1060774.0,
021320,5570.0,40000000.0,5780.0,5780.0,5520.0,7232.0,
209640,4190.0,8619000000.0,4300.0,4505.0,4110.0,2006723.0,
105740,11720.0,21377000000.0,12120.0,12240.0,11700.0,1789416.0,
308080,5810.0,340000000.0,5880.0,6060.0,5760.0,57910.0,
458650,7890.0,80000000.0,7630.0,7900.0,7630.0,10236.0,
217820,2500.0,1062000000.0,2400.0,2515.0,2380.0,430208.0,
333430,3860.0,367000000.0,3900.0,3900.0,3855.0,94906.0,
396470,7350.0,1091000000.0,7290.0,7410.0,7150.0,148801.0,
136150,14100.0,23133000000.0,12500.0,15020.0,12170.0,1656838.0,
129920,7260.0,1177000000.0,7110.0,7500.0,6830.0,164146.0,
389020,17000.0,1401000000.0,17390.0,17610.0,16860.0,81823.0,
041440,6560.0,413000000.0,6570.0,6640.0,6550.0,62870.0,
131030,6590.0,932000000.0,6460.0,6860.0,6360.0,140098.0,
067990,3985.0,223000000.0,3945.0,4000.0,3925.0,56069.0,
041590,2370.0,0.0,0.0,0.0,0.0,0.0,
310200,2225.0,442000000.0,2185.0,2245.0,2185.0,199494.0,
049520,3745.0,107000000.0,3750.0,3750.0,3675.0,29002.0,
201490,3515.0,4118000000.0,3400.0,3535.0,3365.0,1196951.0,
311320,9110.0,624000000.0,8780.0,9340.0,8780.0,69050.0,
054050,7100.0,83000000.0,7210.0,7210.0,7080.0,11721.0,
290740,11290.0,284000000.0,11290.0,11330.0,10610.0,25663.0,
063570,3315.0,22000000.0,3315.0,3330.0,3280.0,6569.0,
331920,10110.0,638000000.0,10580.0,10650.0,9980.0,62209.0,
242040,3265.0,823000000.0,3305.0,3435.0,3250.0,249372.0,
217270,2470.0,151000000.0,2385.0,2500.0,2380.0,62033.0,
0011A0,12070.0,6937000000.0,11960.0,12740.0,11720.0,568602.0,
079650,5610.0,2730000000.0,5640.0,5730.0,5410.0,489101.0,
255440,8560.0,578000000.0,8770.0,8820.0,8400.0,67655.0,
122450,2490.0,22000000.0,2535.0,2535.0,2485.0,8568.0,
473980,10250.0,112000000.0,10390.0,10500.0,10250.0,10815.0,52283000.0
125210,6760.0,1212000000.0,6580.0,6760.0,6510.0,181737.0,
036010,8370.0,725000000.0,8360.0,8520.0,8250.0,86579.0,
018120,16780.0,7000000.0,16740.0,16780.0,16680.0,404.0,
317770,2995.0,369000000.0,2995.0,3055.0,2915.0,122891.0,
038540,2000.0,196000000.0,2010.0,2030.0,1969.0,97506.0,
051980,9940.0,1233000000.0,10080.0,10150.0,9870.0,123702.0,
090850,4905.0,151000000.0,4940.0,4950.0,4875.0,30778.0,
051360,11760.0,110000000.0,11830.0,11960.0,11740.0,9303.0,28864000.0
289930,8340.0,495000000.0,8510.0,8600.0,8260.0,58557.0,
153890,9100.0,1179000000.0,9430.0,9440.0,9050.0,128265.0,
217190,8290.0,1041000000.0,8300.0,8410.0,8140.0,125640.0,
334970,1398.0,62000000.0,1455.0,1470.0,1398.0,43569.0,
040300,2275.0,146000000.0,2290.0,2300.0,2270.0,63987.0,
036630,7740.0,23000000.0,7990.0,7990.0,7700.0,2979.0,
261780,3740.0,3348000000.0,3415.0,3795.0,3410.0,910956.0,
100590,6280.0,22419000000.0,6410.0,6550.0,6080.0,3569779.0,
053700,4015.0,381000000.0,4020.0,4070.0,4005.0,94324.0,
475230,9840.0,455000000.0,10080.0,10280.0,9730.0,46417.0,
130580,6950.0,140000000.0,6950.0,6950.0,6840.0,20333.0,
246710,2245.0,315000000.0,2310.0,2360.0,2210.0,139193.0,
086980,1711.0,87000000.0,1727.0,1757.0,1711.0,50261.0,
097800,3910.0,7490000000.0,4030.0,4045.0,3760.0,1938893.0,
067900,5860.0,91000000.0,5990.0,5990.0,5830.0,15410.0,
120240,14820.0,93000000.0,14740.0,14890.0,14720.0,6294.0,
039340,4835.0,8000000.0,4825.0,4850.0,4775.0,1683.0,
123040,1694.0,110000000.0,1658.0,1699.0,1644.0,65760.0,
306620,2210.0,653000000.0,2210.0,2275.0,2155.0,294714.0,
453450,13330.0,228000000.0,13250.0,13500.0,13000.0,17138.0,
053350,4800.0,478000000.0,4850.0,4990.0,4600.0,100552.0,
339950,2350.0,129000000.0,2395.0,2520.0,2350.0,54729.0,
106190,9890.0,190000000.0,10250.0,10250.0,9750.0,19227.0,
037030,4120.0,2911000000.0,4180.0,4190.0,4055.0,706667.0,
366030,4625.0,533000000.0,4460.0,4750.0,4400.0,115375.0,
173130,8030.0,1868000000.0,7820.0,8200.0,7790.0,233887.0,
493330,13010.0,454000000.0,12540.0,13240.0,12320.0,34938.0,
073560,1510.0,54000000.0,1505.0,1517.0,1504.0,35473.0,
419050,1815.0,1942000000.0,1840.0,1858.0,1776.0,1075351.0,
086960,2440.0,2202000000.0,2385.0,2475.0,2370.0,910093.0,
250060,3200.0,715000000.0,3175.0,3235.0,3140.0,224452.0,
091440,2770.0,350000000.0,2820.0,2820.0,2725.0,127020.0,
059210,3765.0,307000000.0,3675.0,3770.0,3650.0,82936.0,
323990,4390.0,334000000.0,4305.0,4400.0,4250.0,76635.0,
307930,6540.0,947000000.0,6440.0,6960.0,6370.0,142755.0,
100700,2330.0,99000000.0,2315.0,2330.0,2285.0,42881.0,
189330,10830.0,1007000000.0,11000.0,11200.0,10680.0,92165.0,
439580,2995.0,1213000000.0,2920.0,3010.0,2855.0,410002.0,
006620,3560.0,210000000.0,3560.0,3650.0,3515.0,58622.0,
475580,7430.0,358000000.0,7500.0,7570.0,7430.0,47790.0,
175250,1639.0,157000000.0,1657.0,1682.0,1630.0,94951.0,
235980,2945.0,321000000.0,2970.0,3120.0,2930.0,105826.0,
309960,4345.0,102000000.0,4315.0,4365.0,4280.0,23547.0,
049950,11440.0,272000000.0,11560.0,11800.0,11400.0,23593.0,
045970,3830.0,372000000.0,3845.0,3990.0,3815.0,95292.0,
099750,7350.0,232000000.0,7320.0,7410.0,7240.0,31623.0,
088130,5720.0,415000000.0,5800.0,5890.0,5650.0,72191.0,
380550,8170.0,897000000.0,7960.0,8430.0,7900.0,109940.0,
048550,1030.0,602000000.0,1043.0,1075.0,990.0,574967.0,
412350,6820.0,4359000000.0,7290.0,7310.0,6610.0,640074.0,
0017J0,3300.0,7568000000.0,3350.0,3600.0,3225.0,2218542.0,
246720,6070.0,0.0,0.0,0.0,0.0,0.0,
182360,6380.0,117000000.0,6500.0,6610.0,6240.0,18477.0,
063170,5570.0,80000000.0,5550.0,5600.0,5510.0,14427.0,
109740,3850.0,140000000.0,4085.0,4085.0,3700.0,35415.0,
322180,4600.0,535000000.0,4750.0,4780.0,4530.0,116431.0,
047560,8400.0,1118000000.0,8190.0,8750.0,7960.0,133610.0,
187790,3200.0,537000000.0,3240.0,3300.0,3105.0,168719.0,
091120,5720.0,110000000.0,5720.0,5830.0,5670.0,19204.0,
021080,2030.0,946000000.0,2115.0,2140.0,2015.0,459296.0,
357580,8260.0,2687000000.0,8390.0,8740.0,8120.0,322396.0,
066790,2205.0,0.0,0.0,0.0,0.0,0.0,
352090,3620.0,128000000.0,3680.0,3695.0,3620.0,35103.0,
042500,4355.0,803000000.0,4290.0,4430.0,4285.0,184168.0,
033560,5660.0,157000000.0,5300.0,5680.0,5250.0,28645.0,
298540,6680.0,165000000.0,6780.0,6830.0,6360.0,25368.0,
394420,8790.0,983000000.0,8810.0,9090.0,8650.0,112087.0,
246960,2840.0,455000000.0,2625.0,2840.0,2595.0,165986.0,
068240,2530.0,0.0,0.0,0.0,0.0,0.0,
002230,5240.0,234000000.0,5310.0,5340.0,5190.0,44528.0,
062970,3175.0,11675000000.0,3100.0,3255.0,2995.0,3717285.0,
357880,1764.0,1707000000.0,1750.0,1836.0,1722.0,959185.0,
307870,1286.0,915000000.0,1300.0,1302.0,1205.0,726151.0,
348350,9740.0,165000000.0,9920.0,9920.0,9150.0,17196.0,
282720,7830.0,93000000.0,7900.0,7900.0,7730.0,11965.0,
017650,10800.0,0.0,0.0,0.0,0.0,0.0,
052420,9700.0,117000000.0,9770.0,9850.0,9500.0,12088.0,
101330,4080.0,2348000000.0,3780.0,4310.0,3745.0,576341.0,
109670,16170.0,4055000000.0,17000.0,17790.0,15810.0,247372.0,
330350,7120.0,343000000.0,7260.0,7340.0,7100.0,47875.0,
052900,1224.0,976000000.0,1230.0,1295.0,1216.0,790430.0,
032300,8600.0,1785000000.0,8600.0,8690.0,8410.0,209669.0,
074430,1047.0,47000000.0,1044.0,1062.0,1034.0,44995.0,
100130,1635.0,1348000000.0,1576.0,1665.0,1576.0,831098.0,
044990,12030.0,167000000.0,11710.0,12080.0,11710.0,13970.0,
054540,7110.0,538000000.0,7200.0,7300.0,7040.0,75459.0,
036220,6450.0,119000000.0,6450.0,6500.0,6360.0,18475.0,
234030,3910.0,1837000000.0,3870.0,4015.0,3840.0,468135.0,
085670,3765.0,2421000000.0,3705.0,3995.0,3630.0,632936.0,
053580,7120.0,62000000.0,7140.0,7300.0,7110.0,8673.0,
205100,1365.0,1017000000.0,1451.0,1466.0,1363.0,729410.0,
109610,1875.0,118000000.0,1877.0,1913.0,1861.0,62610.0,
432470,10430.0,358000000.0,10380.0,10570.0,10300.0,34217.0,
040420,5830.0,61000000.0,5850.0,5850.0,5810.0,10489.0,
052460,6250.0,1004000000.0,6510.0,6700.0,6120.0,158616.0,
005860,2315.0,421000000.0,2365.0,2375.0,2305.0,180995.0,
457370,11270.0,7388000000.0,11150.0,11600.0,11100.0,652029.0,
223250,3690.0,538000000.0,3720.0,3760.0,3655.0,145613.0,
048910,7210.0,1414000000.0,7230.0,7780.0,7200.0,188338.0,
013310,2335.0,209000000.0,2330.0,2350.0,2315.0,89791.0,
093920,4850.0,20000000.0,4860.0,4870.0,4730.0,4098.0,
023900,7150.0,26000000.0,7210.0,7350.0,7150.0,3547.0,
303810,2805.0,2298000000.0,2780.0,2860.0,2760.0,819419.0,
009300,13980.0,25000000.0,14200.0,14200.0,13750.0,1815.0,
198440,1453.0,940000000.0,1546.0,1546.0,1431.0,634029.0,
066590,2285.0,293000000.0,2310.0,2345.0,2235.0,128434.0,
900260,1920.0,100000000.0,1900.0,1924.0,1885.0,52885.0,
065450,2985.0,2616000000.0,3105.0,3175.0,2970.0,861827.0,
357230,2130.0,37000000.0,2125.0,2160.0,2115.0,17171.0,
048530,2835.0,219000000.0,2845.0,2905.0,2775.0,77481.0,
006140,5870.0,15290000000.0,5800.0,6370.0,5440.0,2606657.0,
251120,10000.0,280000000.0,9760.0,10460.0,9760.0,27740.0,
362320,4195.0,80000000.0,4185.0,4350.0,4165.0,19033.0,
226400,4200.0,425000000.0,4165.0,4315.0,4160.0,100663.0,
215100,4260.0,287000000.0,4245.0,4300.0,4195.0,67211.0,
360070,10550.0,185000000.0,10200.0,10700.0,9890.0,17725.0,
096240,8440.0,87000000.0,8500.0,8500.0,8390.0,10404.0,
066980,1605.0,718000000.0,1550.0,1611.0,1546.0,455102.0,
263600,5410.0,19898000000.0,5300.0,6400.0,4935.0,3555191.0,
078890,4675.0,395000000.0,4695.0,4725.0,4610.0,84784.0,
192410,3420.0,205000000.0,3490.0,3590.0,3350.0,59407.0,
004650,9350.0,194000000.0,9340.0,9380.0,9250.0,20798.0,
478560,3320.0,321000000.0,3395.0,3500.0,3155.0,94084.0,
140070,2315.0,96000000.0,2375.0,2375.0,2295.0,41310.0,
162300,2060.0,783000000.0,2065.0,2130.0,2040.0,377107.0,
086710,7000.0,43000000.0,6960.0,7010.0,6890.0,6193.0,
033290,1519.0,12000000.0,1530.0,1532.0,1516.0,7710.0,
038110,2070.0,311000000.0,2070.0,2085.0,2025.0,151597.0,
123010,4215.0,1602000000.0,4140.0,4500.0,4040.0,377848.0,
078140,7680.0,107000000.0,7650.0,7710.0,7570.0,13930.0,
330730,4670.0,171000000.0,4625.0,4735.0,4625.0,36619.0,
234300,3115.0,175000000.0,3290.0,3290.0,3080.0,55933.0,
072020,9150.0,122000000.0,9180.0,9200.0,9050.0,13400.0,
049080,9970.0,2686000000.0,9600.0,10070.0,9560.0,272258.0,
263720,6910.0,48000000.0,7010.0,7060.0,6870.0,6856.0,
037760,2500.0,161000000.0,2475.0,2525.0,2440.0,64903.0,
014950,8400.0,2432000000.0,8550.0,8640.0,8290.0,289051.0,
094860,1592.0,201000000.0,1600.0,1620.0,1553.0,126678.0,
0015S0,8560.0,1573000000.0,8600.0,9070.0,8490.0,180475.0,
067000,1205.0,514000000.0,1215.0,1216.0,1191.0,427887.0,
066700,2265.0,56000000.0,2275.0,2290.0,2235.0,24816.0,
025950,10000.0,102000000.0,10070.0,10190.0,9920.0,10242.0,
066310,9060.0,1966000000.0,8880.0,9570.0,8810.0,216817.0,
049180,1009.0,0.0,0.0,0.0,0.0,0.0,
389030,2130.0,616000000.0,2070.0,2225.0,2025.0,289387.0,
183490,990.0,0.0,0.0,0.0,0.0,0.0,
107600,14780.0,893000000.0,14150.0,15200.0,14070.0,60390.0,
382840,5460.0,607000000.0,5400.0,5625.0,5360.0,110448.0,
058820,562.0,0.0,0.0,0.0,0.0,0.0,
294630,3140.0,368000000.0,3130.0,3200.0,3100.0,117139.0,
007820,3565.0,302000000.0,3620.0,3620.0,3525.0,84546.0,
365330,1656.0,549000000.0,1634.0,1692.0,1634.0,331210.0,
381620,6300.0,240000000.0,6250.0,6340.0,6210.0,38210.0,
029480,1381.0,102000000.0,1416.0,1416.0,1353.0,73722.0,
063080,12500.0,150000000.0,12470.0,12780.0,12360.0,11896.0,
147760,4100.0,1082000000.0,3950.0,4280.0,3950.0,261493.0,
036640,5000.0,368000000.0,4930.0,5000.0,4900.0,74077.0,
104040,3040.0,128000000.0,3015.0,3125.0,2985.0,42258.0,
185490,1878.0,132000000.0,1917.0,1927.0,1877.0,69857.0,
412540,3935.0,0.0,0.0,0.0,0.0,0.0,
277880,4080.0,1152000000.0,3845.0,4095.0,3830.0,289324.0,
079810,3745.0,221000000.0,3705.0,3800.0,3705.0,58687.0,
323350,10060.0,1273000000.0,10380.0,10380.0,9500.0,129785.0,
389140,5640.0,156000000.0,5660.0,5760.0,5560.0,27676.0,
066430,2055.0,490000000.0,2065.0,2100.0,2050.0,237432.0,
131370,1508.0,96000000.0,1509.0,1520.0,1487.0,63816.0,
418470,9350.0,70000000.0,9320.0,9390.0,9280.0,7536.0,
302430,8150.0,924000000.0,7890.0,8210.0,7840.0,115218.0,
396270,2425.0,550000000.0,2500.0,2515.0,2400.0,225288.0,
475430,4465.0,561000000.0,4525.0,4535.0,4390.0,126200.0,
0007J0,10130.0,2699000000.0,9720.0,10840.0,9650.0,265916.0,
054670,5540.0,104000000.0,5560.0,5630.0,5430.0,18686.0,
142280,3310.0,785000000.0,3345.0,3380.0,3275.0,237338.0,
032540,3770.0,28000000.0,3770.0,3790.0,3680.0,7343.0,
291650,2580.0,184000000.0,2635.0,2660.0,2480.0,71436.0,
137950,3535.0,169000000.0,3580.0,3615.0,3510.0,47523.0,
067170,2865.0,1997000000.0,2900.0,3045.0,2835.0,681641.0,
038680,3950.0,392000000.0,3950.0,4060.0,3875.0,99533.0,
0117P0,5550.0,283000000.0,5590.0,5640.0,5410.0,51296.0,
004590,5240.0,101000000.0,5260.0,5270.0,5210.0,19258.0,
088390,8370.0,43000000.0,8250.0,8370.0,8250.0,5133.0,
388870,6050.0,537000000.0,6020.0,6430.0,5990.0,86596.0,
058400,5900.0,129000000.0,5990.0,5990.0,5780.0,21929.0,
024880,3910.0,336000000.0,3955.0,3990.0,3875.0,85390.0,
047820,3185.0,26000000.0,3190.0,3225.0,3110.0,8223.0,
012790,6480.0,127000000.0,6480.0,6480.0,6350.0,19726.0,
302550,2565.0,102000000.0,2615.0,2665.0,2565.0,39163.0,
331380,2100.0,44000000.0,2130.0,2140.0,2050.0,20826.0,
084730,6970.0,43000000.0,6980.0,7000.0,6800.0,6299.0,
104540,5770.0,2728000000.0,5470.0,5930.0,5440.0,477828.0,
263800,4760.0,608000000.0,4740.0,4830.0,4715.0,127300.0,
040160,6480.0,37000000.0,6380.0,6500.0,6220.0,5773.0,
225530,2115.0,28000000.0,2110.0,2135.0,2080.0,13321.0,
950130,2185.0,57000000.0,2170.0,2230.0,2165.0,26253.0,
000440,12320.0,134000000.0,12560.0,12570.0,12250.0,10868.0,
253840,4575.0,490000000.0,4565.0,4640.0,4515.0,107381.0,
149980,4450.0,67000000.0,4535.0,4600.0,4400.0,14991.0,
170030,4985.0,97000000.0,4980.0,5030.0,4930.0,19403.0,
168330,2405.0,52000000.0,2450.0,2450.0,2360.0,21861.0,
124560,1970.0,43000000.0,1970.0,1975.0,1950.0,22073.0,
073640,654.0,0.0,0.0,0.0,0.0,0.0,
065510,6990.0,80000000.0,7080.0,7090.0,6940.0,11415.0,
040910,4180.0,43000000.0,4200.0,4245.0,4150.0,10261.0,
011320,3930.0,105000000.0,3950.0,3985.0,3870.0,26519.0,
041910,5700.0,193000000.0,5550.0,5700.0,5510.0,34344.0,
041930,4980.0,105000000.0,5020.0,5030.0,4950.0,21036.0,
347890,4445.0,45000000.0,4365.0,4455.0,4345.0,10093.0,
413390,6690.0,131000000.0,6680.0,6830.0,6490.0,19609.0,
451250,7380.0,30000000.0,7380.0,7380.0,7270.0,4111.0,
012700,2895.0,16000000.0,2915.0,2945.0,2875.0,5437.0,
303360,5830.0,305000000.0,6080.0,6130.0,5830.0,51017.0,
011370,3720.0,46000000.0,3780.0,3795.0,3715.0,12206.0,
039980,5210.0,283000000.0,5150.0,5280.0,5130.0,54567.0,
102370,2880.0,41000000.0,2890.0,2910.0,2850.0,14140.0,
010280,5720.0,840000000.0,5720.0,6160.0,5720.0,141621.0,
451220,9440.0,231000000.0,9340.0,9500.0,9240.0,24618.0,
058630,3955.0,259000000.0,4010.0,4070.0,3935.0,64803.0,
208140,2270.0,44000000.0,2250.0,2275.0,2250.0,19664.0,
030960,4640.0,54000000.0,4760.0,4760.0,4620.0,11656.0,
060570,5000.0,12000000.0,4950.0,5000.0,4895.0,2378.0,
377480,10420.0,367000000.0,10190.0,10440.0,10180.0,35495.0,
171120,2050.0,33000000.0,2055.0,2055.0,2025.0,16452.0,
060590,3040.0,98000000.0,3135.0,3135.0,3015.0,32095.0,
019550,910.0,254000000.0,926.0,928.0,904.0,277949.0,
417790,6990.0,110000000.0,6950.0,7030.0,6770.0,15885.0,
080010,7420.0,44000000.0,7340.0,7500.0,7200.0,6117.0,
054620,3965.0,125000000.0,3875.0,4090.0,3845.0,31202.0,
038460,2880.0,301000000.0,2890.0,2960.0,2850.0,104006.0,
212710,7480.0,422000000.0,7520.0,7720.0,7330.0,56674.0,
020710,3620.0,196000000.0,3620.0,3650.0,3590.0,54236.0,
067920,6580.0,10904000000.0,6500.0,7070.0,6110.0,1635273.0,
017480,4685.0,68000000.0,4680.0,4705.0,4645.0,14638.0,
347000,1913.0,383000000.0,1890.0,1934.0,1840.0,202803.0,
065530,1511.0,1629000000.0,1520.0,1520.0,1474.0,1088086.0,
460940,5360.0,164000000.0,5260.0,5390.0,5260.0,30714.0,
217330,3115.0,359000000.0,3210.0,3300.0,3115.0,112939.0,
076610,1181.0,786000000.0,1146.0,1195.0,1146.0,668790.0,
128660,2900.0,180000000.0,2860.0,2930.0,2850.0,62351.0,
155650,3790.0,303000000.0,3790.0,3860.0,3730.0,80011.0,
234920,5310.0,0.0,0.0,0.0,0.0,0.0,
320000,10390.0,1109000000.0,10400.0,10670.0,10200.0,106490.0,
417970,11210.0,149000000.0,11240.0,11410.0,11030.0,13216.0,
347860,1700.0,352000000.0,1649.0,1720.0,1624.0,208285.0,
024740,2175.0,496000000.0,2240.0,2245.0,2160.0,227401.0,
090470,4085.0,43000000.0,4130.0,4195.0,4015.0,10594.0,
083790,926.0,114000000.0,933.0,954.0,913.0,122304.0,
045660,8620.0,77000000.0,8650.0,8660.0,8480.0,8971.0,
208370,2765.0,1005000000.0,2650.0,2770.0,2650.0,366633.0,
487580,2825.0,823000000.0,2815.0,2840.0,2700.0,298130.0,
331740,7280.0,445000000.0,6940.0,7370.0,6920.0,61971.0,
054040,4410.0,75000000.0,4465.0,4470.0,4405.0,16761.0,
225190,5010.0,5213000000.0,5200.0,5480.0,4845.0,1024440.0,
104460,6700.0,95000000.0,6670.0,6740.0,6660.0,14149.0,
299660,2385.0,748000000.0,2445.0,2485.0,2350.0,311622.0,
371950,2985.0,275000000.0,3005.0,3150.0,2965.0,90399.0,
096350,1908.0,185000000.0,1911.0,1930.0,1895.0,97240.0,
092040,995.0,158000000.0,1000.0,1012.0,990.0,157929.0,
039610,6750.0,3871000000.0,6660.0,7090.0,6630.0,569248.0,
039010,8120.0,75000000.0,8340.0,8340.0,8090.0,9163.0,
294140,2810.0,55000000.0,2915.0,2915.0,2760.0,19562.0,
053280,2800.0,150000000.0,2875.0,2900.0,2795.0,53335.0,
067570,1652.0,10000000.0,1682.0,1682.0,1640.0,5989.0,
262260,4605.0,106000000.0,4475.0,4630.0,4465.0,23176.0,
089790,6730.0,814000000.0,6970.0,6970.0,6550.0,121589.0,
187420,2125.0,3846000000.0,1924.0,2390.0,1917.0,1740607.0,
0004V0,6300.0,689000000.0,6250.0,6340.0,6150.0,110397.0,
019540,5130.0,65000000.0,5090.0,5130.0,5060.0,12782.0,
110790,2950.0,18000000.0,2955.0,3010.0,2950.0,6038.0,
026150,3925.0,58000000.0,3920.0,3980.0,3905.0,14864.0,
332370,5180.0,46000000.0,5210.0,5210.0,4970.0,9089.0,
337930,2365.0,189000000.0,2380.0,2390.0,2325.0,80492.0,
117670,10310.0,199000000.0,10490.0,10550.0,10160.0,19306.0,
360350,12610.0,1691000000.0,11440.0,12910.0,10920.0,137209.0,
456070,6210.0,517000000.0,6070.0,6240.0,5930.0,84685.0,
179530,2200.0,665000000.0,2060.0,2250.0,2000.0,314769.0,
900110,6180.0,223000000.0,5800.0,6220.0,5640.0,37361.0,
109860,7510.0,34000000.0,7560.0,7560.0,7360.0,4605.0,
024830,8180.0,55000000.0,8210.0,8490.0,8040.0,6809.0,
040350,3430.0,207000000.0,3390.0,3460.0,3285.0,61993.0,
089230,1726.0,797000000.0,1856.0,1880.0,1682.0,460198.0,
096250,5750.0,180000000.0,5680.0,5850.0,5590.0,31422.0,
056360,6930.0,2303000000.0,6870.0,7050.0,6630.0,336431.0,
032850,4075.0,288000000.0,4175.0,4200.0,4065.0,69824.0,
049550,3455.0,38000000.0,3415.0,3500.0,3370.0,10905.0,
002800,4460.0,32000000.0,4430.0,4475.0,4420.0,7284.0,
192250,9570.0,13604000000.0,9090.0,10360.0,8620.0,1410719.0,
048430,5870.0,102000000.0,5930.0,5930.0,5820.0,17425.0,
091590,5750.0,927000000.0,6030.0,6030.0,5730.0,159145.0,
137080,6300.0,70000000.0,6160.0,6350.0,6120.0,11304.0,
123420,6450.0,99000000.0,6540.0,6560.0,6370.0,15335.0,
265560,6270.0,165000000.0,6320.0,6350.0,6170.0,26419.0,
228670,4275.0,186000000.0,4400.0,4400.0,4187.0,43711.0,
950220,1952.0,393000000.0,1991.0,2030.0,1952.0,196774.0,
282620,11390.0,962000000.0,11880.0,11940.0,11260.0,83787.0,
214260,7480.0,59000000.0,7740.0,7740.0,7410.0,7933.0,
0218L0,12600.0,152000000.0,12850.0,13250.0,12400.0,11959.0,
004780,4170.0,32000000.0,4225.0,4245.0,4160.0,7664.0,
067370,5420.0,12000000.0,5510.0,5590.0,5310.0,2231.0,
061040,7300.0,32000000.0,7440.0,7440.0,7120.0,4479.0,
111710,3200.0,148000000.0,3170.0,3230.0,3130.0,46349.0,
273640,5990.0,179000000.0,5880.0,6000.0,5780.0,30404.0,
291230,2735.0,176000000.0,2610.0,2740.0,2610.0,64986.0,
0155E0,11920.0,1677000000.0,12110.0,12200.0,11790.0,140176.0,
321820,4195.0,1913000000.0,3560.0,4440.0,3560.0,468205.0,
048770,4165.0,1553000000.0,4145.0,4230.0,4070.0,371653.0,
153710,4455.0,48000000.0,4500.0,4500.0,4400.0,10864.0,
014970,4405.0,52000000.0,4460.0,4460.0,4370.0,11857.0,
278650,3735.0,2095000000.0,2905.0,3735.0,2905.0,575459.0,
095270,4520.0,126000000.0,4735.0,4780.0,4515.0,27696.0,
315640,2210.0,286000000.0,2225.0,2250.0,2180.0,129356.0,
214680,3885.0,97000000.0,3885.0,4030.0,3870.0,24586.0,
0156T0,8300.0,458000000.0,8100.0,8350.0,8100.0,55407.0,
424960,3915.0,60000000.0,3860.0,4000.0,3860.0,15321.0,
241790,6440.0,173000000.0,6540.0,6600.0,6410.0,26789.0,
049480,2050.0,1390000000.0,2045.0,2090.0,2020.0,677590.0,
204840,4150.0,117000000.0,4240.0,4400.0,4095.0,28412.0,
205470,2605.0,71000000.0,2690.0,2690.0,2580.0,27108.0,
487400,6250.0,1109000000.0,6700.0,6840.0,6050.0,171360.0,
222110,4745.0,6000000.0,4850.0,4850.0,4710.0,1188.0,
228340,3200.0,948000000.0,3335.0,3355.0,3180.0,293846.0,
382480,1625.0,82000000.0,1638.0,1647.0,1619.0,50118.0,
241690,2605.0,58000000.0,2610.0,2655.0,2580.0,22200.0,
060310,1201.0,194000000.0,1175.0,1206.0,1169.0,162839.0,
089850,4325.0,25000000.0,4360.0,4360.0,4310.0,5682.0,
081150,2620.0,183000000.0,2600.0,2625.0,2580.0,70376.0,
046210,1393.0,4666000000.0,1319.0,1537.0,1250.0,3211210.0,
033130,1704.0,211000000.0,1737.0,1737.0,1687.0,123791.0,
214270,1396.0,71000000.0,1375.0,1426.0,1360.0,51440.0,
041460,3425.0,369000000.0,3465.0,3550.0,3325.0,107227.0,
008370,5250.0,165000000.0,5250.0,5320.0,5220.0,31250.0,
299170,1515.0,2615000000.0,1502.0,1540.0,1474.0,1739134.0,
100030,19140.0,191000000.0,18840.0,19640.0,18680.0,10112.0,
126880,2705.0,145000000.0,2775.0,2810.0,2705.0,52346.0,
081180,7100.0,1699000000.0,7000.0,7390.0,6660.0,242131.0,
001840,2215.0,0.0,0.0,0.0,0.0,0.0,
043650,3495.0,24000000.0,3510.0,3545.0,3485.0,6927.0,
318160,6680.0,111000000.0,6630.0,6810.0,6630.0,16548.0,
082210,1784.0,88000000.0,1810.0,1810.0,1705.0,49176.0,
294090,1490.0,0.0,0.0,0.0,0.0,0.0,
221800,3815.0,42000000.0,3870.0,3870.0,3775.0,11111.0,
127710,1413.0,83000000.0,1385.0,1429.0,1346.0,58554.0,
049470,2640.0,174000000.0,2745.0,2750.0,2615.0,65623.0,
122350,1620.0,949000000.0,1685.0,1692.0,1606.0,580289.0,
900300,3015.0,383000000.0,2990.0,3085.0,2825.0,128822.0,
065170,2220.0,957000000.0,2225.0,2400.0,2160.0,424275.0,
066670,3310.0,146000000.0,3350.0,3350.0,3280.0,44230.0,
036000,2675.0,16000000.0,2700.0,2735.0,2675.0,5858.0,
005670,6160.0,20000000.0,6220.0,6220.0,6130.0,3235.0,
463020,6840.0,305000000.0,7020.0,7130.0,6790.0,44206.0,
460870,3060.0,110000000.0,3030.0,3105.0,2985.0,36408.0,
064240,1769.0,72000000.0,1830.0,1849.0,1704.0,40619.0,
033320,3210.0,217000000.0,3155.0,3240.0,3155.0,67778.0,
010240,5240.0,26000000.0,5230.0,5250.0,5190.0,5039.0,
043610,1055.0,0.0,0.0,0.0,0.0,0.0,
251630,3845.0,59000000.0,3755.0,3945.0,3720.0,15499.0,
059270,5480.0,122000000.0,5550.0,5550.0,5420.0,22298.0,
039420,2665.0,21000000.0,2655.0,2685.0,2620.0,8060.0,
014470,1071.0,56000000.0,1075.0,1088.0,1052.0,52951.0,
203400,676.0,0.0,0.0,0.0,0.0,0.0,
216050,4990.0,18000000.0,4985.0,5000.0,4955.0,3713.0,
036090,1426.0,328000000.0,1444.0,1445.0,1407.0,231221.0,
352910,4800.0,40000000.0,4890.0,4890.0,4670.0,8384.0,
025550,2375.0,175000000.0,2335.0,2395.0,2335.0,73871.0,
010470,5060.0,25000000.0,5090.0,5090.0,5000.0,5050.0,
448710,11460.0,537000000.0,11610.0,12300.0,11310.0,46233.0,
483350,2710.0,492000000.0,2735.0,2765.0,2705.0,180279.0,
016250,11890.0,40000000.0,12280.0,12280.0,11780.0,3340.0,
424980,10110.0,515000000.0,10590.0,10610.0,9810.0,50763.0,
050960,8830.0,123000000.0,8620.0,8950.0,8590.0,13964.0,
464490,5170.0,359000000.0,5230.0,5300.0,5050.0,69854.0,
003310,1680.0,384000000.0,1700.0,1715.0,1680.0,227141.0,
215360,6480.0,95000000.0,6710.0,6710.0,6220.0,14608.0,
054300,1012.0,253000000.0,1033.0,1035.0,1000.0,250415.0,
039020,2605.0,179000000.0,2650.0,2655.0,2600.0,68433.0,
263690,5180.0,23000000.0,5200.0,5200.0,5140.0,4406.0,
094850,4160.0,45000000.0,4220.0,4250.0,4160.0,10619.0,
099520,1284.0,0.0,0.0,0.0,0.0,0.0,
045340,6790.0,100000000.0,6820.0,6840.0,6710.0,14728.0,
191420,7150.0,52000000.0,7110.0,7440.0,7090.0,7142.0,
348150,2985.0,43000000.0,3000.0,3030.0,2960.0,14258.0,
175140,2320.0,90000000.0,2355.0,2430.0,2320.0,38201.0,
950200,3000.0,190000000.0,3050.0,3100.0,2965.0,62716.0,
033170,3360.0,1680000000.0,3085.0,3570.0,3000.0,503729.0,
033310,1441.0,111000000.0,1451.0,1467.0,1395.0,78094.0,
033230,1132.0,442000000.0,1126.0,1191.0,1126.0,380442.0,
333620,5190.0,209000000.0,5050.0,5240.0,5040.0,40702.0,
261520,5550.0,223000000.0,5540.0,5630.0,5330.0,40672.0,
288180,7710.0,290000000.0,7810.0,8120.0,7660.0,37040.0,
037440,4090.0,396000000.0,4125.0,4125.0,4060.0,96968.0,
457600,4150.0,707000000.0,3885.0,4500.0,3885.0,164501.0,
145170,3360.0,1844000000.0,3300.0,3545.0,3265.0,536423.0,
092300,2815.0,549000000.0,2655.0,2820.0,2650.0,200281.0,
053050,1891.0,108000000.0,1890.0,1904.0,1876.0,56902.0,
170790,8820.0,1414000000.0,8980.0,9340.0,8710.0,157270.0,
007370,3980.0,27000000.0,4000.0,4005.0,3930.0,6823.0,
053620,6540.0,63000000.0,6570.0,6640.0,6470.0,9607.0,
088280,3245.0,277000000.0,3300.0,3365.0,3100.0,84869.0,
179900,2590.0,1526000000.0,2315.0,2700.0,2285.0,612882.0,
317530,3180.0,18000000.0,3285.0,3285.0,3140.0,5485.0,
109080,9860.0,252000000.0,9900.0,10020.0,9790.0,25489.0,
340930,806.0,0.0,0.0,0.0,0.0,0.0,
391710,1302.0,174000000.0,1276.0,1304.0,1265.0,135360.0,
393210,3540.0,1634000000.0,3430.0,3580.0,3325.0,472308.0,
040610,3225.0,15000000.0,3200.0,3235.0,3180.0,4691.0,
443250,5080.0,41000000.0,5120.0,5180.0,5070.0,7934.0,
419080,5050.0,90000000.0,5110.0,5150.0,4970.0,17954.0,
217480,499.0,0.0,0.0,0.0,0.0,0.0,
459100,4065.0,34000000.0,3990.0,4070.0,3990.0,8364.0,
290660,1275.0,638000000.0,1286.0,1319.0,1258.0,496374.0,
071670,5460.0,188000000.0,5310.0,5590.0,5310.0,34314.0,
232830,3300.0,1802000000.0,3395.0,3405.0,3080.0,560587.0,
238090,1784.0,45000000.0,1803.0,1803.0,1732.0,25239.0,
036120,1547.0,41000000.0,1548.0,1557.0,1540.0,26204.0,
317830,5040.0,312000000.0,4995.0,5110.0,4900.0,62118.0,
061250,6450.0,29000000.0,6400.0,6450.0,6320.0,4474.0,
036670,5030.0,59000000.0,5060.0,5140.0,5000.0,11616.0,
064800,2115.0,33000000.0,2120.0,2155.0,2065.0,15776.0,
226340,6420.0,3736000000.0,5910.0,6420.0,5800.0,605093.0,
024910,1502.0,42000000.0,1506.0,1515.0,1502.0,27856.0,
435570,7060.0,21000000.0,7010.0,7060.0,6800.0,3080.0,
0013V0,5400.0,333000000.0,5510.0,5550.0,5290.0,61705.0,
053270,1951.0,7000000.0,1984.0,1984.0,1943.0,3516.0,
420570,9140.0,207000000.0,9070.0,9400.0,8920.0,22471.0,
370090,6230.0,66000000.0,6200.0,6280.0,6130.0,10565.0,
163280,3895.0,118000000.0,3950.0,3950.0,3845.0,30387.0,
150900,4520.0,7473000000.0,4495.0,4900.0,4250.0,1638849.0,
054930,17620.0,95000000.0,17700.0,17770.0,17480.0,5390.0,
104620,3135.0,88000000.0,3140.0,3160.0,3080.0,28159.0,
053160,8780.0,81000000.0,8610.0,9090.0,8300.0,9442.0,
355690,5500.0,317000000.0,5400.0,5560.0,5380.0,57815.0,
105760,5160.0,68000000.0,5190.0,5240.0,5150.0,13093.0,
052790,4795.0,218000000.0,4730.0,4845.0,4700.0,45941.0,
039240,1941.0,75000000.0,1935.0,1979.0,1935.0,38323.0,
019990,5360.0,164000000.0,5220.0,5370.0,5180.0,31172.0,
043710,3020.0,8000000.0,3105.0,3105.0,2990.0,2819.0,
217500,1641.0,228000000.0,1620.0,1647.0,1596.0,140180.0,
094940,6230.0,163000000.0,6240.0,6320.0,6220.0,26089.0,
317850,6220.0,170000000.0,6240.0,6280.0,6170.0,27437.0,
365660,3840.0,2800000000.0,4130.0,4130.0,3830.0,718559.0,
024950,4160.0,287000000.0,4225.0,4450.0,4105.0,67454.0,
459550,2045.0,778000000.0,2070.0,2080.0,2015.0,380702.0,
340810,3690.0,586000000.0,3590.0,3745.0,3530.0,160592.0,
027050,1286.0,56000000.0,1296.0,1300.0,1272.0,44009.0,
015710,2920.0,27000000.0,2970.0,2970.0,2910.0,9249.0,
900340,1426.0,651000000.0,1271.0,1501.0,1242.0,466359.0,
065130,3170.0,229000000.0,3015.0,3170.0,3015.0,73456.0,
246690,2130.0,138000000.0,2190.0,2215.0,2110.0,64156.0,
088910,1969.0,34000000.0,1971.0,1971.0,1960.0,17529.0,
256630,4355.0,9000000.0,4370.0,4400.0,4305.0,2094.0,
393970,2825.0,0.0,0.0,0.0,0.0,0.0,
321260,1785.0,218000000.0,1850.0,1865.0,1775.0,120673.0,
042110,1039.0,61000000.0,1038.0,1045.0,1022.0,59488.0,
314140,5760.0,26000000.0,5850.0,5950.0,5750.0,4462.0,
347740,1662.0,16000000.0,1670.0,1678.0,1646.0,9880.0,
189860,5140.0,578000000.0,5100.0,5160.0,5000.0,113760.0,
219550,1200.0,35000000.0,1191.0,1221.0,1175.0,29251.0,
063440,1094.0,66000000.0,1095.0,1099.0,1080.0,60704.0,
053450,3350.0,77000000.0,3325.0,3380.0,3315.0,23130.0,
038010,5490.0,31000000.0,5490.0,5500.0,5400.0,5774.0,
046940,2730.0,197000000.0,2795.0,2805.0,2695.0,72467.0,
376290,2780.0,16000000.0,2895.0,2895.0,2720.0,5858.0,
348080,3825.0,182000000.0,3885.0,3930.0,3685.0,47990.0,
382150,3750.0,114000000.0,3740.0,3835.0,3695.0,30564.0,
044340,2735.0,214000000.0,2930.0,2940.0,2730.0,76562.0,
060560,1925.0,4000000.0,1933.0,1978.0,1900.0,2154.0,
311690,3735.0,16000000.0,3775.0,3795.0,3705.0,4347.0,
408470,4615.0,188000000.0,4820.0,4825.0,4605.0,40196.0,
452400,5350.0,26000000.0,5340.0,5400.0,5250.0,4848.0,
463480,3915.0,19000000.0,3930.0,3965.0,3895.0,4890.0,
122310,3300.0,19000000.0,3330.0,3330.0,3260.0,5662.0,
373200,1914.0,251000000.0,1946.0,2120.0,1850.0,128935.0,
460470,3160.0,124000000.0,3040.0,3165.0,2970.0,40145.0,
418250,6550.0,0.0,0.0,0.0,0.0,0.0,
196300,5010.0,1382000000.0,4765.0,5800.0,4655.0,262468.0,
384470,2650.0,61000000.0,2625.0,2650.0,2570.0,23542.0,
199550,3195.0,40000000.0,3275.0,3275.0,3175.0,12563.0,
094970,2830.0,145000000.0,2870.0,2895.0,2800.0,51056.0,
059100,6700.0,270000000.0,6730.0,6730.0,6450.0,41167.0,
476040,7190.0,132000000.0,7100.0,7380.0,7080.0,18295.0,
222420,976.0,114000000.0,983.0,992.0,969.0,116503.0,
277070,3450.0,13000000.0,3520.0,3585.0,3430.0,3579.0,
032960,2680.0,106000000.0,2635.0,2700.0,2530.0,40022.0,
440290,1709.0,37000000.0,1725.0,1732.0,1709.0,21543.0,
023440,521.0,0.0,0.0,0.0,0.0,0.0,
037950,2775.0,18000000.0,2755.0,2830.0,2730.0,6589.0,
453860,7250.0,396000000.0,7300.0,7390.0,6970.0,55601.0,
471820,4125.0,20000000.0,4125.0,4215.0,4020.0,4772.0,
317690,2315.0,67000000.0,2340.0,2430.0,2310.0,28264.0,
189980,1160.0,37000000.0,1168.0,1171.0,1148.0,32171.0,
051390,4090.0,16000000.0,3980.0,4090.0,3910.0,4150.0,
317870,5250.0,70000000.0,5250.0,5400.0,5190.0,13293.0,
0010V0,9050.0,48000000.0,8940.0,9050.0,8800.0,5435.0,
340360,860.0,78000000.0,883.0,893.0,825.0,91507.0,
073110,5180.0,12000000.0,5150.0,5320.0,5150.0,2238.0,
143540,1033.0,56000000.0,1047.0,1051.0,1023.0,54472.0,
361570,1600.0,13000000.0,1610.0,1610.0,1592.0,8143.0,
479960,6450.0,939000000.0,6310.0,7400.0,6310.0,138766.0,
053980,2420.0,74000000.0,2445.0,2465.0,2415.0,30598.0,
114450,2295.0,105000000.0,2290.0,2330.0,2265.0,45815.0,
229000,1957.0,0.0,0.0,0.0,0.0,0.0,
131400,766.0,0.0,0.0,0.0,0.0,0.0,
014190,1288.0,108000000.0,1321.0,1333.0,1285.0,83204.0,
072990,3135.0,28000000.0,3185.0,3185.0,3120.0,8812.0,
068330,1027.0,32000000.0,1029.0,1045.0,1010.0,31103.0,
260930,2345.0,81000000.0,2325.0,2360.0,2250.0,35240.0,
083550,3345.0,23000000.0,3335.0,3345.0,3240.0,6966.0,
050120,3335.0,5000000.0,3455.0,3455.0,3255.0,1552.0,
198080,2100.0,31000000.0,2105.0,2115.0,2090.0,14576.0,
065440,1649.0,1776000000.0,1663.0,1663.0,1603.0,1089235.0,
072470,2375.0,26000000.0,2375.0,2390.0,2305.0,11137.0,
178780,2405.0,22000000.0,2475.0,2475.0,2375.0,9184.0,
082850,4620.0,118000000.0,4550.0,4670.0,4550.0,25481.0,
184230,2370.0,1974000000.0,2340.0,2550.0,2190.0,844048.0,
227950,1293.0,233000000.0,1365.0,1376.0,1288.0,177422.0,
033340,460.0,0.0,0.0,0.0,0.0,0.0,
066130,3480.0,37000000.0,3505.0,3505.0,3455.0,10653.0,
290670,5640.0,57000000.0,5800.0,5800.0,5410.0,10148.0,
900250,1237.0,84000000.0,1244.0,1247.0,1223.0,67960.0,
288330,416.0,0.0,0.0,0.0,0.0,0.0,
466410,8740.0,43000000.0,8860.0,9000.0,8720.0,4875.0,
373160,3240.0,10000000.0,3225.0,3445.0,3225.0,3008.0,
258610,1205.0,40000000.0,1220.0,1221.0,1185.0,33601.0,
263020,3165.0,79000000.0,3180.0,3205.0,3125.0,24919.0,
042040,5030.0,5000000.0,5100.0,5100.0,4910.0,987.0,
461030,3040.0,48000000.0,2900.0,3040.0,2900.0,16110.0,
129890,953.0,63000000.0,960.0,969.0,947.0,65623.0,
099410,3075.0,46000000.0,3105.0,3105.0,3045.0,14892.0,
263700,2210.0,30000000.0,2240.0,2240.0,2165.0,13643.0,
200350,4290.0,2462000000.0,3300.0,4290.0,3235.0,626518.0,
199480,4190.0,135000000.0,4130.0,4215.0,3930.0,32444.0,
086060,4960.0,46000000.0,4995.0,5020.0,4890.0,9284.0,
022220,824.0,7000000.0,836.0,836.0,817.0,8649.0,
413640,5910.0,75000000.0,5990.0,6030.0,5830.0,12696.0,
159580,2120.0,86000000.0,2115.0,2145.0,2085.0,40827.0,
054780,2160.0,792000000.0,2245.0,2305.0,2080.0,360821.0,
140520,2010.0,66000000.0,1998.0,2020.0,1993.0,32967.0,
469750,6110.0,1703000000.0,5800.0,6140.0,4935.0,310111.0,
256150,5000.0,14000000.0,5040.0,5040.0,4940.0,2742.0,
189690,1529.0,57000000.0,1526.0,1531.0,1513.0,37634.0,
307280,5870.0,138000000.0,6000.0,6000.0,5860.0,23400.0,
190650,6510.0,74000000.0,6510.0,6530.0,6490.0,11405.0,
100660,3295.0,206000000.0,3300.0,3400.0,3255.0,62392.0,
450330,5050.0,188000000.0,5030.0,5500.0,4970.0,35823.0,
002290,3330.0,41000000.0,3360.0,3360.0,3300.0,12432.0,
261200,2610.0,36000000.0,2650.0,2690.0,2585.0,13538.0,
263810,2590.0,34000000.0,2580.0,2595.0,2545.0,13253.0,
056700,1413.0,31000000.0,1415.0,1416.0,1403.0,21873.0,
452200,1690.0,76000000.0,1689.0,1699.0,1671.0,45153.0,
136410,3720.0,20000000.0,3775.0,3775.0,3665.0,5496.0,
066900,1799.0,7000000.0,1800.0,1800.0,1740.0,4054.0,
286750,2550.0,57000000.0,2550.0,2650.0,2510.0,22503.0,
465480,4005.0,127000000.0,4200.0,4300.0,3925.0,31337.0,
007680,3070.0,13000000.0,3055.0,3230.0,3030.0,4366.0,
203450,2850.0,2836000000.0,2920.0,3235.0,2735.0,926914.0,
053950,2045.0,218000000.0,2020.0,2095.0,1989.0,106849.0,
446840,3640.0,233000000.0,3700.0,3850.0,3600.0,62326.0,
027830,741.0,166000000.0,685.0,742.0,685.0,230931.0,
263770,1677.0,29000000.0,1711.0,1731.0,1666.0,17356.0,
049830,6480.0,4000000.0,6570.0,6570.0,6400.0,594.0,
084650,2675.0,123000000.0,2780.0,2780.0,2615.0,46297.0,
064090,798.0,0.0,0.0,0.0,0.0,0.0,
434480,3220.0,7687000000.0,3370.0,3700.0,3145.0,2269669.0,
007530,1780.0,11000000.0,1787.0,1787.0,1709.0,6040.0,
171010,2770.0,166000000.0,2665.0,2775.0,2600.0,61518.0,
037230,1326.0,17000000.0,1358.0,1358.0,1315.0,12536.0,
044960,3110.0,67000000.0,3115.0,3125.0,3080.0,21489.0,
035460,2630.0,297000000.0,2645.0,2660.0,2585.0,113441.0,
025880,2330.0,87000000.0,2315.0,2345.0,2305.0,37502.0,
218150,1907.0,80000000.0,1945.0,1945.0,1906.0,41823.0,
221840,2075.0,15000000.0,2055.0,2090.0,2045.0,7014.0,
224110,7620.0,59000000.0,7800.0,8000.0,7500.0,7739.0,
046310,2355.0,52000000.0,2360.0,2360.0,2310.0,22300.0,
104200,2605.0,493000000.0,2505.0,2610.0,2410.0,195118.0,
273060,3920.0,19000000.0,4000.0,4000.0,3795.0,4897.0,
352700,1464.0,15000000.0,1464.0,1465.0,1451.0,9978.0,
050860,1707.0,37000000.0,1765.0,1765.0,1682.0,21619.0,
019770,3290.0,26000000.0,3305.0,3315.0,3270.0,8062.0,
238120,2695.0,86000000.0,2720.0,2760.0,2685.0,31595.0,
121890,2880.0,152000000.0,2880.0,2900.0,2800.0,53314.0,
208710,2900.0,504000000.0,2840.0,3030.0,2720.0,174675.0,
215380,2270.0,57000000.0,2370.0,2380.0,2255.0,24386.0,
038070,4095.0,66000000.0,4040.0,4135.0,4010.0,16269.0,
045510,1205.0,107000000.0,1228.0,1228.0,1184.0,89169.0,
258790,7580.0,1141000000.0,7890.0,8000.0,7150.0,150021.0,
239890,3810.0,81000000.0,3675.0,3810.0,3675.0,21606.0,
052220,1643.0,31000000.0,1659.0,1682.0,1631.0,18694.0,
101240,3325.0,22000000.0,3365.0,3400.0,3320.0,6683.0,
081580,2425.0,144000000.0,2435.0,2465.0,2390.0,59441.0,
051490,2645.0,51000000.0,2600.0,2680.0,2525.0,19487.0,
234100,2570.0,26000000.0,2680.0,2685.0,2535.0,9952.0,
221980,9240.0,33000000.0,9520.0,9560.0,9200.0,3564.0,
219420,3250.0,90000000.0,3275.0,3275.0,3195.0,27851.0,
122690,1600.0,54000000.0,1623.0,1627.0,1576.0,33959.0,
097870,4345.0,31000000.0,4405.0,4410.0,4320.0,7040.0,
430690,3360.0,4144000000.0,3600.0,3690.0,3230.0,1203215.0,
250000,5410.0,27000000.0,5520.0,5520.0,5320.0,4967.0,
086040,2285.0,13000000.0,2275.0,2295.0,2265.0,5557.0,
043910,3210.0,29000000.0,3185.0,3255.0,3160.0,9100.0,
037370,4220.0,39000000.0,4370.0,4390.0,4045.0,9145.0,
177900,3775.0,37000000.0,3745.0,3840.0,3700.0,10014.0,
123570,1625.0,8000000.0,1620.0,1630.0,1605.0,4697.0,
046390,2095.0,10000000.0,2165.0,2165.0,2065.0,4823.0,
049120,2840.0,23000000.0,2795.0,2935.0,2770.0,8232.0,
284620,1087.0,0.0,0.0,0.0,0.0,0.0,
452300,2535.0,103000000.0,2585.0,2585.0,2465.0,41044.0,
014570,3265.0,11000000.0,3250.0,3300.0,3210.0,3439.0,
039290,4130.0,16000000.0,4175.0,4230.0,4100.0,3942.0,
057540,602.0,0.0,0.0,0.0,0.0,0.0,
068940,778.0,0.0,0.0,0.0,0.0,0.0,
065500,999.0,93000000.0,1015.0,1018.0,985.0,93419.0,
060850,4385.0,33000000.0,4420.0,4420.0,4330.0,7669.0,
042940,5210.0,206000000.0,5350.0,5350.0,5200.0,39250.0,
207760,2140.0,183000000.0,2050.0,2250.0,2045.0,84250.0,
089140,2320.0,699000000.0,2160.0,2420.0,2150.0,299881.0,
073570,2950.0,387000000.0,3020.0,3170.0,2875.0,129373.0,
045060,2090.0,20000000.0,2075.0,2095.0,2075.0,9776.0,
263050,959.0,0.0,0.0,0.0,0.0,0.0,
026040,2140.0,93000000.0,2190.0,2210.0,2115.0,43583.0,
363250,4150.0,10000000.0,4165.0,4170.0,4130.0,2432.0,
066360,1469.0,26000000.0,1491.0,1491.0,1441.0,17969.0,
024120,3060.0,35000000.0,3060.0,3065.0,3025.0,11335.0,
186230,3215.0,32000000.0,3250.0,3250.0,3165.0,9948.0,
106240,1318.0,14000000.0,1353.0,1384.0,1318.0,10644.0,
153460,5350.0,24000000.0,5360.0,5750.0,5300.0,4376.0,
270520,872.0,1556000000.0,820.0,905.0,820.0,1763775.0,
387570,6190.0,104000000.0,6430.0,6500.0,6050.0,16523.0,
332290,4380.0,57000000.0,4480.0,4485.0,4380.0,12926.0,
079190,1709.0,799000000.0,1608.0,1800.0,1545.0,475501.0,
060540,1330.0,15000000.0,1345.0,1345.0,1318.0,11057.0,
260660,2265.0,11000000.0,2290.0,2290.0,2255.0,4933.0,
127980,2925.0,68000000.0,2780.0,2980.0,2760.0,23473.0,
417860,7350.0,98000000.0,7300.0,7380.0,7200.0,13374.0,
075130,2145.0,64000000.0,2145.0,2150.0,2110.0,29848.0,
290120,2175.0,49000000.0,2190.0,2190.0,2110.0,22518.0,
310870,1570.0,269000000.0,1500.0,1599.0,1499.0,172767.0,
431190,4595.0,293000000.0,4560.0,4680.0,4265.0,65136.0,
318410,6180.0,105000000.0,6360.0,6380.0,6170.0,16884.0,
406820,2425.0,547000000.0,2420.0,2465.0,2285.0,227585.0,
196450,3780.0,29000000.0,3890.0,3890.0,3770.0,7627.0,
057030,2100.0,18000000.0,2125.0,2125.0,2060.0,8799.0,
204020,1756.0,16000000.0,1801.0,1801.0,1756.0,8931.0,
290090,4580.0,7000000.0,4625.0,4635.0,4540.0,1528.0,
169330,1854.0,24000000.0,1848.0,1854.0,1761.0,13174.0,
432430,2055.0,1053000000.0,2065.0,2535.0,2000.0,457767.0,
069920,1400.0,2348000000.0,1500.0,1540.0,1295.0,1646274.0,
356890,2810.0,1188000000.0,2900.0,2940.0,2685.0,421297.0,
064520,1502.0,9000000.0,1491.0,1549.0,1482.0,5796.0,
270870,3720.0,4000000.0,3630.0,3740.0,3630.0,1105.0,
476080,4140.0,39000000.0,4110.0,4175.0,4110.0,9393.0,
131090,4365.0,152000000.0,4350.0,4425.0,4340.0,34662.0,
208860,9810.0,25000000.0,9540.0,10000.0,9260.0,2565.0,
377030,2330.0,192000000.0,2160.0,2395.0,2160.0,82784.0,
099220,5270.0,87000000.0,5360.0,5430.0,5200.0,16497.0,
038060,689.0,0.0,0.0,0.0,0.0,0.0,
397810,6420.0,31000000.0,6600.0,6660.0,6310.0,4942.0,
109820,1624.0,2083000000.0,1680.0,1930.0,1557.0,1216265.0,
335810,1500.0,10000000.0,1487.0,1536.0,1465.0,6991.0,
006920,3015.0,86000000.0,3055.0,3070.0,2985.0,28525.0,
408900,1001.0,35000000.0,1006.0,1023.0,986.0,35410.0,
900270,2630.0,108000000.0,2640.0,2640.0,2550.0,41717.0,
271830,1111.0,108000000.0,1110.0,1128.0,1095.0,97322.0,
052600,2830.0,13000000.0,2880.0,2880.0,2825.0,4507.0,
0010F0,2935.0,979000000.0,3050.0,3050.0,2895.0,331864.0,
419120,2295.0,19000000.0,2290.0,2330.0,2275.0,8149.0,
215090,1408.0,73000000.0,1421.0,1428.0,1387.0,51938.0,
200780,3055.0,13000000.0,3050.0,3060.0,3000.0,4311.0,
080520,2850.0,28000000.0,2915.0,3015.0,2810.0,9911.0,
220180,1345.0,2000000.0,1352.0,1363.0,1332.0,1524.0,
038620,2125.0,22000000.0,2125.0,2150.0,2100.0,10325.0,
159910,3070.0,6000000.0,3125.0,3130.0,3020.0,1791.0,
091340,2745.0,200000000.0,2710.0,2805.0,2620.0,73332.0,
296640,6200.0,53000000.0,6120.0,6920.0,6030.0,8728.0,
033830,1694.0,23000000.0,1688.0,1710.0,1655.0,13412.0,
045300,3035.0,235000000.0,2920.0,3085.0,2920.0,77845.0,
364950,3850.0,145000000.0,3815.0,4000.0,3815.0,37409.0,
021650,1949.0,4000000.0,1969.0,1969.0,1926.0,2031.0,
153490,3095.0,37000000.0,3020.0,3095.0,2975.0,12447.0,
148930,3130.0,13000000.0,3100.0,3180.0,3070.0,4049.0,
263920,3245.0,7000000.0,3250.0,3250.0,3130.0,2146.0,
037330,725.0,42000000.0,684.0,735.0,684.0,58980.0,
318020,2580.0,10000000.0,2645.0,2645.0,2510.0,3930.0,
087600,3885.0,23000000.0,3795.0,3940.0,3780.0,6126.0,
012620,7210.0,32000000.0,7120.0,7300.0,7120.0,4364.0,
031510,1132.0,61000000.0,1120.0,1150.0,1101.0,54281.0,
016600,2265.0,56000000.0,2275.0,2300.0,2180.0,25255.0,
133750,1351.0,19000000.0,1400.0,1400.0,1346.0,14000.0,
065950,1120.0,50000000.0,1134.0,1134.0,1111.0,44096.0,
050110,1079.0,0.0,0.0,0.0,0.0,0.0,
226330,1297.0,91000000.0,1256.0,1313.0,1256.0,70563.0,
462510,3570.0,208000000.0,3510.0,3655.0,3480.0,58684.0,
073540,2755.0,86000000.0,2710.0,2790.0,2660.0,31746.0,
376980,3200.0,23000000.0,3230.0,3230.0,3120.0,7282.0,
258830,412.0,0.0,0.0,0.0,0.0,0.0,
090410,3385.0,31000000.0,3370.0,3440.0,3320.0,9287.0,
311390,2465.0,67000000.0,2490.0,2490.0,2425.0,27207.0,
025440,3195.0,7000000.0,3200.0,3255.0,3155.0,2207.0,
462980,1709.0,25000000.0,1654.0,1710.0,1654.0,14729.0,
032790,1211.0,152000000.0,1237.0,1250.0,1203.0,123686.0,
101670,545.0,400000000.0,556.0,563.0,504.0,744054.0,
075970,1672.0,28000000.0,1672.0,1679.0,1657.0,16617.0,
462310,3890.0,48000000.0,3810.0,3900.0,3745.0,12499.0,
064480,2570.0,19000000.0,2575.0,2610.0,2565.0,7196.0,
173940,1989.0,20000000.0,1994.0,1994.0,1974.0,10300.0,
444530,4735.0,13000000.0,4735.0,4820.0,4710.0,2700.0,
452160,3155.0,46000000.0,3110.0,3180.0,3020.0,14668.0,
197140,2330.0,46000000.0,2300.0,2380.0,2300.0,19497.0,
246250,1969.0,0.0,0.0,0.0,0.0,0.0,
300120,3040.0,109000000.0,3010.0,3145.0,2990.0,35852.0,
336060,3120.0,15000000.0,3080.0,3250.0,3080.0,4714.0,
900070,1118.0,1065000000.0,1094.0,1235.0,1050.0,921850.0,
464580,1632.0,8000000.0,1638.0,1638.0,1595.0,4966.0,
237820,2335.0,51000000.0,2400.0,2400.0,2295.0,21971.0,
099390,3645.0,76000000.0,3785.0,3785.0,3500.0,20984.0,
038870,2130.0,14000000.0,2075.0,2185.0,2055.0,6803.0,
369370,2990.0,6000000.0,3000.0,3000.0,2960.0,2125.0,
367000,3555.0,4000000.0,3520.0,3580.0,3460.0,1259.0,
031310,1002.0,28000000.0,1008.0,1011.0,998.0,28134.0,
351330,3585.0,94000000.0,3470.0,3610.0,3350.0,26545.0,
464280,5370.0,88000000.0,5430.0,5480.0,5320.0,16178.0,
071850,1224.0,20000000.0,1260.0,1260.0,1186.0,16780.0,
262840,2895.0,53000000.0,2820.0,2900.0,2820.0,18658.0,
020180,3860.0,58000000.0,3895.0,3940.0,3860.0,15000.0,
348030,3085.0,778000000.0,2620.0,3300.0,2550.0,248829.0,
070590,2125.0,23000000.0,2190.0,2190.0,2105.0,10781.0,
187270,2905.0,20000000.0,2995.0,2995.0,2805.0,7047.0,
407400,2005.0,53000000.0,1970.0,2010.0,1969.0,26849.0,
188260,2105.0,4000000.0,2050.0,2135.0,2050.0,2042.0,
097780,1439.0,19000000.0,1497.0,1497.0,1434.0,13096.0,
388610,5470.0,65000000.0,5480.0,5670.0,5450.0,11762.0,
038950,2845.0,25000000.0,2970.0,2975.0,2800.0,8923.0,
128540,1086.0,234000000.0,1100.0,1209.0,1084.0,207625.0,
317240,991.0,80000000.0,1003.0,1003.0,980.0,81040.0,
043340,608.0,13000000.0,589.0,608.0,589.0,21331.0,
290560,1289.0,157000000.0,1282.0,1348.0,1225.0,121207.0,
333050,5850.0,91000000.0,5840.0,5860.0,5630.0,15814.0,
373170,1898.0,220000000.0,1845.0,1990.0,1782.0,115592.0,
079170,5510.0,11000000.0,5570.0,5590.0,5500.0,1986.0,
068050,1031.0,70000000.0,1161.0,1161.0,1018.0,65451.0,
123840,1829.0,9000000.0,1850.0,1939.0,1775.0,5178.0,
290270,2960.0,556000000.0,3030.0,3070.0,2900.0,187284.0,
140430,2660.0,1796000000.0,2770.0,3000.0,2575.0,659544.0,
131220,3800.0,13000000.0,3580.0,3800.0,3550.0,3542.0,
048470,2935.0,196000000.0,2795.0,2935.0,2780.0,68052.0,
027040,2030.0,1986000000.0,1740.0,2105.0,1740.0,1006810.0,
109960,1867.0,2000000.0,1867.0,1913.0,1865.0,995.0,
365590,1534.0,1900000000.0,1309.0,1677.0,1303.0,1206107.0,
089150,1646.0,41000000.0,1643.0,1663.0,1624.0,25144.0,
033540,2700.0,103000000.0,2690.0,2790.0,2620.0,38424.0,
068100,2365.0,7000000.0,2375.0,2375.0,2300.0,3090.0,
043220,1710.0,0.0,0.0,0.0,0.0,0.0,
119500,2375.0,53000000.0,2410.0,2410.0,2330.0,22753.0,
376180,1512.0,36000000.0,1483.0,1581.0,1470.0,23549.0,
288620,4020.0,21000000.0,3950.0,4050.0,3925.0,5219.0,
239610,5200.0,7000000.0,5210.0,5210.0,5030.0,1330.0,
254120,910.0,0.0,0.0,0.0,0.0,0.0,
093380,2830.0,31000000.0,2950.0,2950.0,2825.0,10801.0,
115480,2295.0,50000000.0,2380.0,2380.0,2145.0,21846.0,
088340,6360.0,43000000.0,6420.0,6530.0,6350.0,6673.0,
160550,994.0,23000000.0,999.0,1000.0,987.0,22885.0,
130500,1906.0,10000000.0,1906.0,1937.0,1900.0,5123.0,
007770,7880.0,9000000.0,7990.0,7990.0,7590.0,1113.0,
114630,1603.0,19000000.0,1630.0,1630.0,1585.0,11869.0,
198940,1384.0,66000000.0,1425.0,1428.0,1379.0,47056.0,
450520,1874.0,34000000.0,1877.0,1950.0,1805.0,18359.0,
008470,1639.0,12000000.0,1701.0,1707.0,1586.0,7336.0,
398120,2325.0,191000000.0,2265.0,2325.0,2150.0,85670.0,
195500,1723.0,45000000.0,1717.0,1727.0,1682.0,26692.0,
080530,2485.0,40000000.0,2415.0,2485.0,2260.0,16518.0,
019570,2880.0,23000000.0,2875.0,2990.0,2805.0,8040.0,
225220,1430.0,62000000.0,1470.0,1470.0,1418.0,42923.0,
297570,3950.0,13000000.0,3785.0,4000.0,3785.0,3377.0,
016670,2680.0,30000000.0,2745.0,2745.0,2635.0,11009.0,
318010,3445.0,3000000.0,3510.0,3510.0,3440.0,961.0,
368970,2430.0,221000000.0,2415.0,2585.0,2400.0,90492.0,
067010,2500.0,130000000.0,2535.0,2550.0,2482.0,51695.0,
047080,1095.0,70000000.0,1100.0,1122.0,1067.0,64258.0,
148250,1996.0,392000000.0,1991.0,2080.0,1895.0,201698.0,
078590,2715.0,102000000.0,2730.0,2890.0,2715.0,36614.0,
139670,1920.0,25000000.0,1902.0,1944.0,1843.0,13030.0,
002680,3495.0,386000000.0,3520.0,3540.0,3040.0,117382.0,
017000,2315.0,59000000.0,2335.0,2335.0,2275.0,25468.0,
236810,1588.0,20000000.0,1527.0,1661.0,1527.0,12799.0,
091970,3575.0,28000000.0,3565.0,3630.0,3490.0,7800.0,
066910,1750.0,53000000.0,1746.0,1781.0,1725.0,30424.0,
206400,717.0,204000000.0,763.0,772.0,707.0,279025.0,
069140,1780.0,40000000.0,1734.0,1794.0,1688.0,23468.0,
191410,1719.0,131000000.0,1700.0,1733.0,1676.0,76130.0,
458350,3070.0,64000000.0,2940.0,3090.0,2925.0,21214.0,
238490,2345.0,18000000.0,2445.0,2445.0,2300.0,7779.0,
363260,4105.0,19000000.0,4115.0,4190.0,4035.0,4599.0,
057680,1671.0,44000000.0,1718.0,1747.0,1671.0,25972.0,
096630,1661.0,20000000.0,1676.0,1684.0,1643.0,11828.0,
038880,3505.0,68000000.0,3395.0,3575.0,3290.0,19642.0,
032750,2915.0,7000000.0,2920.0,2925.0,2900.0,2273.0,
016920,1020.0,152000000.0,1031.0,1031.0,994.0,151802.0,
359090,2280.0,12000000.0,2255.0,2290.0,2235.0,5308.0,
290520,1663.0,7000000.0,1680.0,1680.0,1604.0,4215.0,
900310,2040.0,10000000.0,2060.0,2080.0,1990.0,4782.0,
043200,1250.0,110000000.0,1245.0,1269.0,1218.0,89378.0,
013720,2145.0,33000000.0,2140.0,2180.0,2060.0,15337.0,
138070,1485.0,26000000.0,1501.0,1501.0,1412.0,18461.0,
103840,1580.0,39000000.0,1565.0,1586.0,1565.0,24586.0,
033050,812.0,8000000.0,818.0,819.0,802.0,9929.0,
060230,1322.0,216000000.0,1380.0,1422.0,1308.0,160499.0,
429270,3590.0,520000000.0,3530.0,3670.0,3520.0,145076.0,
105550,1648.0,30000000.0,1631.0,1679.0,1631.0,18102.0,
146060,1074.0,33000000.0,1070.0,1077.0,1055.0,30993.0,
060380,1309.0,4000000.0,1331.0,1331.0,1304.0,2750.0,
328380,3760.0,40000000.0,3800.0,3850.0,3660.0,10611.0,
069410,2510.0,56000000.0,2460.0,2540.0,2400.0,22826.0,
215790,637.0,679000000.0,660.0,684.0,630.0,1039281.0,
134060,5380.0,17000000.0,5340.0,5440.0,5340.0,3155.0,
052300,1573.0,54000000.0,1582.0,1677.0,1530.0,34840.0,
101400,1680.0,50000000.0,1651.0,1700.0,1556.0,30400.0,
072770,612.0,0.0,0.0,0.0,0.0,0.0,
096690,6310.0,7000000.0,6480.0,6560.0,6310.0,1076.0,
355390,1590.0,635000000.0,1409.0,1590.0,1400.0,420321.0,
079000,3520.0,42000000.0,3600.0,3600.0,3510.0,11827.0,
148780,4015.0,197000000.0,3985.0,4190.0,3960.0,48410.0,
193250,1885.0,19000000.0,1912.0,1912.0,1874.0,9914.0,
090150,6000.0,7000000.0,6100.0,6100.0,5920.0,1184.0,
058110,1560.0,86000000.0,1517.0,1593.0,1509.0,54871.0,
054090,1002.0,27000000.0,1000.0,1020.0,989.0,26846.0,
044780,1350.0,15000000.0,1370.0,1370.0,1319.0,11500.0,
001810,1127.0,11000000.0,1126.0,1140.0,1126.0,9949.0,
378800,2685.0,95000000.0,2690.0,2700.0,2605.0,35762.0,
415380,2170.0,25000000.0,2110.0,2185.0,2105.0,11546.0,
053290,1493.0,44000000.0,1549.0,1549.0,1470.0,29493.0,
368600,956.0,0.0,0.0,0.0,0.0,0.0,
464500,1762.0,103000000.0,1688.0,1767.0,1688.0,59337.0,
322780,1617.0,65000000.0,1686.0,1687.0,1607.0,39739.0,
032860,3045.0,48000000.0,2865.0,3090.0,2840.0,16083.0,
021880,1158.0,14000000.0,1180.0,1185.0,1149.0,11758.0,
383930,1918.0,157000000.0,1980.0,2010.0,1901.0,81055.0,
131180,4165.0,16000000.0,4240.0,4240.0,3930.0,4002.0,
016100,1279.0,9000000.0,1288.0,1288.0,1250.0,6882.0,
023770,2730.0,45000000.0,2590.0,2800.0,2585.0,16746.0,
083660,1400.0,14000000.0,1386.0,1444.0,1386.0,9932.0,
475660,3065.0,11000000.0,3000.0,3110.0,2945.0,3587.0,
351870,2170.0,44000000.0,2215.0,2225.0,2080.0,20569.0,
101680,2880.0,75000000.0,2920.0,3000.0,2870.0,25367.0,
389680,2900.0,186000000.0,2955.0,3080.0,2880.0,63760.0,
318000,2755.0,8000000.0,2760.0,2765.0,2745.0,2987.0,
405920,1863.0,8000000.0,1798.0,1864.0,1791.0,4366.0,
083640,5210.0,18000000.0,5200.0,5320.0,5140.0,3503.0,
123750,1731.0,19000000.0,1759.0,1759.0,1701.0,10841.0,
267790,3110.0,8000000.0,3075.0,3165.0,3005.0,2460.0,
208350,2950.0,89000000.0,2995.0,3000.0,2900.0,30093.0,
115530,2780.0,33000000.0,2840.0,2915.0,2755.0,11695.0,
177830,2105.0,42000000.0,2115.0,2165.0,2090.0,19843.0,
223310,2925.0,73000000.0,2980.0,3070.0,2920.0,24645.0,
039740,2965.0,17000000.0,2985.0,2985.0,2930.0,5855.0,
257370,1897.0,27000000.0,1957.0,1957.0,1868.0,13947.0,
020400,2605.0,32000000.0,2685.0,2685.0,2585.0,12277.0,
035200,2530.0,92000000.0,2555.0,2585.0,2510.0,36471.0,
317120,1519.0,537000000.0,1479.0,1650.0,1441.0,348657.0,
424760,2295.0,398000000.0,2120.0,2435.0,2105.0,173585.0,
115160,5380.0,79000000.0,5680.0,5690.0,5210.0,14789.0,
032680,1002.0,43000000.0,1005.0,1019.0,990.0,43353.0,
051380,1503.0,16000000.0,1496.0,1506.0,1492.0,10384.0,
065690,1917.0,28000000.0,1885.0,1917.0,1853.0,14940.0,
187220,1998.0,4000000.0,2025.0,2025.0,1998.0,2029.0,
237750,3535.0,26000000.0,3450.0,3540.0,3370.0,7451.0,
027580,1936.0,31000000.0,1974.0,1995.0,1916.0,16159.0,
076080,1014.0,17000000.0,1013.0,1040.0,1005.0,16692.0,
301300,1735.0,67000000.0,1661.0,1823.0,1567.0,39355.0,
115610,1930.0,2772000000.0,1651.0,2100.0,1635.0,1399772.0,
298060,2365.0,13000000.0,2375.0,2375.0,2330.0,5434.0,
188040,4865.0,14000000.0,4970.0,4970.0,4835.0,2971.0,
206560,894.0,98000000.0,920.0,930.0,888.0,109133.0,
222980,2055.0,44000000.0,2190.0,2190.0,2055.0,21391.0,
054940,3415.0,212000000.0,3555.0,3560.0,3330.0,61447.0,
036480,5960.0,46000000.0,6020.0,6090.0,5960.0,7731.0,
032800,1496.0,12000000.0,1505.0,1538.0,1491.0,8161.0,
219750,1722.0,6000000.0,1702.0,1825.0,1700.0,3601.0,
417180,3940.0,22000000.0,3905.0,4190.0,3860.0,5617.0,
033200,2445.0,8000000.0,2410.0,2445.0,2405.0,3519.0,
043590,1657.0,32000000.0,1745.0,1745.0,1557.0,19482.0,
018680,1928.0,26000000.0,1943.0,1943.0,1913.0,13467.0,
377330,2760.0,6000000.0,2835.0,2835.0,2700.0,2048.0,
432980,2610.0,28000000.0,2660.0,2665.0,2580.0,10638.0,
013810,1526.0,40000000.0,1544.0,1544.0,1522.0,25862.0,
131100,3460.0,288000000.0,3050.0,3500.0,3050.0,86465.0,
065370,3020.0,40000000.0,3000.0,3055.0,2960.0,13185.0,
215480,2075.0,23000000.0,2190.0,2190.0,2055.0,11139.0,
352940,2050.0,7000000.0,2020.0,2140.0,2005.0,3440.0,
361670,3920.0,23000000.0,3870.0,3965.0,3805.0,5951.0,
017250,1055.0,16000000.0,1060.0,1060.0,1039.0,15637.0,
007720,1100.0,21000000.0,1100.0,1132.0,1092.0,18874.0,
303530,3020.0,13000000.0,3010.0,3090.0,2945.0,4243.0,
192390,1850.0,23000000.0,1870.0,1871.0,1848.0,12145.0,
238200,2690.0,15000000.0,2755.0,2760.0,2515.0,5691.0,
154040,10080.0,94000000.0,9550.0,10180.0,9000.0,9780.0,
200230,2295.0,38000000.0,2330.0,2435.0,2260.0,16407.0,
115570,2725.0,8000000.0,2730.0,2730.0,2650.0,3150.0,
277410,5660.0,32000000.0,5570.0,5690.0,5490.0,5720.0,
053060,1230.0,22000000.0,1226.0,1238.0,1218.0,17590.0,
331520,2215.0,13000000.0,2215.0,2305.0,2100.0,5769.0,
032080,1010.0,0.0,0.0,0.0,0.0,0.0,
054220,1723.0,132000000.0,1695.0,1735.0,1683.0,77343.0,
039310,1192.0,21000000.0,1182.0,1210.0,1180.0,17924.0,
018700,1291.0,11000000.0,1279.0,1294.0,1260.0,8337.0,
340440,756.0,0.0,0.0,0.0,0.0,0.0,
032280,1323.0,6000000.0,1311.0,1330.0,1306.0,4197.0,
113810,3285.0,224000000.0,3095.0,3335.0,3035.0,69878.0,
098660,1704.0,16000000.0,1679.0,1704.0,1660.0,9409.0,
095910,583.0,0.0,0.0,0.0,0.0,0.0,
067730,2195.0,16000000.0,2175.0,2195.0,2160.0,7601.0,
023790,1614.0,1776000000.0,1613.0,1729.0,1590.0,1068709.0,
045520,3240.0,89000000.0,3330.0,3330.0,3235.0,27624.0,
372800,2975.0,23000000.0,3080.0,3080.0,2870.0,7780.0,
024940,2085.0,151000000.0,2020.0,2110.0,2015.0,73470.0,
241840,2185.0,18000000.0,2205.0,2240.0,2170.0,8027.0,
347770,917.0,116000000.0,836.0,920.0,815.0,132804.0,
440320,2075.0,39000000.0,2110.0,2135.0,2035.0,18936.0,
043360,2300.0,24000000.0,2275.0,2370.0,2200.0,10728.0,
070300,582.0,691000000.0,638.0,639.0,582.0,1148935.0,
224060,4000.0,959000000.0,4260.0,4260.0,4000.0,233944.0,
130740,1823.0,34000000.0,1847.0,1847.0,1791.0,18589.0,
096870,2455.0,58000000.0,2470.0,2470.0,2390.0,24016.0,
353190,2600.0,6000000.0,2600.0,2600.0,2540.0,2371.0,
438700,1837.0,28000000.0,1817.0,1845.0,1812.0,15582.0,
044480,3075.0,18000000.0,3235.0,3235.0,3015.0,5780.0,
289220,912.0,22000000.0,924.0,931.0,909.0,23763.0,
021040,937.0,6000000.0,938.0,940.0,930.0,6397.0,
065060,3390.0,19000000.0,3395.0,3395.0,3205.0,5773.0,
362990,1201.0,17000000.0,1203.0,1203.0,1175.0,14664.0,
275630,3840.0,24000000.0,3755.0,3885.0,3725.0,6453.0,
065150,1264.0,1482000000.0,1150.0,1500.0,1150.0,1073803.0,
342870,3695.0,10000000.0,3555.0,3700.0,3550.0,2829.0,
274400,2210.0,11000000.0,2150.0,2230.0,2145.0,4856.0,
085810,1420.0,13000000.0,1400.0,1428.0,1351.0,9574.0,
019660,1438.0,34000000.0,1417.0,1440.0,1382.0,24020.0,
353590,1556.0,27000000.0,1589.0,1589.0,1505.0,17991.0,
088290,2510.0,11000000.0,2515.0,2590.0,2480.0,4409.0,
247660,3825.0,2379000000.0,3200.0,3880.0,3180.0,677509.0,
063760,2145.0,52000000.0,2240.0,2240.0,2115.0,24460.0,
405000,3720.0,40000000.0,3730.0,3840.0,3630.0,10861.0,
079950,1443.0,68000000.0,1479.0,1498.0,1431.0,46196.0,
050760,1217.0,231000000.0,1216.0,1245.0,1214.0,188899.0,
276730,841.0,17000000.0,842.0,879.0,832.0,20531.0,
083470,930.0,80000000.0,900.0,935.0,899.0,87407.0,
069330,1170.0,104000000.0,1184.0,1184.0,1114.0,89837.0,
080470,2700.0,26000000.0,2695.0,2710.0,2630.0,9596.0,
344860,1295.0,114000000.0,1299.0,1303.0,1260.0,88835.0,
073190,1622.0,0.0,0.0,0.0,0.0,0.0,
154030,1609.0,43000000.0,1597.0,1611.0,1570.0,26907.0,
214610,2290.0,0.0,0.0,0.0,0.0,0.0,
038530,3705.0,83000000.0,3725.0,4000.0,3700.0,21147.0,
048830,1015.0,109000000.0,1060.0,1060.0,1010.0,105692.0,
455180,1291.0,81000000.0,1296.0,1298.0,1276.0,63098.0,
252500,2285.0,12000000.0,2240.0,2330.0,2235.0,5305.0,
227610,975.0,43000000.0,1013.0,1014.0,974.0,43530.0,
031860,6930.0,0.0,0.0,0.0,0.0,0.0,
403490,2030.0,39000000.0,2000.0,2065.0,2000.0,19364.0,
018620,2665.0,19000000.0,2690.0,2770.0,2605.0,6966.0,
084440,4825.0,188000000.0,5150.0,5640.0,4785.0,36539.0,
279600,3935.0,4000000.0,3840.0,3940.0,3840.0,944.0,
373110,1065.0,129000000.0,988.0,1071.0,988.0,124656.0,
365900,2515.0,18000000.0,2430.0,2570.0,2430.0,7302.0,
137940,1869.0,66000000.0,1950.0,1950.0,1848.0,34994.0,
195990,1124.0,51000000.0,1130.0,1130.0,1111.0,45286.0,
026910,2300.0,772000000.0,2030.0,2435.0,1980.0,352803.0,
110020,2010.0,16000000.0,2160.0,2165.0,2010.0,7658.0,
309930,945.0,93000000.0,892.0,986.0,868.0,99752.0,
056730,1224.0,66000000.0,1190.0,1289.0,1187.0,53991.0,
196700,1261.0,38000000.0,1221.0,1321.0,1221.0,30159.0,
051780,2365.0,194000000.0,2455.0,2555.0,2275.0,79857.0,
014100,1517.0,72000000.0,1515.0,1517.0,1500.0,47525.0,
078860,2840.0,12000000.0,2865.0,2885.0,2835.0,4203.0,
037400,3325.0,29000000.0,3365.0,3380.0,3320.0,8519.0,
0197V0,1917.0,212000000.0,1903.0,1920.0,1903.0,110879.0,
482680,2055.0,0.0,0.0,0.0,0.0,0.0,
477380,2080.0,40000000.0,2075.0,2080.0,2075.0,19092.0,
306040,1812.0,2041000000.0,2150.0,2360.0,1748.0,1054806.0,
210120,1734.0,152000000.0,1725.0,1800.0,1650.0,88799.0,
241820,6040.0,0.0,0.0,0.0,0.0,0.0,
475460,2975.0,440000000.0,2900.0,3095.0,2880.0,146438.0,
419540,2805.0,42000000.0,2770.0,2885.0,2770.0,15139.0,
0200G0,1913.0,586000000.0,1906.0,1927.0,1906.0,305104.0,
900120,4990.0,141000000.0,5220.0,5430.0,4575.0,28673.0,
009620,4740.0,144000000.0,5120.0,5360.0,4710.0,29277.0,
050090,696.0,0.0,0.0,0.0,0.0,0.0,
009730,1993.0,29000000.0,1995.0,2025.0,1970.0,14414.0,
034940,2540.0,249000000.0,2655.0,2655.0,2520.0,97507.0,
0072Z0,1982.0,99000000.0,1980.0,1990.0,1980.0,49983.0,
285800,4335.0,123000000.0,4320.0,4375.0,4200.0,29017.0,
477340,2065.0,12000000.0,2065.0,2070.0,2065.0,5814.0,
469480,3640.0,1058000000.0,3350.0,3680.0,3240.0,305902.0,
0130H0,1996.0,20000000.0,1996.0,1999.0,1976.0,10045.0,
0101C0,1979.0,11000000.0,1996.0,1997.0,1974.0,5624.0,
030350,973.0,0.0,0.0,0.0,0.0,0.0,
101000,1518.0,65000000.0,1505.0,1537.0,1425.0,44370.0,
054410,2625.0,97000000.0,3105.0,3105.0,2610.0,35559.0,
225590,2935.0,124000000.0,2945.0,2960.0,2810.0,42760.0,
065650,1373.0,41000000.0,1337.0,1373.0,1307.0,31217.0,
0044K0,1996.0,9000000.0,1995.0,1998.0,1993.0,4491.0,
473050,2105.0,44000000.0,2105.0,2110.0,2105.0,20975.0,
0115H0,1995.0,18000000.0,1994.0,1999.0,1994.0,9071.0,
376930,1429.0,62000000.0,1420.0,1469.0,1413.0,43420.0,
489480,2200.0,0.0,0.0,0.0,0.0,0.0,
478440,2065.0,3000000.0,2065.0,2065.0,2060.0,1490.0,
479880,2075.0,35000000.0,2065.0,2075.0,2065.0,16834.0,
0165X0,1942.0,8000000.0,1932.0,1946.0,1932.0,4214.0,
0099W0,1984.0,7000000.0,1983.0,1994.0,1975.0,3729.0,
418620,450.0,789000000.0,430.0,457.0,396.0,1911407.0,
498390,2785.0,610000000.0,2780.0,2850.0,2745.0,218707.0,
0209J0,1905.0,322000000.0,1901.0,1910.0,1900.0,168780.0,
335870,4085.0,10000000.0,4085.0,4150.0,4080.0,2456.0,
304840,561.0,0.0,0.0,0.0,0.0,0.0,
352770,5250.0,0.0,0.0,0.0,0.0,0.0,
244460,1651.0,0.0,0.0,0.0,0.0,0.0,
0134X0,1981.0,177000000.0,1973.0,1990.0,1968.0,89412.0,
177350,1341.0,55000000.0,1377.0,1377.0,1337.0,40472.0,
0099X0,2220.0,300000000.0,2230.0,2270.0,2195.0,134819.0,
0164H0,1953.0,111000000.0,1941.0,1959.0,1941.0,56970.0,
481890,2070.0,87000000.0,2075.0,2075.0,2055.0,42436.0,
0096B0,1988.0,65000000.0,1980.0,1991.0,1975.0,32836.0,
489730,2040.0,15000000.0,2035.0,2050.0,2035.0,7512.0,
0097F0,1985.0,9000000.0,1970.0,1993.0,1970.0,4743.0,
478390,2070.0,2000000.0,2065.0,2075.0,2065.0,1187.0,
092600,2560.0,231000000.0,2600.0,2600.0,2385.0,93484.0,
239340,2380.0,23000000.0,2350.0,2580.0,2350.0,9537.0,
0093G0,1987.0,16000000.0,1981.0,1999.0,1974.0,8026.0,
054180,2295.0,0.0,0.0,0.0,0.0,0.0,
492220,2035.0,142000000.0,2030.0,2040.0,2015.0,70104.0,
482520,2065.0,0.0,0.0,0.0,0.0,0.0,
0037T0,1988.0,9000000.0,1993.0,1999.0,1988.0,4316.0,
028080,5170.0,0.0,0.0,0.0,0.0,0.0,
0054V0,2000.0,30000000.0,1991.0,2005.0,1991.0,15189.0,
0091W0,2045.0,14000000.0,2045.0,2045.0,2025.0,6781.0,
0131D0,1966.0,70000000.0,1961.0,1982.0,1961.0,35499.0,
065570,764.0,0.0,0.0,0.0,0.0,0.0,
060480,1104.0,865000000.0,887.0,1114.0,873.0,839208.0,
477760,2070.0,13000000.0,2065.0,2072.0,2065.0,6494.0,
0041L0,2000.0,8000000.0,2000.0,2000.0,1998.0,4009.0,
0088D0,2080.0,0.0,2065.0,2080.0,2065.0,103.0,
0132G0,1996.0,28000000.0,1998.0,1998.0,1994.0,14242.0,
469900,2100.0,405000000.0,2100.0,2105.0,2100.0,192692.0,
482690,2085.0,23000000.0,2080.0,2085.0,2075.0,11230.0,
474660,2092.0,66000000.0,2085.0,2092.0,2085.0,31827.0,
0071M0,1997.0,10000000.0,1992.0,2000.0,1992.0,5015.0,
474490,2087.0,12000000.0,2085.0,2090.0,2080.0,5554.0,
487360,2030.0,5000000.0,2025.0,2030.0,2020.0,2514.0,
354200,710.0,534000000.0,767.0,841.0,705.0,702403.0,
477470,2065.0,4000000.0,2065.0,2070.0,2060.0,1722.0,
0105P0,1999.0,6000000.0,1999.0,2000.0,1988.0,3236.0,
496070,2005.0,24000000.0,2010.0,2010.0,1998.0,12244.0,
035620,603.0,195000000.0,626.0,626.0,559.0,330798.0,
131760,1284.0,181000000.0,1243.0,1350.0,1232.0,140599.0,
0129K0,1971.0,33000000.0,1971.0,1988.0,1967.0,16535.0,
289010,789.0,354000000.0,682.0,869.0,682.0,440982.0,
0096D0,1991.0,14000000.0,1966.0,1998.0,1966.0,7167.0,
486630,2047.0,57000000.0,2050.0,2055.0,2045.0,28010.0,
377220,1910.0,97000000.0,1910.0,1970.0,1847.0,51345.0,
0098T0,2000.0,12000000.0,2000.0,2010.0,2000.0,5958.0,
493790,2020.0,7000000.0,2025.0,2025.0,2020.0,3701.0,
489210,2060.0,17000000.0,2045.0,2060.0,2045.0,8387.0,
0004Y0,2000.0,20000000.0,2005.0,2010.0,2000.0,9793.0,
103230,1473.0,167000000.0,1430.0,1550.0,1404.0,113529.0,
060260,792.0,26000000.0,803.0,804.0,785.0,32489.0,
060900,1609.0,132000000.0,1697.0,1697.0,1580.0,81678.0,
0130D0,1970.0,5000000.0,1969.0,1975.0,1965.0,2405.0,
043100,520.0,0.0,0.0,0.0,0.0,0.0,
478110,2065.0,46000000.0,2055.0,2065.0,2055.0,22385.0,
006050,2950.0,171000000.0,2905.0,3130.0,2835.0,57826.0,
466690,2020.0,7000000.0,2000.0,2030.0,1999.0,3371.0,
303030,1121.0,228000000.0,1055.0,1294.0,1041.0,194474.0,
305090,538.0,0.0,0.0,0.0,0.0,0.0,
0041B0,2010.0,31000000.0,2015.0,2015.0,1999.0,15554.0,
142760,476.0,41000000.0,490.0,490.0,468.0,85335.0,
065770,944.0,2090000000.0,820.0,1032.0,820.0,2131975.0,
208640,695.0,89000000.0,701.0,745.0,690.0,127175.0,
488060,2050.0,32000000.0,2045.0,2050.0,2040.0,15689.0,
106080,1650.0,0.0,0.0,0.0,0.0,0.0,
484130,2040.0,47000000.0,2035.0,2045.0,2035.0,23044.0,
473950,2055.0,6000000.0,2055.0,2065.0,2055.0,2764.0,
487830,2035.0,24000000.0,2040.0,2040.0,2030.0,11730.0,
468760,2080.0,0.0,0.0,0.0,0.0,0.0,
472230,2110.0,68000000.0,2105.0,2110.0,2105.0,32289.0,
487720,2065.0,5000000.0,2060.0,2070.0,2055.0,2216.0,
012340,393.0,309000000.0,380.0,465.0,379.0,758124.0,
067770,1031.0,0.0,0.0,0.0,0.0,0.0,
001000,1779.0,41000000.0,1700.0,1812.0,1700.0,23202.0,
0068Y0,1992.0,8000000.0,1990.0,1997.0,1990.0,4095.0,
0041J0,1994.0,38000000.0,1997.0,1998.0,1992.0,19244.0,
03481K,5880.0,2000000.0,5890.0,5890.0,5700.0,311.0,
087260,247.0,0.0,0.0,0.0,0.0,0.0,
475250,2085.0,64000000.0,2085.0,2090.0,2080.0,30900.0,
288980,211.0,194000000.0,215.0,220.0,200.0,927489.0,
079970,596.0,0.0,0.0,0.0,0.0,0.0,
474930,2090.0,1000000.0,2100.0,2100.0,2090.0,279.0,
240600,880.0,93000000.0,997.0,997.0,870.0,102276.0,
065420,940.0,0.0,0.0,0.0,0.0,0.0,
276040,327.0,0.0,0.0,0.0,0.0,0.0,
473000,2080.0,8000000.0,2080.0,2085.0,2080.0,3745.0,
475240,2090.0,45000000.0,2090.0,2095.0,2090.0,21520.0,
308100,251.0,147000000.0,265.0,290.0,250.0,561852.0,
900100,1096.0,0.0,0.0,0.0,0.0,0.0,
291810,409.0,0.0,0.0,0.0,0.0,0.0,
044180,205.0,0.0,0.0,0.0,0.0,0.0,
313760,468.0,0.0,0.0,0.0,0.0,0.0,
052770,312.0,0.0,0.0,0.0,0.0,0.0,
250930,687.0,104000000.0,687.0,687.0,648.0,151817.0,
225430,698.0,0.0,0.0,0.0,0.0,0.0,
025870,1059.0,0.0,0.0,0.0,0.0,0.0,
058450,573.0,136000000.0,545.0,643.0,531.0,231218.0,
199730,618.0,38000000.0,682.0,682.0,618.0,58317.0,
011080,423.0,313000000.0,457.0,509.0,415.0,695481.0,
035290,384.0,0.0,0.0,0.0,0.0,0.0,
021045,2000.0,1000000.0,1994.0,2025.0,1958.0,455.0,
196490,96.0,143000000.0,95.0,96.0,61.0,1686854.0,
312610,37.0,0.0,0.0,0.0,0.0,0.0,
032685,7360.0,60000000.0,5820.0,7440.0,5820.0,8323.0,
