종목코드,현재가,거래대금,시가,고가,저가,거래량,NXT거래대금
005930,276000.0,3554548000000.0,266500.0,276000.0,264500.0,13108502.0,1497103000000.0
000660,1833000.0,3765963000000.0,1762000.0,1833000.0,1749000.0,2092884.0,1430385000000.0
005935,204500.0,518112000000.0,195000.0,205000.0,193300.0,2591228.0,
402340,1155000.0,519380000000.0,1116000.0,1160000.0,1095000.0,459823.0,195675000000.0
009150,1561000.0,930275000000.0,1495000.0,1563000.0,1462000.0,611424.0,571412000000.0
373220,360500.0,58778000000.0,355000.0,362000.0,352000.0,163732.0,15305000000.000002
005380,349000.0,114941000000.0,348500.0,349000.0,343500.0,331423.0,92229000000.0
207940,1429000.0,78566000000.0,1390000.0,1441000.0,1389000.0,55159.0,15775000000.0
105560,166000.0,181903000000.0,167100.0,169300.0,165700.0,1090457.0,16322000000.0
032830,284000.0,48543000000.0,279500.0,284000.0,276500.0,172847.0,13013999999.999998
028260,347000.0,68976000000.0,339000.0,347000.0,336500.0,201309.0,16816999999.999998
012450,1034000.0,85452000000.0,1027000.0,1043000.0,1009000.0,83046.0,26082000000.0
034020,82100.0,177143000000.0,84000.0,84000.0,81300.0,2151290.0,231910000000.0
055550,103800.0,113245000000.0,103500.0,106300.0,103200.0,1084758.0,12091000000.0
329180,431500.0,55660000000.0,434000.0,435500.0,426000.0,129573.0,19830000000.0
000270,113300.0,73760000000.0,112400.0,114700.0,112300.0,651406.0,12715000000.0
068270,183600.0,75756000000.0,179100.0,184200.0,178200.0,414740.0,35993000000.0
034730,587000.0,47429000000.0,590000.0,591000.0,569000.0,81450.0,8290000000.000001
006400,517000.0,99593000000.0,510000.0,518000.0,503000.0,193940.0,64602000000.0
086790,128300.0,76635000000.0,130600.0,130900.0,127700.0,594952.0,8127000000.0
066570,211500.0,83367000000.0,211000.0,212000.0,205000.0,398078.0,64458000000.00001
012330,382000.0,176873000000.0,382500.0,391000.0,371500.0,464706.0,136599000000.0
010120,206000.0,63367000000.0,202500.0,206500.0,198700.0,313510.0,46521000000.0
035420,191200.0,121435000000.0,193700.0,193700.0,191000.0,633872.0,45811000000.0
000810,626000.0,21400000000.0,636000.0,636000.0,617000.0,34255.0,3453000000.0
298040,2822000.0,101397000000.0,2755000.0,2822000.0,2705000.0,36624.0,25195000000.0
069500,111520.0,2846421000000.0,,,,,
042700,268500.0,167062000000.0,256500.0,269500.0,254000.0,633545.0,152804000000.0
316140,33250.0,146252000000.0,33450.0,33500.0,32250.0,4397293.0,41320000000.0
005490,306500.0,50529000000.0,308500.0,311500.0,304000.0,164965.0,24492000000.0
267260,673000.0,101593000000.0,656000.0,675000.0,643000.0,153122.0,23250000000.0
042660,78500.0,44245000000.0,78800.0,79100.0,77000.0,567936.0,37246000000.0
096770,139600.0,156256000000.0,148900.0,149900.0,137800.0,1105174.0,55740000000.0
009540,325500.0,36113000000.0,325500.0,328500.0,318500.0,111488.0,6914000000.0
000150,1384000.0,85092000000.0,1390000.0,1412000.0,1368000.0,61492.0,45434000000.0
010130,1069000.0,12263000000.0,1075000.0,1075000.0,1052000.0,11532.0,4715000000.0
138040,127200.0,14871000000.0,127100.0,128300.0,125100.0,117106.0,3776000000.0
360750,25965.0,866828000000.0,,,,,
011200,21150.0,16637000000.0,20900.0,21300.0,20800.0,788205.0,5981000000.0
015760,30150.0,19104000000.0,30150.0,30350.0,29950.0,635372.0,12516000000.0
017670,86300.0,42449000000.0,85500.0,86300.0,84700.0,495794.0,15719999999.999998
051910,257000.0,40046000000.0,250000.0,259000.0,248500.0,156691.0,7234999999.999999
033780,174700.0,27256000000.0,176600.0,178000.0,174000.0,155215.0,2695000000.0
006800,32150.0,23069000000.0,30750.0,32150.0,30300.0,737261.0,12196000000.0
010140,19720.0,37188000000.0,19720.0,19810.0,19350.0,1897782.0,26698000000.0
018260,223000.0,22319000000.0,218500.0,223000.0,216500.0,100947.0,6811000000.0
010950,148800.0,61602000000.0,161800.0,162000.0,147200.0,406117.0,15788000000.0
003550,109800.0,12556000000.0,109800.0,110700.0,108300.0,115044.0,1462000000.0
003670,182700.0,30721000000.0,178500.0,183300.0,177000.0,169831.0,12737000000.0
024110,20150.0,15601000000.0,20200.0,20200.0,20000.0,776402.0,5269000000.0
079550,724000.0,61918000000.0,692000.0,728500.0,684000.0,86536.0,17692000000.0
267250,197500.0,32047000000.0,201000.0,202500.0,196800.0,161762.0,7838000000.0
272210,78900.0,59298000000.0,75000.0,79500.0,72800.0,763558.0,25069000000.0
086280,198400.0,21714000000.0,199500.0,201500.0,196500.0,109734.0,4543000000.0
035720,33550.0,22586000000.0,33600.0,33750.0,33200.0,674336.0,
011070,584000.0,102067000000.0,557000.0,585000.0,547000.0,179609.0,49356000000.0
278470,366000.0,55167000000.0,367500.0,370000.0,357500.0,151034.0,17160000000.0
030200,51800.0,8715000000.0,52300.0,52300.0,51500.0,168518.0,2518000000.0
000720,117200.0,60982000000.0,122100.0,123500.0,113800.0,521011.0,53892999999.99999
047810,127100.0,17747000000.0,127200.0,127800.0,125400.0,139814.0,3917000000.0
064350,112500.0,39732000000.0,111600.0,113100.0,110100.0,355888.0,8911000000.0
133690,185655.0,842030000000.0,,,,,
005830,183100.0,26788000000.0,185200.0,185400.0,180500.0,147121.0,1792000000.0000002
003490,31200.0,52600000000.0,31950.0,31950.0,30900.0,1686095.0,
443060,237000.0,12046000000.0,238500.0,240500.0,229500.0,51562.0,1508000000.0
396500,39950.0,304558000000.0,,,,,
379800,23610.0,692502000000.0,,,,,
307950,380000.0,18997000000.0,376500.0,380000.0,367500.0,50809.0,19005000000.0
102110,111810.0,2742638000000.0,,,,,
488770,105690.0,63923000000.0,,,,,
379810,27755.0,760294000000.0,,,,,
071050,179500.0,21730000000.0,178200.0,179500.0,174600.0,122000.0,3686000000.0
005940,26500.0,9780000000.0,26150.0,26500.0,26000.0,372402.0,1100000000.0
047050,55300.0,36161000000.0,57700.0,57700.0,54750.0,651490.0,33414999999.999996
078930,102200.0,39760000000.0,107200.0,107400.0,101100.0,387911.0,4633000000.0
000500,318000.0,20453000000.0,311500.0,318500.0,306000.0,65210.0,29852999999.999996
323410,19760.0,10678000000.0,19880.0,19880.0,19720.0,539608.0,2187000000.0
006260,298000.0,52883000000.0,307000.0,307000.0,293000.0,178312.0,19662000000.0
0126Z0,373500.0,34789000000.0,348000.0,378000.0,345000.0,94635.0,20439000000.0
028050,47350.0,47739000000.0,48100.0,48850.0,46700.0,1009230.0,
003230,1224000.0,32254000000.0,1216000.0,1234000.0,1205000.0,26379.0,8537000000.0
259960,199700.0,14627000000.0,196000.0,203000.0,195500.0,73661.0,2085000000.0000002
007660,123400.0,102936000000.0,115300.0,123500.0,113400.0,858797.0,59348000000.0
180640,133800.0,4927000000.0,133500.0,134800.0,131100.0,37093.0,990000000.0
016360,90300.0,17922000000.0,89000.0,90400.0,87200.0,200758.0,4714000000.0
090430,135700.0,17184000000.0,137100.0,139300.0,135300.0,125987.0,4376000000.0
278530,40370.0,13862000000.0,,,,,
009830,34250.0,117132000000.0,33200.0,34700.0,32500.0,3464310.0,
353200,149400.0,246858000000.0,131300.0,151400.0,129800.0,1730480.0,
047040,17760.0,81580000000.0,18200.0,18200.0,17440.0,4591605.0,
161390,58900.0,12294000000.0,59600.0,59600.0,58000.0,209902.0,1063000000.0000001
021240,99300.0,9366000000.0,99600.0,100100.0,98200.0,94270.0,1644000000.0000002
459580,1073675.0,993701000000.0,,,,,
039490,262500.0,29339000000.0,253000.0,264500.0,245000.0,113992.0,6767000000.0
064400,70700.0,24948000000.0,69000.0,70700.0,68300.0,357349.0,
352820,156200.0,32157000000.0,156800.0,157500.0,153700.0,206833.0,7845000000.0
000880,124200.0,5259000000.0,126200.0,126400.0,123000.0,42378.0,1678000000.0
062040,213500.0,42246000000.0,208500.0,213500.0,203000.0,202428.0,30104000000.000004
128940,497500.0,44793000000.0,498000.0,526000.0,493500.0,88212.0,22881000000.0
091160,149700.0,294755000000.0,,,,,
381180,45880.0,69487000000.0,,,,,
000990,142500.0,66839000000.0,137800.0,142500.0,137500.0,476535.0,56644000000.00001
032640,14540.0,8731000000.0,14580.0,14590.0,14410.0,602237.0,598000000.0
498400,20745.0,112690000000.0,,,,,
0167A0,19500.0,234826000000.0,,,,,
005387,175400.0,12437000000.0,176200.0,177500.0,175200.0,70639.0,
326030,76700.0,8074000000.0,74400.0,76700.0,74200.0,106664.0,3949000000.0
122630,113255.0,1505753000000.0,,,,,
001440,30150.0,42590000000.0,29650.0,30150.0,28800.0,1445416.0,
267270,119600.0,50257000000.0,125000.0,125000.0,118100.0,418548.0,14972999999.999998
000100,74800.0,11268000000.0,72900.0,75500.0,72400.0,151728.0,2925000000.0
377300,40050.0,3628000000.0,39550.0,40100.0,39300.0,91395.0,2709000000.0
175330,28350.0,11333000000.0,29050.0,29050.0,28150.0,398362.0,2039000000.0
241560,54700.0,10744000000.0,55100.0,55400.0,54200.0,196851.0,846000000.0000001
011790,104800.0,47884000000.0,97400.0,106300.0,95500.0,469519.0,33112000000.0
229200,15315.0,709215000000.0,,,,,
036570,230000.0,58637000000.0,226500.0,236500.0,223500.0,253085.0,32627000000.0
138930,15820.0,8409000000.0,15980.0,15980.0,15550.0,532946.0,1589000000.0
029780,41850.0,2859000000.0,42400.0,42400.0,41550.0,68537.0,462000000.0
052690,125800.0,34954000000.0,129000.0,129000.0,124300.0,277188.0,66715000000.0
088980,9750.0,5108000000.0,9790.0,9805.0,9740.0,522629.0,
454910,71800.0,21527000000.0,68700.0,71800.0,68000.0,305910.0,
310970,49930.0,495000000.0,,,,,
066970,113400.0,26220000000.0,111500.0,113700.0,109700.0,234046.0,15937000000.0
088350,5290.0,9606000000.0,5350.0,5350.0,5220.0,1823692.0,
148020,112325.0,198856000000.0,,,,,
034220,8580.0,19211000000.0,8330.0,8580.0,8230.0,2273613.0,
395160,43005.0,137952000000.0,,,,,
271560,106100.0,4893000000.0,106900.0,107300.0,105600.0,46085.0,1069999999.9999999
0162Z0,13930.0,60260000000.0,,,,,
458730,14020.0,35873000000.0,,,,,
010060,221000.0,29894000000.0,219000.0,223500.0,214000.0,136093.0,24622000000.0
051900,271500.0,16194000000.0,270500.0,277500.0,268000.0,59432.0,3682000000.0
002380,472500.0,4082000000.0,469500.0,474500.0,465500.0,8690.0,536000000.00000006
004020,30350.0,17500000000.0,31050.0,31050.0,29950.0,576926.0,14241000000.0
082740,48500.0,52818000000.0,48600.0,49500.0,47850.0,1091376.0,15677000000.000002
001450,47250.0,14177000000.0,47750.0,48650.0,47000.0,298466.0,1936000000.0
005385,174900.0,5661000000.0,175800.0,176500.0,173700.0,32363.0,
360200,26255.0,12683000000.0,,,,,
103590,82900.0,15809000000.0,81600.0,83100.0,80100.0,194436.0,17964000000.0
357870,58150.0,11958000000.0,,,,,
381170,31880.0,40386000000.0,,,,,
233740,8150.0,596617000000.0,,,,,
411060,25655.0,15267000000.0,,,,,
001040,131600.0,9119000000.0,134200.0,134300.0,130000.0,69366.0,1609000000.0
395270,61500.0,64128000000.0,,,,,
018880,3675.0,73542000000.0,3505.0,3835.0,3460.0,20029227.0,
423160,110680.0,15902000000.0,,,,,
367380,31910.0,26501000000.0,,,,,
008930,52700.0,6277000000.0,52500.0,54400.0,51800.0,118395.0,3609000000.0000005
273130,110025.0,1147000000.0,,,,,
161890,146500.0,28182000000.0,146000.0,149400.0,144400.0,191478.0,9173000000.0
102780,26575.0,9038000000.0,,,,,
036460,35250.0,3775000000.0,35200.0,35450.0,34800.0,107759.0,2021000000.0
0043B0,103850.0,18628000000.0,,,,,
487240,36410.0,80009000000.0,,,,,
192820,279000.0,21102000000.0,268000.0,279500.0,262500.0,76900.0,2855000000.0
012750,83200.0,3295000000.0,83400.0,85700.0,82600.0,39444.0,296000000.0
004170,333500.0,15513000000.0,335500.0,336000.0,323500.0,46965.0,3211999999.9999995
028670,5880.0,17897000000.0,5780.0,6080.0,5720.0,3043145.0,
022100,20500.0,4410000000.0,19930.0,20500.0,19910.0,216939.0,1866000000.0
111770,69300.0,1760000000.0,69100.0,69500.0,68100.0,25601.0,196000000.0
035250,14270.0,1822000000.0,14230.0,14330.0,14220.0,127771.0,488999999.99999994
014680,279000.0,27079000000.0,256000.0,280000.0,255000.0,99369.0,4184000000.0000005
031210,42550.0,1149000000.0,42450.0,42650.0,42000.0,27186.0,206000000.0
375500,76000.0,26358000000.0,78600.0,78900.0,75000.0,346470.0,
336260,44800.0,23355000000.0,44450.0,44950.0,43350.0,527461.0,17624000000.0
011780,115800.0,5347000000.0,115900.0,116500.0,114500.0,46341.0,389000000.0
139130,18380.0,7127000000.0,18380.0,18510.0,18050.0,388867.0,172000000.0
007340,49650.0,6634000000.0,48000.0,49900.0,47700.0,134381.0,1730999999.9999998
251270,34900.0,7387000000.0,34750.0,35650.0,34450.0,211077.0,752000000.0
302440,36800.0,2251000000.0,36400.0,37200.0,36150.0,61291.0,718000000.0
023530,101300.0,7317000000.0,101300.0,102100.0,99200.0,72975.0,797000000.0
006360,32950.0,47828000000.0,34450.0,34500.0,32200.0,1445444.0,
017800,72100.0,8406000000.0,73500.0,73500.0,71700.0,116505.0,1980999999.9999998
472150,20415.0,57565000000.0,,,,,
139260,144915.0,21989000000.0,,,,,
455890,55635.0,10219000000.0,,,,,
097950,178000.0,6253000000.0,179300.0,179300.0,176700.0,35127.0,892000000.0
426030,48655.0,42692000000.0,,,,,
486290,10625.0,15758000000.0,,,,,
383220,69200.0,2847000000.0,69700.0,69900.0,68600.0,41183.0,136000000.0
489790,52300.0,11121000000.0,50000.0,52600.0,49650.0,216789.0,7352000000.0
085620,19490.0,1298000000.0,18860.0,19720.0,18800.0,67161.0,
450080,36950.0,11955000000.0,34700.0,36950.0,34350.0,331880.0,
004800,155600.0,940000000.0,158800.0,158800.0,153100.0,6078.0,262000000.0
481050,1021895.0,30241000000.0,,,,,
026960,25900.0,2233000000.0,25350.0,26000.0,25250.0,86805.0,902000000.0
011170,60300.0,6880000000.0,60100.0,61800.0,59600.0,113674.0,1698999999.9999998
009420,48500.0,15200000000.0,43900.0,48700.0,43250.0,323155.0,5017000000.0
003690,14320.0,2635000000.0,14720.0,14720.0,14250.0,183659.0,409000000.0
278540,39755.0,434000000.0,,,,,
004370,400500.0,8199000000.0,404000.0,410000.0,400000.0,20319.0,1455000000.0
005850,52400.0,6306000000.0,50700.0,52600.0,50300.0,121618.0,2731000000.0
449170,112040.0,5323000000.0,,,,,
000240,25100.0,835000000.0,25200.0,25300.0,24800.0,33354.0,231000000.0
457190,78400.0,25138000000.0,77700.0,78500.0,75100.0,326886.0,31129000000.000004
004990,23700.0,1588000000.0,23950.0,24100.0,23550.0,67009.0,566000000.0
161510,24315.0,21297000000.0,,,,,
483650,184000.0,11123000000.0,185200.0,188000.0,182000.0,60324.0,5567000000.0
112610,54600.0,28527000000.0,51000.0,54800.0,50100.0,537565.0,
005440,12540.0,3639000000.0,12920.0,12960.0,12520.0,286813.0,649000000.0
001720,139300.0,1935000000.0,140000.0,140000.0,136200.0,14043.0,347000000.0
0193T0,11425.0,154732000000.0,,,,,
020150,42950.0,6716000000.0,41950.0,43300.0,41300.0,157409.0,3454999999.9999995
018670,240500.0,885000000.0,242000.0,242000.0,236500.0,3698.0,315000000.0
282330,127900.0,4138000000.0,129300.0,131100.0,127000.0,32244.0,225999999.99999997
204320,46700.0,8850000000.0,46100.0,47000.0,45400.0,191014.0,
385540,103120.0,352000000.0,,,,,
279570,5400.0,912000000.0,5400.0,5420.0,5360.0,169638.0,
103140,77900.0,3069000000.0,78300.0,78700.0,77000.0,39550.0,1242000000.0
030000,18740.0,7225000000.0,18760.0,19120.0,18660.0,383430.0,2030999999.9999998
456600,59610.0,12495000000.0,,,,,
009970,161800.0,943000000.0,164000.0,164000.0,160900.0,5826.0,46000000.0
284430,20680.0,9092000000.0,,,,,
081660,37450.0,2937000000.0,37500.0,38000.0,37150.0,78483.0,358000000.0
051600,44150.0,6258000000.0,44500.0,45050.0,43500.0,142428.0,3222000000.0
002790,25900.0,1512000000.0,25650.0,26050.0,25500.0,58621.0,214000000.0
073240,6880.0,4734000000.0,6720.0,6900.0,6630.0,696128.0,2691000000.0
139480,70900.0,4745000000.0,71600.0,72000.0,70400.0,66976.0,1982999999.9999998
214980,114495.0,2295000000.0,,,,,
229640,63200.0,8059000000.0,62100.0,63700.0,60600.0,128694.0,6877000000.0
069960,89200.0,4323000000.0,89700.0,90000.0,87300.0,48889.0,1098000000.0
292150,38795.0,11641000000.0,,,,,
007810,79000.0,44204000000.0,73200.0,79500.0,72600.0,578809.0,47004000000.0
305720,14665.0,41377000000.0,,,,,
000155,466500.0,3862000000.0,471500.0,480000.0,465000.0,8214.0,
089860,51000.0,9055000000.0,50400.0,52100.0,50300.0,176572.0,2970000000.0
007070,22100.0,2496000000.0,22400.0,22550.0,21950.0,112868.0,428000000.0
442580,109680.0,73058000000.0,,,,,
462870,31200.0,609000000.0,30700.0,31300.0,30700.0,19653.0,229000000.0
281820,92500.0,16826000000.0,87800.0,92500.0,87600.0,186009.0,8227000000.0
181710,56300.0,9237000000.0,54500.0,57900.0,54200.0,162725.0,3217000000.0
294400,146370.0,29036000000.0,,,,,
439260,45950.0,932000000.0,45550.0,46000.0,44800.0,20431.0,555000000.0
020560,8430.0,415000000.0,8490.0,8510.0,8270.0,49795.0,193000000.0
441640,12185.0,8880000000.0,,,,,
001430,47000.0,9211000000.0,45800.0,47500.0,44750.0,198458.0,4311000000.0
093370,15710.0,131921000000.0,14880.0,15920.0,14390.0,8502014.0,
475150,49450.0,22405000000.0,49400.0,49900.0,48550.0,456062.0,
105190,111740.0,21036000000.0,,,,,
023590,38500.0,1035000000.0,37800.0,38700.0,37300.0,27243.0,359000000.0
446770,82745.0,24494000000.0,,,,,
368590,30925.0,6416000000.0,,,,,
120110,55100.0,8783000000.0,54600.0,55700.0,54400.0,159870.0,2076000000.0000002
001820,158700.0,191994000000.0,149500.0,163500.0,147300.0,1212784.0,
001120,42450.0,5374000000.0,43100.0,43300.0,41650.0,127345.0,1184000000.0
071970,48200.0,4738000000.0,48550.0,48700.0,47400.0,98663.0,3249000000.0
000120,69800.0,2754000000.0,70200.0,70200.0,69200.0,39606.0,831000000.0
395400,5250.0,951000000.0,5240.0,5290.0,5180.0,182067.0,
0177N0,14690.0,40441000000.0,,,,,
329200,4035.0,8012000000.0,,,,,
006040,35400.0,656000000.0,35650.0,35650.0,35100.0,18574.0,117000000.0
091230,158220.0,24236000000.0,,,,,
0193W0,13375.0,95014000000.0,,,,,
610063,55890.0,48000000.0,,,,,
008770,39200.0,9368000000.0,39250.0,39350.0,38700.0,240037.0,2135000000.0000002
009155,525000.0,9071000000.0,523000.0,528000.0,484500.0,17707.0,
232080,15585.0,181875000000.0,,,,,
152100,113085.0,32331000000.0,,,,,
006280,129300.0,4206000000.0,124400.0,129600.0,123400.0,32782.0,1319000000.0
477080,107760.0,1092000000.0,,,,,
0195S0,9715.0,67285000000.0,,,,,
294870,22650.0,2545000000.0,23400.0,23500.0,22400.0,112039.0,577000000.0
379780,22655.0,5373000000.0,,,,,
487230,19900.0,8561000000.0,,,,,
005070,44600.0,4379000000.0,42800.0,44650.0,42700.0,99327.0,2781000000.0
012630,24750.0,1468000000.0,25400.0,25900.0,24600.0,58757.0,355000000.0
322000,131100.0,21908000000.0,126700.0,132000.0,123000.0,169626.0,
011210,52700.0,3212000000.0,52800.0,53600.0,52100.0,61150.0,1086000000.0
226490,71750.0,7701000000.0,,,,,
453850,6780.0,9761000000.0,,,,,
001800,23000.0,1515000000.0,23400.0,23550.0,22850.0,65656.0,547000000.0
390390,57630.0,48691000000.0,,,,,
466920,26165.0,31625000000.0,,,,,
469150,66500.0,26897000000.0,,,,,
097230,15010.0,2071000000.0,14670.0,15050.0,14520.0,140175.0,
494310,105700.0,435831000000.0,,,,,
361610,16230.0,7288000000.0,17440.0,17460.0,16050.0,441490.0,3390000000.0
475630,1079095.0,84174000000.0,,,,,
448330,17715.0,8666000000.0,,,,,
00680K,10250.0,3053000000.0,10170.0,10330.0,9900.0,302973.0,
455850,30915.0,161368000000.0,,,,,
700026,107905.0,0.0,,,,,
001740,6450.0,4558000000.0,6210.0,6450.0,6170.0,719820.0,
157450,112760.0,893000000.0,,,,,
436140,106425.0,7000000.0,,,,,
069620,109600.0,2303000000.0,107300.0,110300.0,106000.0,21245.0,403000000.0
066575,73100.0,1525000000.0,72600.0,73500.0,71700.0,20996.0,
007310,313000.0,645000000.0,318000.0,318500.0,311500.0,2061.0,166000000.0
465580,24650.0,36694000000.0,,,,,
438080,13835.0,4821000000.0,,,,,
415640,10070.0,1041000000.0,10030.0,10090.0,9950.0,103914.0,
192080,58200.0,1311000000.0,58400.0,58500.0,57600.0,22603.0,57999999.99999999
003540,25350.0,576000000.0,25400.0,25500.0,25050.0,22859.0,313000000.0
330590,4130.0,698000000.0,4100.0,4150.0,4070.0,169632.0,
356540,101465.0,54000000.0,,,,,
298020,274500.0,6790000000.0,278500.0,281000.0,273000.0,24671.0,1738000000.0
300720,16150.0,568000000.0,16230.0,16250.0,16030.0,35278.0,144000000.0
530031,2920.0,825000000.0,,,,,
000815,391000.0,3745000000.0,399000.0,399500.0,390000.0,9558.0,
003160,41500.0,100316000000.0,36800.0,41900.0,36750.0,2493741.0,89934000000.0
006120,66300.0,3125000000.0,66000.0,66500.0,64300.0,47449.0,847000000.0000001
497570,23180.0,6977000000.0,,,,,
0072R0,12250.0,8911000000.0,,,,,
030610,9970.0,161000000.0,9910.0,10020.0,9800.0,16330.0,43000000.0
195870,66500.0,9917000000.0,61400.0,66700.0,60800.0,153268.0,7811000000.0
280360,121700.0,1049000000.0,123400.0,123600.0,121100.0,8584.0,120000000.0
0183J0,7600.0,8966000000.0,,,,,
004000,42600.0,1471000000.0,43100.0,43450.0,42450.0,34485.0,480000000.0
445290,31060.0,6160000000.0,,,,,
494890,32130.0,50588000000.0,,,,,
487340,106185.0,1100000000.0,,,,,
494300,8935.0,9269000000.0,,,,,
469830,54535.0,7483000000.0,,,,,
017960,20300.0,2047000000.0,20350.0,20350.0,19960.0,101447.0,1388000000.0
451540,52935.0,138000000.0,,,,,
000080,14770.0,1045000000.0,14910.0,14980.0,14730.0,70452.0,243000000.00000003
295040,41795.0,3733000000.0,,,,,
449180,17210.0,8070000000.0,,,,,
006340,13100.0,12130000000.0,12980.0,13160.0,12710.0,936249.0,
000210,48600.0,1721000000.0,50100.0,50100.0,48550.0,35094.0,428000000.0
003570,30450.0,2561000000.0,30750.0,31550.0,30100.0,83864.0,1220000000.0
0117V0,19070.0,16293000000.0,,,,,
479520,106660.0,1625000000.0,,,,,
003240,900000.0,1004000000.0,919000.0,920000.0,898000.0,1112.0,151000000.0
003530,4635.0,5670000000.0,4550.0,4645.0,4400.0,1255449.0,
760009,107595.0,0.0,,,,,
446720,12880.0,5640000000.0,,,,,
0139F0,102375.0,153000000.0,,,,,
153130,113245.0,5323000000.0,,,,,
0219E0,8410.0,28943000000.0,,,,,
449450,50500.0,8096000000.0,,,,,
0195R0,12180.0,63772000000.0,,,,,
451800,5330.0,452000000.0,5360.0,5440.0,5260.0,84756.0,
495050,32495.0,1597000000.0,,,,,
192400,26900.0,370000000.0,27100.0,27150.0,26800.0,13757.0,42000000.0
315930,79435.0,1134000000.0,,,,,
438100,15300.0,5480000000.0,,,,,
237350,89000.0,10146000000.0,,,,,
030190,16210.0,960000000.0,15930.0,16290.0,15920.0,59370.0,55000000.00000001
032350,11750.0,2678000000.0,11660.0,11790.0,11450.0,229329.0,344000000.0
402970,14320.0,3694000000.0,,,,,
305540,18620.0,4530000000.0,,,,,
0048J0,13515.0,5856000000.0,,,,,
479080,53925.0,2208000000.0,,,,,
009240,39000.0,844000000.0,39500.0,39500.0,38650.0,21677.0,107000000.0
006110,60200.0,6449000000.0,60500.0,62100.0,58600.0,107288.0,3247999999.9999995
071320,78300.0,661000000.0,79400.0,79400.0,78100.0,8434.0,421000000.0
003090,15590.0,1575000000.0,15090.0,15630.0,15090.0,101860.0,204000000.0
077970,22500.0,1984000000.0,22300.0,22650.0,21750.0,89213.0,1834000000.0
185750,65200.0,945000000.0,64700.0,65400.0,64100.0,14594.0,157000000.0
009450,61300.0,1223000000.0,61700.0,61900.0,60800.0,19901.0,475000000.0
005300,95200.0,1059000000.0,95500.0,95500.0,94300.0,11184.0,104000000.0
285130,50900.0,1400000000.0,51400.0,51800.0,50600.0,27439.0,391000000.0
475720,12695.0,7988000000.0,,,,,
034230,9480.0,1894000000.0,9390.0,9480.0,9250.0,202277.0,834000000.0
051915,113800.0,574000000.0,112600.0,115000.0,112300.0,5027.0,
0117L0,10185.0,85000000.0,,,,,
700028,247855.0,420000000.0,,,,,
0177R0,12190.0,16144000000.0,,,,,
004490,61600.0,3800000000.0,59500.0,62000.0,59200.0,62152.0,959000000.0
000370,7280.0,2375000000.0,7340.0,7350.0,7170.0,328368.0,
069660,111410.0,13817000000.0,,,,,
490590,14645.0,13164000000.0,,,,,
003470,4370.0,676000000.0,4355.0,4400.0,4315.0,155272.0,
498410,11260.0,21503000000.0,,,,,
079160,5020.0,2121000000.0,5080.0,5120.0,4945.0,423672.0,
071055,141700.0,865000000.0,141900.0,143000.0,141200.0,6093.0,
466940,25700.0,16924000000.0,,,,,
441800,28525.0,3426000000.0,,,,,
272580,57230.0,1069000000.0,,,,,
550082,55910.0,0.0,,,,,
0025N0,11870.0,2632000000.0,,,,,
418660,42240.0,9441000000.0,,,,,
137310,6310.0,810000000.0,6130.0,6310.0,6080.0,129773.0,281000000.0
365550,3085.0,572000000.0,3110.0,3210.0,3060.0,185645.0,
462330,1013.0,64204000000.0,,,,,
499790,38200.0,2282000000.0,38550.0,38850.0,37900.0,59631.0,298000000.0
005690,12590.0,8928000000.0,12070.0,12660.0,12070.0,714782.0,
005180,85100.0,5883000000.0,84900.0,86600.0,83100.0,69164.0,511000000.00000006
114800,981.0,674776000000.0,,,,,
100090,11970.0,3911000000.0,11840.0,12000.0,11650.0,329979.0,
000670,40600.0,1678000000.0,41000.0,41400.0,40000.0,41517.0,881000000.0
036530,45550.0,558000000.0,46300.0,46750.0,45500.0,12203.0,170000000.0
456610,59185.0,1694000000.0,,,,,
252670,69.0,453004000000.0,,,,,
476550,6375.0,9405000000.0,,,,,
457480,17870.0,3754000000.0,,,,,
248070,15430.0,12250000000.0,13400.0,15500.0,13060.0,834846.0,5477000000.0
488080,40760.0,227145000000.0,,,,,
094800,7880.0,210000000.0,7720.0,7880.0,7650.0,26922.0,
495850,32295.0,950000000.0,,,,,
367760,63350.0,5473000000.0,,,,,
214320,18180.0,933000000.0,18240.0,18400.0,18130.0,51247.0,111000000.00000001
298050,162300.0,700000000.0,163500.0,163500.0,158700.0,4362.0,193000000.0
329750,12860.0,6535000000.0,,,,,
144600,9915.0,5031000000.0,,,,,
003850,8460.0,388000000.0,8360.0,8520.0,8320.0,46172.0,172000000.0
100840,36500.0,5681000000.0,37800.0,37900.0,35550.0,155195.0,10682000000.0
481060,7025.0,3349000000.0,,,,,
064960,26650.0,1217000000.0,26450.0,26850.0,26350.0,45658.0,396000000.0
0127P0,10695.0,2489000000.0,,,,,
580058,53950.0,0.0,,,,,
090460,20750.0,10318000000.0,20300.0,20850.0,20100.0,502551.0,9087000000.0
005090,48450.0,1853000000.0,48300.0,49000.0,47700.0,38443.0,940000000.0
290130,48825.0,1234000000.0,,,,,
093050,23500.0,1730000000.0,22750.0,24050.0,22750.0,73808.0,364000000.0
364980,10070.0,21551000000.0,,,,,
0101N0,21585.0,3698000000.0,,,,,
293940,5610.0,690000000.0,5620.0,5620.0,5540.0,123840.0,
005880,2100.0,2262000000.0,2050.0,2110.0,2045.0,1085567.0,
002960,520000.0,323000000.0,524000.0,524000.0,513000.0,626.0,123000000.0
314250,64805.0,3448000000.0,,,,,
482730,11520.0,3722000000.0,,,,,
0167B0,11880.0,11266000000.0,,,,,
434730,57600.0,8976000000.0,,,,,
0148J0,9700.0,17769000000.0,,,,,
458760,10250.0,2058000000.0,,,,,
000400,2120.0,1124000000.0,2025.0,2120.0,2015.0,540931.0,
102970,17620.0,6841000000.0,,,,,
456040,73300.0,2843000000.0,75100.0,75600.0,72300.0,38857.0,1309000000.0
423920,94350.0,18886000000.0,,,,,
317450,44800.0,1768000000.0,42250.0,45200.0,42200.0,39710.0,560000000.0
0007F0,10190.0,595000000.0,,,,,
371460,9065.0,867000000.0,,,,,
069260,15820.0,734000000.0,15800.0,15920.0,15630.0,46639.0,154000000.0
491010,25480.0,1971000000.0,,,,,
000640,95400.0,1235000000.0,92700.0,95800.0,92600.0,13040.0,165000000.0
0015B0,19795.0,5733000000.0,,,,,
434060,16755.0,981000000.0,,,,,
268280,126800.0,116000000.0,130300.0,130300.0,126400.0,912.0,4000000.0
001570,9900.0,0.0,0.0,0.0,0.0,0.0,
001060,27150.0,741000000.0,26600.0,27200.0,26350.0,27516.0,432000000.0
0061Z0,51130.0,31000000.0,,,,,
004710,11830.0,20332000000.0,10990.0,11970.0,10650.0,1750601.0,
108320,38300.0,2993000000.0,36500.0,38300.0,36300.0,79344.0,1553000000.0
001680,17740.0,813000000.0,18100.0,18100.0,17700.0,45809.0,256999999.99999997
014820,21200.0,377000000.0,21100.0,21300.0,20750.0,17960.0,62000000.0
383800,8040.0,319000000.0,8100.0,8100.0,8010.0,39706.0,106000000.0
0091P0,17040.0,39678000000.0,,,,,
466950,32295.0,1623000000.0,,,,,
453340,18720.0,617000000.0,19380.0,19440.0,18700.0,32672.0,124000000.0
017940,88300.0,1250000000.0,92000.0,93000.0,87200.0,14157.0,316000000.0
002840,134100.0,230000000.0,138600.0,138600.0,133700.0,1710.0,20000000.0
491620,10540.0,3634000000.0,,,,,
192650,9110.0,29201000000.0,7980.0,9250.0,7920.0,3262620.0,
138540,45935.0,5463000000.0,,,,,
033240,27500.0,1733000000.0,26250.0,27650.0,25900.0,64244.0,1174000000.0
489250,12120.0,7128000000.0,,,,,
079900,40550.0,791000000.0,40000.0,40550.0,39850.0,19643.0,836000000.0
251600,15150.0,2589000000.0,,,,,
0019K0,13575.0,3450000000.0,,,,,
006650,88700.0,1520000000.0,88900.0,90200.0,87700.0,17164.0,768000000.0
449190,23220.0,7027000000.0,,,,,
178920,19490.0,767000000.0,19120.0,19490.0,18920.0,39808.0,362000000.0
277630,72905.0,1667000000.0,,,,,
336370,8130.0,734000000.0,7900.0,8150.0,7860.0,91521.0,525000000.0
484790,7795.0,5653000000.0,,,,,
451000,107445.0,5000000.0,,,,,
075580,9970.0,691000000.0,9750.0,9970.0,9610.0,70408.0,399000000.0
025540,56000.0,883000000.0,55500.0,56200.0,54700.0,15887.0,148000000.0
016380,5650.0,7576000000.0,5820.0,6070.0,5600.0,1301977.0,
00088K,38500.0,939000000.0,39400.0,39400.0,37800.0,24385.0,
002350,5710.0,451000000.0,5630.0,5720.0,5590.0,79656.0,
284740,24800.0,789000000.0,24000.0,24850.0,24000.0,31997.0,117000000.0
017900,9570.0,8722000000.0,9560.0,9610.0,9150.0,931237.0,
471990,30530.0,60053000000.0,,,,,
00104K,128800.0,1005000000.0,130600.0,131900.0,126700.0,7827.0,
001510,2330.0,3401000000.0,2265.0,2335.0,2200.0,1492767.0,
114090,8710.0,791000000.0,8830.0,8830.0,8580.0,91420.0,297000000.0
455030,11630.0,745000000.0,,,,,
0163Y0,10895.0,13781000000.0,,,,,
003300,17350.0,166000000.0,17660.0,17830.0,17310.0,9533.0,18000000.0
005810,36950.0,235000000.0,36650.0,37200.0,36500.0,6412.0,74000000.0
462010,4870.0,11772000000.0,,,,,
001530,25700.0,456000000.0,25200.0,26000.0,25050.0,17855.0,88000000.0
494670,20800.0,9319000000.0,,,,,
365780,82160.0,456000000.0,,,,,
058650,129400.0,28000000.0,129200.0,129900.0,127800.0,221.0,
009410,1638.0,783000000.0,1625.0,1670.0,1606.0,479365.0,
0105E0,12570.0,4515000000.0,,,,,
007700,13350.0,87000000.0,13450.0,13450.0,13300.0,6573.0,9000000.0
001270,50300.0,108000000.0,50500.0,51400.0,49900.0,2156.0,68000000.0
435420,14225.0,2699000000.0,,,,,
361580,63375.0,11677000000.0,,,,,
371160,6290.0,2309000000.0,,,,,
003620,2520.0,507000000.0,2490.0,2525.0,2475.0,202356.0,
452260,2630.0,6787000000.0,2905.0,2920.0,2605.0,2518229.0,
315960,77825.0,2035000000.0,,,,,
496080,32255.0,4129000000.0,,,,,
444200,45600.0,829000000.0,,,,,
396520,12215.0,3493000000.0,,,,,
008060,16110.0,2623000000.0,15000.0,16600.0,15000.0,165734.0,2022000000.0
496020,52625.0,205000000.0,,,,,
438330,115540.0,624000000.0,,,,,
114260,61775.0,919000000.0,,,,,
029460,45000.0,1769000000.0,44200.0,45500.0,43200.0,39440.0,433000000.0
161000,10190.0,923000000.0,10120.0,10210.0,10040.0,91221.0,1139000000.0
463250,33295.0,6900000000.0,,,,,
019170,9380.0,1762000000.0,9000.0,9410.0,8960.0,190025.0,1244000000.0
251350,38370.0,3792000000.0,,,,,
460860,9880.0,33463000000.0,11110.0,11780.0,9830.0,3169596.0,68861000000.0
003545,19980.0,509000000.0,20050.0,20100.0,19950.0,25485.0,
448290,17825.0,1440000000.0,,,,,
476800,4180.0,3483000000.0,,,,,
001500,7800.0,304000000.0,7800.0,7810.0,7690.0,39267.0,170000000.0
377740,4695.0,151000000.0,4675.0,4720.0,4615.0,32494.0,
145990,46000.0,294000000.0,46000.0,46200.0,45100.0,6456.0,42000000.0
0220W0,5600.0,6639000000.0,5650.0,5830.0,5510.0,1183095.0,
484870,17150.0,1309000000.0,17740.0,17930.0,17110.0,75688.0,605000000.0
760013,93955.0,184000000.0,,,,,
002240,17380.0,3197000000.0,19170.0,19380.0,17240.0,176345.0,13561000000.000002
483280,11870.0,3449000000.0,,,,,
499660,1000360.0,13259000000.0,,,,,
039130,30050.0,519000000.0,30200.0,30250.0,29900.0,17309.0,187000000.0
243880,358000.0,39989000000.0,,,,,
0190C0,7715.0,2824000000.0,,,,,
004690,127300.0,612000000.0,127800.0,129100.0,126300.0,4826.0,144000000.0
249420,14570.0,3152000000.0,13820.0,14620.0,13780.0,218745.0,2537000000.0
003030,111100.0,6390000000.0,121000.0,121000.0,108100.0,57277.0,2190000000.0
471230,103380.0,610000000.0,,,,,
005250,9740.0,441000000.0,9510.0,9770.0,9500.0,45534.0,177000000.0
448730,5030.0,237000000.0,4960.0,5030.0,4905.0,47600.0,
002990,12260.0,9784000000.0,12260.0,12390.0,11960.0,806463.0,
020000,21250.0,2572000000.0,21000.0,21800.0,21000.0,120488.0,364000000.0
477050,53650.0,116000000.0,,,,,
490490,10450.0,1712000000.0,,,,,
451060,35740.0,2711000000.0,,,,,
004700,67700.0,33000000.0,65800.0,67700.0,65700.0,505.0,15000000.0
009900,8530.0,1658000000.0,8680.0,8680.0,8470.0,193930.0,11477000000.0
000070,57600.0,172000000.0,58200.0,58300.0,57300.0,2996.0,31000000.0
010780,14930.0,830000000.0,14750.0,15300.0,14620.0,55788.0,179000000.0
016610,10380.0,248000000.0,10300.0,10420.0,10230.0,23987.0,16000000.0
003280,1830.0,2982000000.0,1801.0,1835.0,1801.0,1638530.0,
293180,111720.0,1371000000.0,,,,,
447770,13705.0,1735000000.0,,,,,
090435,40950.0,501000000.0,41900.0,41900.0,40950.0,12195.0,
034310,11740.0,133000000.0,11760.0,12000.0,11710.0,11323.0,32000000.0
002030,208500.0,294000000.0,197800.0,210000.0,195400.0,1451.0,57999999.99999999
448300,23945.0,1630000000.0,,,,,
0210A0,7885.0,18436000000.0,,,,,
0023A0,24285.0,2597000000.0,,,,,
474220,15130.0,3850000000.0,,,,,
0016X0,51545.0,697000000.0,,,,,
385560,51110.0,1278000000.0,,,,,
005945,22350.0,678000000.0,22450.0,22450.0,22000.0,30522.0,
306200,148300.0,8347000000.0,168400.0,168800.0,147800.0,53786.0,19991000000.0
0173Y0,11285.0,12918000000.0,,,,,
072710,89200.0,61000000.0,89500.0,89900.0,89000.0,688.0,55000000.00000001
403550,10860.0,27000000.0,10830.0,10860.0,10700.0,2529.0,61000000.0
003000,4155.0,1336000000.0,4050.0,4155.0,4020.0,324261.0,
271940,11200.0,207000000.0,11180.0,11270.0,11090.0,18561.0,217000000.0
426020,31970.0,1417000000.0,,,,,
012030,2020.0,3629000000.0,1852.0,2045.0,1852.0,1831302.0,
014830,59900.0,411000000.0,60300.0,60600.0,59500.0,6868.0,104000000.0
005420,10540.0,905000000.0,10410.0,10540.0,10170.0,87112.0,310000000.0
130660,12330.0,1782000000.0,12500.0,12550.0,12160.0,144975.0,
302450,72415.0,267000000.0,,,,,
241180,35860.0,760000000.0,,,,,
005389,172900.0,417000000.0,173000.0,174100.0,172300.0,2411.0,
002810,21650.0,143000000.0,21600.0,21650.0,21250.0,6723.0,12000000.0
357120,4095.0,472000000.0,4200.0,4225.0,4055.0,115296.0,
001200,4085.0,2131000000.0,4060.0,4095.0,3955.0,530287.0,
474590,51240.0,5013000000.0,,,,,
0046A0,9395.0,6856000000.0,,,,,
148070,104120.0,840000000.0,,,,,
0060H0,12475.0,779000000.0,,,,,
385720,25755.0,826000000.0,,,,,
439860,113650.0,1000000.0,,,,,
480260,53910.0,331000000.0,,,,,
015360,14690.0,281000000.0,14600.0,14900.0,14600.0,19146.0,75000000.0
003350,16930.0,30056000000.0,15080.0,16940.0,14870.0,1839462.0,
029530,39400.0,182000000.0,38500.0,39400.0,37950.0,4742.0,28999999.999999996
011930,18770.0,6007000000.0,17810.0,18860.0,17640.0,324216.0,
092230,96500.0,174000000.0,96500.0,97800.0,94400.0,1828.0,20000000.0
344820,23700.0,50000000.0,23750.0,23950.0,23550.0,2149.0,57999999.99999999
520054,188990.0,216000000.0,,,,,
317400,9650.0,5711000000.0,9840.0,10070.0,9400.0,592024.0,
476760,8300.0,7836000000.0,,,,,
016590,9210.0,38000000.0,9470.0,9470.0,9110.0,4206.0,23000000.0
031430,10600.0,592000000.0,10480.0,10680.0,10480.0,55814.0,347000000.0
126560,3390.0,173000000.0,3350.0,3405.0,3350.0,51387.0,
469070,11035.0,1537000000.0,,,,,
950210,6150.0,179000000.0,6030.0,6190.0,5940.0,29578.0,
089590,4575.0,742000000.0,4610.0,4700.0,4545.0,162425.0,
475300,28150.0,148106000000.0,,,,,
008730,14810.0,1019000000.0,14680.0,14850.0,14290.0,70323.0,388000000.0
194370,12620.0,395000000.0,12530.0,12650.0,12500.0,31486.0,49000000.0
0120G0,49200.0,1689000000.0,46450.0,49300.0,45850.0,35089.0,807000000.0
002710,13950.0,28578000000.0,15350.0,15820.0,13660.0,1966467.0,117555000000.0
310960,65160.0,2009000000.0,,,,,
092790,14000.0,25543000000.0,15500.0,15560.0,13460.0,1792634.0,
183190,10100.0,392000000.0,10350.0,10380.0,10010.0,38889.0,160000000.0
0040Y0,7865.0,2306000000.0,,,,,
006220,9550.0,397000000.0,9410.0,9600.0,9400.0,41866.0,
001940,25350.0,80000000.0,26150.0,26300.0,25100.0,3140.0,46000000.0
091180,25455.0,3711000000.0,,,,,
245710,27650.0,740000000.0,,,,,
0131V0,10885.0,690000000.0,,,,,
270810,15200.0,3035000000.0,,,,,
007690,38300.0,467000000.0,38000.0,38400.0,37500.0,12299.0,162000000.0
132030,23465.0,2617000000.0,,,,,
015860,7180.0,569000000.0,7070.0,7190.0,6990.0,80016.0,
0182R0,11355.0,14221000000.0,,,,,
027410,3695.0,244000000.0,3715.0,3730.0,3675.0,66051.0,
442570,17460.0,1234000000.0,,,,,
0094M0,17355.0,19822000000.0,,,,,
484880,21880.0,10455000000.0,,,,,
005610,40750.0,240000000.0,40750.0,41900.0,40400.0,5836.0,81000000.0
0080G0,10120.0,16476000000.0,,,,,
458250,31590.0,6370000000.0,,,,,
385510,39995.0,2111000000.0,,,,,
0144L0,9530.0,788000000.0,,,,,
0167Z0,7570.0,4716000000.0,,,,,
462900,13300.0,20461000000.0,,,,,
105630,8630.0,122000000.0,8620.0,8690.0,8580.0,14174.0,31000000.0
104700,9450.0,1265000000.0,10340.0,10390.0,9450.0,128877.0,5714000000.0
472170,14115.0,2191000000.0,,,,,
217590,14190.0,7203000000.0,13440.0,14380.0,13410.0,514007.0,
060980,38100.0,352000000.0,38500.0,38500.0,38000.0,9233.0,49000000.0
279530,17130.0,2898000000.0,,,,,
0026S0,12670.0,1367000000.0,,,,,
170900,34950.0,116000000.0,34650.0,35250.0,34450.0,3330.0,51000000.0
097520,19480.0,977000000.0,19350.0,19770.0,19110.0,50560.0,144000000.0
006405,207500.0,717000000.0,204000.0,209500.0,200500.0,3488.0,
570090,55885.0,0.0,,,,,
0052D0,15175.0,1383000000.0,,,,,
011760,25150.0,672000000.0,24850.0,25250.0,24550.0,27036.0,115999999.99999999
456880,11975.0,1241000000.0,,,,,
017810,8660.0,66000000.0,8640.0,8720.0,8600.0,7692.0,38000000.0
448630,15340.0,988000000.0,,,,,
000157,369000.0,32000000.0,367000.0,371000.0,367000.0,87.0,
02826K,224500.0,383000000.0,224000.0,226000.0,220500.0,1714.0,
009290,6580.0,1030000000.0,6430.0,6600.0,6400.0,157924.0,
0043Y0,19005.0,1235000000.0,,,,,
009160,4965.0,441000000.0,4935.0,4995.0,4865.0,89789.0,
010955,80600.0,2437000000.0,88200.0,88900.0,80000.0,29445.0,
0052S0,11420.0,2176000000.0,,,,,
096760,4355.0,215000000.0,4260.0,4360.0,4255.0,49908.0,
145720,37100.0,174000000.0,36900.0,37150.0,36500.0,4735.0,256999999.99999997
0162M0,10050.0,97000000.0,,,,,
024720,9300.0,72000000.0,9300.0,9370.0,9180.0,7831.0,40000000.0
005720,6070.0,638000000.0,5960.0,6240.0,5880.0,105972.0,
485540,15730.0,9965000000.0,,,,,
005430,99700.0,1804000000.0,90100.0,102600.0,89800.0,18597.0,
001230,2025.0,868000000.0,2100.0,2130.0,2010.0,422273.0,
471780,40725.0,3465000000.0,,,,,
084010,9100.0,26553000000.0,10120.0,10120.0,8840.0,2735494.0,29612000000.0
010820,6410.0,2210000000.0,6280.0,6460.0,6210.0,347601.0,
002020,24150.0,655000000.0,23300.0,24300.0,22800.0,27907.0,305000000.0
020120,8410.0,2714000000.0,8210.0,8890.0,8210.0,320846.0,
0094K0,99605.0,718000000.0,,,,,
0111P0,10880.0,847000000.0,,,,,
272450,5950.0,308000000.0,5990.0,6010.0,5890.0,52101.0,
453810,10725.0,917000000.0,,,,,
002310,7840.0,182000000.0,7900.0,7960.0,7820.0,23179.0,
483320,26340.0,33838000000.0,,,,,
126720,21450.0,281000000.0,21500.0,21650.0,21150.0,13154.0,364000000.0
026890,7890.0,216000000.0,7880.0,7930.0,7790.0,27577.0,24000000.0
381970,6220.0,163000000.0,6320.0,6360.0,6220.0,26093.0,115999999.99999999
489030,6135.0,2561000000.0,,,,,
454780,99715.0,0.0,,,,,
025860,6040.0,816000000.0,6080.0,6080.0,5980.0,135890.0,
497880,50040.0,5797000000.0,,,,,
481190,17305.0,6924000000.0,,,,,
433330,21660.0,885000000.0,,,,,
200880,11020.0,170000000.0,10950.0,11100.0,10910.0,15550.0,200000000.0
005950,11320.0,2976000000.0,11220.0,11420.0,10920.0,264912.0,
0038A0,15600.0,1388000000.0,,,,,
108670,33000.0,246000000.0,33450.0,33500.0,32850.0,7433.0,105000000.0
123890,2415.0,192000000.0,2420.0,2435.0,2405.0,79611.0,
018250,11130.0,212000000.0,11080.0,11260.0,11080.0,19030.0,
003120,22050.0,397000000.0,22300.0,23400.0,22050.0,17691.0,184000000.0
570022,58375.0,0.0,,,,,
0008S0,9280.0,2945000000.0,,,,,
001750,19160.0,91000000.0,19200.0,19240.0,19070.0,4756.0,28000000.000000004
000430,4660.0,360000000.0,4540.0,4685.0,4370.0,79599.0,
0162Y0,8580.0,5466000000.0,,,,,
136340,103845.0,24000000.0,,,,,
441680,10790.0,329000000.0,,,,,
084690,7820.0,171000000.0,7850.0,7930.0,7760.0,21865.0,67000000.00000001
0098F0,15760.0,20286000000.0,,,,,
034830,1120.0,137000000.0,1125.0,1125.0,1115.0,123416.0,
033270,17720.0,241000000.0,17700.0,18220.0,17620.0,13637.0,78000000.0
091170,15700.0,17102000000.0,,,,,
001390,4240.0,330000000.0,4250.0,4320.0,4140.0,78451.0,
078520,11270.0,1338000000.0,10770.0,11320.0,10640.0,120360.0,556000000.0
475080,7745.0,868000000.0,,,,,
273140,114655.0,357000000.0,,,,,
423170,61895.0,6734000000.0,,,,,
461490,14515.0,655000000.0,,,,,
016800,24200.0,19000000.0,24350.0,24400.0,23800.0,788.0,5000000.0
388420,31640.0,1867000000.0,,,,,
244920,12270.0,208000000.0,12300.0,12380.0,12000.0,16999.0,
058430,4600.0,2933000000.0,4960.0,4960.0,4495.0,631011.0,
471040,30610.0,5837000000.0,,,,,
105840,13620.0,4584000000.0,13880.0,14040.0,13230.0,337111.0,
421320,28620.0,962000000.0,,,,,
122900,8200.0,275000000.0,8200.0,8280.0,8150.0,33619.0,
0228G0,10240.0,1539000000.0,,,,,
439870,88195.0,489000000.0,,,,,
473290,10905.0,179000000.0,,,,,
0183V0,12080.0,5675000000.0,,,,,
004310,8480.0,4780000000.0,8320.0,8560.0,8320.0,564782.0,
409820,21760.0,2482000000.0,,,,,
044450,11990.0,2547000000.0,12510.0,12750.0,11810.0,206948.0,
473330,7445.0,1892000000.0,,,,,
196230,117100.0,156000000.0,,,,,
017390,54200.0,230000000.0,54700.0,54700.0,53800.0,4273.0,51000000.0
004430,11150.0,898000000.0,11260.0,11320.0,10990.0,81067.0,
213610,22395.0,175000000.0,,,,,
002900,6400.0,1192000000.0,6380.0,6420.0,6280.0,188084.0,
010690,7550.0,955000000.0,7410.0,7570.0,7410.0,127087.0,
091810,2580.0,95000000.0,2590.0,2615.0,2580.0,36751.0,
453870,10515.0,434000000.0,,,,,
123320,114150.0,17811000000.0,,,,,
286940,17300.0,219000000.0,17350.0,17400.0,17170.0,12747.0,120000000.0
190620,102180.0,4883000000.0,,,,,
364970,6965.0,7106000000.0,,,,,
483340,23070.0,2344000000.0,,,,,
0232A0,100375.0,10000000.0,,,,,
385550,114260.0,1508000000.0,,,,,
005500,19380.0,901000000.0,19040.0,19490.0,18800.0,46685.0,602000000.0
307520,21595.0,3635000000.0,,,,,
037710,33750.0,440000000.0,34200.0,34200.0,33650.0,13038.0,391000000.0
486830,53440.0,182000000.0,,,,,
472920,98300.0,1000000.0,,,,,
334890,3655.0,180000000.0,3650.0,3660.0,3600.0,49769.0,
010580,2280.0,1304000000.0,2355.0,2440.0,2230.0,567446.0,
004360,13240.0,229000000.0,13260.0,13310.0,13080.0,17422.0,35000000.0
005680,12590.0,194000000.0,12550.0,12590.0,12380.0,15548.0,
495230,31735.0,1370000000.0,,,,,
003960,27050.0,131000000.0,27550.0,27550.0,26800.0,4858.0,20000000.0
432320,1635.0,330000000.0,1649.0,1649.0,1610.0,202905.0,
298690,1507.0,45000000.0,1511.0,1522.0,1504.0,30509.0,
139230,12565.0,1163000000.0,,,,,
117700,6740.0,10754000000.0,,,,,
003200,10620.0,584000000.0,10600.0,10820.0,10540.0,54917.0,128000000.0
363580,58700.0,2407000000.0,,,,,
493810,11490.0,3371000000.0,,,,,
404990,3920.0,110000000.0,3900.0,3975.0,3855.0,28273.0,
001790,2790.0,338000000.0,2800.0,2840.0,2760.0,121773.0,
003920,42350.0,184000000.0,42100.0,42750.0,41300.0,4388.0,72000000.0
0182S0,12895.0,2237000000.0,,,,,
044820,24900.0,493000000.0,25100.0,25500.0,24300.0,19623.0,
136490,10040.0,205000000.0,10030.0,10100.0,9960.0,20437.0,
228790,4195.0,13236000000.0,,,,,
002320,15230.0,377000000.0,15290.0,15440.0,15150.0,24787.0,30000000.0
007160,47150.0,77000000.0,47150.0,47350.0,45600.0,1656.0,43000000.0
003070,9270.0,70000000.0,9340.0,9340.0,9030.0,7708.0,
0053L0,8740.0,1100000000.0,,,,,
025000,56600.0,308000000.0,57500.0,57500.0,55800.0,5475.0,
283580,14305.0,737000000.0,,,,,
000680,2970.0,142000000.0,2940.0,2975.0,2920.0,48322.0,
030210,3840.0,73000000.0,3810.0,3870.0,3810.0,19063.0,
226320,10660.0,164000000.0,10450.0,10770.0,10340.0,15559.0,76000000.0
053690,21300.0,1927000000.0,21300.0,21650.0,20800.0,90850.0,
025560,8400.0,5128000000.0,8100.0,8440.0,7800.0,622804.0,
348950,1182.0,0.0,0.0,0.0,0.0,0.0,
001250,2820.0,3019000000.0,2845.0,3085.0,2800.0,1041558.0,
008490,20100.0,159000000.0,20100.0,20100.0,19800.0,8011.0,83000000.0
001340,5150.0,519000000.0,5060.0,5170.0,5030.0,101753.0,
900140,1197.0,254000000.0,1205.0,1219.0,1189.0,213124.0,
077500,10700.0,4690000000.0,10050.0,10850.0,9900.0,442701.0,
329650,13965.0,312000000.0,,,,,
0092C0,50305.0,227000000.0,,,,,
498270,15250.0,797000000.0,,,,,
0030R0,3845.0,57000000.0,3750.0,3980.0,3710.0,14836.0,
472160,19710.0,4694000000.0,,,,,
363570,86675.0,104000000.0,,,,,
001470,5820.0,0.0,0.0,0.0,0.0,0.0,
011500,14550.0,1474000000.0,14400.0,14590.0,14010.0,102826.0,
005010,4035.0,6879000000.0,4460.0,4460.0,3945.0,1664735.0,
001460,35900.0,49000000.0,35300.0,36450.0,35300.0,1380.0,4000000.0
422420,6825.0,633000000.0,,,,,
0151S0,16285.0,4106000000.0,,,,,
244580,8485.0,7243000000.0,,,,,
433500,57040.0,5256000000.0,,,,,
028100,19770.0,327000000.0,19820.0,19900.0,19200.0,16583.0,
134380,10060.0,19000000.0,10180.0,10180.0,10050.0,1921.0,
092200,5680.0,992000000.0,5440.0,5720.0,5370.0,178102.0,
0089D0,12985.0,2726000000.0,,,,,
0104N0,21395.0,1219000000.0,,,,,
003720,6470.0,759000000.0,6280.0,6470.0,6190.0,119832.0,
271050,1793.0,4617000000.0,,,,,
017860,12430.0,614000000.0,12480.0,12580.0,12170.0,49910.0,
437080,94025.0,192000000.0,,,,,
009680,10030.0,179000000.0,10190.0,10190.0,10000.0,17905.0,50000000.0
000490,7550.0,501000000.0,7450.0,7600.0,7440.0,66701.0,
488980,52250.0,34000000.0,,,,,
000050,7920.0,61000000.0,7900.0,7930.0,7800.0,7792.0,
034120,11700.0,57000000.0,11670.0,11860.0,11610.0,4898.0,33000000.0
458260,44480.0,2686000000.0,,,,,
442320,34340.0,403000000.0,,,,,
000540,3355.0,60000000.0,3400.0,3425.0,3325.0,18073.0,
463050,11915.0,11039000000.0,,,,,
035510,15350.0,950000000.0,15230.0,15480.0,15070.0,62358.0,
003650,123300.0,208000000.0,128800.0,128800.0,123100.0,1674.0,
452360,12760.0,1479000000.0,,,,,
0233J0,10710.0,1661000000.0,,,,,
475560,14440.0,137000000.0,14340.0,14440.0,14190.0,9617.0,
478150,17750.0,564000000.0,,,,,
0119H0,9915.0,312000000.0,,,,,
490090,16280.0,6388000000.0,,,,,
0093A0,38970.0,10423000000.0,,,,,
332930,146215.0,17000000.0,,,,,
157500,11950.0,2334000000.0,,,,,
305080,11685.0,1925000000.0,,,,,
03473K,373500.0,410000000.0,372000.0,375000.0,366000.0,1111.0,
266160,33295.0,567000000.0,,,,,
033920,7370.0,51000000.0,7460.0,7460.0,7350.0,6990.0,
448540,26725.0,1153000000.0,,,,,
520098,34630.0,702000000.0,,,,,
035150,10460.0,155000000.0,10570.0,10570.0,10320.0,14871.0,7000000.000000001
480040,15160.0,2301000000.0,,,,,
486450,18790.0,1316000000.0,,,,,
520094,102565.0,1938000000.0,,,,,
000320,15420.0,75000000.0,15770.0,15810.0,15370.0,4862.0,9000000.0
0153K0,11835.0,1135000000.0,,,,,
088260,3230.0,377000000.0,3280.0,3280.0,3195.0,117398.0,
000650,141600.0,69000000.0,141700.0,142400.0,140700.0,493.0,
298000,53300.0,625000000.0,53900.0,54400.0,52800.0,11740.0,
004980,8210.0,133000000.0,8260.0,8290.0,8160.0,16304.0,73000000.0
0069M0,13865.0,3452000000.0,,,,,
000480,4285.0,61000000.0,4330.0,4330.0,4255.0,14507.0,
003555,66700.0,176000000.0,67400.0,67500.0,66700.0,2634.0,
0005A0,9115.0,1073000000.0,,,,,
267770,86795.0,2388000000.0,,,,,
233160,9005.0,25372000000.0,,,,,
0005G0,57275.0,1474000000.0,,,,,
037270,3095.0,307000000.0,3070.0,3095.0,3055.0,99995.0,
100250,3080.0,60000000.0,3100.0,3100.0,3055.0,19833.0,
051905,93300.0,220000000.0,93500.0,94500.0,92000.0,2363.0,
302190,49960.0,253000000.0,,,,,
0190G0,10305.0,8580000000.0,,,,,
039570,7460.0,115000000.0,7520.0,7520.0,7350.0,15583.0,
003520,1057.0,280000000.0,1035.0,1059.0,1022.0,268428.0,
117580,7020.0,349000000.0,7000.0,7090.0,7000.0,49741.0,
000390,7090.0,489000000.0,7050.0,7100.0,6800.0,70144.0,
494220,55060.0,2636000000.0,,,,,
339770,3850.0,137000000.0,3820.0,3865.0,3805.0,35854.0,
095570,4245.0,188000000.0,4300.0,4300.0,4230.0,44406.0,
433980,15720.0,663000000.0,,,,,
0204D0,5605.0,3222000000.0,,,,,
530104,191670.0,88000000.0,,,,,
013580,21450.0,929000000.0,21700.0,21950.0,21350.0,43132.0,
495060,28560.0,1459000000.0,,,,,
530145,11245.0,2092000000.0,,,,,
053210,4010.0,224000000.0,4030.0,4035.0,3970.0,56004.0,
495550,33090.0,188000000.0,,,,,
500069,189470.0,0.0,,,,,
005960,8230.0,195000000.0,8250.0,8340.0,8130.0,23840.0,
500029,18870.0,129000000.0,,,,,
102460,10150.0,284000000.0,10050.0,10190.0,9950.0,28247.0,
0082V0,11225.0,567000000.0,,,,,
002420,6050.0,85000000.0,6070.0,6130.0,6000.0,14203.0,
102260,3715.0,290000000.0,3660.0,3735.0,3660.0,78533.0,
016580,10120.0,175000000.0,10050.0,10120.0,9970.0,17447.0,
487570,50500.0,321000000.0,53300.0,53300.0,49750.0,6370.0,
0115D0,7220.0,7201000000.0,,,,,
001630,37450.0,56000000.0,37400.0,37500.0,37150.0,1502.0,25000000.0
494330,32890.0,577000000.0,,,,,
001130,11070.0,60000000.0,11000.0,11080.0,10940.0,5539.0,26000000.0
004560,12350.0,430000000.0,12860.0,13000.0,12200.0,34408.0,
128820,4100.0,191000000.0,4095.0,4140.0,4040.0,46895.0,
473460,24365.0,1839000000.0,,,,,
0091C0,9220.0,1813000000.0,,,,,
003547,19200.0,153000000.0,19370.0,19370.0,19130.0,8015.0,
261260,5520.0,1133000000.0,,,,,
466930,23460.0,3087000000.0,,,,,
500099,18290.0,13000000.0,,,,,
033530,6750.0,205000000.0,6820.0,6820.0,6680.0,30449.0,
000140,7830.0,9000000.0,7890.0,7890.0,7820.0,1168.0,
007860,7710.0,149000000.0,7720.0,7900.0,7620.0,19530.0,
480020,10060.0,2807000000.0,,,,,
332500,74995.0,703000000.0,,,,,
429000,12470.0,706000000.0,,,,,
009470,27150.0,1378000000.0,26150.0,27250.0,25800.0,51359.0,
122090,83735.0,3019000000.0,,,,,
000520,8200.0,458000000.0,8090.0,8340.0,8030.0,55972.0,
003220,7890.0,162000000.0,7710.0,7890.0,7690.0,20872.0,93000000.0
003610,5500.0,113000000.0,5530.0,5530.0,5440.0,20784.0,
377190,1997.0,315000000.0,2020.0,2020.0,1972.0,158720.0,
414780,12665.0,595000000.0,,,,,
002100,9010.0,64000000.0,9040.0,9040.0,8990.0,7116.0,
0047A0,11640.0,418000000.0,,,,,
234080,11060.0,131000000.0,11000.0,11070.0,10980.0,11911.0,
015230,6450.0,211000000.0,6450.0,6500.0,6360.0,32685.0,
0099L0,99640.0,2000000.0,,,,,
000300,4200.0,0.0,0.0,0.0,0.0,0.0,
461950,4930.0,5147000000.0,,,,,
016450,4335.0,79000000.0,4350.0,4350.0,4295.0,18317.0,
530134,1919.0,3149000000.0,,,,,
213500,7240.0,83000000.0,7280.0,7280.0,7210.0,11523.0,
412570,1157.0,5071000000.0,,,,,
000700,6600.0,114000000.0,6650.0,6700.0,6590.0,17143.0,
403790,58675.0,23000000.0,,,,,
476450,52910.0,14000000.0,,,,,
0040X0,9055.0,502000000.0,,,,,
014710,9870.0,22000000.0,9900.0,9900.0,9670.0,2261.0,
003460,2980.0,22000000.0,2985.0,2990.0,2965.0,7702.0,
483290,9595.0,3788000000.0,,,,,
002150,4975.0,303000000.0,5070.0,5070.0,4925.0,61072.0,
337160,48925.0,300000000.0,,,,,
272560,114955.0,640000000.0,,,,,
0192Z0,100975.0,609000000.0,,,,,
354500,15450.0,5394000000.0,,,,,
241590,2680.0,45000000.0,2675.0,2680.0,2625.0,17172.0,
490600,8415.0,1509000000.0,,,,,
480030,9590.0,581000000.0,,,,,
101530,5530.0,0.0,0.0,0.0,0.0,0.0,
237370,15475.0,798000000.0,,,,,
0005D0,15435.0,5949000000.0,,,,,
0193G0,8555.0,4711000000.0,,,,,
090350,8000.0,443000000.0,7920.0,8030.0,7870.0,55652.0,
488720,48785.0,0.0,,,,,
460850,5340.0,470000000.0,5660.0,5660.0,5310.0,86706.0,
491820,43600.0,1820000000.0,,,,,
004380,7670.0,137000000.0,7490.0,7680.0,7400.0,18209.0,
000860,12200.0,29000000.0,12130.0,12200.0,12000.0,2435.0,
471760,16870.0,17768000000.0,,,,,
570051,31540.0,1000000.0,,,,,
152870,112485.0,795000000.0,,,,,
438560,100385.0,309000000.0,,,,,
002170,52000.0,20000000.0,52100.0,52100.0,51500.0,396.0,
200250,19660.0,98000000.0,,,,,
472870,6395.0,2195000000.0,,,,,
007570,8110.0,76000000.0,8140.0,8140.0,8010.0,9516.0,
160580,16075.0,612000000.0,,,,,
001780,1591.0,336000000.0,1577.0,1592.0,1568.0,212902.0,
0064K0,11905.0,851000000.0,,,,,
400760,2795.0,98000000.0,2830.0,2830.0,2790.0,35074.0,
462520,12770.0,40000000.0,12800.0,12800.0,12670.0,3202.0,
006805,11250.0,400000000.0,11270.0,11310.0,11090.0,35661.0,
00279K,21300.0,14000000.0,21500.0,21550.0,21100.0,668.0,
0180V0,7910.0,1022000000.0,,,,,
008970,1450.0,36499000000.0,1695.0,1695.0,1402.0,24050328.0,
001045,66500.0,102000000.0,66500.0,66800.0,66100.0,1539.0,
000970,6570.0,67000000.0,6620.0,6630.0,6540.0,10212.0,
0151P0,15360.0,938000000.0,,,,,
394670,10230.0,164000000.0,,,,,
011785,49350.0,72000000.0,49800.0,49800.0,49250.0,1471.0,
458210,110895.0,438000000.0,,,,,
013890,6790.0,105000000.0,6930.0,6930.0,6740.0,15575.0,56999999.99999999
272550,9870.0,160000000.0,9850.0,9900.0,9730.0,16371.0,
004090,11660.0,731000000.0,11510.0,11730.0,11500.0,62814.0,
004150,3605.0,316000000.0,3580.0,3610.0,3505.0,88993.0,
550089,147865.0,7000000.0,,,,,
219480,33175.0,449000000.0,,,,,
293480,8300.0,192000000.0,8240.0,8350.0,8210.0,23314.0,
271980,10030.0,103000000.0,10000.0,10100.0,9850.0,10421.0,
016880,1843.0,164000000.0,1793.0,1843.0,1765.0,91324.0,
0104H0,12010.0,421000000.0,,,,,
700023,146155.0,0.0,,,,,
138520,36130.0,323000000.0,,,,,
491610,105140.0,422000000.0,,,,,
481180,16900.0,4369000000.0,,,,,
0051G0,11760.0,610000000.0,,,,,
004970,9050.0,11000000.0,9010.0,9050.0,8950.0,1234.0,
143860,36370.0,795000000.0,,,,,
097955,109000.0,478000000.0,110800.0,110800.0,108700.0,4390.0,
003830,108500.0,2000000.0,108200.0,111400.0,107100.0,21.0,
025820,4300.0,407000000.0,4175.0,4300.0,4140.0,96361.0,
000020,5130.0,313000000.0,5040.0,5140.0,5020.0,61521.0,
457990,36680.0,11208000000.0,,,,,
0127M0,11910.0,212000000.0,,,,,
0199C0,8900.0,5303000000.0,,,,,
530136,14125.0,601000000.0,,,,,
498180,93510.0,0.0,,,,,
071840,5960.0,125000000.0,5980.0,5980.0,5800.0,21431.0,
451530,35570.0,624000000.0,,,,,
107590,60500.0,1000000.0,60400.0,60900.0,60400.0,31.0,
003480,4740.0,24000000.0,4710.0,4740.0,4690.0,5301.0,
0131W0,102360.0,616000000.0,,,,,
012610,3350.0,514000000.0,3250.0,3350.0,3230.0,156029.0,
476030,17595.0,832000000.0,,,,,
015890,4745.0,82000000.0,4715.0,4795.0,4695.0,17462.0,
0048K0,7715.0,682000000.0,,,,,
0041E0,16255.0,5300000000.0,,,,,
495330,32105.0,341000000.0,,,,,
008350,1068.0,483000000.0,1064.0,1080.0,1056.0,453876.0,
001360,1464.0,3142000000.0,1310.0,1490.0,1304.0,2214674.0,
094280,11900.0,20000000.0,11890.0,11910.0,11850.0,1706.0,
014280,4670.0,2680000000.0,4900.0,5040.0,4545.0,567984.0,
245340,33735.0,412000000.0,,,,,
001080,3880.0,217000000.0,4120.0,4130.0,3765.0,55484.0,
760007,33815.0,2000000.0,,,,,
004080,14450.0,75000000.0,14660.0,14660.0,14400.0,5246.0,
463680,23370.0,518000000.0,,,,,
011690,3635.0,3962000000.0,3400.0,3900.0,3340.0,1075828.0,
0181B0,10540.0,3346000000.0,,,,,
570050,26330.0,0.0,,,,,
411420,27630.0,1894000000.0,,,,,
018470,5180.0,243000000.0,5220.0,5220.0,5130.0,47168.0,
024090,11480.0,30000000.0,11470.0,11480.0,11330.0,2642.0,
0091M0,10175.0,182000000.0,,,,,
081000,9190.0,233000000.0,9400.0,9400.0,9130.0,25330.0,
570106,52175.0,0.0,,,,,
0092B0,15590.0,2100000000.0,,,,,
214390,5440.0,72000000.0,5340.0,5530.0,5330.0,13384.0,
325010,44615.0,148000000.0,,,,,
0209D0,8340.0,4283000000.0,,,,,
092220,3215.0,1486000000.0,3100.0,3225.0,3040.0,475104.0,
139220,7610.0,2667000000.0,,,,,
0074K0,17530.0,511000000.0,,,,,
015590,2410.0,358000000.0,2280.0,2425.0,2225.0,150020.0,
004960,11100.0,134000000.0,10830.0,11100.0,10680.0,12256.0,
760011,8260.0,25000000.0,,,,,
520066,21325.0,1895000000.0,,,,,
003010,10020.0,2108000000.0,9750.0,10250.0,9400.0,212395.0,
500037,63595.0,12000000.0,,,,,
461500,105220.0,1000000.0,,,,,
009270,1103.0,203000000.0,1083.0,1105.0,1078.0,186848.0,
463290,109520.0,110000000.0,,,,,
447620,15960.0,892000000.0,,,,,
448100,114020.0,4795000000.0,,,,,
013520,2505.0,95000000.0,2510.0,2520.0,2475.0,38256.0,
002210,1297.0,53000000.0,1276.0,1298.0,1268.0,41515.0,
078000,13520.0,25000000.0,13420.0,13640.0,13280.0,1937.0,
267290,21150.0,124000000.0,21150.0,21150.0,21000.0,5893.0,
0123G0,5975.0,714000000.0,,,,,
0000Y0,102125.0,0.0,,,,,
210540,11170.0,190000000.0,11150.0,11190.0,11070.0,17143.0,
009070,4085.0,297000000.0,4015.0,4095.0,3985.0,73668.0,
214420,5090.0,166000000.0,4980.0,5090.0,4920.0,33057.0,
005800,13520.0,6000000.0,13580.0,13580.0,13480.0,485.0,
377990,24800.0,1096000000.0,,,,,
006060,2190.0,86000000.0,2230.0,2230.0,2180.0,39129.0,
0168K0,5835.0,12212000000.0,,,,,
328370,39055.0,1000000.0,,,,,
350520,3280.0,7000000.0,3285.0,3320.0,3260.0,2156.0,
304660,6865.0,348000000.0,,,,,
438570,97835.0,13000000.0,,,,,
001520,1122.0,412000000.0,1124.0,1142.0,1112.0,368259.0,
089470,3765.0,252000000.0,3750.0,3790.0,3715.0,67320.0,
192090,11685.0,537000000.0,,,,,
001210,9450.0,6131000000.0,9370.0,9450.0,9110.0,662510.0,
0085P0,9315.0,4805000000.0,,,,,
332940,49670.0,3000000.0,,,,,
469170,5800.0,2325000000.0,,,,,
399110,20650.0,274000000.0,,,,,
037560,1519.0,209000000.0,1549.0,1549.0,1507.0,137928.0,
114820,105005.0,3526000000.0,,,,,
002390,8540.0,35000000.0,8430.0,8550.0,8000.0,4278.0,
0184L0,100630.0,5000000.0,,,,,
002620,7350.0,67000000.0,7310.0,7380.0,6920.0,9320.0,
550092,116985.0,0.0,,,,,
0174B0,16000.0,1384000000.0,,,,,
326240,46465.0,146000000.0,,,,,
004100,3165.0,1365000000.0,3040.0,3190.0,3025.0,435876.0,
491230,52635.0,183000000.0,,,,,
014530,3325.0,223000000.0,3350.0,3350.0,3300.0,67466.0,
017550,1858.0,206000000.0,1840.0,1861.0,1828.0,111654.0,
227840,12730.0,174000000.0,12980.0,12980.0,12590.0,13737.0,
034590,26400.0,3000000.0,26600.0,26600.0,26250.0,139.0,
304940,33880.0,70000000.0,,,,,
016740,4015.0,51000000.0,3965.0,4020.0,3940.0,13041.0,
266370,73570.0,879000000.0,,,,,
319640,24575.0,538000000.0,,,,,
0000J0,28250.0,1706000000.0,,,,,
0036R0,20175.0,285000000.0,,,,,
475310,33195.0,47243000000.0,,,,,
023450,32200.0,28000000.0,32050.0,32350.0,31900.0,903.0,
182480,12765.0,172000000.0,,,,,
083420,4675.0,50000000.0,4605.0,4680.0,4600.0,10964.0,
367770,21780.0,938000000.0,,,,,
079430,5560.0,35000000.0,5590.0,5600.0,5520.0,6380.0,
016710,6920.0,86000000.0,6920.0,6920.0,6830.0,12638.0,
002460,10960.0,39000000.0,11080.0,11080.0,10900.0,3631.0,
012200,3120.0,3138000000.0,3000.0,3260.0,2970.0,1005405.0,
013570,4180.0,156000000.0,4200.0,4200.0,4075.0,37715.0,
0221V0,100745.0,6000000.0,,,,,
011810,3530.0,0.0,0.0,0.0,0.0,0.0,
570019,7275.0,0.0,,,,,
012800,1196.0,298000000.0,1173.0,1196.0,1170.0,252750.0,
488500,11995.0,1928000000.0,,,,,
455860,4500.0,1498000000.0,,,,,
203780,35440.0,778000000.0,,,,,
476850,21955.0,994000000.0,,,,,
008040,7610.0,84000000.0,7840.0,7840.0,7360.0,11053.0,
0137V0,11700.0,467000000.0,,,,,
309230,29085.0,190000000.0,,,,,
009580,1716.0,267000000.0,1712.0,1750.0,1705.0,155835.0,
496090,32375.0,56000000.0,,,,,
0193M0,50390.0,0.0,,,,,
464310,13640.0,180000000.0,,,,,
006660,13090.0,9186000000.0,12490.0,13580.0,12490.0,695807.0,
021820,10600.0,41000000.0,10540.0,10750.0,10510.0,3945.0,
0132K0,7895.0,920000000.0,,,,,
004250,2865.0,7000000.0,2860.0,2865.0,2825.0,2568.0,
465610,43685.0,340000000.0,,,,,
0138Y0,9520.0,703000000.0,,,,,
010100,3430.0,189000000.0,3425.0,3465.0,3395.0,55387.0,
120030,82700.0,31000000.0,82700.0,83200.0,81800.0,383.0,
123690,6470.0,480000000.0,6260.0,6520.0,6200.0,75133.0,
372330,6275.0,322000000.0,,,,,
014580,3765.0,146000000.0,3765.0,3770.0,3715.0,39118.0,
464930,20735.0,148000000.0,,,,,
012320,43800.0,111000000.0,43100.0,43800.0,43100.0,2567.0,
500050,51650.0,1000000.0,,,,,
078935,58000.0,429000000.0,59600.0,59600.0,57300.0,7393.0,
267850,9290.0,86000000.0,9180.0,9310.0,9150.0,9339.0,
37550L,48500.0,179000000.0,48400.0,48900.0,47600.0,3741.0,
027970,2690.0,12000000.0,2710.0,2735.0,2670.0,4753.0,
0191W0,100975.0,0.0,,,,,
570116,51005.0,1000000.0,,,,,
0122W0,51115.0,26000000.0,,,,,
0197X0,5570.0,69288000000.0,,,,,
251340,2205.0,120978000000.0,,,,,
0135Y0,100405.0,113000000.0,,,,,
119650,918.0,0.0,0.0,0.0,0.0,0.0,
168580,32300.0,65000000.0,,,,,
530055,100665.0,1404000000.0,,,,,
0177X0,9745.0,1362000000.0,,,,,
248170,21900.0,359000000.0,21850.0,22050.0,21700.0,16448.0,
0080Y0,7620.0,3070000000.0,,,,,
0142D0,10615.0,2288000000.0,,,,,
458030,55185.0,4000000.0,,,,,
0162L0,12370.0,1700000000.0,,,,,
002450,1098.0,60000000.0,1080.0,1098.0,1077.0,55439.0,
035000,6130.0,1196000000.0,6050.0,6130.0,6030.0,196858.0,
011280,1400.0,44000000.0,1383.0,1400.0,1383.0,31687.0,
486240,31875.0,13000000.0,,,,,
475050,6625.0,5087000000.0,,,,,
394660,15045.0,77000000.0,,,,,
0008T0,17130.0,16523000000.0,,,,,
610037,6925.0,1000000.0,,,,,
070960,2005.0,110000000.0,2050.0,2050.0,2005.0,54647.0,
417310,2385.0,49000000.0,2365.0,2385.0,2365.0,20855.0,
453080,23915.0,203000000.0,,,,,
479620,27725.0,1561000000.0,,,,,
461460,51095.0,21000000.0,,,,,
008700,1240.0,147000000.0,1254.0,1255.0,1231.0,119063.0,
264900,7620.0,30000000.0,7660.0,7740.0,7600.0,4045.0,
025620,5230.0,62000000.0,4990.0,5250.0,4880.0,12569.0,
008260,3315.0,405000000.0,3460.0,3575.0,3305.0,119050.0,
580039,189435.0,17000000.0,,,,,
032560,5570.0,122000000.0,5590.0,5590.0,5480.0,22121.0,
014790,2500.0,84000000.0,2505.0,2510.0,2460.0,33946.0,
002780,6500.0,275000000.0,6510.0,6550.0,6410.0,42538.0,
473440,10865.0,4000000.0,,,,,
003580,1864.0,634000000.0,1945.0,1966.0,1811.0,341821.0,
433970,13865.0,372000000.0,,,,,
013700,1575.0,140000000.0,1589.0,1611.0,1552.0,89550.0,
036580,2560.0,69000000.0,2490.0,2560.0,2445.0,28154.0,
0176E0,9880.0,58000000.0,,,,,
007540,46550.0,257000000.0,46050.0,46550.0,45850.0,5568.0,
195980,15270.0,690000000.0,,,,,
007210,1433.0,58000000.0,1429.0,1435.0,1403.0,41109.0,
530061,31195.0,204000000.0,,,,,
067830,2275.0,25000000.0,2280.0,2285.0,2240.0,11274.0,
014440,4665.0,30000000.0,4660.0,4670.0,4630.0,6568.0,
002200,2785.0,71000000.0,2850.0,2855.0,2730.0,26096.0,
0035T0,19400.0,1403000000.0,,,,,
0198A0,9125.0,7792000000.0,,,,,
006840,6990.0,52000000.0,6830.0,7060.0,6710.0,7580.0,
363280,2030.0,40000000.0,2015.0,2150.0,2005.0,19550.0,
308620,10985.0,547000000.0,,,,,
143850,77435.0,141000000.0,,,,,
001275,30250.0,3000000.0,30250.0,30300.0,30150.0,102.0,
019180,5040.0,185000000.0,4980.0,5060.0,4950.0,36988.0,
058850,2190.0,168000000.0,2210.0,2230.0,2185.0,76460.0,
298770,84615.0,1333000000.0,,,,,
269540,30060.0,189000000.0,,,,,
001290,4160.0,121000000.0,4080.0,4210.0,4060.0,29469.0,
114100,105980.0,2768000000.0,,,,,
0052T0,50805.0,5000000.0,,,,,
058860,2580.0,172000000.0,2575.0,2600.0,2570.0,66766.0,
0007N0,112140.0,11000000.0,,,,,
325020,28915.0,159000000.0,,,,,
139990,2310.0,294000000.0,2410.0,2525.0,2280.0,123171.0,
454320,41550.0,51000000.0,,,,,
444490,19940.0,261000000.0,,,,,
610064,55145.0,0.0,,,,,
0066W0,12060.0,479000000.0,,,,,
468380,10415.0,532000000.0,,,,,
023000,2210.0,3000000.0,2215.0,2220.0,2200.0,1374.0,
261270,8240.0,135000000.0,,,,,
475280,10740.0,215000000.0,,,,,
530107,1449.0,59946000000.0,,,,,
329670,21615.0,288000000.0,,,,,
495040,31885.0,31000000.0,,,,,
004140,1793.0,43000000.0,1795.0,1799.0,1772.0,24145.0,
096775,68700.0,347000000.0,71400.0,71900.0,68000.0,5018.0,
211900,27200.0,170000000.0,,,,,
453330,18195.0,470000000.0,,,,,
006090,9040.0,17000000.0,8930.0,9040.0,8820.0,1948.0,
485690,23315.0,269000000.0,,,,,
004890,35000.0,16000000.0,34850.0,35100.0,34350.0,467.0,
359210,36270.0,96000000.0,,,,,
007980,1775.0,126000000.0,1794.0,1794.0,1765.0,71228.0,
329660,17640.0,166000000.0,,,,,
460960,10455.0,295000000.0,,,,,
33626K,6180.0,30000000.0,6160.0,6230.0,6050.0,4947.0,
000850,37450.0,134000000.0,37300.0,37500.0,36550.0,3621.0,
002600,137200.0,0.0,139800.0,139800.0,137200.0,3.0,
011700,2530.0,421000000.0,2505.0,2560.0,2435.0,169237.0,
0017Y0,94105.0,21000000.0,,,,,
337140,37005.0,192000000.0,,,,,
429760,19310.0,1497000000.0,,,,,
449770,20795.0,43000000.0,,,,,
000590,70200.0,32000000.0,71000.0,71000.0,69350.0,462.0,
108450,40190.0,946000000.0,,,,,
0225V0,12355.0,7696000000.0,,,,,
469060,38080.0,2747000000.0,,,,,
023800,5020.0,108000000.0,5090.0,5090.0,4990.0,21642.0,
001260,8060.0,264000000.0,7920.0,8150.0,7860.0,32973.0,
0057H0,11465.0,291000000.0,,,,,
069730,5490.0,900000000.0,5700.0,5970.0,5400.0,159439.0,
495750,32260.0,25000000.0,,,,,
0018C0,10325.0,716000000.0,,,,,
055490,16390.0,442000000.0,15340.0,16390.0,15000.0,28034.0,
500096,15655.0,2000000.0,,,,,
111380,12770.0,37000000.0,13030.0,13030.0,12720.0,2957.0,
009180,2775.0,42000000.0,2800.0,2800.0,2745.0,15347.0,
007610,4320.0,719000000.0,4305.0,4345.0,4200.0,168410.0,
109070,7340.0,341000000.0,7100.0,7750.0,6860.0,46069.0,
365040,36915.0,178000000.0,,,,,
0049M0,10995.0,173000000.0,,,,,
272910,105970.0,0.0,,,,,
0098N0,12705.0,668000000.0,,,,,
005740,5170.0,36000000.0,5160.0,5220.0,5090.0,6999.0,
0238F0,11035.0,5532000000.0,,,,,
138530,11930.0,242000000.0,,,,,
004840,3970.0,19000000.0,3935.0,3985.0,3935.0,4941.0,
163560,5500.0,93000000.0,5510.0,5570.0,5460.0,17062.0,
007590,5580.0,1000000.0,5600.0,5610.0,5560.0,227.0,
210780,22950.0,304000000.0,,,,,
084680,532.0,0.0,0.0,0.0,0.0,0.0,
002220,2825.0,367000000.0,2900.0,2905.0,2725.0,131340.0,
550093,37675.0,4000000.0,,,,,
364960,6315.0,166000000.0,,,,,
490480,27820.0,851000000.0,,,,,
0240J0,10635.0,3780000000.0,,,,,
000105,64800.0,11000000.0,64000.0,65300.0,64000.0,173.0,
0080X0,10625.0,377000000.0,,,,,
412770,12985.0,61000000.0,,,,,
292190,49400.0,1074000000.0,,,,,
013360,1367.0,100000000.0,1359.0,1375.0,1345.0,73424.0,
010960,3060.0,141000000.0,3040.0,3065.0,3030.0,46546.0,
228810,3000.0,703000000.0,,,,,
214330,7030.0,205000000.0,7100.0,7100.0,6880.0,29450.0,
298340,56500.0,2715000000.0,,,,,
071090,3625.0,13136000000.0,4100.0,4270.0,3500.0,3479372.0,
157490,7875.0,452000000.0,,,,,
024900,2235.0,176000000.0,2195.0,2255.0,2180.0,80044.0,
013870,3805.0,45000000.0,3775.0,3830.0,3775.0,11961.0,
292770,58055.0,0.0,,,,,
0210E0,7325.0,2029000000.0,,,,,
475350,14065.0,392000000.0,,,,,
002795,11230.0,97000000.0,11300.0,11300.0,11060.0,8741.0,
338100,3840.0,105000000.0,3830.0,3850.0,3825.0,27551.0,
0098Z0,95140.0,2000000.0,,,,,
530115,71100.0,13000000.0,,,,,
014160,655.0,0.0,0.0,0.0,0.0,0.0,
570120,14190.0,60000000.0,,,,,
266420,16470.0,1267000000.0,,,,,
0190Y0,8725.0,981000000.0,,,,,
000230,6120.0,76000000.0,5920.0,6120.0,5860.0,12733.0,
004770,1988.0,603000000.0,1971.0,1996.0,1959.0,305046.0,
0102A0,8750.0,2147000000.0,,,,,
005750,4240.0,134000000.0,4215.0,4300.0,4190.0,31877.0,
001020,1976.0,19000000.0,1974.0,2050.0,1969.0,9878.0,
550091,35165.0,0.0,,,,,
0022T0,12320.0,446000000.0,,,,,
063160,12780.0,152000000.0,12660.0,12940.0,12560.0,11970.0,
441540,25955.0,118000000.0,,,,,
500071,27940.0,1000000.0,,,,,
120115,25100.0,56000000.0,25300.0,25300.0,25000.0,2237.0,
004440,5450.0,113000000.0,5400.0,5530.0,5370.0,20874.0,
010040,1686.0,108000000.0,1715.0,1720.0,1650.0,64406.0,
002720,3270.0,138000000.0,3220.0,3295.0,3195.0,42641.0,
0233A0,10805.0,559000000.0,,,,,
570100,22965.0,100000000.0,,,,,
002700,1005.0,552000000.0,999.0,1008.0,993.0,553280.0,
001560,9060.0,2000000.0,9060.0,9120.0,9060.0,245.0,
031820,5680.0,53000000.0,5650.0,5700.0,5600.0,9438.0,
009770,27450.0,52000000.0,27750.0,27750.0,27350.0,1913.0,
155660,4280.0,147000000.0,4360.0,4470.0,4250.0,34136.0,
211560,34015.0,224000000.0,,,,,
011150,1901.0,45000000.0,1903.0,1907.0,1889.0,23776.0,
095720,1199.0,36000000.0,1213.0,1268.0,1190.0,30590.0,
130730,103210.0,42000000.0,,,,,
453950,34900.0,274000000.0,,,,,
492500,51355.0,10000000.0,,,,,
530131,22595.0,0.0,,,,,
228800,2630.0,270000000.0,,,,,
010660,3065.0,114000000.0,3080.0,3095.0,3045.0,37413.0,
550084,33675.0,0.0,,,,,
491700,112200.0,4000000.0,,,,,
000180,4815.0,69000000.0,4900.0,4945.0,4800.0,14343.0,
084670,23150.0,235000000.0,23500.0,23550.0,22000.0,10263.0,
0113D0,11740.0,730000000.0,,,,,
465330,11375.0,898000000.0,,,,,
418670,19200.0,1992000000.0,,,,,
530126,33390.0,0.0,,,,,
433880,18275.0,129000000.0,,,,,
085310,8940.0,47000000.0,8930.0,8940.0,8750.0,5421.0,
079980,1922.0,56000000.0,1937.0,1937.0,1905.0,29285.0,
473640,31570.0,1291000000.0,,,,,
278620,119210.0,50000000.0,,,,,
610066,55200.0,0.0,,,,,
019680,1635.0,21000000.0,1640.0,1640.0,1611.0,13129.0,
004720,2885.0,22000000.0,2815.0,2900.0,2750.0,7985.0,
017370,3550.0,33000000.0,3490.0,3615.0,3465.0,9373.0,
100220,5000.0,55000000.0,4970.0,5000.0,4940.0,11196.0,
210980,3490.0,128000000.0,3635.0,3635.0,3385.0,36993.0,
277640,38205.0,230000000.0,,,,,
278240,9155.0,1937000000.0,,,,,
007280,2255.0,26000000.0,2345.0,2345.0,2215.0,11657.0,
700022,32105.0,0.0,,,,,
005870,4545.0,118000000.0,4485.0,4555.0,4335.0,26678.0,
520081,64115.0,2000000.0,,,,,
0222D0,9990.0,1764000000.0,,,,,
306950,79915.0,59000000.0,,,,,
058730,3145.0,564000000.0,3125.0,3165.0,3080.0,180807.0,
480370,1955.0,881000000.0,1812.0,2000.0,1801.0,460971.0,
580082,25365.0,33000000.0,,,,,
0123S0,10205.0,14000000.0,,,,,
458750,12150.0,431000000.0,,,,,
261240,14065.0,610000000.0,,,,,
252400,104995.0,117000000.0,,,,,
009200,1513.0,47000000.0,1500.0,1529.0,1500.0,31321.0,
520080,20965.0,5000000.0,,,,,
018500,1342.0,38000000.0,1349.0,1349.0,1320.0,28689.0,
530067,31305.0,52000000.0,,,,,
495940,19850.0,33000000.0,,,,,
419890,107545.0,108000000.0,,,,,
0115E0,14300.0,518000000.0,,,,,
016090,1402.0,53000000.0,1403.0,1410.0,1394.0,37927.0,
520095,24820.0,2443000000.0,,,,,
520100,12375.0,2574000000.0,,,,,
580010,10270.0,0.0,,,,,
007815,20700.0,17000000.0,20650.0,20700.0,20000.0,867.0,
520086,24545.0,0.0,,,,,
455660,9150.0,118000000.0,,,,,
072130,4805.0,58000000.0,4860.0,4860.0,4750.0,12118.0,
068290,6090.0,67000000.0,6120.0,6230.0,5810.0,11161.0,
004450,28150.0,32000000.0,28150.0,28400.0,27750.0,1139.0,
140700,20065.0,1753000000.0,,,,,
760018,10020.0,0.0,,,,,
453640,13935.0,1230000000.0,,,,,
002760,1000.0,45000000.0,1000.0,1002.0,994.0,45931.0,
000220,3800.0,252000000.0,3700.0,3820.0,3685.0,67172.0,
440640,112925.0,380000000.0,,,,,
204480,21000.0,20000000.0,,,,,
275980,23820.0,8000000.0,,,,,
480310,22045.0,1419000000.0,,,,,
491220,132040.0,310000000.0,,,,,
372910,2145.0,253000000.0,2140.0,2165.0,2110.0,117967.0,
0040S0,23735.0,258000000.0,,,,,
0181L0,7145.0,284000000.0,,,,,
014990,3935.0,909000000.0,3800.0,3980.0,3745.0,234965.0,
0172V0,7820.0,784000000.0,,,,,
111110,6400.0,14000000.0,6440.0,6440.0,6260.0,2268.0,
304780,127555.0,25000000.0,,,,,
530124,57310.0,14000000.0,,,,,
003925,30300.0,5000000.0,30650.0,30700.0,30100.0,195.0,
35320K,27300.0,351000000.0,25500.0,27400.0,24850.0,13256.0,
520101,11415.0,698000000.0,,,,,
225040,67785.0,294000000.0,,,,,
0226A0,11380.0,1878000000.0,,,,,
520087,28420.0,809000000.0,,,,,
442560,16430.0,156000000.0,,,,,
261070,11750.0,2732000000.0,,,,,
129260,1900.0,22000000.0,1905.0,1915.0,1893.0,11817.0,
37550K,26700.0,81000000.0,26900.0,26900.0,26300.0,3058.0,
001465,26200.0,27000000.0,26050.0,26200.0,26000.0,1063.0,
090080,1027.0,52000000.0,1043.0,1043.0,1021.0,50798.0,
476260,15870.0,10234000000.0,,,,,
006890,4845.0,72000000.0,4800.0,4880.0,4795.0,14990.0,
434960,112275.0,39000000.0,,,,,
0220B0,12600.0,6406000000.0,,,,,
476750,6920.0,1057000000.0,,,,,
385590,24240.0,8000000.0,,,,,
000725,52800.0,58000000.0,53300.0,53400.0,51900.0,1106.0,
075180,2895.0,47000000.0,2980.0,2980.0,2855.0,16233.0,
020760,902.0,0.0,0.0,0.0,0.0,0.0,
0141S0,8535.0,562000000.0,,,,,
520056,27600.0,71000000.0,,,,,
570104,18380.0,0.0,,,,,
760016,55060.0,21000000.0,,,,,
0220WL,2320.0,501000000.0,2335.0,2375.0,2305.0,215946.0,
0238P0,10130.0,1046000000.0,,,,,
455960,11950.0,18000000.0,,,,,
580034,109135.0,5000000.0,,,,,
003465,3120.0,0.0,3255.0,3255.0,3025.0,117.0,
0000D0,8620.0,154000000.0,,,,,
003780,4175.0,769000000.0,4360.0,4360.0,4070.0,186572.0,
580076,27110.0,0.0,,,,,
025530,3625.0,17000000.0,3590.0,3635.0,3590.0,4739.0,
378850,2840.0,42000000.0,2825.0,2850.0,2790.0,14962.0,
28513K,25400.0,50000000.0,25400.0,25700.0,25300.0,1981.0,
092440,1837.0,398000000.0,1860.0,1885.0,1835.0,215091.0,
479730,9065.0,423000000.0,,,,,
003475,4170.0,21000000.0,4160.0,4170.0,4140.0,5068.0,
401470,9290.0,74000000.0,,,,,
150460,7265.0,12000000.0,,,,,
396690,1348.0,34000000.0,1345.0,1370.0,1340.0,25383.0,
0166S0,11730.0,327000000.0,,,,,
520089,10660.0,0.0,,,,,
0041D0,14400.0,6205000000.0,,,,,
520092,26610.0,355000000.0,,,,,
002410,1935.0,0.0,0.0,0.0,0.0,0.0,
021050,1120.0,208000000.0,1067.0,1130.0,1067.0,189388.0,
001550,10200.0,172000000.0,10100.0,10310.0,10030.0,16899.0,
0111J0,11990.0,936000000.0,,,,,
275300,30950.0,80000000.0,,,,,
006125,42700.0,116000000.0,42100.0,43050.0,42100.0,2710.0,
023810,5250.0,68000000.0,5020.0,5250.0,5020.0,13393.0,
0194T0,9720.0,664000000.0,,,,,
253150,209555.0,151000000.0,,,,,
530113,52365.0,0.0,,,,,
0046Y0,12160.0,90000000.0,,,,,
101280,30330.0,101000000.0,,,,,
610088,52055.0,46000000.0,,,,,
006980,16830.0,31000000.0,17130.0,17160.0,16000.0,1866.0,
700029,51845.0,0.0,,,,,
012690,1416.0,35000000.0,1414.0,1419.0,1396.0,25344.0,
0118Z0,8700.0,86000000.0,,,,,
287180,57515.0,2480000000.0,,,,,
011230,2700.0,490000000.0,2640.0,2705.0,2600.0,185591.0,
292560,7945.0,809000000.0,,,,,
004830,3285.0,41000000.0,3240.0,3300.0,3215.0,12751.0,
580068,51440.0,644000000.0,,,,,
010770,3505.0,68000000.0,3515.0,3560.0,3500.0,19492.0,
005305,66100.0,35000000.0,66500.0,66500.0,65500.0,545.0,
0113P0,102690.0,153000000.0,,,,,
152500,46475.0,1409000000.0,,,,,
530133,50855.0,146000000.0,,,,,
336160,99830.0,2000000.0,,,,,
0000Z0,8680.0,2194000000.0,,,,,
123700,3250.0,47000000.0,3320.0,3320.0,3230.0,14561.0,
007460,1976.0,236000000.0,1923.0,1977.0,1875.0,123338.0,
0118S0,10980.0,119000000.0,,,,,
500093,50500.0,19000000.0,,,,,
445150,27265.0,157000000.0,,,,,
473490,33625.0,117000000.0,,,,,
520072,16810.0,0.0,,,,,
0185L0,7155.0,250000000.0,,,,,
006880,4220.0,79000000.0,4290.0,4290.0,4150.0,18851.0,
0139P0,13120.0,156000000.0,,,,,
316670,7620.0,6496000000.0,,,,,
000950,29650.0,24000000.0,28500.0,32150.0,28500.0,812.0,
011390,47150.0,105000000.0,45300.0,47600.0,45300.0,2263.0,
475260,10770.0,0.0,,,,,
461340,44960.0,82000000.0,,,,,
114470,107425.0,15000000.0,,,,,
580056,24660.0,3000000.0,,,,,
011300,2860.0,55000000.0,2920.0,2920.0,2820.0,19422.0,
140950,87515.0,38000000.0,,,,,
001620,2185.0,14000000.0,2190.0,2195.0,2140.0,6634.0,
442260,39185.0,8000000.0,,,,,
440910,21570.0,68000000.0,,,,,
011000,2670.0,0.0,0.0,0.0,0.0,0.0,
0020H0,23050.0,270000000.0,,,,,
002630,1628.0,76000000.0,1611.0,1668.0,1611.0,46589.0,
700027,48160.0,300000000.0,,,,,
610061,24070.0,22000000.0,,,,,
0178H0,10210.0,172000000.0,,,,,
004410,1216.0,82000000.0,1201.0,1235.0,1200.0,68014.0,
218420,19485.0,892000000.0,,,,,
002140,1915.0,256000000.0,1927.0,1946.0,1913.0,133368.0,
009320,963.0,12000000.0,958.0,976.0,958.0,12481.0,
004920,907.0,0.0,0.0,0.0,0.0,0.0,
442090,31485.0,101000000.0,,,,,
305050,72590.0,129000000.0,,,,,
473590,20075.0,2243000000.0,,,,,
009835,18490.0,115000000.0,18590.0,18650.0,18130.0,6297.0,
101140,4680.0,14000000.0,4590.0,4855.0,4530.0,3177.0,
261220,26110.0,3677000000.0,,,,,
610101,46970.0,470000000.0,,,,,
570119,46955.0,0.0,,,,,
481430,97605.0,206000000.0,,,,,
447430,16455.0,101000000.0,,,,,
041650,2180.0,8000000.0,2200.0,2200.0,2170.0,3999.0,
123310,1093.0,2390000000.0,,,,,
196030,92985.0,13000000.0,,,,,
371470,8805.0,106000000.0,,,,,
360140,21130.0,841000000.0,,,,,
004540,1244.0,10000000.0,1239.0,1249.0,1232.0,8587.0,
069460,2660.0,0.0,0.0,0.0,0.0,0.0,
002920,1785.0,147000000.0,1762.0,1810.0,1750.0,83049.0,
0086B0,9435.0,232000000.0,,,,,
000910,2960.0,46000000.0,2990.0,2990.0,2945.0,15721.0,
357250,1848.0,10000000.0,1860.0,1860.0,1840.0,5895.0,
487130,31805.0,189000000.0,,,,,
520057,1456.0,17205000000.0,,,,,
580081,45600.0,3000000.0,,,,,
375770,25225.0,9000000.0,,,,,
005320,1324.0,260000000.0,1270.0,1324.0,1242.0,200025.0,
238720,50285.0,90000000.0,,,,,
520102,22500.0,35359000000.0,,,,,
092780,3415.0,104000000.0,3365.0,3415.0,3345.0,30830.0,
530143,44950.0,4000000.0,,,,,
074610,5110.0,0.0,0.0,0.0,0.0,0.0,
084870,2190.0,9000000.0,2145.0,2190.0,2135.0,4229.0,
0186S0,8780.0,3808000000.0,,,,,
453650,17890.0,243000000.0,,,,,
276990,25255.0,139000000.0,,,,,
003080,2225.0,16000000.0,2215.0,2230.0,2200.0,7271.0,
0207G0,7650.0,4266000000.0,,,,,
200030,39350.0,78000000.0,,,,,
0141T0,50290.0,0.0,,,,,
0194M0,12285.0,661000000.0,,,,,
004910,3395.0,16000000.0,3365.0,3410.0,3340.0,4807.0,
440650,11415.0,1337000000.0,,,,,
007110,2800.0,1050000000.0,3180.0,3300.0,2790.0,354285.0,
446070,4085.0,161000000.0,3865.0,4090.0,3865.0,40165.0,
014910,1978.0,259000000.0,1960.0,1980.0,1932.0,132791.0,
520078,14370.0,0.0,,,,,
017180,1267.0,92000000.0,1232.0,1268.0,1225.0,74198.0,
008420,2090.0,1155000000.0,2250.0,2470.0,2090.0,515974.0,
026940,2140.0,2649000000.0,2275.0,2440.0,2115.0,1167904.0,
0089C0,11255.0,2000000.0,,,,,
520091,10690.0,3000000.0,,,,,
570117,1941.0,454000000.0,,,,,
520073,42670.0,0.0,,,,,
481850,977.0,13000000.0,980.0,981.0,965.0,13911.0,
256750,13885.0,55000000.0,,,,,
0197W0,9545.0,1349000000.0,,,,,
0112X0,42080.0,585000000.0,,,,,
0132H0,7050.0,372000000.0,,,,,
550041,59875.0,0.0,,,,,
100910,17440.0,43000000.0,,,,,
0191M0,100815.0,0.0,,,,,
004060,2060.0,113000000.0,2045.0,2095.0,2045.0,54798.0,
472840,110725.0,65000000.0,,,,,
491830,23700.0,153000000.0,,,,,
570118,10340.0,45000000.0,,,,,
019490,541.0,0.0,0.0,0.0,0.0,0.0,
401170,10575.0,26000000.0,,,,,
023350,3760.0,74000000.0,3780.0,3820.0,3715.0,19994.0,
183700,97170.0,421000000.0,,,,,
000215,24200.0,6000000.0,25000.0,25050.0,24200.0,280.0,
448570,30080.0,0.0,,,,,
472830,7300.0,176000000.0,,,,,
469050,35175.0,670000000.0,,,,,
017040,932.0,0.0,0.0,0.0,0.0,0.0,
002360,3620.0,667000000.0,3400.0,3900.0,3400.0,182274.0,
500094,1910.0,497000000.0,,,,,
011330,4000.0,175000000.0,4000.0,4000.0,3870.0,44474.0,
520074,13355.0,1000000.0,,,,,
011420,1450.0,9000000.0,1445.0,1450.0,1430.0,6942.0,
002870,1136.0,144000000.0,1115.0,1155.0,1084.0,128643.0,
275280,44100.0,716000000.0,,,,,
008870,39650.0,7000000.0,40000.0,40050.0,39500.0,193.0,
450910,14970.0,986000000.0,,,,,
0189B0,7535.0,167000000.0,,,,,
139320,17380.0,104000000.0,,,,,
139280,12220.0,11000000.0,,,,,
500095,6515.0,2000000.0,,,,,
520082,12910.0,0.0,,,,,
322410,22070.0,165000000.0,,,,,
047400,919.0,108000000.0,944.0,945.0,866.0,119847.0,
145270,799.0,58000000.0,794.0,799.0,789.0,73848.0,
570102,19175.0,2000000.0,,,,,
023960,1005.0,31000000.0,1015.0,1015.0,987.0,31757.0,
494840,11365.0,107000000.0,,,,,
009810,1867.0,58000000.0,1946.0,1946.0,1765.0,31693.0,
760024,8425.0,36000000.0,,,,,
0192L0,9905.0,498000000.0,,,,,
610038,3785.0,26000000.0,,,,,
0234N0,10660.0,1981000000.0,,,,,
428510,22240.0,245000000.0,,,,,
134790,18780.0,9000000.0,18520.0,18830.0,18520.0,494.0,
049800,1876.0,33000000.0,1900.0,1900.0,1876.0,17815.0,
610078,30910.0,601000000.0,,,,,
449690,49457.0,0.0,,,,,
365000,3670.0,367000000.0,,,,,
0007G0,12095.0,208000000.0,,,,,
0204S0,8300.0,1336000000.0,,,,,
195930,22935.0,322000000.0,,,,,
147970,79510.0,501000000.0,,,,,
133820,983.0,34000000.0,974.0,1005.0,974.0,35117.0,
352540,10725.0,95000000.0,,,,,
276650,48605.0,77000000.0,,,,,
570103,3630.0,55000000.0,,,,,
580069,1960.0,151000000.0,,,,,
000890,1311.0,131000000.0,1292.0,1314.0,1292.0,100484.0,
610089,2130.0,1985000000.0,,,,,
027740,1140.0,34000000.0,1144.0,1155.0,1126.0,30572.0,
570029,7235.0,0.0,,,,,
494410,14435.0,93000000.0,,,,,
400970,7150.0,93000000.0,,,,,
0085N0,9405.0,696000000.0,,,,,
760005,35485.0,0.0,,,,,
0100K0,5900.0,2593000000.0,,,,,
010640,2110.0,247000000.0,2180.0,2180.0,2000.0,120913.0,
0023B0,16385.0,153000000.0,,,,,
510045,23455.0,0.0,,,,,
407830,14645.0,33000000.0,,,,,
276970,7455.0,44000000.0,,,,,
104530,17075.0,56000000.0,,,,,
385520,16280.0,93000000.0,,,,,
000760,12410.0,5000000.0,11840.0,12620.0,11840.0,460.0,
241390,15785.0,75000000.0,,,,,
0184E0,11195.0,1458000000.0,,,,,
012280,3485.0,32000000.0,3450.0,3485.0,3410.0,9371.0,
013000,1200.0,98000000.0,1199.0,1205.0,1145.0,83740.0,
610007,6870.0,0.0,,,,,
520096,13740.0,7679000000.0,,,,,
380340,28625.0,81000000.0,,,,,
530117,34340.0,184000000.0,,,,,
520077,13715.0,2000000.0,,,,,
266360,9245.0,142000000.0,,,,,
500085,34195.0,2000000.0,,,,,
295020,61060.0,1000000.0,,,,,
530118,11370.0,301000000.0,,,,,
464470,44570.0,778000000.0,,,,,
520079,33975.0,0.0,,,,,
008250,3100.0,44000000.0,3095.0,3145.0,3090.0,14368.0,
465660,27100.0,467000000.0,,,,,
009460,2740.0,17000000.0,2740.0,2795.0,2600.0,6575.0,
004365,9150.0,0.0,9210.0,9210.0,9130.0,18.0,
005820,14650.0,19000000.0,14550.0,14770.0,14470.0,1325.0,
449780,18685.0,103000000.0,,,,,
143210,1199.0,0.0,0.0,0.0,0.0,0.0,
117460,14060.0,396000000.0,,,,,
002880,3570.0,57000000.0,3560.0,3630.0,3480.0,16095.0,
491090,18532.0,764000000.0,,,,,
261250,15430.0,1251000000.0,,,,,
459560,22110.0,36000000.0,,,,,
105780,16535.0,21000000.0,,,,,
580077,11020.0,241000000.0,,,,,
520099,2540.0,12912000000.0,,,,,
475070,30015.0,113000000.0,,,,,
006370,3050.0,372000000.0,2915.0,3085.0,2840.0,125496.0,
217770,1130.0,604000000.0,,,,,
138910,9980.0,185000000.0,,,,,
0089B0,11285.0,163000000.0,,,,,
0154F0,11900.0,182000000.0,,,,,
446690,65380.0,423000000.0,,,,,
0138T0,9315.0,95000000.0,,,,,
498860,16280.0,246000000.0,,,,,
051630,1535.0,962000000.0,1775.0,1775.0,1461.0,623142.0,
452250,4195.0,237000000.0,,,,,
012160,2075.0,16000000.0,2025.0,2135.0,2020.0,7789.0,
500040,32320.0,0.0,,,,,
122260,104255.0,34000000.0,,,,,
0166N0,9230.0,779000000.0,,,,,
090370,1182.0,21000000.0,1161.0,1210.0,1161.0,18103.0,
520065,16125.0,0.0,,,,,
261060,29310.0,1312000000.0,,,,,
494340,21430.0,269000000.0,,,,,
465350,16045.0,419000000.0,,,,,
014130,2705.0,121000000.0,2635.0,2720.0,2625.0,45537.0,
156080,53155.0,103000000.0,,,,,
275290,35340.0,42000000.0,,,,,
474800,15145.0,527000000.0,,,,,
0083S0,12230.0,928000000.0,,,,,
475270,10755.0,301000000.0,,,,,
069640,1457.0,618000000.0,1341.0,1672.0,1250.0,431499.0,
0192T0,7440.0,4539000000.0,,,,,
322400,9575.0,13000000.0,,,,,
570127,31430.0,63000000.0,,,,,
0150K0,11215.0,364000000.0,,,,,
469790,44790.0,35000000.0,,,,,
088790,2515.0,134000000.0,2545.0,2600.0,2505.0,52774.0,
261140,24455.0,704000000.0,,,,,
003535,6510.0,104000000.0,6540.0,6540.0,6300.0,16299.0,
099140,20400.0,55000000.0,,,,,
010400,4090.0,52000000.0,4050.0,4160.0,4015.0,12879.0,
464920,25935.0,455000000.0,,,,,
036420,1613.0,122000000.0,1535.0,1614.0,1460.0,79855.0,
227540,18690.0,678000000.0,,,,,
395170,15475.0,41000000.0,,,,,
468630,10270.0,218000000.0,,,,,
426150,51315.0,13000000.0,,,,,
153270,85645.0,81000000.0,,,,,
0218J0,9060.0,518000000.0,,,,,
009190,685.0,2346000000.0,792.0,800.0,574.0,3662706.0,
0192M0,12430.0,537000000.0,,,,,
252710,76.0,9309000000.0,,,,,
009140,19520.0,51000000.0,19630.0,19990.0,19310.0,2659.0,
025750,1900.0,10000000.0,1897.0,1900.0,1878.0,5472.0,
387270,26385.0,181000000.0,,,,,
174360,21815.0,28000000.0,,,,,
459750,17435.0,32000000.0,,,,,
001070,5750.0,10000000.0,5800.0,5840.0,5680.0,1859.0,
024070,1974.0,9000000.0,1981.0,1999.0,1932.0,4995.0,
395290,4750.0,433000000.0,,,,,
139270,16390.0,211000000.0,,,,,
0155N0,7730.0,140000000.0,,,,,
450190,50140.0,0.0,,,,,
253250,103345.0,194000000.0,,,,,
459790,20650.0,50000000.0,,,,,
248270,25770.0,45000000.0,,,,,
520075,29800.0,0.0,,,,,
117680,12155.0,1422000000.0,,,,,
025890,2670.0,16000000.0,2685.0,2685.0,2615.0,6193.0,
530148,29690.0,29680000000.0,,,,,
476690,9880.0,59000000.0,,,,,
570082,1477.0,82000000.0,,,,,
006570,1929.0,80000000.0,1870.0,1948.0,1817.0,43188.0,
245350,18275.0,95000000.0,,,,,
145850,116855.0,0.0,,,,,
570072,29175.0,0.0,,,,,
570069,29000.0,1000000.0,,,,,
308170,3360.0,21000000.0,3400.0,3400.0,3320.0,6460.0,
500023,14435.0,0.0,,,,,
006740,4840.0,19000000.0,4805.0,4900.0,4715.0,4109.0,
500035,14400.0,0.0,,,,,
192720,56395.0,64000000.0,,,,,
0223R0,9900.0,194000000.0,,,,,
256440,4685.0,293000000.0,,,,,
500102,14155.0,68000000.0,,,,,
496770,15715.0,120000000.0,,,,,
003680,4555.0,176000000.0,4505.0,4575.0,4455.0,39165.0,
352560,11510.0,82000000.0,,,,,
489290,14835.0,41000000.0,,,,,
019175,14150.0,11000000.0,13920.0,14320.0,13920.0,827.0,
415920,5930.0,298000000.0,,,,,
700017,28130.0,54000000.0,,,,,
0224X0,9825.0,684000000.0,,,,,
289480,13325.0,284000000.0,,,,,
0155M0,6150.0,74000000.0,,,,,
570081,27930.0,2000000.0,,,,,
520090,6925.0,74000000.0,,,,,
530106,27700.0,294000000.0,,,,,
223190,27520.0,21000000.0,,,,,
520093,2265.0,135000000.0,,,,,
476070,10255.0,69000000.0,,,,,
700013,27170.0,0.0,,,,,
002690,1335.0,1156000000.0,1503.0,1618.0,1280.0,802081.0,
023150,4370.0,454000000.0,3980.0,4615.0,3980.0,104593.0,
0107F0,10795.0,79000000.0,,,,,
415340,12970.0,47000000.0,,,,,
118000,1215.0,22000000.0,1253.0,1253.0,1197.0,18884.0,
760004,9920.0,0.0,,,,,
007120,980.0,172000000.0,1016.0,1020.0,895.0,178037.0,
0049K0,10925.0,83000000.0,,,,,
610075,44550.0,440000000.0,,,,,
033250,4150.0,80000000.0,4225.0,4225.0,4085.0,19514.0,
520083,26560.0,0.0,,,,,
520047,26520.0,16000000.0,,,,,
0137W0,10190.0,143000000.0,,,,,
271060,8570.0,427000000.0,,,,,
005110,1254.0,0.0,0.0,0.0,0.0,0.0,
167860,91215.0,13000000.0,,,,,
0013R0,7340.0,94000000.0,,,,,
570047,26310.0,0.0,,,,,
277540,32725.0,48000000.0,,,,,
0152E0,10645.0,92000000.0,,,,,
006345,9950.0,250000000.0,9800.0,10000.0,9650.0,25287.0,
437350,11840.0,117000000.0,,,,,
0203S0,8525.0,146000000.0,,,,,
0047R0,15710.0,144000000.0,,,,,
0239Z0,12625.0,12981000000.0,,,,,
483570,16150.0,38000000.0,,,,,
610028,25775.0,0.0,,,,,
550069,25755.0,0.0,,,,,
580049,12860.0,0.0,,,,,
440340,11425.0,82000000.0,,,,,
570124,12830.0,0.0,,,,,
002355,3945.0,9000000.0,3930.0,3945.0,3925.0,2324.0,
004270,5570.0,42000000.0,5500.0,5690.0,5400.0,7634.0,
475380,9575.0,109000000.0,,,,,
530063,25360.0,15000000.0,,,,,
33637K,1495.0,2000000.0,1490.0,1499.0,1486.0,1757.0,
006490,1423.0,102000000.0,1361.0,1424.0,1330.0,74105.0,
496120,33570.0,11000000.0,,,,,
003060,1548.0,231000000.0,1470.0,1553.0,1450.0,153940.0,
139250,17725.0,362000000.0,,,,,
493420,11945.0,204000000.0,,,,,
292500,49845.0,0.0,,,,,
580057,12455.0,0.0,,,,,
292160,49785.0,444000000.0,,,,,
367740,45200.0,65000000.0,,,,,
245360,11830.0,60000000.0,,,,,
481340,7870.0,1964000000.0,,,,,
510044,16525.0,0.0,,,,,
0209Z0,7170.0,674000000.0,,,,,
159800,88135.0,47000000.0,,,,,
0115C0,10500.0,108000000.0,,,,,
001380,1094.0,103000000.0,1050.0,1096.0,1048.0,96508.0,
357430,801.0,14000000.0,827.0,829.0,790.0,17483.0,
0238C0,10180.0,7000000.0,,,,,
610069,16275.0,546000000.0,,,,,
003495,21950.0,39000000.0,22100.0,22250.0,21900.0,1787.0,
185680,45800.0,242000000.0,,,,,
610022,8100.0,9000000.0,,,,,
0097L0,12425.0,47000000.0,,,,,
760026,16150.0,2164000000.0,,,,,
368190,7560.0,0.0,,,,,
580048,12090.0,0.0,,,,,
0093D0,18595.0,90000000.0,,,,,
610001,12065.0,0.0,,,,,
0164G0,11415.0,27000000.0,,,,,
0198D0,10100.0,74000000.0,,,,,
364690,39800.0,30000000.0,,,,,
0177A0,9340.0,591000000.0,,,,,
0103T0,8200.0,2486000000.0,,,,,
071950,1639.0,106000000.0,1610.0,1651.0,1560.0,66037.0,
414270,11260.0,550000000.0,,,,,
442550,14710.0,36000000.0,,,,,
195970,16065.0,255000000.0,,,,,
479850,17330.0,521000000.0,,,,,
009310,5330.0,0.0,0.0,0.0,0.0,0.0,
530128,23280.0,2000000.0,,,,,
570115,23230.0,2000000.0,,,,,
0206G0,7705.0,1580000000.0,,,,,
138230,15940.0,19000000.0,,,,,
0127R0,17045.0,136000000.0,,,,,
0192S0,9540.0,1137000000.0,,,,,
700012,22835.0,1000000.0,,,,,
0047P0,14705.0,67000000.0,,,,,
300950,5405.0,293000000.0,,,,,
760012,32410.0,0.0,,,,,
0193L0,7685.0,7673000000.0,,,,,
760008,11250.0,4000000.0,,,,,
004870,994.0,41000000.0,901.0,1039.0,901.0,42581.0,
376410,24940.0,3000000.0,,,,,
0239Y0,11215.0,4865000000.0,,,,,
001420,2950.0,123000000.0,2985.0,3010.0,2885.0,42256.0,
388280,6875.0,66000000.0,,,,,
33626L,7500.0,2000000.0,7410.0,7780.0,7200.0,376.0,
419430,7990.0,7000000.0,,,,,
550085,11175.0,1000000.0,,,,,
375760,24800.0,13000000.0,,,,,
469160,26230.0,247000000.0,,,,,
500100,11125.0,42000000.0,,,,,
108590,111125.0,3000000.0,,,,,
280930,15865.0,503000000.0,,,,,
0186L0,9615.0,392000000.0,,,,,
030720,4750.0,143000000.0,4700.0,4760.0,4620.0,30469.0,
0223A0,11900.0,1649000000.0,,,,,
411540,16900.0,22000000.0,,,,,
239660,121850.0,58000000.0,,,,,
261120,5480.0,10000000.0,,,,,
225130,43825.0,48000000.0,,,,,
464600,24275.0,92000000.0,,,,,
433220,29515.0,63000000.0,,,,,
304770,15305.0,691000000.0,,,,,
580070,21690.0,1000000.0,,,,,
550087,10775.0,0.0,,,,,
610047,10775.0,3000000.0,,,,,
0026E0,11640.0,0.0,,,,,
580072,10765.0,0.0,,,,,
447660,13825.0,202000000.0,,,,,
530138,21380.0,2000000.0,,,,,
461450,16435.0,296000000.0,,,,,
269420,20695.0,39000000.0,,,,,
005360,1129.0,441000000.0,1129.0,1160.0,1092.0,393454.0,
012170,2905.0,46000000.0,2920.0,3075.0,2895.0,15596.0,
0190M0,8820.0,741000000.0,,,,,
610103,21055.0,3000000.0,,,,,
371450,13845.0,48000000.0,,,,,
008775,27950.0,16000000.0,28400.0,28400.0,27900.0,598.0,
570122,10500.0,0.0,,,,,
461600,7920.0,209000000.0,,,,,
471460,45605.0,20000000.0,,,,,
570130,20965.0,0.0,,,,,
253290,11615.0,187000000.0,,,,,
300640,6430.0,21000000.0,,,,,
337120,34750.0,0.0,,,,,
0231Z0,10425.0,4821000000.0,,,,,
610036,20810.0,55000000.0,,,,,
500091,10350.0,0.0,,,,,
550088,20625.0,0.0,,,,,
580067,10295.0,0.0,,,,,
580071,10275.0,60000000.0,,,,,
226980,22830.0,40000000.0,,,,,
364990,4565.0,1201000000.0,,,,,
152380,64550.0,32000000.0,,,,,
289040,34200.0,0.0,,,,,
530116,4100.0,169000000.0,,,,,
204450,2150.0,9000000.0,,,,,
530130,6805.0,282000000.0,,,,,
289250,35530.0,2000000.0,,,,,
550097,20215.0,116000000.0,,,,,
001685,14740.0,12000000.0,14600.0,14780.0,14510.0,877.0,
404120,25200.0,59000000.0,,,,,
520104,10075.0,9000000.0,,,,,
580073,20140.0,0.0,,,,,
000040,1020.0,27000000.0,1004.0,1038.0,1004.0,26987.0,
520106,10000.0,0.0,,,,,
417630,19010.0,15000000.0,,,,,
489000,9070.0,1323000000.0,,,,,
520105,9975.0,0.0,,,,,
477730,6760.0,11000000.0,,,,,
456680,4885.0,46000000.0,,,,,
610018,9955.0,0.0,,,,,
015020,928.0,0.0,0.0,0.0,0.0,0.0,
530119,19880.0,57000000.0,,,,,
00499K,24650.0,1000000.0,24700.0,24950.0,24250.0,66.0,
0241R0,9925.0,3544000000.0,,,,,
463300,12370.0,10000000.0,,,,,
610040,19745.0,0.0,,,,,
760021,28070.0,0.0,,,,,
437070,56660.0,42000000.0,,,,,
610087,19575.0,0.0,,,,,
520103,9740.0,0.0,,,,,
379790,16930.0,138000000.0,,,,,
465670,15530.0,288000000.0,,,,,
0067V0,8810.0,43000000.0,,,,,
461910,38750.0,34000000.0,,,,,
304760,48365.0,3000000.0,,,,,
091220,16360.0,878000000.0,,,,,
169950,24100.0,16000000.0,,,,,
530112,19275.0,12000000.0,,,,,
438320,4460.0,33000000.0,,,,,
404260,24060.0,9000000.0,,,,,
0153X0,10390.0,360000000.0,,,,,
760028,2400.0,7923000000.0,,,,,
228820,19000.0,89000000.0,,,,,
760022,9490.0,0.0,,,,,
580074,9480.0,0.0,,,,,
487950,13065.0,75000000.0,,,,,
183710,94695.0,10000000.0,,,,,
108675,18300.0,6000000.0,18900.0,18900.0,18300.0,332.0,
416090,11800.0,62000000.0,,,,,
570129,18870.0,2000000.0,,,,,
530132,18840.0,86000000.0,,,,,
229720,37660.0,42000000.0,,,,,
284980,21755.0,24000000.0,,,,,
461900,23200.0,42000000.0,,,,,
580089,18530.0,56000000.0,,,,,
0018Z0,18505.0,87000000.0,,,,,
497780,9715.0,58000000.0,,,,,
213630,20060.0,210000000.0,,,,,
570125,18415.0,0.0,,,,,
445910,20430.0,22000000.0,,,,,
445690,30625.0,1000000.0,,,,,
0144M0,6430.0,81000000.0,,,,,
002070,3815.0,238000000.0,3720.0,3980.0,3505.0,62409.0,
610104,18310.0,0.0,,,,,
093240,296.0,0.0,0.0,0.0,0.0,0.0,
276000,20160.0,59000000.0,,,,,
381560,17260.0,9000000.0,,,,,
407310,16465.0,8000000.0,,,,,
0104P0,10635.0,80000000.0,,,,,
227830,72115.0,12000000.0,,,,,
0198B0,12530.0,284000000.0,,,,,
449580,16120.0,22000000.0,,,,,
385600,11815.0,41000000.0,,,,,
292050,50615.0,20000000.0,,,,,
391670,29505.0,1000000.0,,,,,
195920,35325.0,136000000.0,,,,,
008600,2620.0,0.0,0.0,0.0,0.0,0.0,
530123,17605.0,0.0,,,,,
009440,756.0,0.0,0.0,0.0,0.0,0.0,
610003,8780.0,0.0,,,,,
289260,29200.0,147000000.0,,,,,
610025,17500.0,0.0,,,,,
570071,17350.0,1000000.0,,,,,
0065G0,8045.0,14000000.0,,,,,
225060,16235.0,1000000.0,,,,,
0086C0,9810.0,63000000.0,,,,,
0203R0,50410.0,0.0,,,,,
580066,8550.0,0.0,,,,,
0105D0,8995.0,138000000.0,,,,,
468370,10180.0,251000000.0,,,,,
457690,10460.0,346000000.0,,,,,
0233N0,11290.0,3291000000.0,,,,,
580075,16925.0,0.0,,,,,
477490,18620.0,198000000.0,,,,,
250730,9770.0,2000000.0,,,,,
460660,11070.0,18000000.0,,,,,
700034,11035.0,101000000.0,,,,,
451600,84945.0,5000000.0,,,,,
610085,27360.0,177000000.0,,,,,
530140,16375.0,29000000.0,,,,,
474920,17420.0,1000000.0,,,,,
0051A0,25185.0,60000000.0,,,,,
415760,12030.0,12000000.0,,,,,
494420,8585.0,53000000.0,,,,,
580090,16305.0,0.0,,,,,
530120,16295.0,1000000.0,,,,,
465770,2250.0,245000000.0,2300.0,2305.0,2160.0,108824.0,
570121,8120.0,0.0,,,,,
419650,4905.0,128000000.0,,,,,
483330,15355.0,145000000.0,,,,,
488290,46055.0,101000000.0,,,,,
570126,16060.0,0.0,,,,,
005725,4460.0,2000000.0,4490.0,4490.0,4450.0,492.0,
18064K,30250.0,31000000.0,30300.0,30300.0,29500.0,1051.0,
006200,1701.0,135000000.0,1789.0,1789.0,1696.0,78510.0,
131890,39730.0,6000000.0,,,,,
011090,1339.0,159000000.0,1420.0,1438.0,1300.0,115914.0,
265690,8535.0,0.0,,,,,
130680,7605.0,1032000000.0,,,,,
432840,19445.0,27000000.0,,,,,
219390,7765.0,169000000.0,,,,,
005257,18350.0,2000000.0,17870.0,18400.0,17870.0,158.0,
0193K0,13475.0,145000000.0,,,,,
484890,52675.0,733000000.0,,,,,
332620,82640.0,122000000.0,,,,,
610039,15410.0,0.0,,,,,
244620,21840.0,5000000.0,,,,,
0106J0,20320.0,8000000.0,19860.0,20320.0,19860.0,411.0,
0207Z0,7255.0,154000000.0,,,,,
413930,27485.0,0.0,,,,,
0222F0,13055.0,31000000.0,,,,,
114460,100060.0,24000000.0,,,,,
491510,17650.0,1000000.0,,,,,
530095,14995.0,0.0,,,,,
002025,12900.0,7000000.0,12690.0,12900.0,12690.0,613.0,
760017,21335.0,0.0,,,,,
387280,11720.0,16000000.0,,,,,
337150,24790.0,1000000.0,,,,,
0088N0,11860.0,160000000.0,,,,,
570099,14785.0,0.0,,,,,
453010,110115.0,85000000.0,,,,,
500072,1474.0,162000000.0,,,,,
004105,4450.0,820000000.0,4130.0,4525.0,4085.0,185094.0,
580050,14655.0,0.0,,,,,
530129,14500.0,6000000.0,,,,,
487750,36000.0,70000000.0,,,,,
404650,23920.0,1000000.0,,,,,
104520,14340.0,13000000.0,,,,,
0084E0,9880.0,0.0,,,,,
485810,11935.0,247000000.0,,,,,
234310,28605.0,0.0,,,,,
610081,28495.0,0.0,,,,,
610024,14215.0,1000000.0,,,,,
580086,14150.0,9000000.0,,,,,
760015,7035.0,218000000.0,,,,,
610086,70255.0,0.0,,,,,
0090B0,7200.0,376000000.0,,,,,
453630,11690.0,32000000.0,,,,,
000087,12350.0,12000000.0,12080.0,12350.0,12080.0,1018.0,
438900,10730.0,149000000.0,,,,,
373490,25335.0,1000000.0,,,,,
236350,22440.0,110000000.0,,,,,
580043,27775.0,513000000.0,,,,,
520076,5545.0,24000000.0,,,,,
500024,6890.0,0.0,,,,,
001795,2115.0,7000000.0,2150.0,2150.0,2095.0,3795.0,
496130,25340.0,0.0,,,,,
0153P0,9380.0,77000000.0,,,,,
570105,4500.0,5000000.0,,,,,
0127V0,10745.0,44000000.0,,,,,
360150,3275.0,147000000.0,,,,,
472720,25630.0,4000000.0,,,,,
102960,13315.0,237000000.0,,,,,
00806K,10980.0,103000000.0,10650.0,11050.0,10590.0,9489.0,
417450,15595.0,67000000.0,,,,,
610072,26435.0,0.0,,,,,
0242S0,10530.0,136000000.0,,,,,
024890,1590.0,116000000.0,1737.0,1737.0,1498.0,73524.0,
580052,26150.0,10000000.0,,,,,
45226K,4500.0,25000000.0,4600.0,4600.0,4475.0,5712.0,
137610,5650.0,166000000.0,,,,,
279540,21655.0,14000000.0,,,,,
0127T0,10805.0,20000000.0,,,,,
300610,5505.0,156000000.0,,,,,
580080,12935.0,3000000.0,,,,,
610062,64610.0,9000000.0,,,,,
0208N0,7785.0,13000000.0,,,,,
580032,25685.0,23000000.0,,,,,
084695,14050.0,72000000.0,13890.0,14090.0,13890.0,5146.0,
363510,112345.0,0.0,,,,,
0194R0,9435.0,130000000.0,,,,,
280920,23120.0,0.0,,,,,
140710,6685.0,347000000.0,,,,,
0004G0,8455.0,71000000.0,,,,,
580083,25345.0,0.0,,,,,
166400,25260.0,17000000.0,,,,,
0013P0,11475.0,911000000.0,,,,,
290080,7200.0,23000000.0,,,,,
520088,6295.0,28000000.0,,,,,
453820,9675.0,22000000.0,,,,,
530137,12545.0,0.0,,,,,
0028X0,10900.0,85000000.0,,,,,
610070,25045.0,0.0,,,,,
570123,6260.0,0.0,,,,,
760023,12505.0,21000000.0,,,,,
410870,8920.0,162000000.0,,,,,
610080,12485.0,0.0,,,,,
570096,12465.0,0.0,,,,,
530092,2490.0,80000000.0,,,,,
409810,5295.0,645000000.0,,,,,
610030,12430.0,0.0,,,,,
489860,14620.0,20000000.0,,,,,
0104G0,5385.0,173000000.0,,,,,
570074,12350.0,0.0,,,,,
0015F0,10280.0,12000000.0,,,,,
500097,12300.0,1000000.0,,,,,
453060,111710.0,187000000.0,,,,,
0220A0,8760.0,100000000.0,,,,,
610071,12200.0,3000000.0,,,,,
457700,9235.0,8000000.0,,,,,
435550,17400.0,10000000.0,,,,,
610096,12090.0,7000000.0,,,,,
610035,12070.0,30000000.0,,,,,
145995,32600.0,5000000.0,32800.0,32800.0,32400.0,167.0,
395760,21900.0,0.0,,,,,
500086,12030.0,0.0,,,,,
404540,24050.0,130000000.0,,,,,
700032,12025.0,0.0,,,,,
610020,12020.0,0.0,,,,,
251590,17165.0,16000000.0,,,,,
396510,6675.0,0.0,,,,,
610079,60015.0,21000000.0,,,,,
140580,23960.0,0.0,,,,,
610093,23705.0,0.0,,,,,
00781K,15100.0,8000000.0,14680.0,15100.0,14670.0,595.0,
580065,11830.0,103000000.0,,,,,
332610,122770.0,87000000.0,,,,,
282000,115260.0,0.0,,,,,
400570,11620.0,46000000.0,,,,,
0203D0,9015.0,187000000.0,,,,,
002820,967.0,303000000.0,1129.0,1129.0,908.0,316436.0,
580051,7735.0,32000000.0,,,,,
530121,11495.0,0.0,,,,,
610049,11480.0,0.0,,,,,
0191S0,15500.0,46000000.0,,,,,
610045,11405.0,0.0,,,,,
015260,242.0,87000000.0,249.0,252.0,238.0,359324.0,
530127,11380.0,0.0,,,,,
266410,9430.0,1300000000.0,,,,,
453660,16110.0,5000000.0,,,,,
580088,22550.0,249000000.0,,,,,
428560,14980.0,19000000.0,,,,,
430500,112140.0,37000000.0,,,,,
610060,22390.0,0.0,,,,,
38380K,7610.0,0.0,7780.0,7780.0,7460.0,69.0,
269370,15895.0,11000000.0,,,,,
407820,6175.0,61000000.0,,,,,
0216Z0,8875.0,175000000.0,,,,,
448490,52815.0,25000000.0,,,,,
269530,18445.0,11000000.0,,,,,
550100,11000.0,0.0,,,,,
252650,18290.0,41000000.0,,,,,
354240,9975.0,36000000.0,,,,,
0000H0,9540.0,4000000.0,,,,,
530139,10890.0,0.0,,,,,
610055,21745.0,0.0,,,,,
610076,54065.0,18000000.0,,,,,
464610,6975.0,114000000.0,,,,,
446700,10390.0,41000000.0,,,,,
0227L0,10785.0,1344000000.0,,,,,
580064,21545.0,0.0,,,,,
760032,10760.0,0.0,,,,,
0002C0,9930.0,0.0,,,,,
0120X0,10100.0,0.0,10100.0,10100.0,10100.0,0.0,
520064,5335.0,0.0,,,,,
610051,10660.0,0.0,,,,,
580054,21315.0,3000000.0,,,,,
419420,8850.0,7000000.0,,,,,
610058,21185.0,0.0,,,,,
272570,107865.0,9000000.0,,,,,
252000,19155.0,1000000.0,,,,,
001067,50100.0,0.0,51400.0,51400.0,50100.0,7.0,
0068M0,11685.0,0.0,,,,,
451150,16945.0,0.0,,,,,
520046,10490.0,17000000.0,,,,,
610074,10475.0,0.0,,,,,
438740,34910.0,0.0,,,,,
580047,10455.0,0.0,,,,,
0093B0,12985.0,11000000.0,,,,,
385710,10380.0,21000000.0,,,,,
482030,9870.0,193000000.0,,,,,
610057,20640.0,0.0,,,,,
0113G0,11455.0,61000000.0,,,,,
610056,20605.0,0.0,,,,,
435040,18730.0,363000000.0,,,,,
140570,25710.0,1000000.0,,,,,
610102,10250.0,0.0,,,,,
0001P0,9100.0,44000000.0,,,,,
310080,8810.0,37000000.0,,,,,
237440,10125.0,11000000.0,,,,,
0189Z0,10120.0,4000000.0,,,,,
610106,10105.0,0.0,,,,,
461580,16790.0,53000000.0,,,,,
460270,12410.0,3000000.0,,,,,
463640,12550.0,14000000.0,,,,,
580059,10030.0,0.0,,,,,
610092,10005.0,0.0,,,,,
570085,10000.0,0.0,,,,,
301400,15385.0,386000000.0,,,,,
610111,9990.0,0.0,,,,,
004255,1891.0,45000000.0,1900.0,1908.0,1845.0,24060.0,
0219B0,12480.0,742000000.0,,,,,
0224D0,11085.0,672000000.0,,,,,
530064,665.0,18000000.0,,,,,
291130,16520.0,1000000.0,,,,,
700014,9900.0,1000000.0,,,,,
610105,9875.0,0.0,,,,,
371870,6155.0,4000000.0,,,,,
760027,4915.0,682000000.0,,,,,
610098,9805.0,14000000.0,,,,,
281990,17700.0,10000000.0,,,,,
463690,17690.0,41000000.0,,,,,
610112,19405.0,0.0,,,,,
570128,9695.0,0.0,,,,,
610082,9680.0,0.0,,,,,
580087,9665.0,19000000.0,,,,,
610068,9610.0,63000000.0,,,,,
498050,10085.0,66000000.0,,,,,
0194N0,12350.0,3532000000.0,,,,,
0120J0,7625.0,43000000.0,,,,,
610077,9525.0,9000000.0,,,,,
429010,19040.0,2000000.0,,,,,
019685,980.0,10000000.0,956.0,1047.0,956.0,10408.0,
181480,79215.0,25000000.0,,,,,
145210,2240.0,0.0,0.0,0.0,0.0,0.0,
0094L0,6740.0,9000000.0,,,,,
0219Z0,10470.0,282000000.0,,,,,
0227K0,9420.0,100000000.0,,,,,
117690,18800.0,2000000.0,,,,,
139240,10670.0,170000000.0,,,,,
0221Z0,9840.0,241000000.0,,,,,
610034,9330.0,0.0,,,,,
580035,9305.0,0.0,,,,,
261110,15495.0,43000000.0,,,,,
003075,12500.0,39000000.0,12380.0,13000.0,12270.0,3144.0,
399580,9170.0,12000000.0,,,,,
0174R0,11450.0,33000000.0,,,,,
354350,17610.0,42000000.0,,,,,
230480,4790.0,2000000.0,,,,,
487910,7600.0,7000000.0,,,,,
001755,19270.0,0.0,19300.0,19340.0,19210.0,43.0,
580060,18215.0,0.0,,,,,
341850,4550.0,6000000.0,,,,,
700011,9080.0,30000000.0,,,,,
217780,5855.0,1000000.0,,,,,
0084D0,11335.0,105000000.0,,,,,
700033,9040.0,50000000.0,,,,,
494180,12905.0,2000000.0,,,,,
456250,7800.0,32000000.0,,,,,
580061,8935.0,0.0,,,,,
270800,16215.0,8000000.0,,,,,
0216K0,8910.0,272000000.0,,,,,
381570,10390.0,55000000.0,,,,,
466810,5870.0,64000000.0,,,,,
395150,1832.0,52000000.0,,,,,
497510,12535.0,6000000.0,,,,,
530135,8750.0,0.0,,,,,
520097,8750.0,40000000.0,,,,,
266390,14580.0,919000000.0,,,,,
550099,8715.0,25000000.0,,,,,
215620,16065.0,0.0,,,,,
500068,12370.0,0.0,,,,,
580063,17300.0,0.0,,,,,
580053,17245.0,3000000.0,,,,,
610083,17225.0,0.0,,,,,
105010,6140.0,14000000.0,,,,,
550095,17185.0,0.0,,,,,
174350,20340.0,130000000.0,,,,,
0133E0,8135.0,0.0,,,,,
33637L,2260.0,1000000.0,2225.0,2260.0,2195.0,522.0,
610097,8520.0,0.0,,,,,
570107,3405.0,16000000.0,,,,,
610059,17010.0,4000000.0,,,,,
570094,8500.0,0.0,,,,,
0215T0,9425.0,410000000.0,,,,,
0184N0,8475.0,38000000.0,,,,,
0214M0,9950.0,4000000.0,,,,,
497520,13010.0,13000000.0,,,,,
435540,16910.0,30000000.0,,,,,
429980,16850.0,105000000.0,,,,,
500101,8410.0,0.0,,,,,
457930,28000.0,0.0,,,,,
580085,8385.0,2000000.0,,,,,
0008E0,11145.0,48000000.0,,,,,
610090,8340.0,0.0,,,,,
375270,12800.0,9000000.0,,,,,
395750,20790.0,4000000.0,,,,,
449680,9760.0,0.0,,,,,
700035,8290.0,644000000.0,,,,,
0226D0,10325.0,3000000.0,,,,,
0067Y0,9175.0,23000000.0,,,,,
500036,4125.0,0.0,,,,,
000225,3630.0,15000000.0,3595.0,3630.0,3555.0,4241.0,
700036,1640.0,5895000000.0,,,,,
462340,16335.0,1000000.0,,,,,
182490,13595.0,42000000.0,,,,,
0176P0,14820.0,103000000.0,,,,,
610095,8150.0,119000000.0,,,,,
530114,8150.0,44000000.0,,,,,
520085,8130.0,0.0,,,,,
700031,8125.0,24000000.0,,,,,
0226G0,12490.0,28000000.0,,,,,
610073,16210.0,0.0,,,,,
395280,3445.0,11000000.0,,,,,
371150,6135.0,1000000.0,,,,,
610084,7970.0,0.0,,,,,
610094,7900.0,18000000.0,,,,,
304670,13090.0,3000000.0,,,,,
570097,7830.0,2000000.0,,,,,
227550,12220.0,219000000.0,,,,,
001515,3990.0,11000000.0,3865.0,3990.0,3865.0,2840.0,
760025,11045.0,1000000.0,,,,,
480460,9090.0,1000000.0,,,,,
189400,25755.0,2000000.0,,,,,
700030,1913.0,75000000.0,,,,,
570114,7540.0,4000000.0,,,,,
610100,7535.0,43000000.0,,,,,
001065,22000.0,3000000.0,22200.0,22200.0,22000.0,139.0,
435530,15020.0,4000000.0,,,,,
253280,12460.0,50000000.0,,,,,
285690,21335.0,0.0,,,,,
530056,1865.0,3000000.0,,,,,
227570,20715.0,104000000.0,,,,,
530122,7450.0,15000000.0,,,,,
0218K0,10615.0,0.0,,,,,
225800,14540.0,67000000.0,,,,,
0138D0,13440.0,28000000.0,,,,,
494210,10555.0,14000000.0,,,,,
530141,7335.0,0.0,,,,,
0172Y0,9140.0,25000000.0,,,,,
520084,7295.0,0.0,,,,,
490330,13220.0,85000000.0,,,,,
488480,13180.0,42000000.0,,,,,
402460,14480.0,3000000.0,,,,,
580079,7220.0,89000000.0,,,,,
0005C0,11105.0,4000000.0,,,,,
487920,7185.0,28000000.0,,,,,
580062,14270.0,0.0,,,,,
437370,10190.0,12000000.0,,,,,
0191B0,35555.0,183000000.0,,,,,
500098,7095.0,0.0,,,,,
530060,7080.0,0.0,,,,,
225050,15640.0,12000000.0,,,,,
315270,18495.0,6000000.0,,,,,
530142,7025.0,0.0,,,,,
0094X0,7730.0,25000000.0,,,,,
400590,13905.0,1000000.0,,,,,
244670,11515.0,1000000.0,,,,,
0082F0,9755.0,20000000.0,,,,,
760006,6815.0,0.0,,,,,
570092,6810.0,42000000.0,,,,,
610091,13560.0,0.0,,,,,
570109,13555.0,0.0,,,,,
000325,27800.0,3000000.0,27100.0,27800.0,26600.0,142.0,
256450,13360.0,0.0,,,,,
500067,9485.0,0.0,,,,,
004985,9020.0,6000000.0,9190.0,9190.0,8900.0,703.0,
139660,8550.0,0.0,,,,,
610099,6580.0,1000000.0,,,,,
176950,60850.0,0.0,,,,,
570101,6540.0,0.0,,,,,
456200,59105.0,6000000.0,,,,,
326230,10780.0,0.0,,,,,
139290,23055.0,127000000.0,,,,,
450180,9900.0,0.0,,,,,
307510,12820.0,185000000.0,,,,,
0036Z0,11650.0,12000000.0,,,,,
570095,6360.0,3000000.0,,,,,
530096,6355.0,5000000.0,,,,,
580078,6330.0,0.0,,,,,
138920,12655.0,8000000.0,,,,,
570091,6310.0,0.0,,,,,
0047N0,8965.0,3000000.0,,,,,
289670,52005.0,12000000.0,,,,,
004835,4445.0,46000000.0,4490.0,4490.0,4230.0,10508.0,
580084,12350.0,0.0,,,,,
451670,12330.0,6000000.0,,,,,
760010,8805.0,0.0,,,,,
368680,7665.0,14000000.0,,,,,
469530,9550.0,0.0,,,,,
316300,12205.0,4000000.0,,,,,
483020,9380.0,73000000.0,,,,,
570111,30440.0,0.0,,,,,
044380,436.0,0.0,0.0,0.0,0.0,0.0,
291630,4125.0,577000000.0,,,,,
429740,5980.0,41000000.0,,,,,
400580,11890.0,1000000.0,,,,,
570098,5945.0,0.0,,,,,
433250,23645.0,0.0,,,,,
250780,2225.0,1918000000.0,,,,,
0166T0,9025.0,0.0,,,,,
530062,45.0,2000000.0,,,,,
267450,11685.0,0.0,,,,,
0053M0,12980.0,0.0,,,,,
314700,10450.0,0.0,,,,,
090355,12400.0,2000000.0,11750.0,12400.0,11750.0,215.0,
0229F0,8830.0,164000000.0,,,,,
0114X0,8820.0,1000000.0,,,,,
012205,4900.0,15000000.0,4995.0,5080.0,4900.0,3049.0,
26490K,7380.0,2000000.0,7410.0,7410.0,7300.0,311.0,
401590,11095.0,0.0,,,,,
550096,11250.0,0.0,,,,,
407300,10165.0,0.0,,,,,
570108,11130.0,0.0,,,,,
470310,18510.0,1000000.0,,,,,
570073,5550.0,0.0,,,,,
291890,12330.0,6000000.0,,,,,
0184V0,5840.0,1285000000.0,,,,,
432600,55250.0,0.0,,,,,
610023,5500.0,30000000.0,,,,,
0087F0,10990.0,7000000.0,,,,,
238670,13460.0,47000000.0,,,,,
499150,10755.0,2000000.0,,,,,
550098,5300.0,87000000.0,,,,,
390400,6620.0,21000000.0,,,,,
220130,6580.0,1000000.0,,,,,
0174J0,8685.0,422000000.0,,,,,
0102X0,8600.0,3000000.0,,,,,
483030,11465.0,8000000.0,,,,,
219900,3675.0,11000000.0,,,,,
0015E0,10240.0,15000000.0,,,,,
295000,51140.0,0.0,,,,,
0154H0,9245.0,44000000.0,,,,,
760014,7235.0,5000000.0,,,,,
530094,5010.0,34000000.0,,,,,
476310,9050.0,1000000.0,,,,,
413220,4120.0,31000000.0,,,,,
227560,12295.0,69000000.0,,,,,
0132D0,8915.0,1000000.0,,,,,
001770,4000.0,786000000.0,4200.0,4200.0,3600.0,201489.0,
610029,4855.0,1000000.0,,,,,
550070,4830.0,0.0,,,,,
0015K0,6810.0,8000000.0,,,,,
411860,15835.0,10000000.0,,,,,
474390,40990.0,0.0,,,,,
267440,7645.0,4000000.0,,,,,
0073X0,8280.0,0.0,,,,,
266550,18005.0,0.0,,,,,
498610,7445.0,7000000.0,,,,,
391600,9845.0,93000000.0,,,,,
510027,1475.0,13000000.0,,,,,
0128D0,6310.0,14000000.0,,,,,
0078V0,8790.0,1000000.0,,,,,
580044,1457.0,639000000.0,,,,,
002995,14690.0,153000000.0,14620.0,14690.0,14310.0,10586.0,
000545,5590.0,1000000.0,5530.0,5590.0,5530.0,196.0,
205720,1429.0,0.0,,,,,
000145,9100.0,0.0,9100.0,9100.0,9100.0,23.0,
277650,21095.0,11000000.0,,,,,
0050E0,8275.0,30000000.0,,,,,
373790,14510.0,1000000.0,,,,,
009415,6170.0,8000000.0,6170.0,6250.0,6020.0,1325.0,
226380,5695.0,0.0,,,,,
291680,7965.0,0.0,,,,,
0131A0,7110.0,57000000.0,,,,,
252420,74.0,251000000.0,,,,,
005965,17240.0,0.0,17280.0,17280.0,17200.0,33.0,
530125,3835.0,125000000.0,,,,,
334690,5460.0,47000000.0,,,,,
500041,747.0,0.0,,,,,
225030,2260.0,27000000.0,,,,,
243890,8250.0,219000000.0,,,,,
005030,40.0,715000000.0,50.0,51.0,40.0,15667088.0,
244660,9220.0,0.0,,,,,
306530,8185.0,396000000.0,,,,,
007575,8050.0,0.0,7950.0,8050.0,7760.0,107.0,
427120,5290.0,25000000.0,,,,,
014825,13200.0,0.0,13300.0,13500.0,13200.0,43.0,
014285,5830.0,31000000.0,5800.0,5850.0,5590.0,5491.0,
570023,676.0,0.0,,,,,
570110,16770.0,0.0,,,,,
36328K,2830.0,2000000.0,2895.0,2895.0,2700.0,1038.0,
0079X0,9000.0,11000000.0,,,,,
321410,10405.0,0.0,,,,,
267490,4455.0,3000000.0,,,,,
005745,5100.0,30000000.0,5200.0,5200.0,5050.0,5955.0,
014915,4895.0,0.0,4910.0,4910.0,4895.0,16.0,
280940,3595.0,7000000.0,,,,,
476000,5185.0,146000000.0,,,,,
491630,4840.0,92000000.0,,,,,
145670,1250.0,53000000.0,,,,,
252410,1272.0,32000000.0,,,,,
000227,7600.0,9000000.0,7650.0,7750.0,7590.0,1259.0,
580033,4840.0,1000000.0,,,,,
253230,71.0,161000000.0,,,,,
334700,3555.0,2000000.0,,,,,
500051,1154.0,0.0,,,,,
500030,64.0,6000000.0,,,,,
001525,8240.0,10000000.0,7910.0,8250.0,7910.0,1222.0,
008355,7020.0,13000000.0,7360.0,7360.0,6740.0,1878.0,
280320,21560.0,9000000.0,,,,,
275750,2235.0,55000000.0,,,,,
570070,1781.0,0.0,,,,,
291620,3920.0,82000000.0,,,,,
700018,1472.0,41000000.0,,,,,
253240,1268.0,7000000.0,,,,,
306520,2310.0,4000000.0,,,,,
253160,143.0,130000000.0,,,,,
004545,3620.0,3000000.0,3625.0,3630.0,3530.0,1007.0,
500038,1190.0,0.0,,,,,
011155,5820.0,5000000.0,5850.0,5850.0,5750.0,908.0,
261920,11145.0,6000000.0,,,,,
412560,1609.0,58000000.0,,,,,
001527,5050.0,3000000.0,5100.0,5100.0,4995.0,632.0,
004415,3790.0,12000000.0,3820.0,3820.0,3790.0,3158.0,
002785,7390.0,16000000.0,7200.0,7400.0,6920.0,2393.0,
465620,6315.0,7000000.0,,,,,
002787,10790.0,13000000.0,10930.0,11110.0,10660.0,1236.0,
196170,265000.0,105245000000.0,253500.0,266000.0,251500.0,401198.0,66041551000.00001
086520,85100.0,63863000000.0,80000.0,85200.0,79800.0,766791.0,36440398000.0
247540,114700.0,40048000000.0,108100.0,114900.0,107500.0,355880.0,17993227000.0
036930,241000.0,367457000000.0,230000.0,244500.0,224000.0,1550825.0,
277810,439000.0,25873000000.0,418000.0,439000.0,412000.0,60203.0,12923819000.0
240810,143500.0,221291000000.0,131500.0,143500.0,131000.0,1594114.0,
039030,564000.0,73426000000.0,515000.0,564000.0,510000.0,134179.0,26573074000.000004
058470,81400.0,111606000000.0,73400.0,81400.0,73100.0,1429043.0,64424073000.0
222800,159700.0,118001000000.0,149200.0,159900.0,146400.0,764434.0,78099963000.0
403870,69000.0,280469000000.0,63600.0,69300.0,63000.0,4188382.0,
028300,40550.0,44746000000.0,40800.0,40800.0,38800.0,1127319.0,43979572000.0
095340,224500.0,38197000000.0,211500.0,225000.0,211000.0,173393.0,10706158000.0
319660,161900.0,57562000000.0,147600.0,161900.0,146900.0,371124.0,0.0
000250,199400.0,85761000000.0,171800.0,205500.0,170400.0,441201.0,50937353000.0
440110,89700.0,73985000000.0,81900.0,90200.0,81800.0,842492.0,
108490,296500.0,42872000000.0,287500.0,297000.0,276500.0,149023.0,45568067000.0
084370,185900.0,44376000000.0,167700.0,186000.0,167600.0,247649.0,12573549000.0
031980,194000.0,40347000000.0,178600.0,194300.0,177900.0,216144.0,0.0
095610,183900.0,72103000000.0,168700.0,183900.0,168600.0,406283.0,30801747999.999996
064760,314000.0,19470000000.0,301500.0,314000.0,299500.0,63169.0,3392801999.9999995
067310,51200.0,135590000000.0,47200.0,51200.0,47200.0,2724663.0,
131290,305000.0,25128000000.0,283000.0,305000.0,283000.0,84482.0,11060057000.0
357780,430000.0,25603000000.0,403000.0,432500.0,402500.0,60405.0,6960196999.999999
087010,142500.0,21991000000.0,131200.0,142600.0,130400.0,158041.0,13254922000.0
214450,314500.0,37166000000.0,308500.0,317500.0,305500.0,119507.0,10148510000.0
141080,86200.0,25919000000.0,79500.0,86200.0,78200.0,308829.0,13873273000.0
080220,88200.0,267543000000.0,77700.0,88200.0,77200.0,3194108.0,
298380,53600.0,27133000000.0,48300.0,53700.0,47350.0,527949.0,17281935000.0
310210,151700.0,20630000000.0,131900.0,152100.0,130700.0,142073.0,6862698000.0
005290,53100.0,66803000000.0,47200.0,53300.0,47150.0,1301697.0,42148519000.0
226950,116900.0,48887000000.0,101600.0,116900.0,99900.0,432675.0,20174506000.0
010170,17000.0,77615000000.0,16700.0,17060.0,16260.0,4643393.0,
178320,40250.0,50182000000.0,38450.0,40400.0,37700.0,1276139.0,
257720,38300.0,23012000000.0,38350.0,39250.0,37250.0,599394.0,11638217000.0
098460,34050.0,104457000000.0,30950.0,34050.0,30550.0,3159374.0,
214370,43150.0,3602000000.0,40650.0,43200.0,39900.0,85684.0,1650541000.0000002
319400,20700.0,15109000000.0,20450.0,20750.0,20050.0,737905.0,
145020,180600.0,11520000000.0,178200.0,181000.0,175500.0,64413.0,2361684000.0
140410,73600.0,6194000000.0,73200.0,74400.0,70400.0,85138.0,
058610,100100.0,14715000000.0,98100.0,100500.0,96500.0,149003.0,18547199000.0
032820,12540.0,23800000000.0,12640.0,12800.0,12180.0,1913047.0,
030530,28000.0,28965000000.0,26200.0,28000.0,26100.0,1063796.0,
043260,28500.0,118377000000.0,26650.0,28500.0,26050.0,4301441.0,
089030,57300.0,80930000000.0,51900.0,57300.0,51400.0,1466379.0,
263750,33550.0,7315000000.0,32300.0,33800.0,32000.0,220338.0,4134194000.0
140860,299500.0,18958000000.0,272000.0,299500.0,271500.0,64847.0,4709933000.0
347850,45250.0,28890000000.0,41500.0,45300.0,41050.0,655664.0,
214150,31350.0,6505000000.0,30050.0,31450.0,29700.0,211113.0,1878231000.0
131970,105800.0,40426000000.0,97200.0,106000.0,97000.0,394108.0,29304014000.0
237690,95600.0,11453000000.0,91500.0,95800.0,91000.0,121506.0,3798321000.0
083650,60300.0,19562000000.0,62300.0,62400.0,59600.0,324267.0,28453600999.999996
323280,61100.0,31885000000.0,57100.0,61900.0,56700.0,530279.0,39576982000.0
089970,70800.0,59037000000.0,61600.0,71000.0,61100.0,876075.0,33586867000.0
183300,35700.0,15636000000.0,33850.0,36200.0,33600.0,442860.0,8715739000.0
036540,11000.0,156630000000.0,10780.0,11850.0,10650.0,13887547.0,
041510,77700.0,11911000000.0,81400.0,81700.0,77000.0,152252.0,3834049000.0000005
068760,39650.0,4654000000.0,37900.0,39650.0,37800.0,119333.0,1561648000.0
096530,37300.0,18355000000.0,34800.0,37300.0,34750.0,503096.0,9633288000.0
060370,32700.0,6292000000.0,31850.0,32700.0,31250.0,196274.0,1341541000.0
420770,134300.0,13420000000.0,127100.0,134500.0,124000.0,102865.0,0.0
0009K0,25450.0,5492000000.0,22100.0,25600.0,22000.0,225097.0,3320105000.0
437730,51300.0,13093000000.0,49650.0,51300.0,48400.0,262360.0,17965073000.0
007390,25100.0,5576000000.0,24050.0,25100.0,23850.0,225469.0,3516436000.0
218410,60000.0,14488000000.0,58000.0,60100.0,57300.0,246170.0,14862381000.0
078600,96800.0,14942000000.0,93100.0,98000.0,92400.0,155785.0,10681184000.0
290650,56300.0,20027000000.0,50900.0,56700.0,49950.0,364246.0,11289500000.0
039200,38000.0,6407000000.0,35400.0,38000.0,35150.0,173084.0,2687816000.0
950260,28950.0,42537000000.0,26050.0,29000.0,26000.0,1533614.0,
950160,16460.0,12212000000.0,15400.0,16500.0,15030.0,766121.0,
035900,37750.0,6007000000.0,37350.0,37850.0,36950.0,160487.0,1993593999.9999998
082920,29100.0,3732000000.0,27900.0,29100.0,27900.0,130305.0,1592808000.0
232140,16000.0,65330000000.0,14550.0,16000.0,14520.0,4214436.0,
204270,21950.0,24767000000.0,22050.0,22050.0,20700.0,1161791.0,
166090,63500.0,10022000000.0,59700.0,63500.0,59300.0,161023.0,6183825000.0
241710,115400.0,19737000000.0,112800.0,117200.0,107800.0,173200.0,4759892000.0
003380,10940.0,2217000000.0,10750.0,11000.0,10730.0,203226.0,
252990,20150.0,15605000000.0,19750.0,20750.0,19610.0,776738.0,
347700,22950.0,18121000000.0,22100.0,23450.0,21600.0,798958.0,
195940,40600.0,3819000000.0,38750.0,40600.0,38750.0,95390.0,1211767000.0
356860,48300.0,29953000000.0,45050.0,48400.0,44950.0,636996.0,23116131000.0
127120,30350.0,2937000000.0,30450.0,30750.0,29900.0,96670.0,1331559000.0
101490,52100.0,28814000000.0,45300.0,52100.0,44950.0,582536.0,24555183000.0
056190,29950.0,7284000000.0,29500.0,30000.0,29000.0,246184.0,5800628000.0
293490,9950.0,6169000000.0,9280.0,10010.0,9240.0,630552.0,
445680,59200.0,4440000000.0,57000.0,60800.0,56500.0,75266.0,2437101000.0
083450,55000.0,17456000000.0,51200.0,55300.0,50100.0,324359.0,12645643000.0
086450,22150.0,9379000000.0,21700.0,22400.0,21600.0,424961.0,4554411000.0
458870,26050.0,5705000000.0,25400.0,26250.0,25100.0,220922.0,3124212000.0
100790,17990.0,7803000000.0,16750.0,17990.0,16680.0,444925.0,
161580,40700.0,19674000000.0,38500.0,40950.0,38000.0,494171.0,25235396000.0
417200,13920.0,15423000000.0,13910.0,14050.0,13440.0,1119849.0,
491000,36700.0,21886000000.0,30550.0,37850.0,30150.0,621095.0,
115180,24650.0,5159000000.0,22250.0,25150.0,22250.0,213579.0,2871847000.0
425420,74200.0,24096000000.0,64000.0,75300.0,64000.0,333883.0,12993490000.0
036830,44450.0,2923000000.0,41700.0,44450.0,41350.0,67189.0,1138020000.0
388210,94400.0,9294000000.0,87700.0,94900.0,87700.0,100528.0,4857449000.0
119850,54600.0,25664000000.0,55700.0,58200.0,54400.0,460430.0,17169915000.0
327260,49400.0,25800000000.0,49000.0,49850.0,47200.0,531825.0,
160190,28550.0,3385000000.0,28450.0,29350.0,27700.0,118616.0,
031330,8810.0,4166000000.0,8330.0,8820.0,8270.0,482572.0,
065350,31950.0,3759000000.0,30500.0,32000.0,30450.0,119008.0,2298630000.0
053800,77800.0,4688000000.0,75000.0,77900.0,74900.0,60742.0,3314668000.0000005
099320,78900.0,4483000000.0,75700.0,79200.0,75000.0,57604.0,1560048000.0
074600,32600.0,9728000000.0,30300.0,32800.0,30150.0,305404.0,4924146000.0
476830,29650.0,22608000000.0,23700.0,30200.0,23500.0,819184.0,16076195000.000002
328130,11100.0,7339000000.0,10740.0,11120.0,10450.0,678335.0,9421196000.0
388720,69800.0,1570000000.0,66600.0,69900.0,66100.0,22900.0,817860000.0
014620,30900.0,8160000000.0,32250.0,32250.0,30400.0,263524.0,9346101000.0
032500,19440.0,2304000000.0,18640.0,19440.0,18380.0,121653.0,1618849000.0000002
085660,8670.0,2136000000.0,8140.0,8700.0,8100.0,251506.0,994711000.0
295310,64600.0,11180000000.0,60000.0,64800.0,59400.0,176708.0,7441209000.000001
281740,12110.0,6998000000.0,11370.0,12110.0,11190.0,592986.0,
059090,23650.0,9437000000.0,22650.0,23800.0,22500.0,403844.0,6779312000.0
033100,48850.0,3480000000.0,47150.0,48900.0,46900.0,72456.0,2546010000.0
035760,35750.0,3190000000.0,36900.0,37200.0,35150.0,89427.0,638428000.0
251970,63000.0,3821000000.0,61300.0,63400.0,60500.0,60961.0,1221073000.0
033790,9010.0,12283000000.0,8770.0,9230.0,8660.0,1369600.0,
122870,41250.0,5307000000.0,42750.0,42850.0,41050.0,127539.0,1176437000.0
053610,85200.0,5485000000.0,79400.0,86000.0,79400.0,65001.0,2824879000.0
044490,38250.0,5343000000.0,39500.0,39650.0,38050.0,138834.0,16667953000.0
090360,78300.0,5096000000.0,75400.0,78500.0,74400.0,66244.0,4081571000.0000005
090710,6360.0,6331000000.0,6020.0,6370.0,5960.0,1021661.0,
064290,58000.0,17256000000.0,53000.0,59000.0,52600.0,301625.0,
036810,34700.0,9191000000.0,31300.0,34850.0,31000.0,273569.0,6864581000.0
213420,30200.0,2436000000.0,29100.0,30250.0,29000.0,81749.0,1042700000.0
122640,34500.0,14097000000.0,33100.0,34800.0,33100.0,410650.0,
032190,19470.0,1224000000.0,18980.0,19470.0,18800.0,64046.0,229259000.0
171090,72800.0,3207000000.0,69700.0,73700.0,69100.0,44373.0,2142473000.0
023160,28500.0,6412000000.0,28600.0,29250.0,27450.0,225706.0,6748482000.0
137400,31100.0,4232000000.0,29550.0,31200.0,29200.0,138594.0,3396289000.0
189300,68500.0,2939000000.0,66000.0,68600.0,65500.0,43678.0,1208631000.0
041960,9820.0,1602000000.0,9890.0,10080.0,9680.0,162270.0,
038500,6780.0,1949000000.0,6490.0,6780.0,6460.0,294273.0,
033640,31700.0,13596000000.0,28900.0,31900.0,28800.0,436936.0,7086441000.000001
456160,43500.0,26296000000.0,35250.0,45150.0,34650.0,640836.0,17068000000.0
476060,15920.0,4505000000.0,15170.0,16000.0,15170.0,285345.0,4486363000.0
466100,23300.0,5838000000.0,22300.0,23300.0,22050.0,255569.0,4692483000.0
041830,53400.0,3415000000.0,52100.0,54300.0,51200.0,64208.0,653130000.0
225570,10860.0,2014000000.0,10260.0,10900.0,10210.0,187834.0,397972000.0
102710,49800.0,5674000000.0,46850.0,49800.0,46850.0,115554.0,2735201000.0
490470,20550.0,186908000000.0,18480.0,21700.0,18330.0,9264154.0,
121600,57000.0,3353000000.0,55200.0,57400.0,54800.0,59113.0,1224506000.0
006730,10860.0,3323000000.0,10610.0,11000.0,10580.0,307865.0,
092870,53100.0,33922000000.0,48700.0,54600.0,48650.0,651075.0,
124500,29450.0,3781000000.0,28300.0,29650.0,28200.0,130790.0,2249943000.0
048410,7050.0,8507000000.0,6900.0,7100.0,6830.0,1224663.0,
126340,93700.0,11235000000.0,90800.0,94100.0,89900.0,122362.0,8555831000.000001
077360,14090.0,14143000000.0,13350.0,14150.0,13200.0,1023091.0,
046890,10980.0,4869000000.0,10450.0,10980.0,10360.0,452443.0,7171207000.0
253590,14550.0,24281000000.0,13400.0,14600.0,13350.0,1720071.0,
222080,8050.0,4428000000.0,7870.0,8050.0,7690.0,559350.0,
045100,35450.0,10593000000.0,32900.0,35450.0,32900.0,304107.0,7983378000.0
253450,20550.0,882000000.0,20100.0,20550.0,20050.0,43398.0,161947000.0
358570,9540.0,5765000000.0,8110.0,9590.0,8100.0,630978.0,4466279000.0
093320,124600.0,950000000.0,128200.0,128400.0,122700.0,7665.0,362706000.0
050890,10000.0,12591000000.0,9420.0,10060.0,9360.0,1286758.0,
089890,36300.0,16321000000.0,32650.0,36500.0,30850.0,460186.0,7591370000.000001
397030,21300.0,6374000000.0,19980.0,21450.0,19620.0,305262.0,3750132000.0
219130,91700.0,3505000000.0,93400.0,96000.0,90400.0,37144.0,
144960,13150.0,18702000000.0,12830.0,13390.0,12780.0,1428305.0,
399720,48400.0,7435000000.0,45200.0,48400.0,45000.0,157079.0,7390930000.0
094170,27400.0,1614000000.0,26300.0,27450.0,26200.0,59687.0,1363283000.0
468530,51300.0,6505000000.0,52500.0,54500.0,49800.0,125455.0,5896347000.0
052400,38250.0,1927000000.0,37650.0,38350.0,37150.0,50769.0,469585999.99999994
052020,8110.0,1713000000.0,7300.0,8130.0,7200.0,222008.0,
060250,13710.0,2705000000.0,13120.0,13840.0,12980.0,199990.0,
080580,26050.0,12763000000.0,24400.0,26700.0,24200.0,496006.0,
078350,36000.0,25787000000.0,31150.0,36500.0,31150.0,754456.0,0.0
101160,33200.0,2147000000.0,31950.0,33250.0,31650.0,65126.0,1242958000.0
174900,26900.0,13537000000.0,22350.0,28100.0,21900.0,520835.0,
214430,73300.0,2798000000.0,66600.0,74100.0,66600.0,39672.0,762074000.0
112040,15730.0,2915000000.0,15000.0,15740.0,14930.0,188142.0,2738369000.0
104830,42000.0,6486000000.0,39900.0,42500.0,39600.0,155146.0,2081128000.0
009520,12680.0,1212000000.0,12550.0,12700.0,12350.0,96454.0,468649999.99999994
037460,32250.0,1438000000.0,30900.0,32400.0,30500.0,45439.0,
383310,25050.0,8701000000.0,22300.0,25450.0,21900.0,365095.0,
024850,16500.0,3950000000.0,16200.0,16510.0,15460.0,247898.0,
079940,38850.0,532000000.0,40550.0,40550.0,38550.0,13614.0,97568000.0
356680,18150.0,21431000000.0,17660.0,18340.0,17280.0,1202730.0,
042000,21200.0,11577000000.0,18560.0,21400.0,18560.0,567761.0,5641209000.0
099190,17260.0,1757000000.0,15960.0,17550.0,15880.0,103337.0,723593000.0
082270,11210.0,2285000000.0,10210.0,11210.0,10200.0,210660.0,1497099000.0
475830,23350.0,8565000000.0,21850.0,23900.0,21500.0,371434.0,6832259000.000001
376900,28650.0,4945000000.0,26700.0,29100.0,26000.0,178126.0,4170215000.0000005
475960,36950.0,3115000000.0,34800.0,37500.0,33900.0,85138.0,1880375000.0
211050,10000.0,960000000.0,9440.0,10000.0,9330.0,98109.0,120590000.0
025980,5060.0,5726000000.0,4835.0,5070.0,4820.0,1152743.0,
086900,67400.0,748000000.0,66500.0,67500.0,66100.0,11170.0,318838000.0
348340,20900.0,6134000000.0,20250.0,21100.0,19830.0,298366.0,
033500,16130.0,1501000000.0,15960.0,16150.0,15610.0,94669.0,494427000.00000006
187660,7540.0,11863000000.0,7800.0,8240.0,7180.0,1578086.0,
098120,57500.0,8931000000.0,55500.0,57900.0,54600.0,158238.0,
041190,5980.0,5707000000.0,5680.0,5980.0,5650.0,977378.0,
019210,12730.0,5762000000.0,12640.0,12790.0,12320.0,459231.0,
365340,36550.0,811000000.0,35750.0,36800.0,35300.0,22522.0,426276000.0
348370,21550.0,2771000000.0,20350.0,21600.0,20000.0,131605.0,1921235000.0
034950,103800.0,71000000.0,104300.0,104400.0,103200.0,689.0,34235000.0
015750,5870.0,965000000.0,5770.0,5870.0,5760.0,166006.0,564510000.0
089010,27950.0,8061000000.0,25400.0,28600.0,25300.0,293731.0,7581595000.0
027360,3865.0,4548000000.0,3735.0,3880.0,3680.0,1192363.0,
056080,12230.0,4324000000.0,11650.0,12240.0,11440.0,362011.0,
069540,4140.0,12972000000.0,4120.0,4150.0,4000.0,3174039.0,
170920,44100.0,12229000000.0,40850.0,44150.0,40300.0,283699.0,
460930,13030.0,639000000.0,12960.0,13050.0,12775.0,49414.0,828124000.0
033160,18800.0,30122000000.0,16520.0,18910.0,16330.0,1673736.0,
278280,37400.0,1039000000.0,35000.0,37400.0,34950.0,28492.0,353427000.0
067630,3715.0,3412000000.0,3930.0,3930.0,3655.0,915659.0,
078340,37450.0,3923000000.0,36350.0,38000.0,36250.0,104655.0,868839000.0
035890,2180.0,420000000.0,2190.0,2230.0,2150.0,191951.0,
368770,13670.0,2311000000.0,12820.0,13760.0,12720.0,172671.0,
079370,14470.0,22360000000.0,12940.0,14830.0,12810.0,1573941.0,
376300,18880.0,1798000000.0,18440.0,18880.0,18040.0,96754.0,572059000.0
200470,10220.0,20966000000.0,9240.0,10480.0,9190.0,2075693.0,
272290,22450.0,2658000000.0,21350.0,22450.0,21200.0,120957.0,2148932000.0
336570,5000.0,1904000000.0,4850.0,5000.0,4815.0,385777.0,
125490,12150.0,9071000000.0,11630.0,12190.0,11460.0,757173.0,
340570,27550.0,1869000000.0,27650.0,28200.0,27450.0,67336.0,757027000.0
290550,22050.0,4678000000.0,21400.0,22100.0,21250.0,215307.0,
114810,15670.0,4634000000.0,14770.0,15890.0,14770.0,296029.0,1675888000.0000002
018290,12590.0,2433000000.0,12110.0,12670.0,12060.0,194710.0,1026922000.0000001
486990,20500.0,6328000000.0,19730.0,20550.0,19400.0,314639.0,9787235000.0
241770,42600.0,1390000000.0,40100.0,43200.0,39550.0,33131.0,619993000.0
159010,32150.0,11913000000.0,29200.0,32300.0,28950.0,380104.0,
417840,18650.0,15647000000.0,18340.0,19260.0,18190.0,835474.0,
013030,36350.0,809000000.0,36700.0,37200.0,35900.0,22206.0,562344000.0
030520,17420.0,1520000000.0,17080.0,17480.0,16970.0,87693.0,360640000.0
332570,9000.0,15946000000.0,8960.0,9060.0,8500.0,1817741.0,
092190,8960.0,2422000000.0,8480.0,9190.0,8320.0,270520.0,
204620,5830.0,3441000000.0,5730.0,5950.0,5720.0,595107.0,
067160,36500.0,1447000000.0,36100.0,36600.0,36000.0,39757.0,141154000.0
039440,26200.0,10398000000.0,22900.0,26250.0,22800.0,414139.0,8028628999.999999
477850,22800.0,16447000000.0,20750.0,23400.0,20750.0,726341.0,
348210,38550.0,3599000000.0,36250.0,38850.0,35850.0,95336.0,2384831000.0
052710,21600.0,29249000000.0,18420.0,22000.0,18100.0,1423249.0,
236200,57600.0,882000000.0,57100.0,58800.0,56700.0,15292.0,292050000.0
101730,4770.0,2025000000.0,4660.0,4780.0,4600.0,429226.0,14228419000.0
078130,3545.0,333000000.0,3465.0,3570.0,3440.0,94694.0,
441270,9410.0,3934000000.0,9120.0,9510.0,9070.0,420408.0,2993346000.0
200710,29300.0,4224000000.0,27650.0,29450.0,27650.0,145857.0,4475822000.0
095660,18100.0,814000000.0,17700.0,18140.0,17600.0,45315.0,109566000.00000001
330860,32100.0,13767000000.0,30800.0,33350.0,30200.0,430625.0,
389470,29200.0,5535000000.0,25250.0,29450.0,25100.0,198915.0,3523299999.9999995
215200,37350.0,1250000000.0,36800.0,37400.0,36700.0,33607.0,156623000.0
107640,41700.0,1763000000.0,41300.0,41900.0,40750.0,42439.0,1832828000.0
092730,23300.0,760000000.0,23000.0,23600.0,22750.0,32751.0,297588000.0
138080,29700.0,8940000000.0,28200.0,29950.0,27550.0,310207.0,
078160,9350.0,421000000.0,9000.0,9400.0,8950.0,45503.0,219117000.0
047920,11150.0,7352000000.0,11800.0,11820.0,10700.0,655491.0,14924983000.0
025900,7200.0,349000000.0,7010.0,7220.0,6990.0,49002.0,239846000.0
025320,3935.0,1664000000.0,3795.0,3935.0,3750.0,429227.0,834196000.0
078020,6530.0,203000000.0,6550.0,6600.0,6490.0,31112.0,
069080,11670.0,1610000000.0,11470.0,11750.0,11390.0,139029.0,38268000.0
036800,7910.0,1407000000.0,7800.0,8000.0,7520.0,181657.0,205484000.0
110990,18940.0,2401000000.0,17600.0,19000.0,17450.0,130527.0,1758526000.0000002
003800,32150.0,76000000.0,32400.0,32600.0,32100.0,2371.0,
060280,8640.0,2220000000.0,8160.0,8640.0,8100.0,263230.0,
093520,29800.0,479000000.0,29400.0,29800.0,28800.0,16369.0,224006000.00000003
006910,7200.0,3728000000.0,7350.0,7370.0,7110.0,515723.0,
393890,10410.0,2764000000.0,10060.0,10850.0,10025.0,264453.0,
386380,18700.0,43915000000.0,18280.0,20100.0,17140.0,2330831.0,
372320,22850.0,950000000.0,21800.0,23000.0,21550.0,42367.0,582541000.0
468670,30450.0,622667000000.0,61800.0,62100.0,30050.0,15555820.0,
456010,23550.0,14363000000.0,22950.0,23600.0,22050.0,629593.0,
061970,4845.0,3042000000.0,4545.0,4930.0,4505.0,633972.0,
117730,15030.0,1613000000.0,14750.0,15090.0,14560.0,108459.0,2858865000.0
064260,4470.0,1964000000.0,4340.0,4470.0,4310.0,445986.0,
036620,3760.0,1013000000.0,3730.0,3765.0,3600.0,274190.0,173756000.0
900290,3635.0,2616000000.0,3555.0,3785.0,3445.0,725915.0,
482630,15330.0,8819000000.0,13980.0,15450.0,13850.0,586685.0,
448900,54900.0,2476000000.0,52500.0,55000.0,51100.0,45904.0,1955051000.0
168360,14860.0,2944000000.0,14000.0,14860.0,13700.0,202855.0,1412626000.0
455900,21600.0,606000000.0,21300.0,21850.0,21050.0,28173.0,685424000.0
017890,16050.0,1297000000.0,15770.0,16090.0,15670.0,81366.0,
036200,10780.0,3849000000.0,10150.0,10790.0,10060.0,364552.0,4917194000.0
215600,2380.0,1178000000.0,2375.0,2385.0,2290.0,503837.0,
486510,16730.0,104354000000.0,17670.0,19460.0,16500.0,5715635.0,
121440,7660.0,312000000.0,7650.0,7970.0,7650.0,40469.0,
018000,1121.0,524000000.0,1125.0,1140.0,1099.0,465681.0,
425040,14900.0,16996000000.0,14210.0,15000.0,14020.0,1163544.0,
199800,36300.0,1074000000.0,36500.0,37700.0,36100.0,29292.0,371095000.0
0035S0,31650.0,298060000000.0,39650.0,40650.0,31150.0,8327208.0,
046970,7410.0,6413000000.0,7430.0,7500.0,7050.0,880495.0,
234340,23200.0,6526000000.0,22050.0,23300.0,21800.0,286615.0,
452430,39200.0,1616000000.0,37900.0,39700.0,37600.0,41593.0,1262334000.0
446540,11120.0,7472000000.0,11120.0,11710.0,10940.0,658787.0,
042520,22550.0,5270000000.0,20950.0,23750.0,20450.0,232488.0,2037622000.0
160980,29400.0,6168000000.0,27300.0,29950.0,27100.0,211785.0,
206650,8630.0,683000000.0,8360.0,8630.0,8230.0,80220.0,
228760,12730.0,1345000000.0,12080.0,12790.0,11900.0,108791.0,659782000.0
488900,10900.0,574000000.0,10590.0,10900.0,10210.0,53770.0,526532000.0
086390,14920.0,5738000000.0,13990.0,15130.0,13810.0,388359.0,5160359000.0
266690,16620.0,268507000000.0,16940.0,19900.0,16340.0,14580759.0,
424870,3415.0,2782000000.0,3260.0,3460.0,3240.0,828551.0,3836791000.0
265520,20600.0,2260000000.0,19220.0,20650.0,18970.0,112583.0,892747999.9999999
484590,7250.0,1769000000.0,7250.0,7380.0,7050.0,245329.0,
049070,18550.0,1245000000.0,18000.0,18570.0,17870.0,67875.0,470606000.0
091580,21850.0,5553000000.0,20100.0,22050.0,20100.0,263146.0,
025770,7760.0,169000000.0,7720.0,7770.0,7610.0,21999.0,
084110,22950.0,583000000.0,21600.0,23100.0,21550.0,25972.0,524439000.0
352480,21300.0,178000000.0,20700.0,21350.0,20650.0,8482.0,50044000.0
054950,23850.0,254000000.0,23900.0,24150.0,23750.0,10624.0,52441000.00000001
042370,11000.0,6691000000.0,10720.0,11040.0,10660.0,615495.0,
035810,4465.0,384000000.0,4455.0,4465.0,4385.0,86814.0,
200670,25650.0,593000000.0,24700.0,25900.0,24700.0,23297.0,421597000.00000006
092460,16790.0,134000000.0,16860.0,16900.0,16570.0,7984.0,154464000.0
071200,11640.0,301000000.0,11850.0,11970.0,11410.0,25941.0,
101930,6170.0,98000000.0,6140.0,6210.0,6020.0,15920.0,68771000.0
314130,5390.0,2313000000.0,5110.0,5420.0,5000.0,441461.0,
389500,42200.0,1588000000.0,41400.0,42350.0,40700.0,38109.0,
136480,2645.0,420000000.0,2650.0,2655.0,2635.0,158972.0,
439960,8650.0,227690000000.0,6400.0,9440.0,6400.0,26523455.0,
024840,6370.0,7221000000.0,6260.0,6370.0,6060.0,1158115.0,
203650,2720.0,3933000000.0,2705.0,2735.0,2575.0,1468443.0,
472850,4785.0,109000000.0,4835.0,4980.0,4690.0,23037.0,37330000.0
448280,9290.0,64000000.0,9450.0,9560.0,9290.0,6783.0,66393000.0
287840,18320.0,861000000.0,17220.0,18480.0,16840.0,47811.0,616857000.0
389650,33200.0,1591000000.0,32600.0,33850.0,31400.0,48465.0,901253000.0
394280,10420.0,1539000000.0,9850.0,10420.0,9830.0,150082.0,1071906000.0000001
012210,11900.0,28187000000.0,12620.0,13300.0,11800.0,2269216.0,
094360,12780.0,1539000000.0,12310.0,12800.0,12220.0,121647.0,1494020000.0
294570,27000.0,1181000000.0,25750.0,27100.0,25550.0,44494.0,1701255000.0
354320,42300.0,3713000000.0,40450.0,42450.0,39550.0,89812.0,
378340,12460.0,449000000.0,12400.0,12640.0,12230.0,36073.0,500279999.99999994
304360,21600.0,694000000.0,20750.0,21800.0,19990.0,33121.0,580484000.0
452280,14000.0,17915000000.0,13680.0,14200.0,13240.0,1294428.0,
309710,21000.0,0.0,0.0,0.0,0.0,0.0,
035600,9730.0,335000000.0,9780.0,9830.0,9650.0,34495.0,127946000.0
484120,24450.0,1132000000.0,24300.0,25250.0,23950.0,46014.0,909924000.0
493280,18000.0,1819000000.0,16480.0,18080.0,16340.0,104847.0,
254490,18480.0,3061000000.0,17210.0,18480.0,16850.0,169695.0,
182400,3670.0,0.0,0.0,0.0,0.0,0.0,
043150,17850.0,253000000.0,17530.0,18000.0,17500.0,14272.0,158783000.0
098070,23700.0,1303000000.0,24450.0,24450.0,23600.0,54637.0,3414342000.0
317330,12860.0,402000000.0,12490.0,12860.0,12390.0,31756.0,270426000.0
060720,11100.0,631000000.0,10970.0,11100.0,10890.0,57141.0,
099440,3840.0,469000000.0,3860.0,3895.0,3815.0,121975.0,
011560,25950.0,7933000000.0,23800.0,26600.0,23450.0,306610.0,
272110,32550.0,4814000000.0,30900.0,33250.0,30300.0,148565.0,
091700,5210.0,371000000.0,5150.0,5230.0,5130.0,71652.0,
112290,12880.0,5999000000.0,12300.0,12900.0,11860.0,479749.0,
089980,16270.0,399000000.0,16090.0,16320.0,15900.0,24695.0,448151000.0
068930,9380.0,430000000.0,9310.0,9610.0,9310.0,45647.0,
073490,33900.0,1858000000.0,32050.0,34000.0,31700.0,55939.0,
036710,4865.0,1884000000.0,4535.0,4900.0,4495.0,398092.0,
121800,3320.0,0.0,0.0,0.0,0.0,0.0,
051500,21550.0,161000000.0,21700.0,21900.0,21250.0,7471.0,108563000.00000001
267980,33200.0,181000000.0,32950.0,33250.0,32750.0,5476.0,20885000.0
377460,4080.0,0.0,0.0,0.0,0.0,0.0,
0011T0,5390.0,667000000.0,5390.0,5390.0,5120.0,126725.0,
036890,11480.0,1168000000.0,11600.0,11600.0,11280.0,102722.0,412374000.0
032580,7630.0,8091000000.0,7910.0,8300.0,7540.0,1037244.0,
023410,3260.0,295000000.0,3225.0,3260.0,3210.0,91402.0,
151860,5290.0,110000000.0,5270.0,5300.0,5210.0,20975.0,
100120,28000.0,722000000.0,27250.0,28350.0,26950.0,25842.0,
445090,22700.0,755000000.0,21750.0,22800.0,21500.0,33819.0,732297000.0
439090,15120.0,1025000000.0,14990.0,15230.0,14810.0,68361.0,2270118000.0
067390,5820.0,280000000.0,6040.0,6040.0,5800.0,47735.0,
036030,4990.0,269000000.0,4895.0,4995.0,4890.0,54208.0,
377450,14110.0,265000000.0,14570.0,14570.0,13890.0,18587.0,
064820,7880.0,249000000.0,7670.0,7900.0,7670.0,31914.0,212669000.0
461300,18180.0,223000000.0,18310.0,18500.0,18100.0,12227.0,
108860,8970.0,1228000000.0,8740.0,9000.0,8660.0,138492.0,1062051000.0
064850,21100.0,948000000.0,19930.0,21300.0,19830.0,45742.0,
043370,11400.0,92000000.0,11200.0,11440.0,11200.0,8140.0,43466000.0
376270,32950.0,290000000.0,32650.0,33350.0,32350.0,8851.0,198507000.0
065680,25700.0,449000000.0,24800.0,25750.0,24550.0,17862.0,60640000.00000001
389260,13240.0,807000000.0,12910.0,13240.0,12860.0,61703.0,
085910,17120.0,2041000000.0,16380.0,17260.0,16000.0,122237.0,
416180,25900.0,704000000.0,25250.0,25950.0,24750.0,27515.0,756708000.0
450950,6220.0,1181000000.0,6110.0,6360.0,5950.0,190547.0,1296453000.0
144510,14730.0,628000000.0,14030.0,14730.0,13980.0,43426.0,222560000.0
115450,2455.0,1146000000.0,2500.0,2505.0,2400.0,467809.0,
094480,5910.0,1614000000.0,5670.0,5910.0,5640.0,278622.0,
243070,19300.0,296000000.0,19010.0,19440.0,18910.0,15442.0,109644999.99999999
180400,2340.0,70000000.0,2290.0,2395.0,2290.0,30016.0,
099430,3735.0,1509000000.0,3555.0,3735.0,3530.0,413160.0,
365270,10380.0,564000000.0,10410.0,10670.0,10180.0,53950.0,
200130,7950.0,204000000.0,7900.0,7950.0,7770.0,25920.0,156412000.0
114190,8720.0,1586000000.0,8900.0,8900.0,8640.0,181742.0,12866689000.0
298830,4245.0,732000000.0,4150.0,4295.0,4120.0,172864.0,
241520,8480.0,1292000000.0,8180.0,8500.0,8040.0,154729.0,
256840,3275.0,14285000000.0,3265.0,3395.0,3190.0,4361247.0,
065710,43450.0,270000000.0,43750.0,44350.0,42900.0,6250.0,
215000,35650.0,188000000.0,36100.0,36100.0,35550.0,5273.0,126409000.0
475400,18930.0,895000000.0,18190.0,18940.0,18070.0,48188.0,553884000.0
018310,15190.0,124000000.0,14650.0,15200.0,14650.0,8272.0,34672000.0
190510,15840.0,501000000.0,15530.0,15860.0,15400.0,32018.0,405870999.99999994
216080,5980.0,1587000000.0,6340.0,6340.0,5900.0,263883.0,
382900,25450.0,3026000000.0,24450.0,25450.0,24100.0,122155.0,5104642000.0
0008Z0,23450.0,218000000.0,23150.0,23500.0,23150.0,9332.0,90273000.0
023760,1402.0,93000000.0,1414.0,1414.0,1399.0,66074.0,
061090,40450.0,2290000000.0,41300.0,41650.0,39400.0,56708.0,11398760000.0
064550,8520.0,1237000000.0,8250.0,8530.0,8250.0,146824.0,898171000.0
340450,9270.0,9131000000.0,8700.0,9450.0,8700.0,995213.0,
237880,12110.0,660000000.0,11800.0,12270.0,11710.0,54648.0,327031000.0
078150,2300.0,4696000000.0,2185.0,2315.0,2160.0,2081160.0,
307180,5900.0,1254000000.0,5700.0,5930.0,5520.0,217282.0,
243840,5620.0,498000000.0,5470.0,5620.0,5430.0,89652.0,
293780,7690.0,956000000.0,7060.0,7690.0,7040.0,127376.0,
0001A0,8480.0,339000000.0,8310.0,8540.0,8200.0,40275.0,
067080,11600.0,404000000.0,11390.0,11620.0,11340.0,35042.0,325948000.0
217730,2275.0,1357000000.0,2200.0,2325.0,2160.0,601676.0,
045390,3035.0,1499000000.0,2955.0,3040.0,2935.0,500854.0,
083310,11980.0,2488000000.0,11010.0,12120.0,11010.0,210847.0,
019010,4420.0,471000000.0,4500.0,4565.0,4390.0,106645.0,
206640,9700.0,141000000.0,9600.0,9730.0,9450.0,14568.0,92850000.0
053030,6490.0,363000000.0,6180.0,6500.0,6160.0,56634.0,252551000.0
095500,6830.0,681000000.0,6800.0,6840.0,6640.0,100736.0,928452000.0
125020,6030.0,2743000000.0,6000.0,6030.0,5820.0,463241.0,
126730,24050.0,9268000000.0,23400.0,24650.0,22800.0,386707.0,
005710,10500.0,107000000.0,10530.0,10730.0,10360.0,10197.0,70274000.0
462350,6200.0,1072000000.0,6040.0,6240.0,5840.0,176579.0,
0161M0,17050.0,37505000000.0,16890.0,18450.0,16050.0,2154971.0,
462860,2900.0,1278000000.0,2820.0,2910.0,2765.0,449750.0,
058970,16800.0,246000000.0,16700.0,16940.0,16500.0,14708.0,177897000.0
380540,8450.0,0.0,0.0,0.0,0.0,0.0,
394800,6490.0,4934000000.0,6400.0,6720.0,6250.0,754195.0,9691779000.0
481070,14390.0,216000000.0,14620.0,14740.0,13970.0,15238.0,139260000.0
036190,34300.0,124000000.0,34400.0,34800.0,33950.0,3599.0,
314930,6910.0,279000000.0,6690.0,7030.0,6600.0,40714.0,130606000.0
950170,4215.0,12000000.0,4215.0,4220.0,4160.0,2830.0,
014940,4500.0,285000000.0,4460.0,4500.0,4390.0,63908.0,
049430,22600.0,559000000.0,22000.0,22600.0,21950.0,24939.0,
053300,5160.0,465000000.0,5070.0,5160.0,5030.0,91335.0,
405100,16520.0,4235000000.0,14180.0,16550.0,14180.0,267207.0,
459510,15620.0,511000000.0,15270.0,15660.0,15120.0,33202.0,490144999.99999994
353810,6090.0,219000000.0,6140.0,6140.0,6020.0,35999.0,
234690,11180.0,11471000000.0,9880.0,11290.0,9700.0,1065249.0,
199430,17800.0,882000000.0,17580.0,17900.0,17290.0,49988.0,1007882000.0
176750,6970.0,331000000.0,6790.0,7010.0,6610.0,48379.0,336547000.0
126600,3155.0,166000000.0,3000.0,3160.0,2965.0,53991.0,
382800,6160.0,12015000000.0,5940.0,6160.0,5790.0,1986913.0,
102940,14800.0,1411000000.0,14080.0,14800.0,13930.0,97803.0,608212000.0
080720,2410.0,0.0,0.0,0.0,0.0,0.0,
013120,2115.0,237000000.0,2100.0,2120.0,2050.0,113901.0,
304100,15250.0,1000000000.0,14570.0,15260.0,14510.0,66794.0,888665999.9999999
0010S0,19020.0,13418000000.0,19820.0,21000.0,19000.0,673674.0,
036560,12030.0,20000000.0,11900.0,12080.0,11900.0,1649.0,
086670,19050.0,973000000.0,19150.0,19600.0,18860.0,50434.0,
041920,10130.0,1924000000.0,9650.0,10650.0,9500.0,188244.0,
034810,5960.0,51000000.0,5970.0,5970.0,5890.0,8660.0,
452450,5220.0,684000000.0,5280.0,5330.0,5110.0,130663.0,
464080,10430.0,962000000.0,10290.0,10520.0,9980.0,93321.0,
016790,994.0,0.0,0.0,0.0,0.0,0.0,
388050,10010.0,3090000000.0,10230.0,10270.0,9940.0,308035.0,
484810,12110.0,747000000.0,11830.0,12120.0,11680.0,62573.0,
194700,10230.0,650000000.0,10100.0,10250.0,10000.0,64418.0,252891000.00000003
419530,18290.0,632000000.0,18330.0,18350.0,17790.0,34886.0,372245000.0
066620,24750.0,121000000.0,24750.0,24800.0,24200.0,4915.0,
138610,16310.0,973000000.0,15540.0,16310.0,15480.0,60651.0,950355000.0000001
052330,10430.0,44000000.0,10440.0,10550.0,10360.0,4248.0,
042420,22750.0,97000000.0,22700.0,22950.0,22300.0,4255.0,
163730,14500.0,1270000000.0,13980.0,14600.0,13660.0,88697.0,
143240,17230.0,219000000.0,17550.0,17550.0,17050.0,12736.0,
308430,14310.0,611000000.0,13960.0,14450.0,13510.0,43309.0,462030000.0
084850,8140.0,79000000.0,8130.0,8190.0,8010.0,9678.0,43591000.0
083930,12580.0,242000000.0,12410.0,12580.0,12200.0,19432.0,
230240,13830.0,1342000000.0,13550.0,13840.0,13160.0,99567.0,
119830,6920.0,1023000000.0,6780.0,6970.0,6580.0,149251.0,
192440,29500.0,52000000.0,29800.0,29800.0,29150.0,1770.0,
187870,13210.0,1393000000.0,12300.0,13210.0,12200.0,108716.0,
220100,7070.0,853000000.0,6810.0,7170.0,6670.0,122921.0,406630000.0
046120,5380.0,3354000000.0,5540.0,5550.0,5240.0,622643.0,
318060,16280.0,1158000000.0,15830.0,16490.0,15380.0,71825.0,
123330,22750.0,5465000000.0,23200.0,23400.0,22450.0,239515.0,
005160,3340.0,1502000000.0,3455.0,3510.0,3260.0,447205.0,
094820,11990.0,805000000.0,11920.0,12040.0,11750.0,67482.0,
024060,11980.0,4316000000.0,11760.0,12120.0,11760.0,361869.0,
068790,8100.0,795000000.0,7890.0,8270.0,7890.0,97801.0,
082800,2955.0,342000000.0,2845.0,2960.0,2755.0,118367.0,
0015G0,15280.0,1075000000.0,14580.0,15310.0,14000.0,71512.0,
214180,13760.0,495000000.0,13780.0,13780.0,13420.0,36415.0,
086820,6890.0,243000000.0,6750.0,6890.0,6500.0,36000.0,
108380,18640.0,86000000.0,18350.0,18640.0,18300.0,4637.0,69694000.0
417030,30850.0,4565000000.0,31050.0,31200.0,29500.0,150366.0,
355150,22850.0,2934000000.0,22250.0,23100.0,22000.0,129724.0,
119610,15560.0,669000000.0,15700.0,15740.0,14740.0,43913.0,
263860,19470.0,1541000000.0,19320.0,19790.0,19210.0,78879.0,
084990,3830.0,1721000000.0,3745.0,3865.0,3560.0,462690.0,
403850,12270.0,494000000.0,12400.0,12400.0,11940.0,40757.0,577401000.0
036170,2865.0,372000000.0,2780.0,2870.0,2745.0,132318.0,
260970,60600.0,689000000.0,58800.0,61000.0,58700.0,11406.0,
264850,5780.0,2914000000.0,5520.0,6000.0,5480.0,504662.0,
039860,4595.0,921000000.0,4575.0,4640.0,4485.0,202451.0,
0082N0,13090.0,1401000000.0,11900.0,13340.0,11500.0,108622.0,
274090,12610.0,3194000000.0,12400.0,12680.0,12220.0,255492.0,
194480,14270.0,697000000.0,14150.0,14490.0,13880.0,49460.0,183828000.0
445180,10100.0,1229000000.0,9700.0,10140.0,9550.0,124755.0,
012860,2365.0,749000000.0,2350.0,2375.0,2285.0,320421.0,
357550,31750.0,110000000.0,30200.0,31850.0,30000.0,3568.0,34504000.0
255220,1148.0,2471000000.0,1112.0,1161.0,1088.0,2195617.0,
199820,7770.0,530000000.0,7550.0,7780.0,7360.0,69561.0,
039830,16020.0,877000000.0,15460.0,16480.0,15460.0,54109.0,
092130,14260.0,18000000.0,14200.0,14430.0,14180.0,1261.0,
126700,11480.0,675000000.0,11050.0,11590.0,10900.0,59596.0,
149950,12550.0,1391000000.0,12040.0,12610.0,11830.0,112620.0,
143160,15990.0,64000000.0,15970.0,15990.0,15600.0,4081.0,
122990,6680.0,380000000.0,6710.0,6720.0,6590.0,57204.0,
372170,21450.0,173000000.0,20000.0,21450.0,20000.0,8304.0,142990000.0
270660,13450.0,283000000.0,13230.0,13510.0,13230.0,21079.0,339405000.0
013990,5170.0,744000000.0,5110.0,5200.0,5070.0,145087.0,
489460,11520.0,348000000.0,11590.0,11590.0,10910.0,30900.0,
054210,6720.0,1102000000.0,6620.0,6720.0,6490.0,167031.0,
049630,7260.0,1247000000.0,6850.0,7260.0,6800.0,176658.0,
432720,11950.0,6869000000.0,10880.0,12750.0,10870.0,574406.0,
032620,3230.0,100000000.0,3195.0,3235.0,3185.0,30986.0,
289080,2800.0,2122000000.0,2645.0,2815.0,2605.0,779048.0,
290690,3170.0,5953000000.0,3420.0,3420.0,3050.0,1866720.0,
264450,11440.0,495000000.0,11240.0,11440.0,11020.0,43971.0,
067290,2990.0,5553000000.0,2985.0,3005.0,2910.0,1873596.0,
051370,7180.0,1093000000.0,6920.0,7190.0,6810.0,155284.0,
245620,741.0,0.0,0.0,0.0,0.0,0.0,
038390,9950.0,26000000.0,10060.0,10060.0,9940.0,2619.0,
123410,5970.0,305000000.0,6000.0,6010.0,5910.0,51067.0,
088800,2185.0,246000000.0,2140.0,2200.0,2100.0,114845.0,
104480,1811.0,80000000.0,1811.0,1825.0,1800.0,44262.0,
478340,14160.0,6288000000.0,13710.0,14400.0,13550.0,446268.0,
950140,8260.0,63000000.0,8200.0,8260.0,8090.0,7749.0,
032940,9020.0,1419000000.0,8910.0,9050.0,8800.0,158470.0,
494120,10740.0,1590000000.0,9730.0,10800.0,9590.0,155414.0,1124746000.0
092070,14160.0,1093000000.0,13440.0,14220.0,13390.0,78789.0,
474650,28400.0,580000000.0,26700.0,28600.0,26350.0,20790.0,
475040,3020.0,563000000.0,2960.0,3020.0,2915.0,189531.0,
251370,9020.0,1370000000.0,8620.0,9050.0,8540.0,155305.0,
267320,2820.0,9375000000.0,2800.0,2865.0,2700.0,3351434.0,
488280,14930.0,4526000000.0,14660.0,15240.0,14400.0,302821.0,
396300,6100.0,100353000000.0,5460.0,6430.0,5370.0,16550633.0,
418550,5040.0,255000000.0,5010.0,5040.0,4880.0,51230.0,
204610,2895.0,183000000.0,3000.0,3000.0,2890.0,62847.0,
388790,5250.0,1379000000.0,5200.0,5280.0,5060.0,266667.0,
226590,14960.0,1365000000.0,14260.0,15080.0,14170.0,92018.0,
402030,12790.0,232000000.0,12540.0,12840.0,12380.0,18393.0,106989000.0
066410,1153.0,0.0,0.0,0.0,0.0,0.0,
123860,13100.0,98000000.0,13100.0,13400.0,12960.0,7463.0,
093190,8230.0,98000000.0,8240.0,8390.0,8050.0,11919.0,
086890,3880.0,207000000.0,3755.0,3960.0,3755.0,53189.0,
023910,26350.0,142000000.0,26150.0,26400.0,25950.0,5445.0,
489500,24700.0,467000000.0,23200.0,24700.0,22900.0,19601.0,
072870,13230.0,140000000.0,13270.0,13360.0,13120.0,10606.0,
051160,11680.0,840000000.0,11860.0,12060.0,11520.0,71402.0,
041520,12910.0,389000000.0,12630.0,13100.0,12550.0,30270.0,
118990,6410.0,146000000.0,6410.0,6460.0,6370.0,22711.0,
054450,10380.0,687000000.0,9980.0,10390.0,9980.0,66751.0,
080160,8310.0,176000000.0,8230.0,8400.0,8160.0,21134.0,
041020,3155.0,500000000.0,3060.0,3170.0,3050.0,159698.0,
024800,4435.0,112000000.0,4510.0,4510.0,4350.0,25340.0,
052260,5200.0,10326000000.0,5340.0,5490.0,5200.0,1941568.0,
067280,26300.0,188000000.0,26400.0,26450.0,26000.0,7177.0,
102120,8710.0,4125000000.0,8200.0,8770.0,8090.0,479917.0,
011040,5010.0,110000000.0,5020.0,5050.0,4985.0,21917.0,
054800,14820.0,38000000.0,15110.0,15120.0,14740.0,2580.0,
205500,1828.0,187000000.0,1760.0,1828.0,1730.0,104545.0,
093640,4640.0,69000000.0,4720.0,4720.0,4575.0,14924.0,
220260,4740.0,1615000000.0,4545.0,4820.0,4390.0,346373.0,
300080,9160.0,200000000.0,9040.0,9260.0,9000.0,21784.0,253850000.0
078070,8870.0,93000000.0,8850.0,8890.0,8690.0,10535.0,
179290,4670.0,94000000.0,4595.0,4670.0,4550.0,20456.0,
042600,12150.0,359000000.0,12150.0,12160.0,10940.0,30613.0,
0007C0,18790.0,1476000000.0,18360.0,18830.0,18090.0,79742.0,
413630,4140.0,1780000000.0,4110.0,4160.0,4040.0,432462.0,
065660,15070.0,179000000.0,14690.0,15090.0,14570.0,11963.0,76681000.0
0039P0,7980.0,7654000000.0,8310.0,8380.0,7850.0,954750.0,
007330,9940.0,94000000.0,10000.0,10000.0,9900.0,9497.0,
322310,15980.0,1922000000.0,15000.0,15980.0,14900.0,122386.0,
452190,6250.0,16170000000.0,6050.0,6350.0,6020.0,2611227.0,
101360,8390.0,583000000.0,8000.0,8390.0,7830.0,71648.0,615483000.0
321550,4895.0,682000000.0,4495.0,4895.0,4495.0,143214.0,
387690,19210.0,10868000000.0,19660.0,19860.0,18760.0,564889.0,
046440,4040.0,159000000.0,4020.0,4040.0,3980.0,39735.0,
950250,4095.0,6361000000.0,4170.0,4260.0,3900.0,1562508.0,
0088M0,14790.0,3487000000.0,13270.0,14980.0,13170.0,241153.0,
134580,2945.0,1857000000.0,3000.0,3140.0,2745.0,639017.0,
232680,10940.0,2787000000.0,10430.0,11230.0,10260.0,255813.0,
264660,14910.0,977000000.0,14500.0,15130.0,14310.0,66106.0,
049960,15390.0,124000000.0,15240.0,15400.0,15000.0,8088.0,
023600,9030.0,13000000.0,9010.0,9050.0,8960.0,1421.0,
148150,4060.0,91000000.0,3980.0,4060.0,3980.0,22650.0,
351320,4650.0,3739000000.0,3995.0,4820.0,3995.0,836592.0,
069510,13190.0,74000000.0,13090.0,13280.0,12950.0,5630.0,
146320,11230.0,340000000.0,10770.0,11310.0,10570.0,31171.0,
417500,4345.0,3294000000.0,4040.0,4380.0,4000.0,770057.0,
147830,7120.0,666000000.0,7010.0,7120.0,6980.0,94289.0,
115310,9590.0,16000000.0,9580.0,9590.0,9300.0,1679.0,
005990,10690.0,15000000.0,10650.0,10690.0,10410.0,1388.0,
469610,15850.0,861000000.0,15370.0,15940.0,15210.0,55036.0,540238000.0
228850,8520.0,1029000000.0,8430.0,8680.0,8330.0,120024.0,
059120,7710.0,3942000000.0,7360.0,7720.0,7280.0,516775.0,
212560,10430.0,467000000.0,10200.0,10450.0,10050.0,45498.0,
048870,1589.0,240000000.0,1600.0,1604.0,1583.0,150507.0,
156100,6260.0,1146000000.0,5910.0,6380.0,5860.0,184712.0,
053260,7460.0,27170000000.0,8640.0,9460.0,7410.0,3249909.0,
101970,9400.0,25000000.0,9540.0,9540.0,9320.0,2620.0,
089600,12180.0,242000000.0,12430.0,12430.0,12110.0,19900.0,
222040,6730.0,4826000000.0,7450.0,7590.0,6680.0,690758.0,
451760,8400.0,356000000.0,8220.0,8400.0,8020.0,43072.0,
114840,8310.0,138000000.0,8250.0,8320.0,8140.0,16756.0,78789000.0
142210,6680.0,1729000000.0,6350.0,6760.0,6250.0,262353.0,
211270,9190.0,445000000.0,8930.0,9210.0,8780.0,48908.0,
038290,12680.0,301000000.0,12220.0,12790.0,12220.0,23877.0,
052860,7690.0,456000000.0,7390.0,7900.0,7060.0,59800.0,
256940,6830.0,1178000000.0,6090.0,6930.0,6090.0,177128.0,
140670,10680.0,448000000.0,10180.0,10680.0,10180.0,42629.0,
047770,3600.0,1382000000.0,3450.0,3605.0,3445.0,391940.0,
402490,8030.0,1809000000.0,7460.0,8040.0,7420.0,231071.0,
003100,20600.0,87000000.0,20500.0,20600.0,20300.0,4247.0,
060150,2975.0,58000000.0,2940.0,2975.0,2935.0,19768.0,
035610,4950.0,48000000.0,4980.0,5030.0,4835.0,9744.0,
138360,1537.0,984000000.0,1576.0,1576.0,1523.0,641174.0,
105330,8400.0,252000000.0,8150.0,8800.0,7940.0,30465.0,
126640,3835.0,1936000000.0,3845.0,3955.0,3790.0,501793.0,
054920,4760.0,1733000000.0,4650.0,4780.0,4580.0,368440.0,
297090,4910.0,538000000.0,4700.0,4925.0,4610.0,111060.0,
071280,8750.0,1339000000.0,8480.0,8790.0,8360.0,155641.0,
240550,6380.0,755000000.0,6220.0,6410.0,6130.0,119483.0,
265740,7450.0,1195000000.0,7430.0,7600.0,7340.0,159692.0,
322510,5170.0,346000000.0,5000.0,5200.0,4950.0,67758.0,
0015N0,10560.0,2310000000.0,10690.0,10820.0,10160.0,221257.0,
073010,3300.0,622000000.0,3340.0,3370.0,3230.0,190492.0,
037070,6620.0,322000000.0,6610.0,6670.0,6570.0,48807.0,
338840,8590.0,325000000.0,8030.0,8600.0,7950.0,38762.0,203445000.0
158430,5400.0,2155000000.0,5300.0,5420.0,5200.0,406160.0,
457550,14130.0,701000000.0,14000.0,14170.0,13660.0,50121.0,
136540,10670.0,137000000.0,10740.0,10750.0,10630.0,12823.0,
418420,4255.0,344000000.0,4230.0,4325.0,4185.0,80728.0,
001540,10000.0,325000000.0,9940.0,10170.0,9860.0,32423.0,
094840,13300.0,283000000.0,13000.0,13490.0,12710.0,21256.0,
049720,9120.0,61000000.0,9100.0,9170.0,9100.0,6631.0,
285490,12230.0,290000000.0,12090.0,12260.0,12050.0,23842.0,
035080,11520.0,228000000.0,11560.0,11560.0,11350.0,19915.0,
361390,13200.0,222000000.0,12750.0,13200.0,12750.0,16957.0,
282880,10990.0,235000000.0,10680.0,11020.0,10640.0,21654.0,
141000,10570.0,552000000.0,10480.0,10680.0,10230.0,52535.0,
095700,2805.0,323000000.0,2700.0,2810.0,2700.0,116722.0,
039840,9520.0,91000000.0,9380.0,9550.0,9360.0,9637.0,40722000.0
115440,11810.0,7439000000.0,11610.0,11890.0,11110.0,645953.0,
172670,14210.0,1889000000.0,12760.0,14610.0,12740.0,136173.0,
307750,2355.0,168000000.0,2270.0,2355.0,2255.0,72354.0,
115500,10580.0,1361000000.0,10610.0,10620.0,10160.0,130583.0,
079960,16780.0,244000000.0,16750.0,16920.0,16570.0,14578.0,
950190,9700.0,39000000.0,9720.0,9770.0,9610.0,4064.0,
037350,8300.0,2436000000.0,7670.0,8330.0,7670.0,297751.0,
036690,2885.0,0.0,0.0,0.0,0.0,0.0,
417010,6210.0,602000000.0,6060.0,6260.0,6060.0,97428.0,
108230,3280.0,451000000.0,3205.0,3300.0,3175.0,138746.0,
474170,6980.0,173000000.0,6940.0,7090.0,6760.0,24886.0,
009780,7050.0,68000000.0,7000.0,7060.0,6900.0,9713.0,
408920,2870.0,40000000.0,2890.0,2890.0,2840.0,13908.0,
027710,1113.0,93000000.0,1101.0,1114.0,1100.0,84325.0,
080420,1552.0,4000000.0,1550.0,1562.0,1530.0,2334.0,
072950,15290.0,60893000000.0,14990.0,16450.0,14470.0,3898106.0,
056090,1190.0,0.0,0.0,0.0,0.0,0.0,
083500,14780.0,1455000000.0,13750.0,14830.0,13640.0,100110.0,
008830,6390.0,1238000000.0,6260.0,6390.0,6200.0,196110.0,
293580,1289.0,305000000.0,1260.0,1290.0,1241.0,241045.0,
042510,10990.0,2494000000.0,11170.0,11230.0,10700.0,228280.0,
021320,5690.0,48000000.0,5790.0,5800.0,5600.0,8422.0,
259630,9940.0,1451000000.0,9560.0,9950.0,9440.0,148094.0,
321370,1719.0,2860000000.0,1708.0,1725.0,1620.0,1697975.0,
095190,1848.0,101000000.0,1828.0,1854.0,1828.0,54594.0,
297890,1645.0,606000000.0,1594.0,1645.0,1581.0,373152.0,
053080,9230.0,682000000.0,8930.0,9260.0,8800.0,74732.0,
333430,3905.0,3074000000.0,3810.0,4190.0,3795.0,764205.0,
308080,5850.0,645000000.0,5760.0,5960.0,5600.0,110481.0,
166480,2260.0,207000000.0,2270.0,2270.0,2155.0,92776.0,
474610,8280.0,774000000.0,7930.0,8290.0,7770.0,95772.0,
299030,14850.0,408000000.0,14350.0,14880.0,14050.0,28080.0,243305000.00000003
017510,7760.0,503000000.0,7720.0,7760.0,7530.0,65880.0,
041440,6620.0,183000000.0,6550.0,6630.0,6500.0,27922.0,
153890,9740.0,2383000000.0,9360.0,9890.0,9060.0,251849.0,
047310,3200.0,326000000.0,3095.0,3220.0,3095.0,102701.0,
054050,7280.0,256000000.0,7420.0,7420.0,7270.0,35033.0,
290720,3050.0,146000000.0,2980.0,3050.0,2850.0,48830.0,
336680,2965.0,23000000.0,2985.0,2985.0,2930.0,7738.0,
041590,2370.0,0.0,0.0,0.0,0.0,0.0,
338220,8270.0,2164000000.0,8240.0,8340.0,8000.0,265261.0,14456872999.999998
396470,7150.0,934000000.0,6950.0,7190.0,6850.0,131809.0,
290740,11440.0,1019000000.0,11810.0,12330.0,11290.0,86433.0,
051980,1035.0,0.0,0.0,0.0,0.0,0.0,
049520,3720.0,85000000.0,3735.0,3735.0,3675.0,22925.0,
443670,4770.0,914000000.0,4800.0,4850.0,4710.0,192629.0,
331920,10240.0,349000000.0,10270.0,10460.0,9930.0,34376.0,
101170,8480.0,234000000.0,8040.0,8500.0,8040.0,28097.0,
122450,2550.0,23000000.0,2530.0,2570.0,2515.0,9025.0,
458650,7590.0,52000000.0,7560.0,7620.0,7440.0,6941.0,
311320,9000.0,514000000.0,8260.0,9000.0,8250.0,58247.0,
067990,3880.0,172000000.0,3875.0,3900.0,3845.0,44400.0,
063570,3300.0,13000000.0,3250.0,3300.0,3250.0,4029.0,
473980,10340.0,227000000.0,10150.0,10340.0,10020.0,22339.0,60119000.0
079650,5610.0,3392000000.0,5760.0,5760.0,5470.0,608590.0,
201490,3425.0,2083000000.0,3400.0,3470.0,3360.0,610279.0,
255440,8580.0,634000000.0,8290.0,8580.0,8140.0,75889.0,
310200,2145.0,469000000.0,2090.0,2145.0,2030.0,223124.0,
129920,6880.0,992000000.0,6610.0,7000.0,6430.0,147306.0,
242040,3230.0,739000000.0,3115.0,3255.0,3090.0,231488.0,
051360,11900.0,176000000.0,11680.0,11900.0,11500.0,15039.0,90149000.0
389020,16120.0,1668000000.0,15810.0,16190.0,15700.0,104956.0,
217820,2345.0,451000000.0,2310.0,2355.0,2275.0,195015.0,
039560,2590.0,297000000.0,2510.0,2620.0,2490.0,116045.0,
018120,16770.0,6000000.0,16800.0,16800.0,16740.0,367.0,
334970,1427.0,132000000.0,1398.0,1430.0,1321.0,94369.0,
131030,6270.0,904000000.0,5960.0,6440.0,5950.0,144313.0,
090850,4920.0,50000000.0,4910.0,4965.0,4910.0,10201.0,
246710,2300.0,346000000.0,2130.0,2300.0,2115.0,155556.0,
086980,1753.0,112000000.0,1740.0,1774.0,1740.0,63996.0,
317770,2950.0,2150000000.0,2625.0,2950.0,2580.0,756062.0,
217190,8250.0,1269000000.0,8010.0,8420.0,7950.0,153951.0,
036010,8150.0,1331000000.0,7660.0,8170.0,7580.0,166049.0,
067900,5950.0,51000000.0,5880.0,5960.0,5880.0,8639.0,
040300,2260.0,116000000.0,2295.0,2295.0,2245.0,51219.0,
217270,2360.0,20000000.0,2370.0,2370.0,2340.0,8440.0,
039340,4890.0,7000000.0,4890.0,4890.0,4850.0,1489.0,
091440,2910.0,972000000.0,2765.0,2925.0,2650.0,350384.0,
0011A0,11520.0,2140000000.0,11320.0,11560.0,10740.0,192277.0,
120240,14860.0,80000000.0,14780.0,14950.0,14720.0,5418.0,
289930,8100.0,242000000.0,7950.0,8170.0,7930.0,30020.0,
106190,10000.0,143000000.0,9820.0,10000.0,9780.0,14517.0,
109670,18190.0,23833000000.0,21450.0,21650.0,16880.0,1229618.0,
339950,2360.0,87000000.0,2370.0,2390.0,2340.0,37064.0,
036630,7570.0,37000000.0,7710.0,7710.0,7500.0,4846.0,
175250,1710.0,616000000.0,1587.0,1778.0,1515.0,370265.0,
053700,3940.0,325000000.0,3890.0,3940.0,3800.0,83663.0,
130580,6830.0,91000000.0,6760.0,6850.0,6680.0,13445.0,
209640,3690.0,1027000000.0,3535.0,3705.0,3520.0,281583.0,
053350,4755.0,143000000.0,4670.0,4820.0,4670.0,30043.0,
475230,9600.0,1027000000.0,9650.0,9750.0,9400.0,107817.0,
125210,6330.0,696000000.0,6160.0,6340.0,6050.0,111844.0,
073560,1508.0,63000000.0,1496.0,1510.0,1495.0,42068.0,
097800,3825.0,32989000000.0,3035.0,3940.0,2870.0,9088322.0,
419050,1823.0,7719000000.0,1816.0,1918.0,1784.0,4187050.0,
235980,3040.0,356000000.0,2855.0,3045.0,2835.0,120218.0,
306620,2165.0,886000000.0,2075.0,2165.0,1992.0,418540.0,
038540,1872.0,20000000.0,1851.0,1879.0,1851.0,10495.0,
394420,9400.0,1017000000.0,8630.0,9480.0,8530.0,111463.0,
453450,12980.0,230000000.0,12680.0,12980.0,12500.0,18109.0,
105740,10120.0,5302000000.0,9650.0,10120.0,9490.0,538493.0,
109740,4000.0,77000000.0,4100.0,4100.0,3900.0,19267.0,
250060,3185.0,574000000.0,3110.0,3185.0,3065.0,182442.0,
123040,1633.0,49000000.0,1670.0,1670.0,1622.0,30229.0,
006620,3580.0,275000000.0,3480.0,3600.0,3480.0,77225.0,
411080,6640.0,981000000.0,6450.0,6660.0,6400.0,149535.0,
100700,2305.0,37000000.0,2315.0,2315.0,2290.0,16130.0,
182360,6490.0,140000000.0,6450.0,6630.0,6130.0,21881.0,
366030,4445.0,83000000.0,4335.0,4470.0,4335.0,18767.0,
475580,7390.0,189000000.0,7270.0,7430.0,7270.0,25685.0,
261780,3465.0,2167000000.0,3470.0,3635.0,3300.0,623525.0,
323990,4310.0,358000000.0,4250.0,4350.0,4155.0,84484.0,
307930,6400.0,82000000.0,6210.0,6400.0,6210.0,12979.0,
063170,5620.0,92000000.0,5620.0,5670.0,5490.0,16392.0,
049950,11320.0,319000000.0,11000.0,11350.0,10850.0,28572.0,
045970,3790.0,269000000.0,3630.0,3875.0,3630.0,71316.0,
059210,3670.0,610000000.0,3610.0,3685.0,3585.0,168728.0,
439580,2945.0,2112000000.0,2945.0,2990.0,2830.0,724410.0,
309960,4290.0,68000000.0,4280.0,4300.0,4225.0,15887.0,
021080,2075.0,194000000.0,2065.0,2090.0,2030.0,94397.0,
099750,7290.0,303000000.0,7110.0,7320.0,7050.0,42259.0,
189330,10600.0,1492000000.0,10170.0,10730.0,9980.0,143270.0,
246720,6070.0,0.0,0.0,0.0,0.0,0.0,
412350,6800.0,3921000000.0,6670.0,7150.0,6590.0,571997.0,
086960,2325.0,1784000000.0,2260.0,2355.0,2215.0,774545.0,
173130,7570.0,752000000.0,7610.0,7710.0,7440.0,99284.0,
352090,3675.0,81000000.0,3685.0,3695.0,3630.0,22130.0,
088130,5640.0,555000000.0,5620.0,5660.0,5480.0,99325.0,
205100,1453.0,435000000.0,1410.0,1453.0,1410.0,302944.0,
048550,1011.0,462000000.0,1013.0,1124.0,1007.0,447111.0,
187790,3170.0,269000000.0,3010.0,3185.0,3010.0,86212.0,
493330,12140.0,259000000.0,12130.0,12160.0,11810.0,21639.0,
357880,1798.0,937000000.0,1821.0,1838.0,1778.0,522164.0,
066790,2205.0,0.0,0.0,0.0,0.0,0.0,
068240,2530.0,0.0,0.0,0.0,0.0,0.0,
380550,7910.0,1031000000.0,7500.0,7950.0,7430.0,133048.0,
298540,6660.0,34000000.0,6650.0,6720.0,6610.0,5090.0,
037030,3760.0,781000000.0,3650.0,3760.0,3600.0,212210.0,
330350,7260.0,346000000.0,7210.0,7270.0,7060.0,48193.0,
348350,9770.0,325000000.0,9350.0,10000.0,9350.0,33346.0,
002230,5180.0,170000000.0,5090.0,5200.0,5060.0,33207.0,
198440,1565.0,466000000.0,1570.0,1570.0,1522.0,300473.0,
357580,8070.0,2396000000.0,7700.0,8110.0,7390.0,305705.0,
052420,9760.0,189000000.0,9580.0,9790.0,9540.0,19559.0,
017650,10800.0,0.0,0.0,0.0,0.0,0.0,
052900,1235.0,1994000000.0,1178.0,1245.0,1152.0,1639470.0,
091120,5510.0,202000000.0,5410.0,5600.0,5320.0,36969.0,
042500,4220.0,217000000.0,4200.0,4235.0,4170.0,51739.0,
0017J0,3110.0,12733000000.0,2535.0,3140.0,2505.0,4338219.0,
074430,1047.0,55000000.0,1037.0,1056.0,1030.0,53072.0,
322180,4335.0,379000000.0,4140.0,4435.0,4140.0,87992.0,
109610,1900.0,462000000.0,1841.0,2005.0,1841.0,241471.0,
005860,2350.0,345000000.0,2310.0,2350.0,2300.0,148412.0,
036220,6420.0,183000000.0,6350.0,6490.0,6340.0,28582.0,
052460,6270.0,538000000.0,6200.0,6440.0,6120.0,85927.0,
040420,5840.0,42000000.0,5840.0,5870.0,5820.0,7110.0,
282720,7550.0,64000000.0,7460.0,7680.0,7430.0,8396.0,
033560,5350.0,130000000.0,5180.0,5390.0,5180.0,24609.0,
234030,3860.0,5072000000.0,3700.0,4040.0,3655.0,1292050.0,
307870,1226.0,635000000.0,1200.0,1250.0,1176.0,527558.0,
136150,10850.0,1872000000.0,8350.0,10850.0,8350.0,175686.0,
432470,10350.0,310000000.0,10230.0,10460.0,10220.0,29895.0,
065450,3075.0,2452000000.0,3075.0,3105.0,3005.0,807849.0,
053580,7000.0,60000000.0,6970.0,7100.0,6970.0,8632.0,
023900,7190.0,58000000.0,7220.0,7230.0,7070.0,8011.0,
054540,6950.0,456000000.0,6880.0,6950.0,6700.0,66614.0,
123010,4460.0,2766000000.0,4095.0,4505.0,3985.0,649813.0,
303810,2810.0,4547000000.0,2820.0,2930.0,2770.0,1610145.0,
048910,7140.0,317000000.0,7000.0,7270.0,6910.0,44871.0,
192410,3565.0,141000000.0,3410.0,3680.0,3250.0,41552.0,
066590,2320.0,93000000.0,2295.0,2320.0,2245.0,40824.0,
457370,11090.0,19359000000.0,10610.0,11710.0,10530.0,1722626.0,
093920,4800.0,15000000.0,4750.0,4805.0,4730.0,3219.0,
048530,2890.0,122000000.0,2825.0,2925.0,2805.0,42438.0,
246960,2620.0,244000000.0,2670.0,2670.0,2505.0,94573.0,
013310,2295.0,107000000.0,2290.0,2305.0,2250.0,46931.0,
223250,3620.0,1105000000.0,3355.0,3620.0,3300.0,317721.0,
047560,7560.0,115000000.0,7530.0,7590.0,7350.0,15355.0,
357230,2150.0,9000000.0,2160.0,2160.0,2120.0,3990.0,
234300,3240.0,267000000.0,3255.0,3300.0,3210.0,81511.0,
014950,8740.0,3952000000.0,8560.0,8860.0,8450.0,457518.0,
162300,2115.0,4021000000.0,2365.0,2445.0,2040.0,1834496.0,
140070,2365.0,229000000.0,2260.0,2370.0,2260.0,98799.0,
900260,1900.0,6000000.0,1830.0,1911.0,1830.0,3124.0,
478560,3370.0,140000000.0,3295.0,3455.0,3250.0,41499.0,
096240,8480.0,61000000.0,8430.0,8500.0,8350.0,7239.0,
251120,9980.0,105000000.0,10000.0,10060.0,9720.0,10616.0,
062970,2875.0,2797000000.0,2890.0,2970.0,2740.0,999633.0,
044990,11250.0,200000000.0,10840.0,11280.0,10840.0,18011.0,
100130,1507.0,206000000.0,1512.0,1544.0,1494.0,136325.0,
362320,4160.0,146000000.0,4150.0,4235.0,4105.0,35125.0,
009300,13500.0,25000000.0,14140.0,14140.0,13100.0,1831.0,
067000,1222.0,10412000000.0,1150.0,1380.0,1148.0,8227182.0,
033290,1521.0,55000000.0,1523.0,1534.0,1514.0,35747.0,
004650,9280.0,89000000.0,9220.0,9300.0,9220.0,9631.0,
078140,7680.0,163000000.0,7640.0,7680.0,7540.0,21408.0,
185490,1969.0,73000000.0,1988.0,1988.0,1921.0,37135.0,
365330,1696.0,6123000000.0,1624.0,1920.0,1618.0,3534009.0,
263720,6930.0,13000000.0,6870.0,6990.0,6850.0,1946.0,
025950,10100.0,231000000.0,10050.0,10140.0,9800.0,23067.0,
0007J0,10780.0,1641000000.0,11030.0,11090.0,10520.0,152727.0,
072020,9140.0,21000000.0,9210.0,9210.0,9050.0,2253.0,
066700,2270.0,92000000.0,2200.0,2295.0,2200.0,40670.0,
226400,4080.0,206000000.0,4085.0,4150.0,4020.0,50475.0,
085670,3435.0,639000000.0,3405.0,3455.0,3130.0,189449.0,
215100,4130.0,340000000.0,3975.0,4140.0,3945.0,83428.0,
101330,3630.0,278000000.0,3495.0,3635.0,3465.0,77809.0,
038110,2040.0,131000000.0,1995.0,2040.0,1995.0,64802.0,
049180,1009.0,0.0,0.0,0.0,0.0,0.0,
330730,4600.0,73000000.0,4540.0,4605.0,4520.0,16031.0,
183490,990.0,0.0,0.0,0.0,0.0,0.0,
078890,4545.0,285000000.0,4370.0,4565.0,4325.0,63437.0,
086710,6850.0,47000000.0,6800.0,6910.0,6800.0,6902.0,
058820,562.0,0.0,0.0,0.0,0.0,0.0,
037760,2445.0,292000000.0,2395.0,2470.0,2375.0,121469.0,
029480,1382.0,57000000.0,1378.0,1384.0,1356.0,41522.0,
100590,4815.0,935000000.0,4645.0,4855.0,4525.0,197365.0,
389030,2095.0,780000000.0,1981.0,2130.0,1948.0,378414.0,
396270,2500.0,875000000.0,2365.0,2515.0,2340.0,360015.0,
066980,1525.0,285000000.0,1446.0,1530.0,1446.0,190471.0,
032300,7500.0,47000000.0,7330.0,7500.0,7230.0,6335.0,
063080,12390.0,183000000.0,12090.0,12550.0,12090.0,14836.0,
294630,3075.0,287000000.0,3090.0,3110.0,2980.0,94134.0,
049080,9590.0,1034000000.0,9400.0,9600.0,9150.0,109927.0,
007820,3490.0,316000000.0,3370.0,3510.0,3345.0,91889.0,
094860,1530.0,81000000.0,1533.0,1549.0,1491.0,53271.0,
412540,3935.0,0.0,0.0,0.0,0.0,0.0,
036640,4955.0,165000000.0,4965.0,5000.0,4900.0,33396.0,
142280,3360.0,1803000000.0,3270.0,3375.0,3230.0,539255.0,
149980,4680.0,86000000.0,4630.0,4730.0,4420.0,18691.0,
066430,2055.0,514000000.0,2070.0,2075.0,2000.0,252641.0,
360070,9800.0,154000000.0,9690.0,9810.0,9130.0,16205.0,
381620,6110.0,192000000.0,5880.0,6120.0,5810.0,32004.0,
147760,4000.0,873000000.0,3980.0,4100.0,3890.0,218472.0,
389140,5590.0,204000000.0,5350.0,5840.0,5250.0,37430.0,
418470,9290.0,59000000.0,9320.0,9320.0,9200.0,6400.0,
475430,4455.0,414000000.0,4390.0,4460.0,4340.0,94040.0,
388870,6140.0,396000000.0,5830.0,6280.0,5650.0,66737.0,
054670,5530.0,51000000.0,5440.0,5630.0,5380.0,9310.0,
0117P0,5600.0,448000000.0,5400.0,5630.0,5320.0,80393.0,
302550,2615.0,40000000.0,2640.0,2670.0,2590.0,15144.0,
382840,5180.0,207000000.0,5130.0,5210.0,5030.0,40194.0,
0015S0,8000.0,267000000.0,7790.0,8060.0,7730.0,33685.0,
032540,3770.0,3000000.0,3745.0,3795.0,3745.0,899.0,
058400,5930.0,95000000.0,6020.0,6020.0,5850.0,15876.0,
131370,1474.0,48000000.0,1470.0,1485.0,1465.0,32428.0,
323350,9790.0,1017000000.0,9300.0,9900.0,8870.0,106414.0,
137950,3515.0,189000000.0,3750.0,3750.0,3450.0,54167.0,
047820,3190.0,34000000.0,3215.0,3225.0,3180.0,10771.0,
084730,7010.0,315000000.0,6640.0,7020.0,6630.0,45688.0,
079810,3610.0,110000000.0,3550.0,3635.0,3515.0,30952.0,
004590,5180.0,106000000.0,5220.0,5220.0,5110.0,20423.0,
303360,6030.0,435000000.0,5890.0,6110.0,5820.0,72656.0,
024880,3890.0,78000000.0,3880.0,3930.0,3820.0,20177.0,
066310,8360.0,422000000.0,8040.0,8380.0,8030.0,51146.0,
104040,2890.0,124000000.0,2800.0,2895.0,2720.0,43988.0,
088390,8240.0,26000000.0,8120.0,8290.0,8110.0,3173.0,
012790,6440.0,253000000.0,6220.0,6510.0,6080.0,39761.0,
302430,7860.0,1093000000.0,7630.0,8180.0,7500.0,138601.0,
950130,2190.0,91000000.0,2120.0,2210.0,2115.0,42164.0,
225530,2115.0,23000000.0,2110.0,2140.0,2085.0,11135.0,
000440,12290.0,82000000.0,12250.0,12370.0,12160.0,6665.0,
253840,4570.0,486000000.0,4400.0,4590.0,4370.0,107480.0,
331380,2070.0,33000000.0,2140.0,2140.0,2030.0,16098.0,
124560,1975.0,109000000.0,1980.0,1981.0,1939.0,55564.0,
041930,5020.0,104000000.0,4920.0,5020.0,4820.0,21122.0,
073640,654.0,0.0,0.0,0.0,0.0,0.0,
058630,4050.0,694000000.0,3970.0,4210.0,3950.0,171761.0,
065510,6980.0,431000000.0,6740.0,6990.0,6720.0,62813.0,
010280,5800.0,667000000.0,5990.0,5990.0,5660.0,116222.0,
107600,13360.0,212000000.0,13000.0,13360.0,12500.0,16264.0,
011320,3900.0,97000000.0,3880.0,3935.0,3845.0,24893.0,
102370,2910.0,33000000.0,2900.0,2950.0,2885.0,11541.0,
089230,1910.0,421000000.0,1995.0,1999.0,1870.0,219978.0,
012700,2895.0,18000000.0,2915.0,2915.0,2870.0,6377.0,
294140,3020.0,271000000.0,2850.0,3070.0,2740.0,91749.0,
030960,4705.0,30000000.0,4710.0,4735.0,4690.0,6269.0,
038680,3775.0,296000000.0,3675.0,3790.0,3620.0,79342.0,
060590,3100.0,117000000.0,3070.0,3100.0,3010.0,38183.0,
168330,2360.0,18000000.0,2330.0,2375.0,2305.0,7622.0,
263800,4615.0,558000000.0,4430.0,4640.0,4430.0,122427.0,
011370,3710.0,47000000.0,3660.0,3720.0,3650.0,12827.0,
040910,4110.0,55000000.0,4110.0,4140.0,4070.0,13361.0,
217330,3225.0,245000000.0,3075.0,3245.0,3060.0,77111.0,
040160,6240.0,72000000.0,6600.0,6600.0,6200.0,11536.0,
451250,7250.0,47000000.0,7220.0,7480.0,7010.0,6505.0,
060570,5000.0,9000000.0,4980.0,5020.0,4855.0,1718.0,
170030,4830.0,52000000.0,4825.0,4850.0,4720.0,10806.0,
019550,918.0,120000000.0,923.0,932.0,911.0,130381.0,
347890,4325.0,24000000.0,4285.0,4340.0,4180.0,5617.0,
371950,3120.0,306000000.0,2940.0,3190.0,2915.0,102209.0,
041910,5530.0,50000000.0,5520.0,5570.0,5420.0,9079.0,
208140,2245.0,112000000.0,2245.0,2265.0,2215.0,49878.0,
487580,2905.0,906000000.0,2925.0,2925.0,2800.0,317861.0,
451220,9290.0,382000000.0,8780.0,9300.0,8580.0,41953.0,
039980,5080.0,263000000.0,4960.0,5100.0,4850.0,52699.0,
080010,7400.0,9000000.0,7350.0,7470.0,7300.0,1160.0,
017480,4710.0,227000000.0,4850.0,4965.0,4700.0,47581.0,
212710,7480.0,593000000.0,7140.0,7500.0,7090.0,80730.0,
083790,945.0,64000000.0,964.0,964.0,910.0,69076.0,
024740,2205.0,110000000.0,2215.0,2220.0,2185.0,49773.0,
053280,2895.0,20000000.0,2915.0,2920.0,2845.0,6920.0,
413390,6410.0,83000000.0,6290.0,6450.0,6130.0,13250.0,
090470,4130.0,46000000.0,4175.0,4175.0,4005.0,11375.0,
020710,3600.0,303000000.0,3585.0,3665.0,3490.0,85032.0,
377480,10150.0,289000000.0,10000.0,10150.0,9900.0,28738.0,
277880,3635.0,72000000.0,3590.0,3640.0,3545.0,19964.0,
067170,2625.0,4539000000.0,2580.0,2835.0,2560.0,1681957.0,
039010,8350.0,200000000.0,8420.0,8500.0,8150.0,24258.0,
234920,5310.0,0.0,0.0,0.0,0.0,0.0,
091590,6110.0,640000000.0,6000.0,6150.0,5900.0,105990.0,
171120,1997.0,19000000.0,1992.0,2010.0,1991.0,9310.0,
320000,10370.0,886000000.0,10010.0,10380.0,9900.0,86860.0,
347000,1892.0,71000000.0,1884.0,1892.0,1840.0,38063.0,
038460,2820.0,154000000.0,2810.0,2830.0,2760.0,54933.0,
054040,4425.0,29000000.0,4425.0,4465.0,4410.0,6453.0,
299660,2410.0,509000000.0,2390.0,2430.0,2330.0,213975.0,
045660,8580.0,197000000.0,8610.0,8730.0,8260.0,23273.0,
128660,2835.0,102000000.0,2850.0,2850.0,2810.0,36247.0,
263600,4410.0,2289000000.0,3390.0,4410.0,3340.0,533533.0,
460940,5220.0,238000000.0,5070.0,5230.0,4970.0,46175.0,
155650,3700.0,342000000.0,3505.0,3700.0,3450.0,94403.0,
092040,990.0,230000000.0,952.0,990.0,940.0,237603.0,
208370,2710.0,1381000000.0,2755.0,2835.0,2650.0,504658.0,
104460,6630.0,40000000.0,6650.0,6720.0,6580.0,6054.0,
332370,5250.0,11000000.0,5340.0,5640.0,5220.0,2093.0,
214260,7790.0,138000000.0,7420.0,7880.0,7370.0,18070.0,
282620,11830.0,410000000.0,11850.0,12040.0,11800.0,34497.0,
096350,1880.0,117000000.0,1875.0,1887.0,1820.0,62907.0,
291650,2270.0,128000000.0,2180.0,2320.0,2045.0,58073.0,
109860,7610.0,99000000.0,7400.0,7730.0,7340.0,13060.0,
417790,6610.0,230000000.0,6410.0,6780.0,6410.0,35126.0,
032850,4160.0,169000000.0,4160.0,4200.0,4080.0,40863.0,
117670,10380.0,175000000.0,10180.0,10400.0,10130.0,17050.0,
110790,2950.0,56000000.0,2950.0,3240.0,2820.0,19036.0,
026150,3925.0,53000000.0,3910.0,3960.0,3880.0,13515.0,
067570,1632.0,43000000.0,1650.0,1650.0,1609.0,26622.0,
337930,2365.0,54000000.0,2380.0,2390.0,2330.0,23163.0,
089790,6650.0,1891000000.0,6070.0,6830.0,6070.0,288699.0,
024830,8210.0,62000000.0,8390.0,8390.0,8100.0,7653.0,
048430,5940.0,262000000.0,6000.0,6050.0,5850.0,44355.0,
228340,3420.0,699000000.0,3375.0,3450.0,3300.0,207846.0,
019540,5050.0,100000000.0,4995.0,5080.0,4920.0,19942.0,
054620,3705.0,126000000.0,3725.0,3775.0,3675.0,33970.0,
265560,6360.0,60000000.0,6250.0,6360.0,6190.0,9524.0,
228670,4345.0,179000000.0,4375.0,4415.0,4320.0,41011.0,
347860,1612.0,239000000.0,1593.0,1623.0,1506.0,151277.0,
0004V0,6160.0,726000000.0,5890.0,6240.0,5820.0,119568.0,
123420,6510.0,171000000.0,6370.0,6520.0,6370.0,26470.0,
049550,3450.0,22000000.0,3445.0,3450.0,3380.0,6410.0,
039610,6490.0,5000000000.0,7120.0,7440.0,6310.0,743360.0,
950220,1972.0,365000000.0,1950.0,2010.0,1907.0,187030.0,
002800,4440.0,30000000.0,4430.0,4460.0,4390.0,6854.0,
487400,6560.0,640000000.0,6530.0,6560.0,6400.0,98919.0,
417970,10520.0,215000000.0,9950.0,10640.0,9940.0,20953.0,
456070,6100.0,677000000.0,5860.0,6160.0,5730.0,112283.0,
067370,5490.0,14000000.0,5540.0,5630.0,5420.0,2460.0,
076610,1100.0,483000000.0,1095.0,1123.0,1095.0,437323.0,
004780,4200.0,113000000.0,4085.0,4205.0,4085.0,27263.0,
0155E0,12130.0,1567000000.0,12100.0,12240.0,11820.0,129869.0,
262260,4400.0,85000000.0,4360.0,4465.0,4320.0,19429.0,
204840,4260.0,57000000.0,4305.0,4325.0,4220.0,13479.0,
096250,5590.0,105000000.0,5410.0,5590.0,5390.0,19039.0,
040350,3310.0,274000000.0,3280.0,3430.0,3205.0,82952.0,
153710,4480.0,56000000.0,4510.0,4585.0,4470.0,12381.0,
0218L0,12450.0,180000000.0,11770.0,12450.0,11770.0,14753.0,
061040,7240.0,11000000.0,7120.0,7290.0,7120.0,1475.0,
137080,6110.0,94000000.0,6220.0,6230.0,5900.0,15634.0,
241790,6540.0,618000000.0,6290.0,6580.0,6210.0,95680.0,
095270,4550.0,211000000.0,4360.0,4675.0,4310.0,47052.0,
214680,3915.0,153000000.0,3685.0,3920.0,3685.0,39963.0,
006140,4380.0,63000000.0,4400.0,4405.0,4310.0,14552.0,
111710,3160.0,94000000.0,3135.0,3170.0,3075.0,30141.0,
100030,19790.0,4000000.0,19990.0,19990.0,19790.0,179.0,
014970,4360.0,65000000.0,4335.0,4410.0,4285.0,14881.0,
126880,2775.0,277000000.0,2640.0,2815.0,2635.0,100125.0,
205470,2605.0,175000000.0,2460.0,2650.0,2460.0,67757.0,
187420,1969.0,150000000.0,1997.0,1997.0,1925.0,76584.0,
222110,4745.0,4000000.0,4750.0,4765.0,4700.0,881.0,
241690,2615.0,91000000.0,2550.0,2720.0,2495.0,35365.0,
049470,2715.0,153000000.0,2810.0,2810.0,2645.0,56805.0,
382480,1620.0,139000000.0,1602.0,1677.0,1574.0,87116.0,
033130,1717.0,288000000.0,1702.0,1741.0,1664.0,171618.0,
048770,4055.0,797000000.0,4010.0,4090.0,3820.0,198885.0,
315640,2165.0,210000000.0,2155.0,2190.0,2065.0,98544.0,
067920,5780.0,164000000.0,5850.0,5850.0,5740.0,28458.0,
214270,1404.0,53000000.0,1369.0,1408.0,1363.0,37807.0,
104540,4735.0,956000000.0,4605.0,4890.0,4515.0,202186.0,
331740,6500.0,71000000.0,6380.0,6580.0,6300.0,10999.0,
122350,1648.0,1136000000.0,1571.0,1687.0,1571.0,694650.0,
463020,7010.0,409000000.0,6650.0,7050.0,6650.0,59434.0,
089850,4275.0,16000000.0,4210.0,4300.0,4205.0,3859.0,
041460,3310.0,46000000.0,3300.0,3310.0,3250.0,13952.0,
318160,6730.0,146000000.0,7190.0,7190.0,6730.0,21394.0,
291230,2610.0,67000000.0,2600.0,2640.0,2580.0,25620.0,
0156T0,8050.0,675000000.0,8030.0,8190.0,7860.0,84445.0,
081150,2580.0,161000000.0,2545.0,2590.0,2545.0,62979.0,
001840,2215.0,0.0,0.0,0.0,0.0,0.0,
043650,3500.0,138000000.0,3565.0,3565.0,3480.0,39466.0,
424960,3790.0,44000000.0,3730.0,3880.0,3730.0,11539.0,
036000,2705.0,35000000.0,2645.0,2745.0,2645.0,12836.0,
294090,1490.0,0.0,0.0,0.0,0.0,0.0,
127710,1411.0,51000000.0,1409.0,1428.0,1401.0,35622.0,
066670,3315.0,79000000.0,3295.0,3345.0,3260.0,23988.0,
064240,1785.0,21000000.0,1813.0,1813.0,1761.0,11679.0,
005670,6170.0,82000000.0,6140.0,6180.0,6070.0,13343.0,
059270,5520.0,143000000.0,5450.0,5640.0,5340.0,26019.0,
014470,1079.0,123000000.0,1060.0,1097.0,1042.0,114197.0,
082210,1758.0,24000000.0,1820.0,1820.0,1723.0,13802.0,
049480,1955.0,282000000.0,1889.0,1961.0,1873.0,146089.0,
483350,2770.0,664000000.0,2805.0,2850.0,2755.0,238177.0,
043610,1055.0,270000000.0,1062.0,1083.0,1054.0,253591.0,
065530,1280.0,63000000.0,1289.0,1289.0,1265.0,49672.0,
008370,5090.0,33000000.0,5020.0,5100.0,5020.0,6494.0,
352910,4830.0,34000000.0,4865.0,4920.0,4820.0,7121.0,
299170,1468.0,14824000000.0,1394.0,1566.0,1367.0,9866729.0,
056360,6220.0,497000000.0,6080.0,6270.0,5970.0,81359.0,
203400,676.0,0.0,0.0,0.0,0.0,0.0,
054300,1045.0,104000000.0,1025.0,1058.0,1019.0,100531.0,
010240,5190.0,72000000.0,5200.0,5210.0,5100.0,13866.0,
016250,12060.0,9000000.0,12090.0,12230.0,12000.0,758.0,
460870,3020.0,248000000.0,2905.0,3060.0,2830.0,82923.0,
039420,2640.0,84000000.0,2640.0,2675.0,2600.0,32060.0,
900110,5460.0,21000000.0,5440.0,5530.0,5200.0,3812.0,
221800,3700.0,94000000.0,3635.0,3820.0,3600.0,25344.0,
216050,4945.0,32000000.0,4940.0,4950.0,4885.0,6592.0,
145170,3555.0,5576000000.0,3660.0,3920.0,3530.0,1507581.0,
225190,4260.0,10973000000.0,3440.0,4505.0,3430.0,2625794.0,
033320,3135.0,219000000.0,3050.0,3160.0,3040.0,70326.0,
448710,11320.0,127000000.0,11010.0,11330.0,10970.0,11361.0,
010470,4995.0,20000000.0,5050.0,5050.0,4960.0,3953.0,
036090,1402.0,242000000.0,1382.0,1402.0,1366.0,174435.0,
251630,3735.0,39000000.0,3620.0,3735.0,3615.0,10602.0,
094850,4250.0,108000000.0,4300.0,4305.0,4170.0,25465.0,
950200,3085.0,136000000.0,3050.0,3125.0,3050.0,43918.0,
065170,2125.0,799000000.0,2170.0,2215.0,2050.0,378651.0,
273640,5390.0,71000000.0,5300.0,5390.0,5120.0,13411.0,
025550,2315.0,155000000.0,2290.0,2350.0,2290.0,67076.0,
039020,2615.0,187000000.0,2670.0,2670.0,2595.0,71586.0,
060310,1111.0,70000000.0,1063.0,1115.0,1063.0,64473.0,
191420,7250.0,63000000.0,7740.0,7740.0,7000.0,8849.0,
033310,1469.0,140000000.0,1486.0,1486.0,1442.0,96116.0,
263690,5170.0,36000000.0,5120.0,5210.0,5090.0,6934.0,
192250,8280.0,168000000.0,8420.0,8420.0,8110.0,20536.0,
424980,9870.0,328000000.0,9380.0,9970.0,9260.0,33720.0,
003310,1648.0,275000000.0,1625.0,1660.0,1613.0,167449.0,
081180,6600.0,707000000.0,6400.0,6900.0,6240.0,107725.0,
045340,6800.0,65000000.0,6650.0,6830.0,6650.0,9634.0,
360350,10700.0,787000000.0,11280.0,11280.0,10320.0,73799.0,
348150,2995.0,107000000.0,2895.0,3000.0,2815.0,36549.0,
099520,1284.0,0.0,0.0,0.0,0.0,0.0,
037440,4170.0,197000000.0,4180.0,4200.0,4100.0,47592.0,
053620,6730.0,31000000.0,6730.0,6740.0,6630.0,4643.0,
464490,5020.0,487000000.0,4880.0,5210.0,4700.0,97939.0,
175140,2300.0,35000000.0,2310.0,2335.0,2270.0,14995.0,
050960,8460.0,23000000.0,8610.0,8690.0,8130.0,2651.0,
046210,1250.0,206000000.0,1274.0,1274.0,1192.0,168085.0,
215360,6220.0,88000000.0,6200.0,6280.0,6160.0,14064.0,
317530,3245.0,57000000.0,3225.0,3290.0,3145.0,17784.0,
261520,5500.0,230000000.0,5580.0,5590.0,5380.0,42112.0,
033230,1119.0,156000000.0,1110.0,1119.0,1078.0,141868.0,
053050,1883.0,40000000.0,1900.0,1900.0,1869.0,21455.0,
179530,1807.0,250000000.0,1700.0,1820.0,1675.0,142027.0,
036120,1600.0,206000000.0,1664.0,1664.0,1517.0,130001.0,
007370,3965.0,29000000.0,3900.0,3975.0,3900.0,7306.0,
443250,5160.0,44000000.0,5070.0,5160.0,5050.0,8621.0,
340930,806.0,0.0,0.0,0.0,0.0,0.0,
365660,4120.0,724000000.0,4115.0,4165.0,4050.0,176397.0,
290660,1290.0,502000000.0,1324.0,1344.0,1274.0,386476.0,
420570,9450.0,224000000.0,9070.0,9480.0,8890.0,24122.0,
333620,5000.0,185000000.0,5170.0,5170.0,4970.0,36820.0,
217480,499.0,0.0,0.0,0.0,0.0,0.0,
238090,1788.0,40000000.0,1804.0,1804.0,1778.0,22451.0,
088280,3140.0,188000000.0,3055.0,3210.0,3000.0,60626.0,
288180,7350.0,48000000.0,7150.0,7390.0,7150.0,6595.0,
036670,5040.0,50000000.0,5090.0,5090.0,4995.0,9999.0,
033170,3160.0,4576000000.0,2700.0,3475.0,2700.0,1449075.0,
061250,6430.0,60000000.0,6410.0,6500.0,6390.0,9296.0,
391710,1266.0,142000000.0,1283.0,1283.0,1250.0,112431.0,
419080,4960.0,131000000.0,4900.0,5050.0,4810.0,26502.0,
040610,3160.0,37000000.0,3150.0,3160.0,3115.0,11911.0,
435570,7040.0,6000000.0,7090.0,7090.0,6940.0,891.0,
0013V0,5400.0,2220000000.0,5040.0,5670.0,5030.0,406414.0,
393210,3430.0,3286000000.0,3435.0,3650.0,3290.0,960576.0,
900300,2600.0,198000000.0,2670.0,2735.0,2510.0,76583.0,
459100,3970.0,16000000.0,4030.0,4030.0,3965.0,4058.0,
053270,1950.0,86000000.0,1975.0,1975.0,1925.0,44309.0,
278650,3055.0,822000000.0,3255.0,3255.0,2980.0,268954.0,
064800,2080.0,107000000.0,1998.0,2230.0,1882.0,51924.0,
170790,8300.0,79000000.0,8300.0,8300.0,8130.0,9647.0,
246690,2230.0,270000000.0,2095.0,2245.0,2055.0,124479.0,
321820,3400.0,602000000.0,3240.0,3500.0,3080.0,180126.0,
109080,9390.0,90000000.0,9230.0,9440.0,9130.0,9671.0,
459550,2095.0,692000000.0,2105.0,2115.0,2055.0,331517.0,
370090,6170.0,92000000.0,5950.0,6180.0,5950.0,15010.0,
024910,1472.0,43000000.0,1465.0,1500.0,1465.0,28836.0,
163280,3860.0,236000000.0,3860.0,3980.0,3800.0,61097.0,
053160,8730.0,28000000.0,8820.0,8870.0,8625.0,3234.0,
317850,6290.0,276000000.0,6180.0,6320.0,6180.0,44088.0,
054930,17450.0,63000000.0,17630.0,17690.0,17410.0,3591.0,
071670,5230.0,181000000.0,5320.0,5330.0,5140.0,34812.0,
104620,3110.0,327000000.0,3115.0,3330.0,3045.0,103492.0,
052790,4780.0,252000000.0,4670.0,4815.0,4605.0,53418.0,
092300,2590.0,206000000.0,2515.0,2620.0,2485.0,80724.0,
024950,4195.0,32000000.0,4255.0,4255.0,4110.0,7603.0,
043710,2990.0,18000000.0,3155.0,3190.0,2990.0,5903.0,
039240,1914.0,665000000.0,1933.0,2125.0,1914.0,333111.0,
314140,5940.0,21000000.0,5940.0,6000.0,5860.0,3616.0,
105760,5050.0,60000000.0,5000.0,5050.0,4985.0,11913.0,
317830,4775.0,199000000.0,4630.0,4775.0,4535.0,42603.0,
094940,6150.0,193000000.0,5910.0,6170.0,5880.0,32021.0,
256630,4400.0,13000000.0,4280.0,4415.0,4280.0,2962.0,
027050,1275.0,49000000.0,1252.0,1283.0,1247.0,38221.0,
015710,2905.0,12000000.0,2910.0,2920.0,2850.0,4150.0,
355690,5310.0,342000000.0,5220.0,5380.0,5140.0,64634.0,
088910,1969.0,137000000.0,1967.0,1971.0,1950.0,70056.0,
457600,3690.0,196000000.0,3815.0,3920.0,3685.0,52091.0,
019990,5180.0,186000000.0,5190.0,5300.0,5100.0,35863.0,
217500,1586.0,255000000.0,1509.0,1598.0,1505.0,163051.0,
393970,2825.0,0.0,0.0,0.0,0.0,0.0,
408470,4740.0,65000000.0,4795.0,4795.0,4640.0,13767.0,
046940,2755.0,182000000.0,2735.0,2755.0,2700.0,66780.0,
226340,5910.0,3813000000.0,5350.0,6040.0,5170.0,668288.0,
219550,1198.0,18000000.0,1229.0,1229.0,1178.0,14911.0,
032960,2810.0,206000000.0,2640.0,2835.0,2490.0,76630.0,
453860,7670.0,309000000.0,7710.0,7800.0,7040.0,42602.0,
044340,2765.0,195000000.0,2740.0,2805.0,2700.0,70686.0,
340810,3535.0,504000000.0,3590.0,3635.0,3415.0,142188.0,
340360,919.0,103000000.0,924.0,924.0,895.0,111745.0,
063440,1087.0,24000000.0,1098.0,1098.0,1079.0,21964.0,
347740,1637.0,89000000.0,1655.0,1688.0,1635.0,54368.0,
060560,1933.0,20000000.0,1927.0,1950.0,1912.0,10402.0,
189860,5060.0,3314000000.0,5060.0,5600.0,4975.0,632605.0,
053450,3315.0,296000000.0,3175.0,3370.0,3165.0,90207.0,
321260,1737.0,164000000.0,1688.0,1742.0,1672.0,95503.0,
382150,3750.0,118000000.0,3655.0,3795.0,3655.0,31597.0,
348080,3800.0,120000000.0,3750.0,3865.0,3655.0,31823.0,
311690,3730.0,15000000.0,3705.0,3830.0,3685.0,4150.0,
199550,3275.0,43000000.0,3295.0,3300.0,3135.0,13273.0,
463480,3895.0,32000000.0,3905.0,3925.0,3870.0,8358.0,
122310,3310.0,12000000.0,3320.0,3320.0,3270.0,3672.0,
376290,2725.0,9000000.0,2750.0,2825.0,2700.0,3115.0,
222420,989.0,335000000.0,931.0,992.0,915.0,347676.0,
232830,2890.0,301000000.0,2860.0,2985.0,2785.0,105484.0,
452400,5260.0,74000000.0,5280.0,5310.0,5200.0,14169.0,
418250,6550.0,0.0,0.0,0.0,0.0,0.0,
038010,5290.0,107000000.0,5180.0,5340.0,5090.0,20347.0,
059100,6730.0,128000000.0,6690.0,6750.0,6630.0,19155.0,
476040,7220.0,416000000.0,6850.0,7530.0,6720.0,57764.0,
277070,3470.0,36000000.0,3355.0,3565.0,3355.0,10504.0,
014190,1340.0,78000000.0,1334.0,1350.0,1323.0,58640.0,
042110,980.0,130000000.0,990.0,996.0,976.0,132540.0,
179900,2195.0,247000000.0,2215.0,2265.0,2150.0,113071.0,
065130,2955.0,220000000.0,2840.0,3060.0,2760.0,75654.0,
440290,1717.0,41000000.0,1741.0,1741.0,1705.0,24104.0,
094970,2815.0,446000000.0,2675.0,2815.0,2650.0,162536.0,
384470,2625.0,111000000.0,2595.0,2630.0,2530.0,43284.0,
023440,521.0,0.0,0.0,0.0,0.0,0.0,
189980,1164.0,48000000.0,1151.0,1184.0,1147.0,41224.0,
037950,2750.0,354000000.0,2750.0,3100.0,2635.0,124478.0,
317690,2305.0,103000000.0,2210.0,2365.0,2200.0,44969.0,
073110,5200.0,4000000.0,5090.0,5290.0,5090.0,836.0,
068330,1044.0,32000000.0,1020.0,1050.0,1016.0,30301.0,
361570,1596.0,8000000.0,1600.0,1600.0,1570.0,5100.0,
229000,1957.0,0.0,0.0,0.0,0.0,0.0,
131400,766.0,0.0,0.0,0.0,0.0,0.0,
150900,3900.0,190000000.0,3900.0,3975.0,3850.0,49066.0,
114450,2280.0,159000000.0,2185.0,2280.0,2185.0,70711.0,
053980,2400.0,27000000.0,2385.0,2420.0,2380.0,11353.0,
479960,6390.0,50000000.0,6010.0,6390.0,6010.0,8133.0,
471820,4020.0,37000000.0,4010.0,4050.0,3910.0,9190.0,
083550,3350.0,34000000.0,3400.0,3430.0,3220.0,10275.0,
143540,1017.0,65000000.0,1012.0,1024.0,995.0,64573.0,
0010V0,8870.0,30000000.0,8850.0,8990.0,8730.0,3345.0,
263700,2330.0,39000000.0,2325.0,2375.0,2320.0,16737.0,
072990,3115.0,67000000.0,3070.0,3145.0,3050.0,21464.0,
198080,2090.0,30000000.0,2090.0,2105.0,2075.0,14244.0,
072470,2375.0,22000000.0,2355.0,2385.0,2285.0,9525.0,
373160,3295.0,47000000.0,3445.0,3535.0,3275.0,13642.0,
033340,460.0,0.0,0.0,0.0,0.0,0.0,
466410,8850.0,50000000.0,8690.0,8950.0,8690.0,5617.0,
050120,3280.0,6000000.0,3245.0,3315.0,3230.0,1897.0,
260930,2300.0,37000000.0,2295.0,2310.0,2215.0,16386.0,
051390,3915.0,12000000.0,4050.0,4050.0,3915.0,2953.0,
066130,3470.0,24000000.0,3480.0,3500.0,3425.0,7009.0,
178780,2380.0,35000000.0,2405.0,2445.0,2320.0,14732.0,
288330,416.0,0.0,0.0,0.0,0.0,0.0,
900340,1239.0,72000000.0,1203.0,1240.0,1196.0,59412.0,
900250,1225.0,76000000.0,1217.0,1240.0,1217.0,62089.0,
227950,1269.0,263000000.0,1201.0,1338.0,1200.0,205223.0,
263020,3155.0,72000000.0,3120.0,3155.0,3100.0,22948.0,
317870,4935.0,60000000.0,4800.0,5080.0,4580.0,12376.0,
413640,6050.0,80000000.0,5900.0,6050.0,5750.0,13690.0,
258610,1195.0,40000000.0,1200.0,1200.0,1162.0,34046.0,
196300,4585.0,151000000.0,4565.0,4775.0,4410.0,33163.0,
022220,840.0,3000000.0,820.0,845.0,820.0,4045.0,
460470,2875.0,52000000.0,2980.0,2980.0,2850.0,17963.0,
042040,5000.0,6000000.0,5000.0,5000.0,4900.0,1155.0,
099410,3085.0,124000000.0,3100.0,3125.0,3055.0,40223.0,
082850,4435.0,45000000.0,4435.0,4455.0,4395.0,10206.0,
461030,2985.0,77000000.0,2960.0,2985.0,2870.0,26276.0,
373200,1700.0,179000000.0,1880.0,1880.0,1688.0,103242.0,
307280,6000.0,50000000.0,6110.0,6110.0,5860.0,8375.0,
086060,4940.0,62000000.0,4815.0,4970.0,4750.0,12530.0,
129890,932.0,58000000.0,934.0,943.0,926.0,61793.0,
256150,5030.0,7000000.0,4965.0,5050.0,4965.0,1463.0,
140520,2000.0,30000000.0,2010.0,2040.0,1998.0,14914.0,
159580,2095.0,13000000.0,2065.0,2100.0,2065.0,6355.0,
290670,5300.0,16000000.0,5180.0,5420.0,5180.0,2942.0,
190650,6490.0,20000000.0,6490.0,6500.0,6415.0,3150.0,
002290,3335.0,11000000.0,3370.0,3370.0,3315.0,3158.0,
261200,2610.0,27000000.0,2640.0,2670.0,2580.0,10389.0,
056700,1413.0,72000000.0,1410.0,1415.0,1401.0,50882.0,
263810,2585.0,36000000.0,2580.0,2600.0,2550.0,13792.0,
084650,2770.0,226000000.0,2615.0,2825.0,2610.0,82186.0,
100660,3255.0,138000000.0,3180.0,3255.0,3125.0,43079.0,
199480,4000.0,27000000.0,3970.0,4020.0,3930.0,6769.0,
136410,3700.0,14000000.0,3740.0,3740.0,3675.0,3781.0,
224110,8000.0,47000000.0,8090.0,8120.0,7860.0,5847.0,
189690,1483.0,21000000.0,1485.0,1485.0,1460.0,14436.0,
286750,2530.0,54000000.0,2575.0,2590.0,2455.0,21454.0,
452200,1660.0,78000000.0,1694.0,1698.0,1609.0,47147.0,
465480,3970.0,21000000.0,3945.0,4055.0,3920.0,5343.0,
263770,1691.0,40000000.0,1698.0,1711.0,1691.0,23545.0,
007680,3025.0,122000000.0,3090.0,3245.0,2870.0,40106.0,
203450,2840.0,39000000.0,2815.0,2840.0,2730.0,13954.0,
064090,798.0,0.0,0.0,0.0,0.0,0.0,
053950,2010.0,117000000.0,1966.0,2030.0,1965.0,58289.0,
037230,1323.0,19000000.0,1317.0,1338.0,1301.0,14540.0,
049830,6420.0,2000000.0,6490.0,6490.0,6380.0,243.0,
066900,1726.0,5000000.0,1762.0,1762.0,1722.0,2988.0,
450330,4795.0,33000000.0,4705.0,4795.0,4630.0,7048.0,
044960,3090.0,51000000.0,3110.0,3125.0,3085.0,16521.0,
218150,1913.0,124000000.0,1882.0,1916.0,1858.0,66136.0,
238120,2745.0,108000000.0,2850.0,2860.0,2725.0,38657.0,
025880,2330.0,35000000.0,2305.0,2330.0,2280.0,14975.0,
054780,1980.0,214000000.0,1910.0,2015.0,1837.0,112090.0,
221980,9540.0,0.0,9570.0,9570.0,9500.0,27.0,
065440,1410.0,142000000.0,1409.0,1433.0,1383.0,101828.0,
215380,2285.0,47000000.0,2290.0,2290.0,2180.0,21045.0,
184230,2040.0,113000000.0,2005.0,2080.0,1984.0,55099.0,
221840,2050.0,22000000.0,2005.0,2070.0,1995.0,10859.0,
101240,3375.0,61000000.0,3320.0,3395.0,3275.0,18418.0,
050860,1703.0,59000000.0,1728.0,1728.0,1672.0,34504.0,
352700,1456.0,1000000.0,1463.0,1463.0,1453.0,459.0,
046310,2330.0,32000000.0,2290.0,2330.0,2280.0,13727.0,
052220,1660.0,52000000.0,1660.0,1690.0,1603.0,31218.0,
019770,3270.0,19000000.0,3215.0,3280.0,3215.0,5877.0,
045510,1208.0,85000000.0,1205.0,1230.0,1172.0,70726.0,
081580,2450.0,142000000.0,2445.0,2460.0,2405.0,58263.0,
446840,3440.0,171000000.0,3165.0,3470.0,3020.0,50927.0,
007530,1702.0,6000000.0,1749.0,1749.0,1696.0,3384.0,
097870,4410.0,11000000.0,4360.0,4440.0,4345.0,2489.0,
273060,3805.0,19000000.0,3820.0,3870.0,3750.0,5074.0,
171010,2605.0,105000000.0,2520.0,2610.0,2515.0,41106.0,
219420,3245.0,46000000.0,3220.0,3280.0,3185.0,14312.0,
234100,2540.0,31000000.0,2545.0,2560.0,2480.0,12446.0,
250000,5490.0,12000000.0,5450.0,5530.0,5450.0,2252.0,
122690,1605.0,24000000.0,1590.0,1611.0,1580.0,15033.0,
035460,2470.0,193000000.0,2430.0,2475.0,2390.0,79327.0,
026040,2230.0,179000000.0,2110.0,2260.0,2075.0,81323.0,
208710,2770.0,110000000.0,2770.0,2835.0,2735.0,39742.0,
258790,7300.0,127000000.0,7480.0,7480.0,7200.0,17255.0,
037370,4230.0,27000000.0,4195.0,4345.0,4100.0,6375.0,
042940,5320.0,54000000.0,5400.0,5400.0,5210.0,10260.0,
039290,4175.0,14000000.0,4190.0,4190.0,4060.0,3376.0,
177900,3770.0,92000000.0,3615.0,3770.0,3595.0,24890.0,
038070,3895.0,23000000.0,3945.0,3945.0,3850.0,5999.0,
123570,1624.0,12000000.0,1623.0,1630.0,1595.0,7586.0,
121890,2720.0,175000000.0,2735.0,2790.0,2690.0,63861.0,
086040,2265.0,15000000.0,2275.0,2275.0,2210.0,6471.0,
043910,3180.0,18000000.0,3225.0,3235.0,3140.0,5756.0,
284620,1087.0,0.0,0.0,0.0,0.0,0.0,
027830,666.0,873000000.0,720.0,730.0,580.0,1359870.0,
065500,1003.0,52000000.0,1025.0,1030.0,1003.0,51828.0,
057540,602.0,0.0,0.0,0.0,0.0,0.0,
106240,1345.0,43000000.0,1286.0,1345.0,1254.0,33090.0,
068940,778.0,0.0,0.0,0.0,0.0,0.0,
014570,3245.0,29000000.0,3185.0,3245.0,3185.0,8890.0,
239890,3590.0,62000000.0,3685.0,3700.0,3575.0,16886.0,
318410,6420.0,22000000.0,6430.0,6510.0,6340.0,3422.0,
363250,4190.0,25000000.0,4190.0,4205.0,4155.0,5990.0,
452300,2515.0,54000000.0,2420.0,2515.0,2395.0,22007.0,
060850,4370.0,16000000.0,4380.0,4380.0,4355.0,3714.0,
066360,1480.0,18000000.0,1485.0,1489.0,1445.0,12324.0,
387570,6300.0,33000000.0,6300.0,6350.0,6010.0,5229.0,
046390,2050.0,17000000.0,2095.0,2110.0,2045.0,8372.0,
0010F0,3175.0,3691000000.0,3120.0,3225.0,2980.0,1182738.0,
045060,2085.0,25000000.0,2065.0,2115.0,2065.0,12079.0,
263050,959.0,0.0,0.0,0.0,0.0,0.0,
051490,2485.0,36000000.0,2515.0,2515.0,2455.0,14447.0,
406820,2495.0,3430000000.0,2520.0,2690.0,2445.0,1335554.0,
260660,2290.0,31000000.0,2265.0,2295.0,2205.0,13924.0,
196450,3870.0,44000000.0,3900.0,3925.0,3870.0,11170.0,
024120,3050.0,7000000.0,3065.0,3085.0,3040.0,2311.0,
332290,4415.0,52000000.0,4420.0,4530.0,4395.0,11693.0,
060540,1337.0,33000000.0,1349.0,1349.0,1320.0,24690.0,
104200,2355.0,66000000.0,2180.0,2355.0,2170.0,29358.0,
186230,3180.0,18000000.0,3205.0,3205.0,3060.0,5597.0,
204020,1781.0,9000000.0,1800.0,1800.0,1743.0,5217.0,
153460,5290.0,15000000.0,5230.0,5330.0,5150.0,2947.0,
434480,2800.0,58000000.0,2750.0,2830.0,2715.0,20969.0,
207760,2070.0,24000000.0,2040.0,2100.0,2010.0,11464.0,
431190,4580.0,441000000.0,4300.0,4645.0,4250.0,98691.0,
417860,7280.0,1127000000.0,6990.0,7820.0,6890.0,151835.0,
290120,2165.0,26000000.0,2130.0,2170.0,2105.0,11997.0,
057030,2100.0,20000000.0,2105.0,2105.0,2020.0,9856.0,
469750,991.0,0.0,0.0,0.0,0.0,0.0,
206400,910.0,686000000.0,868.0,995.0,868.0,734989.0,
075130,2110.0,21000000.0,2120.0,2135.0,2080.0,9892.0,
290090,4550.0,23000000.0,4465.0,4850.0,4375.0,4924.0,
099220,5360.0,75000000.0,5220.0,5400.0,5160.0,14153.0,
432430,2030.0,13000000.0,2065.0,2065.0,2005.0,6299.0,
397810,6470.0,8000000.0,6510.0,6690.0,6390.0,1260.0,
064520,1493.0,7000000.0,1486.0,1500.0,1468.0,4601.0,
052600,2880.0,21000000.0,2855.0,2920.0,2840.0,7296.0,
270520,832.0,3191000000.0,859.0,895.0,780.0,3736340.0,
310870,1519.0,128000000.0,1541.0,1541.0,1485.0,84926.0,
038060,689.0,0.0,0.0,0.0,0.0,0.0,
208860,9740.0,23000000.0,9810.0,10050.0,9620.0,2306.0,
131090,4315.0,97000000.0,4335.0,4365.0,4220.0,22435.0,
215090,1425.0,53000000.0,1400.0,1434.0,1328.0,37808.0,
476080,4080.0,21000000.0,4100.0,4100.0,3970.0,5299.0,
159910,3140.0,19000000.0,2960.0,3150.0,2875.0,6368.0,
335810,1493.0,6000000.0,1481.0,1544.0,1480.0,4093.0,
408900,998.0,21000000.0,997.0,999.0,970.0,21555.0,
006920,2985.0,49000000.0,2960.0,2990.0,2950.0,16624.0,
080520,2870.0,62000000.0,2785.0,2875.0,2690.0,22165.0,
462510,3680.0,695000000.0,3670.0,3790.0,3440.0,190558.0,
271830,1096.0,116000000.0,1040.0,1100.0,1032.0,109044.0,
089140,2110.0,63000000.0,2075.0,2120.0,2055.0,29899.0,
220180,1349.0,20000000.0,1332.0,1380.0,1321.0,14535.0,
900270,2585.0,150000000.0,2510.0,2610.0,2435.0,59320.0,
068050,1162.0,11000000.0,1163.0,1182.0,1143.0,9741.0,
376980,3295.0,13000000.0,3120.0,3305.0,3070.0,4152.0,
033830,1700.0,15000000.0,1714.0,1715.0,1690.0,8573.0,
032790,1251.0,70000000.0,1278.0,1289.0,1202.0,56240.0,
270870,3570.0,12000000.0,3500.0,3580.0,3500.0,3357.0,
200780,3000.0,9000000.0,3000.0,3025.0,2985.0,3065.0,
318020,2600.0,29000000.0,2560.0,2605.0,2530.0,11027.0,
133750,1364.0,12000000.0,1335.0,1395.0,1335.0,8727.0,
038620,2105.0,95000000.0,1988.0,2105.0,1988.0,45913.0,
065950,1129.0,16000000.0,1119.0,1131.0,1107.0,13926.0,
169330,1740.0,37000000.0,1802.0,1887.0,1731.0,21130.0,
016600,2280.0,20000000.0,2220.0,2295.0,2210.0,9135.0,
311390,2515.0,52000000.0,2570.0,2570.0,2480.0,20690.0,
430690,2920.0,147000000.0,2850.0,2925.0,2830.0,51310.0,
087600,3895.0,1000000.0,3880.0,3930.0,3830.0,328.0,
127980,2680.0,22000000.0,2650.0,2685.0,2635.0,8194.0,
419120,2230.0,56000000.0,2225.0,2265.0,2177.0,25412.0,
031510,1132.0,143000000.0,1138.0,1140.0,1120.0,126873.0,
226330,1306.0,122000000.0,1289.0,1354.0,1250.0,93407.0,
021650,1936.0,28000000.0,1931.0,1953.0,1924.0,14466.0,
050110,1079.0,0.0,0.0,0.0,0.0,0.0,
025440,3230.0,7000000.0,3250.0,3255.0,3155.0,2207.0,
012620,7150.0,29000000.0,7000.0,7210.0,6990.0,3999.0,
148930,3090.0,52000000.0,3035.0,3120.0,2935.0,17264.0,
263920,3195.0,4000000.0,3150.0,3200.0,3117.0,1409.0,
258830,412.0,0.0,0.0,0.0,0.0,0.0,
109820,1529.0,14000000.0,1542.0,1542.0,1515.0,9273.0,
296640,6010.0,68000000.0,6080.0,6150.0,5910.0,11329.0,
153490,3020.0,15000000.0,3025.0,3100.0,2880.0,5134.0,
090410,3370.0,40000000.0,3355.0,3450.0,3310.0,11866.0,
091340,2645.0,73000000.0,2675.0,2690.0,2600.0,27663.0,
073570,2555.0,157000000.0,2540.0,2560.0,2395.0,63598.0,
444530,4775.0,18000000.0,4805.0,4835.0,4705.0,3862.0,
173940,1995.0,9000000.0,1999.0,2005.0,1994.0,4455.0,
364950,3700.0,355000000.0,3450.0,3805.0,3395.0,97538.0,
064480,2550.0,46000000.0,2560.0,2560.0,2520.0,18289.0,
037330,694.0,10000000.0,686.0,695.0,680.0,14383.0,
197140,2340.0,37000000.0,2345.0,2390.0,2290.0,15886.0,
336060,3145.0,93000000.0,3420.0,3420.0,3055.0,28949.0,
049120,2855.0,19000000.0,2810.0,2925.0,2780.0,6791.0,
246250,1969.0,0.0,0.0,0.0,0.0,0.0,
075970,1640.0,11000000.0,1633.0,1650.0,1633.0,6463.0,
262840,2855.0,43000000.0,2825.0,2890.0,2805.0,15070.0,
093380,3045.0,68000000.0,3225.0,3240.0,2990.0,22402.0,
300120,3035.0,122000000.0,2875.0,3040.0,2870.0,40862.0,
462310,3800.0,35000000.0,3765.0,3900.0,3715.0,9121.0,
097780,1478.0,5000000.0,1440.0,1482.0,1434.0,3437.0,
099390,3650.0,17000000.0,3840.0,3840.0,3590.0,4749.0,
369370,3000.0,30000000.0,2980.0,3045.0,2940.0,9916.0,
462980,1640.0,83000000.0,1615.0,1681.0,1615.0,50239.0,
377030,2090.0,44000000.0,2025.0,2145.0,1951.0,22359.0,
070590,2150.0,9000000.0,2120.0,2155.0,2105.0,4420.0,
452160,3100.0,16000000.0,3100.0,3100.0,2995.0,5258.0,
020180,3875.0,44000000.0,3850.0,3900.0,3850.0,11423.0,
356890,2490.0,71000000.0,2510.0,2550.0,2450.0,28705.0,
188260,2140.0,33000000.0,2050.0,2165.0,2030.0,15865.0,
464580,1615.0,33000000.0,1623.0,1690.0,1614.0,19881.0,
187270,2930.0,23000000.0,2985.0,2985.0,2775.0,8034.0,
464280,5370.0,32000000.0,5380.0,5450.0,5320.0,6020.0,
900070,1103.0,1101000000.0,1132.0,1132.0,1019.0,1035104.0,
237820,2310.0,101000000.0,2320.0,2420.0,2310.0,43051.0,
038870,2110.0,29000000.0,2105.0,2240.0,2025.0,13838.0,
038950,2890.0,7000000.0,2955.0,2955.0,2890.0,2369.0,
071850,1215.0,10000000.0,1227.0,1253.0,1184.0,7943.0,
388610,5530.0,67000000.0,5730.0,5740.0,5440.0,12167.0,
045300,2775.0,81000000.0,2720.0,2810.0,2705.0,29200.0,
128540,1095.0,60000000.0,1084.0,1122.0,1077.0,54309.0,
200350,2920.0,164000000.0,2810.0,3005.0,2730.0,56485.0,
317240,1000.0,66000000.0,1005.0,1005.0,982.0,66470.0,
073540,2540.0,26000000.0,2545.0,2605.0,2520.0,10309.0,
368970,2575.0,160000000.0,2335.0,2575.0,2335.0,65304.0,
290560,1287.0,53000000.0,1236.0,1288.0,1220.0,41655.0,
031310,967.0,39000000.0,946.0,982.0,936.0,40731.0,
225220,1484.0,48000000.0,1464.0,1484.0,1444.0,32750.0,
351330,3425.0,49000000.0,3280.0,3525.0,3275.0,14611.0,
088340,6480.0,44000000.0,6520.0,6640.0,6360.0,6825.0,
068100,2370.0,8000000.0,2330.0,2400.0,2315.0,3323.0,
109960,1867.0,2000000.0,1879.0,1920.0,1861.0,1053.0,
407400,1930.0,44000000.0,1963.0,1963.0,1913.0,22613.0,
079170,5430.0,17000000.0,5450.0,5520.0,5190.0,3264.0,
333050,5730.0,47000000.0,5550.0,5740.0,5510.0,8261.0,
043220,1710.0,0.0,0.0,0.0,0.0,0.0,
198940,1415.0,144000000.0,1421.0,1421.0,1340.0,106001.0,
367000,3350.0,12000000.0,3350.0,3435.0,3270.0,3606.0,
239610,5210.0,5000000.0,5150.0,5210.0,5100.0,938.0,
089150,1636.0,51000000.0,1628.0,1642.0,1596.0,31863.0,
254120,910.0,0.0,0.0,0.0,0.0,0.0,
119500,2360.0,53000000.0,2365.0,2365.0,2335.0,22475.0,
160550,1000.0,68000000.0,1014.0,1029.0,990.0,67548.0,
130500,1914.0,15000000.0,1890.0,1930.0,1860.0,7854.0,
043340,586.0,37000000.0,615.0,615.0,573.0,62118.0,
114630,1615.0,38000000.0,1599.0,1616.0,1550.0,24073.0,
115480,2295.0,12000000.0,2350.0,2350.0,2225.0,5348.0,
376180,1499.0,65000000.0,1390.0,1540.0,1361.0,45188.0,
008470,1655.0,18000000.0,1650.0,1660.0,1621.0,10719.0,
450520,1882.0,356000000.0,1840.0,2270.0,1796.0,180342.0,
033540,2645.0,89000000.0,2755.0,2845.0,2595.0,33646.0,
148250,2030.0,71000000.0,2040.0,2135.0,2000.0,34709.0,
373170,1823.0,48000000.0,1755.0,1838.0,1750.0,26814.0,
236810,1623.0,41000000.0,1681.0,1681.0,1601.0,24968.0,
066910,1790.0,54000000.0,1786.0,1802.0,1722.0,31192.0,
318010,3470.0,0.0,3480.0,3480.0,3435.0,140.0,
067010,2520.0,106000000.0,2530.0,2530.0,2495.0,42107.0,
016670,2680.0,73000000.0,2570.0,2720.0,2525.0,27344.0,
072770,658.0,117000000.0,708.0,708.0,640.0,178859.0,
048470,2810.0,977000000.0,3015.0,3315.0,2810.0,325232.0,
288620,3885.0,93000000.0,3890.0,3910.0,3775.0,24230.0,
007770,7720.0,12000000.0,7970.0,7970.0,7700.0,1554.0,
195500,1694.0,69000000.0,1675.0,1721.0,1661.0,41457.0,
101670,476.0,119000000.0,476.0,489.0,468.0,251422.0,
080530,2430.0,28000000.0,2450.0,2545.0,2395.0,11151.0,
017000,2300.0,55000000.0,2305.0,2315.0,2265.0,23996.0,
016920,1043.0,18000000.0,1050.0,1050.0,1011.0,17114.0,
019570,2805.0,30000000.0,2945.0,3005.0,2805.0,10379.0,
290270,2785.0,57000000.0,2745.0,2840.0,2700.0,20804.0,
057680,1692.0,20000000.0,1689.0,1714.0,1666.0,11794.0,
078590,2670.0,112000000.0,2685.0,2690.0,2615.0,42194.0,
139670,1883.0,14000000.0,1868.0,1899.0,1855.0,7538.0,
900310,2075.0,2000000.0,2080.0,2085.0,1927.0,878.0,
032750,2930.0,5000000.0,2990.0,2990.0,2905.0,1673.0,
297570,3820.0,117000000.0,3920.0,4095.0,3510.0,31637.0,
096630,1666.0,62000000.0,1605.0,1680.0,1605.0,37460.0,
069140,1750.0,27000000.0,1731.0,1778.0,1701.0,15458.0,
091970,3505.0,29000000.0,3485.0,3570.0,3450.0,8402.0,
398120,2230.0,85000000.0,2345.0,2345.0,2150.0,38374.0,
359090,2295.0,19000000.0,2330.0,2390.0,2270.0,8384.0,
002680,3400.0,409000000.0,3490.0,3595.0,3200.0,120759.0,
131220,3535.0,9000000.0,3540.0,3545.0,3495.0,2500.0,
383930,2060.0,170000000.0,1872.0,2070.0,1872.0,83631.0,
060230,1346.0,289000000.0,1230.0,1399.0,1230.0,213518.0,
069410,2565.0,37000000.0,2570.0,2580.0,2500.0,14447.0,
013720,2160.0,22000000.0,2175.0,2192.0,2090.0,10133.0,
047080,1057.0,105000000.0,1040.0,1060.0,1031.0,100014.0,
140430,2450.0,163000000.0,2475.0,2525.0,2415.0,65968.0,
363260,4070.0,33000000.0,3920.0,4110.0,3920.0,8306.0,
328380,3820.0,31000000.0,4000.0,4000.0,3720.0,8208.0,
043200,1249.0,91000000.0,1249.0,1252.0,1195.0,74690.0,
123840,1675.0,10000000.0,1829.0,1829.0,1600.0,5957.0,
052300,1600.0,75000000.0,1581.0,1610.0,1576.0,46994.0,
053290,1568.0,28000000.0,1566.0,1611.0,1527.0,17956.0,
138070,1479.0,26000000.0,1460.0,1480.0,1412.0,17963.0,
103840,1580.0,14000000.0,1570.0,1581.0,1565.0,8764.0,
033050,812.0,12000000.0,806.0,815.0,799.0,14472.0,
079000,3590.0,20000000.0,3625.0,3625.0,3590.0,5437.0,
215790,640.0,493000000.0,667.0,667.0,629.0,772924.0,
079190,1264.0,38000000.0,1263.0,1350.0,1213.0,30748.0,
060380,1305.0,17000000.0,1283.0,1319.0,1283.0,12871.0,
146060,1070.0,16000000.0,1052.0,1070.0,1050.0,14719.0,
238490,2265.0,6000000.0,2220.0,2300.0,2205.0,2766.0,
134060,5360.0,27000000.0,5410.0,5450.0,5310.0,4939.0,
193250,1900.0,45000000.0,1995.0,2000.0,1900.0,23342.0,
458350,2925.0,62000000.0,2905.0,2960.0,2880.0,21401.0,
348030,2640.0,4000000.0,2610.0,2675.0,2610.0,1439.0,
429270,3520.0,3836000000.0,3285.0,4155.0,3270.0,1014640.0,
083660,1447.0,31000000.0,1406.0,1448.0,1377.0,21661.0,
096690,6260.0,15000000.0,6200.0,6500.0,6190.0,2423.0,
191410,1622.0,370000000.0,1580.0,1660.0,1564.0,228642.0,
105550,1606.0,26000000.0,1580.0,1615.0,1565.0,16221.0,
038880,3345.0,52000000.0,3155.0,3345.0,3150.0,16066.0,
090150,6000.0,50000000.0,6000.0,6070.0,5810.0,8289.0,
322780,1672.0,115000000.0,1675.0,1841.0,1586.0,68840.0,
290520,1592.0,96000000.0,1598.0,1688.0,1575.0,58893.0,
001810,1131.0,24000000.0,1151.0,1151.0,1119.0,21607.0,
054090,1002.0,75000000.0,994.0,1017.0,960.0,76035.0,
389680,2985.0,138000000.0,3060.0,3075.0,2935.0,46455.0,
101680,2950.0,34000000.0,3045.0,3045.0,2800.0,11775.0,
351870,2220.0,5000000.0,2205.0,2260.0,2180.0,2062.0,
101400,1630.0,72000000.0,1591.0,1648.0,1563.0,45131.0,
027040,1773.0,277000000.0,1829.0,1870.0,1761.0,154698.0,
368600,956.0,0.0,0.0,0.0,0.0,0.0,
021880,1158.0,14000000.0,1161.0,1164.0,1138.0,12554.0,
044780,1325.0,14000000.0,1320.0,1359.0,1317.0,10300.0,
257370,1955.0,37000000.0,1851.0,1999.0,1851.0,18755.0,
016100,1278.0,237000000.0,1286.0,1442.0,1176.0,182227.0,
115530,2840.0,149000000.0,3020.0,3055.0,2720.0,53002.0,
148780,3860.0,141000000.0,3880.0,3950.0,3720.0,36455.0,
131180,4135.0,24000000.0,4190.0,4190.0,4107.0,5852.0,
083640,5280.0,37000000.0,5180.0,5330.0,5100.0,7270.0,
123750,1752.0,17000000.0,1743.0,1768.0,1734.0,9587.0,
318000,2765.0,27000000.0,2670.0,2765.0,2615.0,10239.0,
035200,2615.0,61000000.0,2600.0,2620.0,2560.0,23666.0,
020400,2645.0,43000000.0,2625.0,2680.0,2565.0,16409.0,
177830,2110.0,27000000.0,2075.0,2110.0,2020.0,13395.0,
415380,2085.0,16000000.0,2095.0,2095.0,2055.0,7620.0,
039740,2975.0,42000000.0,2940.0,2975.0,2905.0,14465.0,
208350,2910.0,30000000.0,3000.0,3000.0,2830.0,10514.0,
069920,1038.0,329000000.0,1105.0,1165.0,1038.0,302447.0,
365590,1278.0,18000000.0,1266.0,1278.0,1250.0,14049.0,
378800,2535.0,164000000.0,2470.0,2560.0,2340.0,66429.0,
188040,5000.0,26000000.0,4970.0,5000.0,4890.0,5258.0,
115160,5430.0,17000000.0,5480.0,5650.0,5430.0,3040.0,
267790,3035.0,11000000.0,3020.0,3065.0,3020.0,3719.0,
058110,1451.0,33000000.0,1473.0,1480.0,1451.0,22693.0,
054940,3500.0,94000000.0,3500.0,3515.0,3395.0,27264.0,
032680,1006.0,34000000.0,995.0,1009.0,988.0,33948.0,
222980,2100.0,4000000.0,2225.0,2225.0,2085.0,1999.0,
405920,1796.0,7000000.0,1827.0,1827.0,1796.0,4042.0,
206560,909.0,52000000.0,921.0,934.0,903.0,57181.0,
298060,2390.0,10000000.0,2370.0,2390.0,2320.0,4403.0,
027580,1945.0,216000000.0,1933.0,1987.0,1903.0,111201.0,
223310,2830.0,123000000.0,2790.0,2895.0,2655.0,44416.0,
475660,2900.0,39000000.0,2900.0,2960.0,2885.0,13415.0,
023770,2570.0,46000000.0,2485.0,2570.0,2450.0,18396.0,
464500,1639.0,71000000.0,1631.0,1677.0,1536.0,43518.0,
051380,1494.0,13000000.0,1480.0,1509.0,1480.0,9005.0,
187220,1980.0,11000000.0,1979.0,1980.0,1901.0,5543.0,
215480,2110.0,54000000.0,2160.0,2190.0,2110.0,25131.0,
043590,1669.0,18000000.0,1666.0,1706.0,1634.0,10683.0,
076080,1001.0,54000000.0,1043.0,1044.0,1000.0,53501.0,
018680,1939.0,0.0,1933.0,1949.0,1917.0,197.0,
013810,1542.0,16000000.0,1538.0,1563.0,1520.0,10233.0,
036480,5940.0,17000000.0,5940.0,5970.0,5870.0,2921.0,
355390,1419.0,219000000.0,1397.0,1500.0,1397.0,154363.0,
032800,1491.0,2000000.0,1473.0,1491.0,1473.0,1497.0,
115570,2815.0,63000000.0,2745.0,2825.0,2655.0,22823.0,
033200,2440.0,10000000.0,2425.0,2520.0,2380.0,4068.0,
065690,1866.0,39000000.0,1865.0,1889.0,1800.0,21154.0,
224060,4320.0,1829000000.0,4880.0,4880.0,4150.0,419464.0,
417180,3895.0,17000000.0,3805.0,3940.0,3805.0,4360.0,
377330,2730.0,5000000.0,2720.0,2775.0,2665.0,1676.0,
017250,1054.0,13000000.0,1053.0,1059.0,1045.0,12366.0,
432980,2580.0,53000000.0,2565.0,2580.0,2460.0,20809.0,
007720,1099.0,72000000.0,1133.0,1165.0,1073.0,65432.0,
219750,1693.0,13000000.0,1674.0,1695.0,1630.0,7982.0,
303530,3010.0,17000000.0,3000.0,3030.0,2960.0,5627.0,
192390,1843.0,31000000.0,1824.0,1850.0,1792.0,16875.0,
237750,3385.0,14000000.0,3420.0,3420.0,3340.0,4119.0,
070300,619.0,4271000000.0,637.0,663.0,532.0,7274266.0,
039310,1211.0,49000000.0,1177.0,1211.0,1150.0,41569.0,
352940,2005.0,10000000.0,2005.0,2035.0,2000.0,4929.0,
317120,1425.0,35000000.0,1424.0,1443.0,1345.0,25285.0,
065370,2945.0,17000000.0,2870.0,2980.0,2870.0,5864.0,
018700,1300.0,37000000.0,1282.0,1303.0,1245.0,28957.0,
032860,2690.0,10000000.0,2700.0,2715.0,2660.0,3789.0,
200230,2290.0,38000000.0,2170.0,2335.0,2170.0,16621.0,
032080,1010.0,0.0,0.0,0.0,0.0,0.0,
238200,2650.0,9000000.0,2690.0,2890.0,2640.0,3274.0,
053060,1223.0,74000000.0,1210.0,1227.0,1180.0,61889.0,
023790,1649.0,6181000000.0,2010.0,2120.0,1620.0,3421079.0,
331520,2190.0,30000000.0,2160.0,2195.0,2155.0,13867.0,
340440,756.0,0.0,0.0,0.0,0.0,0.0,
277410,5580.0,13000000.0,5430.0,5600.0,5430.0,2312.0,
424760,2120.0,42000000.0,2110.0,2125.0,2040.0,20127.0,
032280,1318.0,146000000.0,1317.0,1329.0,1308.0,110990.0,
361670,3740.0,41000000.0,3650.0,3750.0,3650.0,10996.0,
045520,3260.0,33000000.0,3320.0,3320.0,3200.0,10039.0,
054220,1680.0,84000000.0,1679.0,1691.0,1654.0,50355.0,
067730,2175.0,29000000.0,2175.0,2225.0,2145.0,13508.0,
241840,2200.0,16000000.0,2225.0,2225.0,2175.0,7392.0,
247660,4000.0,77000000.0,3955.0,4010.0,3770.0,19477.0,
344860,1377.0,45000000.0,1360.0,1377.0,1320.0,33078.0,
440320,2070.0,16000000.0,2215.0,2215.0,2060.0,7799.0,
079950,1497.0,320000000.0,1377.0,1500.0,1334.0,224545.0,
130740,1828.0,28000000.0,1811.0,1840.0,1800.0,15198.0,
372800,2925.0,21000000.0,2910.0,3015.0,2855.0,7143.0,
038530,3960.0,20000000.0,3705.0,4020.0,3705.0,5084.0,
021040,940.0,22000000.0,947.0,947.0,873.0,24678.0,
024940,2040.0,32000000.0,2045.0,2045.0,2015.0,15555.0,
353190,2590.0,8000000.0,2575.0,2615.0,2560.0,3101.0,
301300,1535.0,30000000.0,1492.0,1573.0,1492.0,19392.0,
438700,1808.0,39000000.0,1775.0,1816.0,1763.0,21738.0,
088290,2525.0,73000000.0,2415.0,2535.0,2260.0,29301.0,
362990,1198.0,9000000.0,1194.0,1203.0,1181.0,7287.0,
043360,2235.0,52000000.0,2235.0,2275.0,2200.0,23120.0,
289220,901.0,42000000.0,878.0,912.0,873.0,46685.0,
009620,5730.0,350000000.0,5550.0,5730.0,5470.0,61554.0,
095910,549.0,81000000.0,546.0,554.0,530.0,148662.0,
063760,2145.0,82000000.0,2070.0,2150.0,2070.0,38884.0,
275630,3800.0,16000000.0,3750.0,3800.0,3610.0,4395.0,
019660,1431.0,61000000.0,1500.0,1500.0,1407.0,42601.0,
098660,1593.0,34000000.0,1572.0,1617.0,1572.0,21537.0,
048830,1062.0,257000000.0,1097.0,1098.0,1059.0,240542.0,
096870,2380.0,97000000.0,2395.0,2445.0,2365.0,40355.0,
080470,2710.0,25000000.0,2690.0,2715.0,2665.0,9317.0,
276730,826.0,64000000.0,848.0,849.0,804.0,77766.0,
083470,911.0,121000000.0,890.0,911.0,870.0,135788.0,
073190,1622.0,0.0,0.0,0.0,0.0,0.0,
113810,2970.0,73000000.0,3000.0,3050.0,2895.0,24452.0,
069330,1140.0,52000000.0,1169.0,1169.0,1130.0,45389.0,
044480,2905.0,54000000.0,3190.0,3200.0,2900.0,17457.0,
405000,3590.0,25000000.0,3525.0,3640.0,3460.0,7002.0,
227610,994.0,19000000.0,1000.0,1000.0,953.0,18920.0,
274400,2115.0,14000000.0,2040.0,2150.0,2020.0,6554.0,
342870,3525.0,16000000.0,3520.0,3525.0,3445.0,4599.0,
214610,2290.0,0.0,0.0,0.0,0.0,0.0,
353590,1489.0,15000000.0,1470.0,1542.0,1460.0,10215.0,
085810,1353.0,43000000.0,1378.0,1435.0,1350.0,31334.0,
050760,1171.0,37000000.0,1182.0,1182.0,1152.0,31526.0,
065150,1200.0,20000000.0,1186.0,1220.0,1159.0,16810.0,
084440,4995.0,13000000.0,5080.0,5130.0,4830.0,2584.0,
065060,3190.0,17000000.0,3075.0,3225.0,3030.0,5392.0,
347770,841.0,68000000.0,833.0,850.0,796.0,83867.0,
154040,8800.0,45000000.0,8410.0,8950.0,8400.0,5209.0,
110020,2095.0,12000000.0,2200.0,2205.0,2035.0,5689.0,
115610,1600.0,35000000.0,1586.0,1634.0,1579.0,22059.0,
252500,2275.0,11000000.0,2275.0,2275.0,2225.0,4810.0,
154030,1562.0,45000000.0,1562.0,1599.0,1521.0,29452.0,
031860,6930.0,0.0,0.0,0.0,0.0,0.0,
131100,2900.0,132000000.0,2765.0,2945.0,2700.0,46210.0,
018620,2690.0,9000000.0,2710.0,2725.0,2655.0,3167.0,
195990,1135.0,14000000.0,1121.0,1140.0,1111.0,12532.0,
279600,3945.0,12000000.0,4135.0,4135.0,3790.0,3192.0,
365900,2520.0,19000000.0,2425.0,2555.0,2415.0,7573.0,
455180,1252.0,16000000.0,1240.0,1288.0,1204.0,12676.0,
078860,2940.0,294000000.0,2915.0,3295.0,2835.0,96377.0,
014100,1538.0,50000000.0,1547.0,1547.0,1500.0,32920.0,
403490,1965.0,16000000.0,2010.0,2035.0,1943.0,8075.0,
196700,1240.0,22000000.0,1257.0,1257.0,1233.0,17856.0,
051780,2340.0,37000000.0,2330.0,2340.0,2290.0,15983.0,
419540,2970.0,27000000.0,2955.0,3005.0,2905.0,9253.0,
056730,1190.0,45000000.0,1153.0,1214.0,1153.0,38808.0,
037400,3350.0,15000000.0,3330.0,3360.0,3315.0,4370.0,
137940,1779.0,36000000.0,1789.0,1791.0,1752.0,20424.0,
210120,1800.0,82000000.0,1779.0,1806.0,1681.0,47037.0,
900120,1040.0,0.0,0.0,0.0,0.0,0.0,
0197V0,1907.0,169000000.0,1900.0,1908.0,1886.0,88804.0,
373110,981.0,51000000.0,977.0,994.0,971.0,51762.0,
482680,2055.0,0.0,0.0,0.0,0.0,0.0,
477380,2075.0,20000000.0,2075.0,2080.0,2075.0,9684.0,
241820,6040.0,0.0,0.0,0.0,0.0,0.0,
034940,2705.0,119000000.0,2560.0,2720.0,2545.0,45072.0,
0200G0,1904.0,376000000.0,1895.0,1906.0,1889.0,197662.0,
050090,696.0,324000000.0,608.0,750.0,545.0,503562.0,
009730,2045.0,59000000.0,2035.0,2085.0,1994.0,29160.0,
054410,2820.0,99000000.0,3055.0,3085.0,2755.0,33497.0,
309930,838.0,27000000.0,844.0,858.0,800.0,32388.0,
285800,4465.0,107000000.0,4440.0,4550.0,4285.0,24303.0,
0072Z0,1975.0,15000000.0,1967.0,1977.0,1966.0,7484.0,
477340,2065.0,2000000.0,2065.0,2070.0,2065.0,1052.0,
475460,2730.0,33000000.0,2625.0,2740.0,2580.0,12514.0,
0130H0,1998.0,3000000.0,1992.0,1999.0,1970.0,1618.0,
376930,1499.0,46000000.0,1529.0,1529.0,1480.0,31177.0,
0101C0,1977.0,0.0,1971.0,1997.0,1971.0,80.0,
026910,1920.0,1388000000.0,2095.0,2140.0,1675.0,732384.0,
030350,973.0,0.0,0.0,0.0,0.0,0.0,
0044K0,1993.0,1000000.0,1998.0,1998.0,1978.0,457.0,
101000,1500.0,202000000.0,1450.0,1515.0,1331.0,141592.0,
473050,2110.0,117000000.0,2105.0,2110.0,2105.0,55611.0,
065650,1350.0,21000000.0,1401.0,1409.0,1326.0,15689.0,
225590,2845.0,92000000.0,2925.0,2960.0,2835.0,32096.0,
0115H0,1982.0,6000000.0,1996.0,1996.0,1970.0,2939.0,
489480,2200.0,0.0,0.0,0.0,0.0,0.0,
478440,2065.0,3000000.0,2070.0,2070.0,2055.0,1444.0,
479880,2080.0,3000000.0,2075.0,2080.0,2070.0,1215.0,
0165X0,1942.0,24000000.0,1927.0,1942.0,1927.0,12541.0,
306040,1512.0,10000000.0,1500.0,1519.0,1463.0,6738.0,
0099W0,1971.0,1000000.0,1978.0,1980.0,1967.0,519.0,
335870,4115.0,21000000.0,4430.0,4430.0,4015.0,4927.0,
0209J0,1897.0,707000000.0,1885.0,1901.0,1884.0,373102.0,
304840,561.0,0.0,0.0,0.0,0.0,0.0,
352770,5250.0,0.0,0.0,0.0,0.0,0.0,
498390,2730.0,414000000.0,2625.0,2785.0,2575.0,153680.0,
354200,841.0,309000000.0,839.0,880.0,760.0,376478.0,
239340,2490.0,17000000.0,2480.0,2655.0,2455.0,6745.0,
244460,1651.0,0.0,0.0,0.0,0.0,0.0,
177350,1351.0,184000000.0,1391.0,1421.0,1323.0,135099.0,
469480,3145.0,561000000.0,3095.0,3145.0,3020.0,181970.0,
0134X0,1973.0,27000000.0,1975.0,1984.0,1965.0,13577.0,
0099X0,2215.0,115000000.0,2200.0,2235.0,2145.0,52228.0,
092600,2635.0,247000000.0,2710.0,2965.0,2605.0,90454.0,
0164H0,1951.0,42000000.0,1940.0,1954.0,1940.0,21363.0,
035620,707.0,62000000.0,700.0,762.0,700.0,85708.0,
481890,2070.0,12000000.0,2075.0,2075.0,2065.0,5812.0,
0096B0,1985.0,3000000.0,1986.0,1987.0,1963.0,1708.0,
489730,2040.0,52000000.0,2035.0,2040.0,2030.0,25671.0,
0097F0,1986.0,10000000.0,1993.0,1993.0,1985.0,5044.0,
478390,2070.0,0.0,2070.0,2075.0,2065.0,101.0,
054180,2295.0,0.0,0.0,0.0,0.0,0.0,
492220,2035.0,5000000.0,2040.0,2040.0,2020.0,2668.0,
0037T0,1993.0,10000000.0,2000.0,2000.0,1980.0,5126.0,
482520,2065.0,0.0,0.0,0.0,0.0,0.0,
0093G0,1965.0,0.0,1981.0,1981.0,1964.0,22.0,
028080,5170.0,0.0,0.0,0.0,0.0,0.0,
0054V0,2000.0,0.0,2005.0,2005.0,1995.0,191.0,
0131D0,1959.0,4000000.0,1978.0,1978.0,1955.0,2019.0,
0091W0,2035.0,3000000.0,2025.0,2035.0,2025.0,1547.0,
065570,764.0,0.0,0.0,0.0,0.0,0.0,
418620,470.0,1305000000.0,470.0,499.0,436.0,2781030.0,
477760,2070.0,0.0,2070.0,2070.0,2065.0,151.0,
0041L0,1997.0,12000000.0,1999.0,1999.0,1981.0,6008.0,
0088D0,2075.0,0.0,2075.0,2075.0,2050.0,240.0,
0132G0,1992.0,27000000.0,1991.0,1995.0,1981.0,13615.0,
469900,2100.0,239000000.0,2100.0,2100.0,2100.0,113740.0,
482690,2085.0,35000000.0,2075.0,2085.0,2065.0,17049.0,
060480,1050.0,250000000.0,1250.0,1329.0,1015.0,224024.0,
474660,2090.0,78000000.0,2085.0,2090.0,2085.0,37357.0,
377220,2030.0,64000000.0,2055.0,2130.0,1980.0,31528.0,
474490,2085.0,1000000.0,2080.0,2085.0,2080.0,327.0,
0071M0,1994.0,6000000.0,1990.0,1994.0,1987.0,3154.0,
487360,2025.0,21000000.0,2030.0,2030.0,2025.0,10210.0,
477470,2070.0,6000000.0,2070.0,2070.0,2065.0,2741.0,
496070,2005.0,1000000.0,2005.0,2010.0,2005.0,533.0,
0105P0,1988.0,1000000.0,1993.0,1997.0,1987.0,476.0,
0129K0,1972.0,2000000.0,1982.0,1982.0,1972.0,1179.0,
0096D0,1987.0,10000000.0,1988.0,1988.0,1985.0,5005.0,
486630,2055.0,12000000.0,2055.0,2055.0,2045.0,5716.0,
0098T0,2000.0,1000000.0,2000.0,2000.0,1996.0,424.0,
493790,2020.0,18000000.0,2020.0,2020.0,2015.0,9117.0,
060260,801.0,26000000.0,835.0,838.0,790.0,31749.0,
208640,767.0,168000000.0,798.0,798.0,731.0,219088.0,
0004Y0,2005.0,23000000.0,1997.0,2005.0,1997.0,11274.0,
489210,2055.0,26000000.0,2050.0,2055.0,2045.0,12623.0,
0130D0,1959.0,3000000.0,1970.0,1973.0,1958.0,1306.0,
043100,520.0,0.0,0.0,0.0,0.0,0.0,
060900,1595.0,965000000.0,1820.0,1844.0,1545.0,577578.0,
103230,1443.0,814000000.0,1550.0,1689.0,1287.0,590106.0,
478110,2055.0,7000000.0,2040.0,2060.0,2030.0,3296.0,
289010,737.0,56000000.0,804.0,806.0,735.0,73988.0,
131760,1178.0,94000000.0,1145.0,1208.0,1145.0,79910.0,
466690,2000.0,13000000.0,2005.0,2005.0,1970.0,6493.0,
305090,538.0,0.0,0.0,0.0,0.0,0.0,
142760,482.0,34000000.0,487.0,495.0,473.0,71149.0,
0041B0,2015.0,12000000.0,2010.0,2015.0,2010.0,5717.0,
006050,2900.0,119000000.0,2995.0,3095.0,2700.0,40930.0,
488060,2040.0,14000000.0,2040.0,2045.0,2035.0,6900.0,
106080,1650.0,0.0,0.0,0.0,0.0,0.0,
303030,1037.0,392000000.0,1299.0,1299.0,918.0,375265.0,
484130,2035.0,8000000.0,2040.0,2040.0,2030.0,3808.0,
473950,2055.0,17000000.0,2055.0,2060.0,2055.0,8421.0,
487830,2040.0,8000000.0,2035.0,2040.0,2030.0,3938.0,
468760,2080.0,0.0,0.0,0.0,0.0,0.0,
472230,2110.0,9000000.0,2105.0,2110.0,2105.0,4171.0,
487720,2060.0,9000000.0,2050.0,2060.0,2050.0,4439.0,
065770,825.0,57000000.0,915.0,915.0,761.0,69820.0,
012340,389.0,185000000.0,408.0,409.0,350.0,492915.0,
0068Y0,1985.0,21000000.0,1990.0,1990.0,1973.0,10729.0,
0041J0,1996.0,5000000.0,1996.0,1998.0,1985.0,2504.0,
03481K,5880.0,1000000.0,5850.0,5890.0,5800.0,160.0,
001000,1667.0,11000000.0,1678.0,1678.0,1619.0,6654.0,
288980,222.0,933000000.0,208.0,246.0,200.0,4106807.0,
087260,247.0,0.0,0.0,0.0,0.0,0.0,
240600,937.0,54000000.0,999.0,999.0,920.0,55765.0,
475250,2090.0,1000000.0,2080.0,2090.0,2080.0,700.0,
079970,596.0,0.0,0.0,0.0,0.0,0.0,
067770,908.0,147000000.0,908.0,908.0,856.0,165961.0,
474930,2100.0,26000000.0,2090.0,2105.0,2090.0,12633.0,
065420,940.0,0.0,0.0,0.0,0.0,0.0,
276040,327.0,0.0,0.0,0.0,0.0,0.0,
473000,2080.0,3000000.0,2075.0,2082.0,2075.0,1607.0,
475240,2090.0,0.0,2095.0,2095.0,2090.0,180.0,
308100,253.0,82000000.0,257.0,273.0,253.0,314178.0,
900100,1096.0,0.0,0.0,0.0,0.0,0.0,
291810,409.0,0.0,0.0,0.0,0.0,0.0,
044180,205.0,0.0,0.0,0.0,0.0,0.0,
313760,468.0,0.0,0.0,0.0,0.0,0.0,
052770,312.0,0.0,0.0,0.0,0.0,0.0,
225430,698.0,0.0,0.0,0.0,0.0,0.0,
025870,1059.0,0.0,0.0,0.0,0.0,0.0,
250930,465.0,165000000.0,499.0,591.0,454.0,308470.0,
199730,602.0,56000000.0,650.0,699.0,593.0,89404.0,
058450,541.0,66000000.0,559.0,559.0,500.0,126694.0,
011080,377.0,311000000.0,374.0,415.0,361.0,828760.0,
035290,384.0,0.0,0.0,0.0,0.0,0.0,
021045,1980.0,0.0,1985.0,1985.0,1935.0,251.0,
196490,107.0,346000000.0,115.0,172.0,102.0,2620348.0,
312610,39.0,77000000.0,43.0,44.0,39.0,1860750.0,
032685,5800.0,7000000.0,5690.0,5830.0,5600.0,1247.0,
