종목코드,현재가,거래대금,시가,고가,저가,거래량,NXT거래대금
005930,270000.0,5568179000000.0,284500.0,285500.0,270000.0,20243049.0,3237261000000.0
000660,1768000.0,5598510000000.0,1825000.0,1840000.0,1768000.0,3126124.0,2010605000000.0
005935,207000.0,1275122000000.0,216500.0,217500.0,206500.0,6066334.0,
402340,1100000.0,783932000000.0,1201000.0,1201000.0,1093000.0,701993.0,193650000000.0
009150,1499000.0,941407000000.0,1552000.0,1587000.0,1475000.0,617311.0,765397000000.0
373220,364000.0,115221000000.0,352000.0,368000.0,350500.0,317670.0,34400000000.0
005380,354500.0,154667000000.0,357000.0,358000.0,353500.0,434901.0,73092000000.0
207940,1400000.0,66384000000.0,1367000.0,1406000.0,1366000.0,47699.0,11209000000.0
105560,174200.0,143386000000.0,171000.0,175200.0,170200.0,825302.0,11030000000.0
032830,296000.0,106204000000.0,296000.0,302000.0,289000.0,359850.0,9989000000.0
028260,345500.0,129872000000.0,366500.0,366500.0,344000.0,372227.0,31627999999.999996
012450,1034000.0,117723000000.0,1015000.0,1054000.0,1008000.0,113591.0,28208000000.0
034020,82000.0,121528000000.0,82600.0,83000.0,80900.0,1481782.0,126421000000.0
055550,111300.0,104738000000.0,108800.0,112200.0,108800.0,945766.0,6082000000.0
329180,442000.0,43098000000.0,445000.0,447000.0,439500.0,97359.0,17798000000.0
000270,117600.0,121222000000.0,116600.0,118400.0,115600.0,1036389.0,14677000000.000002
006400,533000.0,168198000000.0,525000.0,540000.0,524000.0,315602.0,122768000000.0
034730,578000.0,89998000000.0,612000.0,618000.0,571000.0,153805.0,24612000000.0
068270,178300.0,46519000000.0,178400.0,180700.0,177600.0,260125.0,15975000000.0
086790,135300.0,83809000000.0,133900.0,135400.0,132000.0,623584.0,7106999999.999999
066570,214500.0,160912000000.0,214500.0,220000.0,212000.0,743913.0,170295000000.0
012330,373000.0,76250000000.0,369000.0,379000.0,369000.0,203519.0,28727000000.0
010120,204500.0,60730000000.0,207000.0,209500.0,201000.0,296803.0,33430000000.0
035420,197700.0,126881000000.0,195700.0,200500.0,194300.0,639832.0,62392999999.99999
000810,661000.0,43342000000.0,655000.0,668000.0,642000.0,66025.0,5012000000.0
316140,36400.0,60912000000.0,36400.0,36700.0,35650.0,1681459.0,13427000000.000002
096770,158200.0,174336000000.0,148500.0,161200.0,147600.0,1105019.0,78268000000.0
298040,2780000.0,107978000000.0,2925000.0,2925000.0,2771000.0,38486.0,36067000000.0
005490,316500.0,51404000000.0,310500.0,318000.0,308500.0,163145.0,22928000000.0
069500,109500.0,2470642000000.0,,,,,
267260,693000.0,68747000000.0,700000.0,709000.0,689000.0,98762.0,21629000000.0
042660,80000.0,34222000000.0,80800.0,81500.0,79800.0,425178.0,26966000000.000004
009540,332000.0,32427000000.0,338000.0,341000.0,331500.0,97281.0,3933000000.0
000150,1423000.0,117550000000.0,1519000.0,1535000.0,1410000.0,80640.0,54238000000.0
010130,1102000.0,14418000000.0,1114000.0,1115000.0,1093000.0,13058.0,5002000000.0
042700,234500.0,77882000000.0,240500.0,245000.0,234000.0,326282.0,52871000000.0
138040,133400.0,34041000000.0,126700.0,133600.0,125600.0,258786.0,6879000000.000001
360750,26105.0,859343000000.0,,,,,
011200,21250.0,13632000000.0,20850.0,21350.0,20850.0,643334.0,6217000000.0
015760,30700.0,34717000000.0,30350.0,30900.0,30000.0,1131883.0,12866999999.999998
017670,88200.0,40099000000.0,87700.0,89900.0,87400.0,454231.0,23785000000.0
051910,262500.0,48718000000.0,251000.0,264000.0,249000.0,187119.0,9664000000.0
010950,162200.0,64718000000.0,155900.0,164800.0,155800.0,398774.0,14391000000.0
033780,175400.0,33689000000.0,174300.0,176800.0,173700.0,192123.0,2934000000.0
010140,20100.0,40562000000.0,20400.0,20550.0,20050.0,2009024.0,28708999999.999996
006800,31800.0,18192000000.0,32100.0,32150.0,31450.0,572175.0,10384000000.0
003550,114000.0,20237000000.0,115000.0,115500.0,112700.0,177968.0,2138000000.0
018260,219000.0,19495000000.0,220000.0,222000.0,218000.0,88933.0,8790000000.0
024110,20900.0,21501000000.0,20300.0,20950.0,20300.0,1034847.0,5204000000.0
267250,209000.0,31851000000.0,206000.0,214000.0,203000.0,151371.0,6176000000.0
003670,185200.0,63973000000.0,180000.0,186300.0,179200.0,349506.0,23683000000.0
079550,693000.0,38555000000.0,693000.0,704000.0,680000.0,55579.0,16613000000.0
035720,34150.0,33328000000.0,33550.0,34500.0,33500.0,975130.0,
086280,199100.0,26094000000.0,198100.0,202000.0,197900.0,130780.0,4335000000.0
000720,124600.0,79698000000.0,121900.0,126800.0,118900.0,639971.0,41183000000.0
278470,368500.0,53657000000.0,369500.0,377500.0,364500.0,145251.0,18136000000.0
011070,578000.0,239465000000.0,566000.0,599000.0,563000.0,410317.0,165853000000.0
272210,72400.0,32439000000.0,73900.0,75100.0,71300.0,444464.0,18252000000.0
030200,52900.0,12320000000.0,52600.0,53400.0,52500.0,233008.0,1219000000.0
047810,129600.0,22954000000.0,128100.0,131500.0,126300.0,176563.0,6362000000.0
064350,115700.0,43546000000.0,116000.0,119400.0,113500.0,372821.0,11011000000.0
005830,190900.0,29643000000.0,186900.0,192800.0,183700.0,156397.0,3162000000.0
133690,183140.0,995599000000.0,,,,,
003490,31700.0,87281000000.0,31400.0,31700.0,30800.0,2783114.0,
443060,245500.0,12418000000.0,239000.0,247000.0,237000.0,51063.0,1122000000.0
078930,113800.0,46177000000.0,111000.0,117400.0,110200.0,405206.0,5510000000.0
379800,23725.0,678901000000.0,,,,,
307950,376000.0,9181000000.0,380500.0,384500.0,372500.0,24188.0,7239000000.0
071050,181900.0,26864000000.0,186400.0,186400.0,181500.0,147178.0,6420000000.0
102110,109805.0,1929327000000.0,,,,,
047050,56900.0,26713000000.0,55600.0,58000.0,54800.0,468939.0,13134000000.0
396500,37490.0,371848000000.0,,,,,
028050,50000.0,74220000000.0,49450.0,50600.0,48050.0,1488730.0,
323410,20500.0,16979000000.0,19960.0,20500.0,19950.0,837444.0,4317000000.0
379810,27395.0,768983000000.0,,,,,
488770,105650.0,65169000000.0,,,,,
006260,313000.0,31360000000.0,318000.0,324500.0,310500.0,99855.0,13376000000.0
005940,26050.0,9066000000.0,26050.0,26150.0,25650.0,348787.0,1825000000.0
180640,141300.0,10704000000.0,141000.0,143800.0,139300.0,75800.0,2072000000.0
259960,202000.0,14622000000.0,198200.0,203000.0,197100.0,72626.0,1538000000.0
003230,1215000.0,34611000000.0,1214000.0,1235000.0,1202000.0,28390.0,15766000000.0
000500,300500.0,37587000000.0,314500.0,317500.0,299000.0,122536.0,45192000000.0
090430,142700.0,21539000000.0,144800.0,144800.0,141100.0,150928.0,1927000000.0
0126Z0,332000.0,8657000000.0,333500.0,341000.0,331500.0,25837.0,4359000000.0
007660,112300.0,79622000000.0,118900.0,119000.0,112300.0,693209.0,48049000000.0
016360,88800.0,22328000000.0,91200.0,91300.0,88100.0,251038.0,8461000000.0
278530,39655.0,25722000000.0,,,,,
047040,18680.0,229426000000.0,17640.0,19240.0,17350.0,12246211.0,
009830,33350.0,327516000000.0,30400.0,33750.0,30350.0,9988553.0,
161390,59900.0,15029000000.0,57200.0,60000.0,56700.0,254872.0,2226000000.0
021240,101600.0,10962000000.0,99800.0,101800.0,98800.0,109013.0,538000000.0
000880,131700.0,9417000000.0,130100.0,135200.0,130000.0,70847.0,2054000000.0
459580,1075890.0,937743000000.0,,,,,
352820,161900.0,42925000000.0,158200.0,165600.0,158200.0,263993.0,19377000000.0
064400,70200.0,29271000000.0,70100.0,71500.0,69800.0,414008.0,
039490,257000.0,20902000000.0,264500.0,265000.0,254000.0,81226.0,5999000000.0
128940,504000.0,36275000000.0,520000.0,521000.0,498500.0,71833.0,18287000000.0
032640,14770.0,11267000000.0,14780.0,14830.0,14640.0,762928.0,1279000000.0
005387,180200.0,23189000000.0,180500.0,181400.0,177100.0,128677.0,
062040,201000.0,36453000000.0,207500.0,210000.0,199900.0,179134.0,20882000000.0
267270,129000.0,24758000000.0,130100.0,132900.0,127500.0,190663.0,7908000000.0
353200,123300.0,163196000000.0,124600.0,129100.0,121400.0,1303690.0,
381180,44000.0,80874000000.0,,,,,
498400,20380.0,113785000000.0,,,,,
326030,76200.0,5945000000.0,76300.0,77000.0,75900.0,77952.0,2856000000.0
001440,29900.0,61951000000.0,31300.0,31300.0,29850.0,2036039.0,
175330,31200.0,11535000000.0,30100.0,31400.0,30050.0,372529.0,1065000000.0
091160,136275.0,181087000000.0,,,,,
0167A0,18350.0,193494000000.0,,,,,
122630,109370.0,1615953000000.0,,,,,
241560,58100.0,9062000000.0,59000.0,59000.0,57600.0,155268.0,894999999.9999999
377300,41150.0,6494000000.0,40550.0,41450.0,40200.0,158152.0,3340999999.9999995
000990,127100.0,39069000000.0,130500.0,131700.0,126900.0,302467.0,27511000000.0
000100,74700.0,14205000000.0,74500.0,75300.0,73600.0,190417.0,2540000000.0
138930,16540.0,12509000000.0,15960.0,16550.0,15820.0,763908.0,1655999999.9999998
088350,5820.0,14007000000.0,5650.0,5900.0,5620.0,2414663.0,
029780,43350.0,7050000000.0,42700.0,43500.0,42250.0,163636.0,648000000.0
052690,126200.0,30489000000.0,129600.0,130900.0,126000.0,238298.0,36635000000.0
088980,9890.0,7651000000.0,9820.0,9900.0,9720.0,777040.0,
229200,14125.0,248822000000.0,,,,,
036570,216000.0,13208000000.0,212500.0,220000.0,212500.0,61126.0,2761000000.0
066970,114300.0,52102000000.0,109600.0,117900.0,109000.0,453689.0,32245999999.999996
310970,49165.0,404000000.0,,,,,
011790,91600.0,14801000000.0,91000.0,93300.0,90000.0,161653.0,20717000000.0
454910,69400.0,15163000000.0,71100.0,71200.0,69100.0,217125.0,
148020,110375.0,135599000000.0,,,,,
271560,111500.0,8202000000.0,110000.0,112000.0,108500.0,73852.0,665000000.0
051900,291500.0,17056000000.0,292500.0,299000.0,286000.0,58478.0,2295000000.0
458730,14440.0,26785000000.0,,,,,
010060,228500.0,122065000000.0,216500.0,234000.0,216500.0,536100.0,118734999999.99998
034220,8450.0,25155000000.0,8490.0,8580.0,8270.0,2969191.0,
001450,48950.0,22110000000.0,47500.0,50200.0,46400.0,451797.0,3322999999.9999995
004020,31250.0,35745000000.0,30900.0,31300.0,30200.0,1159098.0,22732000000.0
0162Z0,13715.0,60101000000.0,,,,,
002380,480000.0,6755000000.0,475000.0,481000.0,465500.0,14167.0,1512000000.0
005385,179800.0,10114000000.0,176200.0,180700.0,175700.0,56489.0,
395160,41200.0,155047000000.0,,,,,
360200,26395.0,34906000000.0,,,,,
082740,47650.0,14128000000.0,48000.0,49000.0,47500.0,293904.0,10095000000.0
001040,135300.0,15198000000.0,130500.0,135800.0,129500.0,113448.0,2753000000.0
103590,82100.0,42701000000.0,83000.0,84000.0,79800.0,520975.0,47812000000.0
381170,31630.0,29373000000.0,,,,,
411060,25775.0,31382000000.0,,,,,
395270,58750.0,93463000000.0,,,,,
423160,110930.0,9802000000.0,,,,,
008930,52400.0,5304000000.0,52500.0,53500.0,51300.0,101810.0,1952000000.0
367380,31485.0,17941000000.0,,,,,
273130,109350.0,1027000000.0,,,,,
161890,148400.0,16851000000.0,146000.0,151100.0,145600.0,113565.0,6398000000.0
233740,6960.0,407995000000.0,,,,,
018880,3295.0,8761000000.0,3245.0,3330.0,3225.0,2662174.0,
357870,58125.0,11143000000.0,,,,,
102780,26325.0,6877000000.0,,,,,
036460,35500.0,2567000000.0,35250.0,35550.0,35100.0,72623.0,817000000.0
004170,343500.0,16063000000.0,349000.0,354000.0,342000.0,46393.0,3338000000.0000005
487240,36360.0,52164000000.0,,,,,
0043B0,103790.0,30783000000.0,,,,,
375500,82000.0,24006000000.0,80300.0,83400.0,78200.0,293599.0,
012750,83300.0,7608000000.0,83300.0,83700.0,81500.0,92250.0,345000000.0
111770,71400.0,2686000000.0,69700.0,71800.0,69500.0,37726.0,451999999.99999994
035250,14450.0,3979000000.0,14380.0,14500.0,14270.0,275941.0,551000000.0
455890,55605.0,7333000000.0,,,,,
192820,271000.0,12591000000.0,270500.0,277000.0,268000.0,46239.0,3636000000.0
022100,20200.0,3727000000.0,20050.0,20500.0,19810.0,184227.0,1952000000.0
028670,5700.0,8249000000.0,5600.0,5810.0,5590.0,1447077.0,
006360,35550.0,50374000000.0,34500.0,36600.0,33850.0,1410853.0,
336260,46450.0,19609000000.0,48700.0,49300.0,46100.0,412722.0,24879000000.0
031210,43200.0,2617000000.0,41800.0,43200.0,41500.0,61362.0,1154000000.0
139130,18880.0,8491000000.0,17820.0,18920.0,17810.0,455528.0,1348000000.0
011780,118400.0,6253000000.0,117000.0,119600.0,115400.0,52905.0,949000000.0
007340,50700.0,8981000000.0,47900.0,51200.0,47150.0,180598.0,2089999999.9999998
251270,35500.0,4954000000.0,34400.0,35550.0,34300.0,140553.0,604000000.0
023530,102600.0,8813000000.0,104000.0,104500.0,101700.0,85925.0,1523000000.0
017800,73900.0,5922000000.0,73800.0,74300.0,73100.0,80232.0,2104000000.0
302440,36450.0,2429000000.0,35750.0,36850.0,35500.0,66936.0,643000000.0
097950,179100.0,9008000000.0,176300.0,179500.0,175300.0,50461.0,1675000000.0
139260,140650.0,58319000000.0,,,,,
383220,69600.0,2376000000.0,68300.0,69900.0,67500.0,34285.0,256000000.0
011170,62300.0,11067000000.0,60000.0,62900.0,58100.0,180190.0,3080000000.0
472150,20680.0,204300000000.0,,,,,
004800,158000.0,3137000000.0,163900.0,164500.0,157700.0,19646.0,337000000.0
085620,19520.0,1154000000.0,19520.0,19820.0,19190.0,59028.0,
003690,14870.0,2498000000.0,14640.0,14930.0,14610.0,168581.0,324000000.0
486290,10620.0,22190000000.0,,,,,
426030,47645.0,37324000000.0,,,,,
481050,1024160.0,43585000000.0,,,,,
026960,25800.0,1137000000.0,25400.0,25850.0,25350.0,44313.0,244000000.0
014680,237000.0,12276000000.0,237000.0,241000.0,232000.0,51675.0,1751000000.0000002
450080,35800.0,12112000000.0,34950.0,36500.0,34400.0,340329.0,
004990,24550.0,2028000000.0,24400.0,24650.0,24300.0,82778.0,419000000.00000006
004370,397000.0,6330000000.0,390000.0,398500.0,386500.0,16004.0,2180000000.0
278540,39140.0,792000000.0,,,,,
161510,25085.0,17609000000.0,,,,,
000240,25200.0,1558000000.0,24650.0,25250.0,24350.0,62378.0,168000000.0
449170,111995.0,6974000000.0,,,,,
005850,50600.0,4619000000.0,48400.0,50800.0,48400.0,92072.0,1000000000.0
005440,12790.0,4663000000.0,13090.0,13290.0,12680.0,361449.0,819999999.9999999
001720,142500.0,980000000.0,138500.0,142500.0,136600.0,6984.0,308000000.0
489790,46250.0,5283000000.0,47550.0,47550.0,46250.0,112958.0,3393000000.0
282330,133300.0,6049000000.0,133700.0,134600.0,130000.0,45541.0,140000000.0
483650,183800.0,14764000000.0,182200.0,189800.0,180600.0,80244.0,9190000000.0
009420,43400.0,18815000000.0,42150.0,44450.0,41600.0,432920.0,16894000000.0
279570,5510.0,3316000000.0,5340.0,5520.0,5320.0,606567.0,
112610,52900.0,23188000000.0,50100.0,54200.0,49200.0,445577.0,
018670,240500.0,843000000.0,239000.0,245000.0,237500.0,3500.0,351000000.0
020150,42550.0,15959000000.0,40150.0,44700.0,39800.0,370317.0,7931999999.999999
385540,102400.0,95000000.0,,,,,
103140,77900.0,4505000000.0,77400.0,79300.0,76200.0,57560.0,1882000000.0
204320,46450.0,9211000000.0,45500.0,47050.0,45350.0,198172.0,
009970,168200.0,1332000000.0,165600.0,168300.0,164300.0,7988.0,93000000.0
0193T0,10755.0,180040000000.0,,,,,
456600,58600.0,10598000000.0,,,,,
051600,46400.0,3247000000.0,45550.0,46500.0,45000.0,70391.0,897000000.0000001
030000,17810.0,4069000000.0,17770.0,17900.0,17670.0,228489.0,856000000.0
002790,26650.0,1785000000.0,26300.0,26850.0,26250.0,67176.0,140000000.0
081660,38250.0,3285000000.0,38100.0,38950.0,37950.0,85777.0,254999999.99999997
284430,20740.0,7011000000.0,,,,,
139480,72100.0,4721000000.0,71700.0,72300.0,71000.0,65678.0,1208000000.0
069960,91200.0,13030000000.0,95800.0,96300.0,90100.0,141729.0,2981000000.0
457190,64900.0,8926000000.0,64000.0,66400.0,63100.0,137133.0,4984000000.0
073240,6810.0,9859000000.0,6550.0,6950.0,6550.0,1438799.0,7587000000.0
007070,23000.0,2900000000.0,22850.0,23150.0,22650.0,126493.0,248000000.0
000155,481000.0,6695000000.0,496000.0,509000.0,476500.0,13657.0,
229640,62700.0,10092000000.0,63700.0,64800.0,61600.0,161063.0,10107000000.0
292150,38500.0,17057000000.0,,,,,
462870,31550.0,600000000.0,31150.0,31700.0,31150.0,19061.0,130000000.0
181710,56400.0,6501000000.0,56900.0,57300.0,55400.0,115601.0,2215000000.0
294400,143850.0,20422000000.0,,,,,
214980,114470.0,4076000000.0,,,,,
089860,49700.0,1865000000.0,49550.0,50000.0,49100.0,37809.0,1168000000.0
305720,14800.0,70735000000.0,,,,,
442580,104695.0,54387000000.0,,,,,
475150,51200.0,39543000000.0,50900.0,52600.0,50800.0,763882.0,
439260,45550.0,712000000.0,45600.0,46150.0,45350.0,15612.0,499000000.0
020560,8370.0,680000000.0,8390.0,8440.0,8220.0,81168.0,221000000.0
023590,39400.0,1164000000.0,39200.0,39400.0,38350.0,29943.0,304000000.0
441640,12295.0,10933000000.0,,,,,
475630,1078495.0,129219000000.0,,,,,
120110,56200.0,5324000000.0,54500.0,56500.0,54200.0,95447.0,2722000000.0
281820,84800.0,13005000000.0,86000.0,88000.0,83000.0,153721.0,10198000000.0
071970,49100.0,4922000000.0,49150.0,49850.0,48500.0,100226.0,2660000000.0
007810,69000.0,118398000000.0,66400.0,71500.0,65500.0,1713347.0,129425000000.0
105190,109850.0,23273000000.0,,,,,
368590,30545.0,9066000000.0,,,,,
000120,70800.0,2158000000.0,70100.0,71200.0,69700.0,30614.0,751000000.0
006040,36250.0,986000000.0,35250.0,36250.0,35050.0,27500.0,167000000.0
001430,44600.0,8402000000.0,44400.0,46850.0,44200.0,183716.0,2602000000.0
395400,5290.0,1711000000.0,5370.0,5390.0,5200.0,324421.0,
446770,79310.0,6555000000.0,,,,,
001120,40950.0,2514000000.0,40400.0,41450.0,40050.0,61268.0,564000000.0
008770,40400.0,3955000000.0,40250.0,40600.0,40050.0,98052.0,1279000000.0
329200,4075.0,16893000000.0,,,,,
294870,23800.0,3520000000.0,23350.0,23850.0,23350.0,148978.0,329000000.0
012630,25900.0,1594000000.0,25450.0,26350.0,24950.0,61177.0,239000000.0
477080,107705.0,702000000.0,,,,,
610063,55875.0,0.0,,,,,
0177N0,14390.0,52931000000.0,,,,,
009155,522000.0,13674000000.0,524000.0,535000.0,511000.0,26147.0,
0193W0,12505.0,123601000000.0,,,,,
001820,145000.0,74083000000.0,150100.0,151900.0,143500.0,501558.0,
379780,22830.0,3721000000.0,,,,,
093370,14000.0,35321000000.0,13950.0,14520.0,13730.0,2503911.0,
152100,111240.0,32448000000.0,,,,,
361610,18250.0,9806000000.0,17010.0,18540.0,16850.0,540960.0,5112000000.0
487230,19590.0,7727000000.0,,,,,
005070,44350.0,16196000000.0,41750.0,46300.0,41400.0,363921.0,10812000000.0
011210,54000.0,2981000000.0,52600.0,54700.0,52500.0,55176.0,1005000000.0000001
001800,24200.0,1079000000.0,23650.0,24250.0,23450.0,44857.0,387000000.0
226490,70810.0,9615000000.0,,,,,
006280,123200.0,1540000000.0,123400.0,124800.0,122600.0,12497.0,374000000.0
453850,6910.0,17110000000.0,,,,,
0195S0,9120.0,98338000000.0,,,,,
232080,14395.0,151902000000.0,,,,,
466920,26600.0,15655000000.0,,,,,
091230,143260.0,19301000000.0,,,,,
322000,125100.0,59250000000.0,122400.0,131500.0,122400.0,464679.0,
298020,314500.0,1791000000.0,309500.0,316500.0,306500.0,5716.0,621000000.0
097230,14950.0,3233000000.0,14710.0,15170.0,14600.0,216778.0,
00680K,10580.0,2447000000.0,10610.0,10700.0,10470.0,231996.0,
390390,55175.0,22237000000.0,,,,,
530031,3245.0,1776000000.0,,,,,
448330,17545.0,12733000000.0,,,,,
700026,107890.0,0.0,,,,,
157450,112705.0,1289000000.0,,,,,
007310,321000.0,1401000000.0,312000.0,322000.0,312000.0,4401.0,235000000.0
436140,105760.0,137000000.0,,,,,
066575,73400.0,4251000000.0,72400.0,74400.0,72200.0,57843.0,
069620,108300.0,1200000000.0,106900.0,109050.0,106800.0,11117.0,341000000.0
192080,58900.0,1582000000.0,58000.0,59300.0,57600.0,26920.0,84000000.0
003540,26100.0,848000000.0,26050.0,26250.0,25800.0,32613.0,389000000.0
438080,13915.0,4307000000.0,,,,,
415640,10130.0,1863000000.0,10220.0,10220.0,10000.0,185745.0,
000815,410500.0,2428000000.0,406000.0,411000.0,402000.0,5954.0,
001740,6120.0,3491000000.0,6080.0,6230.0,5990.0,568173.0,
469150,61400.0,9792000000.0,,,,,
300720,16380.0,947000000.0,16020.0,16390.0,16000.0,58159.0,245000000.00000003
330590,4140.0,825000000.0,4120.0,4195.0,4050.0,201096.0,
487340,106125.0,3871000000.0,,,,,
356540,100930.0,9406000000.0,,,,,
280360,126300.0,1425000000.0,124600.0,127800.0,123000.0,11307.0,149000000.0
0072R0,12290.0,13040000000.0,,,,,
004000,44350.0,2273000000.0,43100.0,44400.0,42850.0,51810.0,446000000.0
030610,10000.0,131000000.0,10000.0,10090.0,9880.0,13143.0,55000000.00000001
455850,26995.0,48655000000.0,,,,,
494310,87500.0,224837000000.0,,,,,
0183J0,7655.0,10888000000.0,,,,,
006120,64300.0,4145000000.0,60900.0,65000.0,60200.0,65690.0,1736000000.0
497570,22160.0,10222000000.0,,,,,
000210,52300.0,2062000000.0,50600.0,53000.0,50500.0,39427.0,266000000.0
465580,24420.0,20672000000.0,,,,,
0139F0,102285.0,131000000.0,,,,,
445290,30640.0,4697000000.0,,,,,
469830,54510.0,14989000000.0,,,,,
000080,15140.0,1139000000.0,15020.0,15190.0,14940.0,75437.0,133000000.0
494890,31610.0,6439000000.0,,,,,
017960,20400.0,2050000000.0,20350.0,20900.0,20200.0,100186.0,1340000000.0
494300,9030.0,11332000000.0,,,,,
449180,17210.0,6781000000.0,,,,,
451540,52585.0,307000000.0,,,,,
006340,13200.0,15769000000.0,13520.0,13580.0,13150.0,1182947.0,
479520,106575.0,395000000.0,,,,,
003160,36150.0,12081000000.0,36550.0,36900.0,35450.0,333966.0,11184000000.0
195870,60000.0,7395000000.0,60900.0,61500.0,59500.0,122560.0,3699000000.0
295040,41085.0,2018000000.0,,,,,
446720,13250.0,3858000000.0,,,,,
0117V0,18985.0,14500000000.0,,,,,
003240,902000.0,489000000.0,910000.0,915000.0,901000.0,540.0,106000000.0
760009,107565.0,0.0,,,,,
003570,29800.0,5636000000.0,26300.0,30650.0,25900.0,193954.0,2062000000.0
003530,4615.0,2816000000.0,4585.0,4655.0,4500.0,612741.0,
192400,27450.0,300000000.0,27250.0,27550.0,27000.0,10987.0,71000000.0
449450,50500.0,18138000000.0,,,,,
451800,5350.0,689000000.0,5420.0,5420.0,5250.0,129569.0,
009240,40750.0,1755000000.0,39650.0,41000.0,39450.0,43327.0,434000000.0
315930,79615.0,683000000.0,,,,,
495050,32310.0,6276000000.0,,,,,
438100,15230.0,3865000000.0,,,,,
030190,16250.0,987000000.0,15590.0,16360.0,15590.0,61002.0,126000000.0
402970,14665.0,7469000000.0,,,,,
237350,87580.0,10198000000.0,,,,,
032350,11800.0,3742000000.0,11730.0,12290.0,11710.0,314099.0,780000000.0
305540,18905.0,7477000000.0,,,,,
0048J0,13645.0,9089000000.0,,,,,
003090,15950.0,860000000.0,16050.0,16100.0,15810.0,54138.0,125000000.0
0195R0,11375.0,55013000000.0,,,,,
000370,7890.0,4602000000.0,7680.0,8060.0,7620.0,584003.0,
071320,79100.0,1482000000.0,79400.0,79400.0,78200.0,18824.0,1339000000.0
185750,65400.0,1637000000.0,65400.0,65500.0,64600.0,25135.0,259000000.0
285130,52100.0,1512000000.0,49850.0,52300.0,49600.0,29339.0,508000000.0
051915,117000.0,1694000000.0,114800.0,117700.0,113100.0,14561.0,
005300,96600.0,1557000000.0,95500.0,96800.0,95100.0,16241.0,124000000.0
034230,9650.0,1684000000.0,9560.0,9740.0,9540.0,174682.0,639000000.0
009450,61000.0,1016000000.0,60700.0,61300.0,59900.0,16700.0,507000000.0
479080,53895.0,879000000.0,,,,,
077970,21950.0,2416000000.0,22050.0,22650.0,21850.0,108911.0,1550000000.0
006110,58000.0,11887000000.0,53800.0,60500.0,53600.0,203065.0,6057000000.0
0117L0,10180.0,75000000.0,,,,,
079160,5230.0,1588000000.0,5180.0,5240.0,5100.0,306592.0,
0219E0,8475.0,115926000000.0,,,,,
475720,12720.0,18562000000.0,,,,,
466940,27315.0,13888000000.0,,,,,
498410,11905.0,20110000000.0,,,,,
003470,4400.0,722000000.0,4425.0,4440.0,4350.0,164434.0,
071055,143500.0,2863000000.0,145500.0,145500.0,141000.0,20051.0,
490590,14430.0,11649000000.0,,,,,
0177R0,11500.0,20902000000.0,,,,,
069660,109485.0,17041000000.0,,,,,
004490,59400.0,1533000000.0,59300.0,60600.0,58500.0,25703.0,975000000.0
441800,29060.0,5988000000.0,,,,,
272580,57190.0,839000000.0,,,,,
000670,42950.0,2580000000.0,43200.0,43500.0,41500.0,60322.0,1424000000.0
114800,998.0,520576000000.0,,,,,
036530,48450.0,1865000000.0,45600.0,49550.0,45250.0,38915.0,699000000.0
252670,73.0,225304000000.0,,,,,
0025N0,11935.0,2686000000.0,,,,,
550082,55810.0,0.0,,,,,
499790,39400.0,3168000000.0,37050.0,40350.0,37050.0,80072.0,1141000000.0
005180,88200.0,4434000000.0,84300.0,89100.0,84300.0,50612.0,1031000000.0
365550,3160.0,1172000000.0,3250.0,3250.0,3120.0,370876.0,
462330,1038.0,87681000000.0,,,,,
153130,113210.0,1187000000.0,,,,,
100840,37150.0,3982000000.0,36500.0,37900.0,36100.0,107091.0,4249000000.0
476550,6555.0,11247000000.0,,,,,
457480,18155.0,7356000000.0,,,,,
298050,166700.0,1462000000.0,159600.0,167000.0,159400.0,8871.0,603000000.0
456610,59440.0,2069000000.0,,,,,
137310,6110.0,713000000.0,6100.0,6210.0,6070.0,115981.0,237000000.0
005690,12260.0,9461000000.0,12700.0,12750.0,12230.0,757259.0,
418660,41150.0,18972000000.0,,,,,
100090,11710.0,4841000000.0,11360.0,11830.0,11360.0,413447.0,
214320,18230.0,840000000.0,18050.0,18300.0,17910.0,46249.0,144000000.0
144600,9975.0,10396000000.0,,,,,
064960,27400.0,7026000000.0,25650.0,28450.0,25600.0,255246.0,1482000000.0
481060,7105.0,7381000000.0,,,,,
094800,7720.0,531000000.0,7850.0,7850.0,7540.0,69532.0,
700028,204210.0,347000000.0,,,,,
456040,79700.0,4009000000.0,78000.0,82000.0,77700.0,49775.0,2408000000.0
003850,8270.0,368000000.0,8300.0,8380.0,8230.0,44505.0,191000000.0
329750,12910.0,2926000000.0,,,,,
367760,60815.0,8242000000.0,,,,,
0061Z0,51090.0,34000000.0,,,,,
580058,53945.0,0.0,,,,,
364980,10255.0,32393000000.0,,,,,
0127P0,10540.0,53000000.0,,,,,
005090,48200.0,3672000000.0,48900.0,49950.0,47450.0,75819.0,1835000000.0000002
434730,58235.0,6379000000.0,,,,,
090460,20350.0,11526000000.0,20200.0,21150.0,19960.0,559972.0,13002000000.000002
002960,527000.0,1245000000.0,509000.0,530000.0,509000.0,2386.0,623000000.0
290130,48045.0,4128000000.0,,,,,
458760,10565.0,2694000000.0,,,,,
293940,5580.0,836000000.0,5610.0,5620.0,5520.0,150007.0,
005880,2075.0,2768000000.0,1987.0,2075.0,1987.0,1348999.0,
069260,16380.0,758000000.0,16200.0,16430.0,16170.0,46403.0,90000000.0
314250,64170.0,1608000000.0,,,,,
0101N0,21245.0,8746000000.0,,,,,
482730,11585.0,4809000000.0,,,,,
495850,32095.0,2982000000.0,,,,,
268280,132100.0,140000000.0,133500.0,133500.0,130400.0,1068.0,6000000.0
0167B0,11900.0,23851000000.0,,,,,
102970,17510.0,7160000000.0,,,,,
0007F0,10185.0,141000000.0,,,,,
371460,9015.0,1502000000.0,,,,,
0148J0,9470.0,11809000000.0,,,,,
093050,21900.0,142000000.0,21900.0,22050.0,21500.0,6523.0,105000000.0
000400,2050.0,387000000.0,2020.0,2055.0,1990.0,190735.0,
001680,18360.0,1457000000.0,17820.0,18410.0,17630.0,79899.0,372000000.0
434060,16800.0,1686000000.0,,,,,
001570,9900.0,0.0,0.0,0.0,0.0,0.0,
000640,94000.0,567000000.0,93500.0,94100.0,92200.0,6102.0,121000000.0
017940,92200.0,625000000.0,91200.0,93800.0,90300.0,6756.0,89000000.0
0091P0,17590.0,30781000000.0,,,,,
491010,24875.0,2126000000.0,,,,,
383800,8220.0,1426000000.0,8090.0,8240.0,8070.0,174532.0,245000000.00000003
0015B0,19380.0,4402000000.0,,,,,
488080,35900.0,187660000000.0,,,,,
001060,26800.0,529000000.0,26750.0,27050.0,26500.0,19803.0,403000000.0
248070,13050.0,1086000000.0,12920.0,13300.0,12810.0,83206.0,526999999.99999994
002840,138600.0,355000000.0,136800.0,138600.0,135200.0,2587.0,52000000.0
317450,42400.0,206000000.0,42150.0,42600.0,41900.0,4872.0,153000000.0
014820,21350.0,435000000.0,20650.0,21350.0,20600.0,20667.0,133000000.0
453340,19060.0,669000000.0,19300.0,19350.0,18920.0,34927.0,40000000.0
138540,47050.0,6358000000.0,,,,,
491620,10560.0,9747000000.0,,,,,
006650,92300.0,2448000000.0,90800.0,93000.0,89400.0,26606.0,704000000.0
00088K,40800.0,716000000.0,40150.0,40900.0,39550.0,17697.0,
251600,15375.0,3303000000.0,,,,,
489250,12420.0,8478000000.0,,,,,
079900,40750.0,1830000000.0,40950.0,41500.0,40550.0,44677.0,2920000000.0
423920,87680.0,15030000000.0,,,,,
108320,36350.0,1520000000.0,36450.0,36900.0,35850.0,41847.0,613000000.0
0019K0,13470.0,4907000000.0,,,,,
466950,31360.0,3945000000.0,,,,,
277630,71970.0,3569000000.0,,,,,
025540,57200.0,514000000.0,55800.0,57300.0,55700.0,9063.0,108000000.0
484790,7945.0,12626000000.0,,,,,
449190,22795.0,6053000000.0,,,,,
033240,26350.0,1669000000.0,26000.0,26900.0,25400.0,63305.0,1348000000.0
016380,5680.0,1259000000.0,5550.0,5690.0,5510.0,223620.0,
075580,9990.0,436000000.0,10060.0,10130.0,9910.0,43608.0,401000000.0
004710,10690.0,28054000000.0,10460.0,11500.0,10440.0,2537007.0,
451000,106785.0,5000000.0,,,,,
002350,5770.0,746000000.0,5640.0,5800.0,5570.0,130409.0,
00104K,132300.0,890000000.0,128200.0,132300.0,126100.0,6825.0,
178920,18990.0,1078000000.0,18310.0,19380.0,18200.0,56829.0,413000000.0
017900,9600.0,11941000000.0,9880.0,10190.0,9580.0,1215205.0,
477050,53625.0,6753000000.0,,,,,
336370,7830.0,1558000000.0,7650.0,8180.0,7640.0,195635.0,768000000.0
114090,8860.0,431000000.0,8870.0,8920.0,8850.0,48543.0,111000000.00000001
284740,24300.0,289000000.0,23750.0,24450.0,23750.0,11945.0,94000000.0
001530,26300.0,1154000000.0,25200.0,26800.0,24800.0,43767.0,411000000.00000006
003300,17630.0,153000000.0,17850.0,17850.0,17310.0,8703.0,26000000.0
494670,21230.0,5941000000.0,,,,,
455030,11725.0,710000000.0,,,,,
0105E0,12905.0,3629000000.0,,,,,
005810,37050.0,413000000.0,36700.0,37450.0,36350.0,11176.0,386000000.0
001510,2305.0,3051000000.0,2315.0,2340.0,2275.0,1322062.0,
452260,2750.0,2336000000.0,2775.0,2815.0,2710.0,850442.0,
462010,4830.0,13643000000.0,,,,,
007700,13450.0,37000000.0,13240.0,13490.0,13200.0,2833.0,17000000.0
001270,50600.0,72000000.0,51000.0,51500.0,50600.0,1427.0,26000000.0
192650,7930.0,7971000000.0,8450.0,8450.0,7900.0,982018.0,
009410,1632.0,195000000.0,1625.0,1650.0,1600.0,119827.0,
371160,6415.0,1079000000.0,,,,,
396520,12600.0,6937000000.0,,,,,
058650,127500.0,201000000.0,126500.0,130100.0,126000.0,1579.0,
315960,78200.0,3735000000.0,,,,,
0220W0,6100.0,12192000000.0,6390.0,6400.0,6090.0,1959559.0,
003620,2535.0,885000000.0,2475.0,2550.0,2465.0,351626.0,
496020,52585.0,168000000.0,,,,,
365780,81400.0,614000000.0,,,,,
435420,14120.0,3569000000.0,,,,,
444200,45200.0,1356000000.0,,,,,
361580,62315.0,8222000000.0,,,,,
438330,115040.0,991000000.0,,,,,
114260,61470.0,1917000000.0,,,,,
484870,18020.0,2265000000.0,17800.0,18420.0,17500.0,124935.0,763000000.0
161000,10170.0,1214000000.0,9980.0,10310.0,9940.0,119544.0,1092000000.0
496080,32200.0,4096000000.0,,,,,
003545,20200.0,507000000.0,20300.0,20350.0,20100.0,25111.0,
251350,38425.0,1049000000.0,,,,,
463250,32915.0,6477000000.0,,,,,
0163Y0,9880.0,5150000000.0,,,,,
448290,17830.0,3794000000.0,,,,,
001500,7880.0,436000000.0,7880.0,7930.0,7790.0,55655.0,162000000.0
476800,4205.0,2794000000.0,,,,,
019170,9270.0,990000000.0,9230.0,9400.0,9200.0,106591.0,1039000000.0
029460,43800.0,1228000000.0,43950.0,43950.0,43100.0,28213.0,465000000.00000006
002990,12920.0,10851000000.0,13100.0,13120.0,12850.0,837664.0,
004690,131400.0,515000000.0,130100.0,132000.0,128700.0,3938.0,89000000.0
377740,4660.0,99000000.0,4650.0,4665.0,4560.0,21353.0,
145990,46000.0,237000000.0,45300.0,46250.0,45000.0,5191.0,67000000.00000001
008060,15100.0,1172000000.0,14780.0,15300.0,14760.0,77736.0,453000000.0
460860,9500.0,499000000.0,9450.0,9610.0,9250.0,52688.0,693000000.0
039130,30300.0,654000000.0,30500.0,30700.0,30150.0,21554.0,286000000.0
471990,26695.0,18764000000.0,,,,,
483280,11905.0,1943000000.0,,,,,
499660,1002855.0,14458000000.0,,,,,
0190C0,7660.0,4784000000.0,,,,,
490490,10655.0,1996000000.0,,,,,
000070,58300.0,412000000.0,58400.0,58500.0,57600.0,7125.0,47000000.0
005250,9580.0,382000000.0,9490.0,9650.0,9420.0,39923.0,158000000.0
002240,16680.0,196000000.0,16670.0,16790.0,16540.0,11762.0,68000000.0
090435,42600.0,2089000000.0,42700.0,43000.0,41800.0,49127.0,
448730,4925.0,414000000.0,4860.0,4950.0,4795.0,84683.0,
471230,102550.0,4376000000.0,,,,,
003030,107500.0,2421000000.0,101100.0,108200.0,100700.0,22797.0,446000000.0
249420,14060.0,2013000000.0,14100.0,14320.0,13900.0,142024.0,2592000000.0
010780,14960.0,1010000000.0,15050.0,15170.0,14870.0,67378.0,129000000.0
034310,12060.0,195000000.0,11930.0,12180.0,11800.0,16280.0,9000000.0
451060,35165.0,2654000000.0,,,,,
004700,66300.0,44000000.0,65400.0,66900.0,65400.0,670.0,10000000.0
243880,339005.0,26938000000.0,,,,,
003280,1830.0,4883000000.0,1788.0,1835.0,1787.0,2683710.0,
447770,13850.0,2219000000.0,,,,,
009900,8350.0,1064000000.0,8060.0,8410.0,8060.0,128141.0,811000000.0
016610,10300.0,258000000.0,10390.0,10390.0,10130.0,25232.0,30000000.0
020000,20350.0,2775000000.0,19830.0,20400.0,19550.0,137637.0,902000000.0
293180,109835.0,2220000000.0,,,,,
005945,22850.0,767000000.0,23150.0,23150.0,22700.0,33569.0,
002030,206500.0,532000000.0,212500.0,212500.0,203000.0,2589.0,60000000.0
474220,15055.0,1596000000.0,,,,,
0016X0,51470.0,49000000.0,,,,,
448300,23515.0,4424000000.0,,,,,
0023A0,23980.0,6566000000.0,,,,,
0162M0,10030.0,263000000.0,,,,,
306200,147500.0,1383000000.0,139300.0,147500.0,137600.0,9512.0,453000000.0
072710,90100.0,141000000.0,90600.0,90700.0,89200.0,1576.0,43000000.0
357120,4290.0,509000000.0,4290.0,4290.0,4160.0,120679.0,
014830,61300.0,529000000.0,60700.0,61900.0,60100.0,8618.0,178000000.0
760013,82550.0,1309000000.0,,,,,
385560,49905.0,1615000000.0,,,,,
005389,176500.0,812000000.0,175000.0,177100.0,174300.0,4606.0,
092230,96900.0,191000000.0,95200.0,97400.0,91100.0,1983.0,37000000.0
426020,31965.0,2985000000.0,,,,,
403550,10670.0,30000000.0,10710.0,10850.0,10570.0,2795.0,18000000.0
130660,12410.0,1475000000.0,12310.0,12670.0,12200.0,118420.0,
005420,10470.0,1311000000.0,10270.0,10780.0,10180.0,124844.0,488000000.0
271940,11060.0,192000000.0,11120.0,11140.0,10990.0,17433.0,123000000.0
0210A0,7505.0,25608000000.0,,,,,
001200,4135.0,832000000.0,4150.0,4150.0,4075.0,202133.0,
302450,71450.0,1222000000.0,,,,,
0173Y0,10735.0,4820000000.0,,,,,
148070,103145.0,2296000000.0,,,,,
002810,21450.0,337000000.0,21200.0,21650.0,21000.0,15853.0,53000000.0
480260,53865.0,424000000.0,,,,,
003000,4010.0,795000000.0,3970.0,4065.0,3925.0,197618.0,
0060H0,12520.0,1488000000.0,,,,,
016590,9750.0,60000000.0,9900.0,9900.0,9600.0,6209.0,30000000.0
385720,25550.0,774000000.0,,,,,
0046A0,9450.0,5978000000.0,,,,,
015360,14710.0,149000000.0,14800.0,14800.0,14500.0,10187.0,158000000.0
029530,39550.0,272000000.0,39250.0,39750.0,39000.0,6950.0,31000000.0
344820,24050.0,127000000.0,23800.0,24150.0,23250.0,5314.0,38000000.0
241180,34350.0,1233000000.0,,,,,
001940,26750.0,118000000.0,26400.0,26900.0,26050.0,4500.0,6000000.0
317400,9730.0,5745000000.0,9890.0,10330.0,9630.0,580382.0,
183190,10480.0,344000000.0,10660.0,10660.0,10360.0,32823.0,195000000.0
476760,8520.0,10180000000.0,,,,,
474590,48100.0,2438000000.0,,,,,
0040Y0,8145.0,4165000000.0,,,,,
194370,12820.0,122000000.0,12700.0,12840.0,12600.0,9633.0,51000000.0
439860,113240.0,4000000.0,,,,,
031430,10560.0,537000000.0,10350.0,10680.0,10350.0,50813.0,107000000.0
520054,183750.0,125000000.0,,,,,
126560,3360.0,157000000.0,3360.0,3370.0,3330.0,47141.0,
006220,9700.0,810000000.0,9570.0,9820.0,9570.0,83499.0,
469070,10870.0,1335000000.0,,,,,
008730,14700.0,927000000.0,14830.0,15180.0,14610.0,62304.0,216000000.0
950210,6060.0,133000000.0,5990.0,6190.0,5990.0,22063.0,
089590,4510.0,618000000.0,4515.0,4600.0,4410.0,137371.0,
245710,28135.0,577000000.0,,,,,
0131V0,11075.0,928000000.0,,,,,
091180,25570.0,3541000000.0,,,,,
458250,32670.0,9412000000.0,,,,,
027410,3745.0,195000000.0,3720.0,3745.0,3680.0,52525.0,
011930,17640.0,6416000000.0,17000.0,18500.0,16800.0,359047.0,
310960,63885.0,3338000000.0,,,,,
484880,23215.0,13503000000.0,,,,,
092790,13720.0,3973000000.0,13110.0,13840.0,13030.0,293649.0,
010955,88600.0,3821000000.0,83800.0,88900.0,83800.0,43508.0,
007690,38300.0,682000000.0,36800.0,38450.0,36800.0,17958.0,128000000.0
132030,23355.0,2707000000.0,,,,,
0120G0,47350.0,1689000000.0,48050.0,49450.0,47300.0,34971.0,1419000000.0
060980,39300.0,298000000.0,39000.0,39400.0,38300.0,7663.0,63000000.0
012030,1747.0,1534000000.0,1715.0,1772.0,1682.0,881096.0,
0144L0,9625.0,1742000000.0,,,,,
0167Z0,7630.0,2731000000.0,,,,,
003350,15480.0,7789000000.0,15850.0,16240.0,15320.0,498023.0,
442570,17315.0,2303000000.0,,,,,
015860,7090.0,530000000.0,7030.0,7180.0,6950.0,75295.0,
279530,17645.0,4005000000.0,,,,,
104700,9580.0,127000000.0,9400.0,9580.0,9330.0,13536.0,31000000.0
006405,214500.0,726000000.0,212000.0,218000.0,210500.0,3376.0,
0080G0,9995.0,17690000000.0,,,,,
0026S0,12740.0,1379000000.0,,,,,
000157,385000.0,134000000.0,400000.0,405000.0,383500.0,341.0,
472170,14110.0,1049000000.0,,,,,
385510,39370.0,4660000000.0,,,,,
0094M0,17230.0,17001000000.0,,,,,
105630,8550.0,359000000.0,8570.0,8630.0,8530.0,41914.0,42000000.0
02826K,232500.0,4111000000.0,241500.0,243000.0,225500.0,17854.0,
170900,34900.0,120000000.0,34450.0,35000.0,34200.0,3464.0,49000000.0
0182R0,10895.0,19666000000.0,,,,,
011760,25450.0,327000000.0,25050.0,25500.0,25050.0,12911.0,109000000.00000001
0052D0,15415.0,1771000000.0,,,,,
017810,8810.0,127000000.0,8910.0,8910.0,8710.0,14456.0,70000000.0
005610,38900.0,52000000.0,38900.0,39450.0,38550.0,1341.0,13000000.0
570090,55880.0,0.0,,,,,
217590,13870.0,7357000000.0,14310.0,14540.0,13800.0,522497.0,
001230,2135.0,1089000000.0,2130.0,2195.0,2075.0,511230.0,
456880,12015.0,966000000.0,,,,,
270810,14060.0,3270000000.0,,,,,
002310,8320.0,501000000.0,8360.0,8390.0,8160.0,61104.0,
462900,12520.0,6121000000.0,,,,,
448630,15255.0,1513000000.0,,,,,
009290,6550.0,945000000.0,6400.0,6550.0,6330.0,145928.0,
097520,18680.0,686000000.0,18490.0,18950.0,18000.0,36831.0,70000000.0
473290,10895.0,331000000.0,,,,,
0043Y0,18890.0,2478000000.0,,,,,
0052S0,11465.0,1866000000.0,,,,,
096760,4355.0,215000000.0,4330.0,4380.0,4280.0,49586.0,
145720,37200.0,336000000.0,36450.0,37300.0,36350.0,9105.0,131000000.0
024720,9350.0,140000000.0,9300.0,9410.0,9120.0,15024.0,10000000.0
475300,24130.0,20914000000.0,,,,,
381970,6460.0,625000000.0,6330.0,6620.0,6320.0,95284.0,153000000.0
453810,10875.0,814000000.0,,,,,
272450,5990.0,379000000.0,6070.0,6160.0,5880.0,63529.0,
002020,24200.0,486000000.0,24000.0,24550.0,23800.0,20074.0,202000000.0
485540,15515.0,1513000000.0,,,,,
020120,8390.0,2882000000.0,7620.0,8750.0,7600.0,345058.0,
009160,4755.0,278000000.0,4745.0,4815.0,4720.0,58287.0,
0094K0,99340.0,820000000.0,,,,,
489030,6385.0,4094000000.0,,,,,
026890,7970.0,234000000.0,7880.0,8060.0,7740.0,29517.0,41000000.0
0111P0,10825.0,1088000000.0,,,,,
126720,21550.0,215000000.0,21500.0,21650.0,21250.0,10028.0,180000000.0
002710,11660.0,1214000000.0,11260.0,11760.0,11150.0,104607.0,1036000000.0
025860,6150.0,805000000.0,6080.0,6180.0,6010.0,131298.0,
123890,2480.0,426000000.0,2425.0,2480.0,2420.0,173470.0,
010820,6210.0,1405000000.0,6310.0,6410.0,6200.0,223996.0,
385550,114170.0,3025000000.0,,,,,
433330,21785.0,3157000000.0,,,,,
454780,98930.0,2000000.0,,,,,
108670,33350.0,463000000.0,32900.0,33850.0,32350.0,13895.0,166000000.0
091170,16700.0,11508000000.0,,,,,
0008S0,9510.0,3439000000.0,,,,,
497880,50150.0,5726000000.0,,,,,
190620,102110.0,736000000.0,,,,,
018250,11230.0,160000000.0,11010.0,11250.0,11010.0,14404.0,
010580,2660.0,5929000000.0,2700.0,2895.0,2590.0,2175173.0,
200880,10940.0,229000000.0,10910.0,10990.0,10810.0,21001.0,130000000.0
000430,4765.0,487000000.0,4900.0,4930.0,4705.0,101538.0,
471780,38200.0,7615000000.0,,,,,
483320,25340.0,3106000000.0,,,,,
0038A0,15465.0,895000000.0,,,,,
481190,17175.0,2790000000.0,,,,,
570022,58590.0,0.0,,,,,
244920,12890.0,188000000.0,12640.0,13030.0,12350.0,14657.0,
001750,19220.0,299000000.0,19300.0,19300.0,19000.0,15666.0,42000000.0
475080,7995.0,928000000.0,,,,,
003120,21700.0,85000000.0,22200.0,22200.0,21500.0,3925.0,30000000.0
005720,5490.0,91000000.0,5390.0,5500.0,5370.0,16867.0,
0098F0,16150.0,17387000000.0,,,,,
034830,1138.0,321000000.0,1135.0,1141.0,1122.0,284682.0,
005950,10920.0,2571000000.0,10680.0,11020.0,10550.0,236072.0,
136340,103770.0,2118000000.0,,,,,
441680,10795.0,730000000.0,,,,,
001390,4270.0,340000000.0,4210.0,4310.0,4160.0,79779.0,
084690,7810.0,150000000.0,7750.0,7870.0,7710.0,19330.0,56000000.00000001
004310,8830.0,24568000000.0,9030.0,9290.0,8770.0,2723342.0,
016800,24550.0,24000000.0,24500.0,24600.0,23650.0,1040.0,10000000.0
044450,12430.0,5038000000.0,11900.0,12650.0,11610.0,409214.0,
033270,17630.0,387000000.0,17750.0,17760.0,17570.0,21996.0,72000000.0
273140,114620.0,264000000.0,,,,,
461490,14510.0,924000000.0,,,,,
122900,8330.0,632000000.0,8390.0,8420.0,8300.0,75664.0,
084010,8100.0,89000000.0,7810.0,8100.0,7760.0,11216.0,21000000.0
058430,4625.0,517000000.0,4560.0,4685.0,4530.0,111932.0,
005430,87400.0,667000000.0,84800.0,89100.0,84200.0,7611.0,
002900,6680.0,892000000.0,6580.0,6740.0,6540.0,133828.0,
004430,11510.0,727000000.0,11280.0,11570.0,11260.0,63451.0,
473330,7630.0,3623000000.0,,,,,
105840,13570.0,3273000000.0,13760.0,14130.0,13560.0,236861.0,
307520,22300.0,11199000000.0,,,,,
091810,2655.0,156000000.0,2635.0,2690.0,2550.0,59080.0,
0228G0,10115.0,6215000000.0,,,,,
471040,29685.0,595000000.0,,,,,
017390,54500.0,256000000.0,54500.0,54800.0,54000.0,4729.0,62000000.0
421320,27995.0,1047000000.0,,,,,
078520,10750.0,330000000.0,10660.0,10930.0,10510.0,30647.0,149000000.0
453870,10675.0,613000000.0,,,,,
439870,86400.0,1057000000.0,,,,,
409820,21005.0,2070000000.0,,,,,
423170,59280.0,2807000000.0,,,,,
0162Y0,7820.0,2444000000.0,,,,,
037710,34800.0,551000000.0,34650.0,35150.0,34650.0,15769.0,219000000.0
213610,22255.0,368000000.0,,,,,
0183V0,11875.0,7440000000.0,,,,,
286940,17350.0,163000000.0,17300.0,17370.0,17150.0,9463.0,123000000.0
010690,7450.0,716000000.0,7360.0,7530.0,7340.0,96020.0,
0232A0,100315.0,0.0,,,,,
196230,117070.0,377000000.0,,,,,
005680,12770.0,180000000.0,12720.0,12920.0,12650.0,14122.0,
004360,13350.0,164000000.0,13300.0,13390.0,13260.0,12308.0,38000000.0
003200,11110.0,626000000.0,10950.0,11190.0,10860.0,56660.0,158000000.0
486830,53410.0,107000000.0,,,,,
334890,3665.0,192000000.0,3670.0,3705.0,3605.0,52916.0,
123320,110580.0,10948000000.0,,,,,
364970,6780.0,7117000000.0,,,,,
388420,28855.0,1534000000.0,,,,,
472920,97690.0,1000000.0,,,,,
483340,22260.0,1686000000.0,,,,,
005500,18690.0,360000000.0,18390.0,18810.0,18390.0,19285.0,163000000.0
432320,1650.0,367000000.0,1660.0,1660.0,1613.0,225296.0,
117700,7075.0,16465000000.0,,,,,
139230,12710.0,801000000.0,,,,,
003960,26950.0,72000000.0,26700.0,27150.0,26650.0,2674.0,30000000.0
298690,1515.0,41000000.0,1527.0,1530.0,1514.0,27399.0,
495230,31355.0,669000000.0,,,,,
136490,10340.0,293000000.0,10300.0,10430.0,10230.0,28423.0,
001790,2850.0,412000000.0,2825.0,2865.0,2790.0,145359.0,
228790,4270.0,11121000000.0,,,,,
007160,48950.0,20000000.0,49500.0,49500.0,48650.0,426.0,18000000.0
044820,25350.0,421000000.0,26000.0,26000.0,25000.0,16596.0,
493810,11375.0,1403000000.0,,,,,
030210,3965.0,367000000.0,3905.0,3980.0,3830.0,92824.0,
404990,3910.0,136000000.0,3910.0,3930.0,3855.0,35043.0,
025000,57700.0,308000000.0,56900.0,57800.0,56500.0,5380.0,
003920,42100.0,159000000.0,42200.0,42700.0,41750.0,3781.0,50000000.0
053690,21700.0,1398000000.0,21500.0,22200.0,21050.0,64292.0,
363580,57000.0,4088000000.0,,,,,
008490,20400.0,366000000.0,20050.0,20500.0,19850.0,18209.0,102000000.0
0182S0,12650.0,2865000000.0,,,,,
283580,14300.0,1574000000.0,,,,,
0053L0,8745.0,4177000000.0,,,,,
000680,2970.0,125000000.0,2955.0,3000.0,2910.0,42269.0,
003070,9200.0,55000000.0,9230.0,9280.0,9090.0,5981.0,
900140,1208.0,3315000000.0,1110.0,1327.0,1100.0,2664704.0,
348950,1182.0,0.0,0.0,0.0,0.0,0.0,
363570,85355.0,4368000000.0,,,,,
226320,10560.0,111000000.0,10600.0,10610.0,10470.0,10566.0,40000000.0
472160,19470.0,3241000000.0,,,,,
329650,13975.0,293000000.0,,,,,
002320,14800.0,1108000000.0,14290.0,14910.0,14130.0,76054.0,65000000.0
0092C0,50280.0,104000000.0,,,,,
001470,5820.0,0.0,0.0,0.0,0.0,0.0,
0089D0,13545.0,3425000000.0,,,,,
0030R0,3805.0,43000000.0,3705.0,3845.0,3660.0,11731.0,
001340,5040.0,659000000.0,5100.0,5270.0,5040.0,128538.0,
0151S0,15930.0,2918000000.0,,,,,
000540,3500.0,88000000.0,3460.0,3505.0,3400.0,25710.0,
422420,6840.0,1207000000.0,,,,,
498270,14835.0,792000000.0,,,,,
017860,12640.0,1742000000.0,12290.0,12970.0,12200.0,137011.0,
005010,3960.0,613000000.0,3870.0,3980.0,3820.0,155881.0,
452360,13070.0,2053000000.0,,,,,
478150,17990.0,1917000000.0,,,,,
000490,7690.0,559000000.0,7510.0,7790.0,7460.0,72900.0,
001460,35450.0,80000000.0,34550.0,35800.0,34550.0,2290.0,28999999.999999996
433500,58240.0,3567000000.0,,,,,
035510,15820.0,1938000000.0,15680.0,16110.0,15660.0,122170.0,
134380,10040.0,16000000.0,10210.0,10210.0,10040.0,1609.0,
009680,10140.0,142000000.0,10120.0,10220.0,10060.0,14063.0,44000000.0
028100,19600.0,329000000.0,19700.0,19720.0,19110.0,16878.0,
001250,2655.0,1067000000.0,2530.0,2685.0,2525.0,406134.0,
000050,7990.0,139000000.0,7990.0,8000.0,7920.0,17560.0,
488980,52235.0,1000000.0,,,,,
034120,11750.0,55000000.0,11800.0,11800.0,11650.0,4787.0,26000000.0
003720,6410.0,864000000.0,6460.0,6640.0,6380.0,133181.0,
437080,94700.0,625000000.0,,,,,
003650,125100.0,453000000.0,125300.0,129700.0,122100.0,3615.0,
271050,1713.0,12035000000.0,,,,,
033920,7610.0,164000000.0,7510.0,7610.0,7440.0,21940.0,
475560,14610.0,205000000.0,14580.0,14770.0,14570.0,14009.0,
0104N0,21015.0,2694000000.0,,,,,
458260,45070.0,560000000.0,,,,,
092200,5560.0,829000000.0,5570.0,5740.0,5490.0,147276.0,
442320,34260.0,403000000.0,,,,,
0119H0,9900.0,614000000.0,,,,,
157500,11940.0,2720000000.0,,,,,
266160,33420.0,561000000.0,,,,,
305080,11765.0,1007000000.0,,,,,
530145,12415.0,2277000000.0,,,,,
490090,16110.0,911000000.0,,,,,
077500,9770.0,9653000000.0,9100.0,10410.0,8970.0,985229.0,
0233J0,10540.0,4691000000.0,,,,,
03473K,371000.0,533000000.0,389000.0,389000.0,367000.0,1438.0,
011500,13390.0,707000000.0,13110.0,13770.0,13070.0,52292.0,
244580,7995.0,4948000000.0,,,,,
088260,3295.0,158000000.0,3275.0,3295.0,3210.0,48649.0,
000320,15690.0,58000000.0,15710.0,15800.0,15610.0,3714.0,30000000.0
332930,143740.0,40000000.0,,,,,
448540,26560.0,634000000.0,,,,,
003555,68700.0,405000000.0,68300.0,69000.0,67900.0,5913.0,
051905,98500.0,1737000000.0,98500.0,99400.0,96600.0,17623.0,
520094,102510.0,127000000.0,,,,,
004980,8350.0,417000000.0,8150.0,8400.0,8070.0,50179.0,177000000.0
035150,10350.0,66000000.0,10330.0,10500.0,10320.0,6436.0,8000000.0
000650,142600.0,132000000.0,142000.0,146800.0,140600.0,917.0,
486450,18590.0,1164000000.0,,,,,
0005A0,9280.0,2179000000.0,,,,,
013580,22650.0,527000000.0,22400.0,22800.0,22000.0,23419.0,
000480,4300.0,33000000.0,4305.0,4305.0,4265.0,7709.0,
267770,83940.0,8294000000.0,,,,,
463050,11135.0,2280000000.0,,,,,
037270,3140.0,222000000.0,3095.0,3145.0,3065.0,71146.0,
0069M0,13685.0,1436000000.0,,,,,
025560,7180.0,12421000000.0,6560.0,7650.0,6340.0,1750369.0,
298000,52600.0,809000000.0,51500.0,53300.0,50500.0,15434.0,
480040,14615.0,2007000000.0,,,,,
100250,3100.0,31000000.0,3065.0,3115.0,3050.0,10326.0,
117580,7140.0,425000000.0,7010.0,7170.0,7010.0,59847.0,
377190,2210.0,652000000.0,2240.0,2240.0,2175.0,296249.0,
095570,4315.0,562000000.0,4290.0,4380.0,4230.0,130079.0,
000390,7140.0,600000000.0,7030.0,7250.0,6980.0,83883.0,
0093A0,35310.0,4742000000.0,,,,,
005960,8430.0,195000000.0,8460.0,8460.0,8240.0,23366.0,
039570,7440.0,99000000.0,7450.0,7500.0,7410.0,13419.0,
302190,49650.0,316000000.0,,,,,
433980,15760.0,521000000.0,,,,,
0204D0,5645.0,1946000000.0,,,,,
495060,28230.0,951000000.0,,,,,
002420,6150.0,34000000.0,6100.0,6220.0,5970.0,5663.0,
500099,19140.0,8000000.0,,,,,
339770,3825.0,52000000.0,3840.0,3840.0,3785.0,13832.0,
500029,19090.0,366000000.0,,,,,
053210,4015.0,118000000.0,3990.0,4015.0,3965.0,29811.0,
0115D0,7335.0,3651000000.0,,,,,
016580,10170.0,146000000.0,10070.0,10190.0,10030.0,14417.0,
495550,32880.0,284000000.0,,,,,
003520,1033.0,354000000.0,1042.0,1065.0,1022.0,338909.0,
494330,33060.0,432000000.0,,,,,
0082V0,11250.0,436000000.0,,,,,
487570,50500.0,196000000.0,49650.0,51000.0,48100.0,3906.0,
001630,37550.0,42000000.0,37450.0,37650.0,37400.0,1134.0,14000000.000000002
102460,10080.0,227000000.0,9950.0,10170.0,9950.0,22677.0,
004560,12380.0,268000000.0,12500.0,12700.0,12300.0,21564.0,
003547,19350.0,304000000.0,19460.0,19480.0,19280.0,15756.0,
530104,185750.0,77000000.0,,,,,
001130,10990.0,152000000.0,11090.0,11100.0,10820.0,13963.0,44000000.0
466930,23455.0,2770000000.0,,,,,
0091C0,9260.0,2319000000.0,,,,,
102260,3650.0,136000000.0,3620.0,3675.0,3600.0,37375.0,
0005G0,53600.0,700000000.0,,,,,
128820,4075.0,339000000.0,4005.0,4160.0,3980.0,82705.0,
261260,5465.0,1095000000.0,,,,,
500069,183700.0,0.0,,,,,
033530,6790.0,145000000.0,6660.0,6820.0,6630.0,21454.0,
429000,12700.0,932000000.0,,,,,
003610,5690.0,287000000.0,5700.0,5800.0,5670.0,50247.0,
000140,7860.0,23000000.0,7890.0,7890.0,7740.0,2953.0,
473460,24120.0,646000000.0,,,,,
213500,7600.0,386000000.0,7500.0,7600.0,7470.0,51157.0,
412570,1207.0,9044000000.0,,,,,
0047A0,11870.0,2469000000.0,,,,,
494220,50990.0,3061000000.0,,,,,
480020,9970.0,2087000000.0,,,,,
000520,8200.0,398000000.0,8100.0,8520.0,8040.0,48786.0,
332500,73945.0,2133000000.0,,,,,
0190G0,9435.0,2843000000.0,,,,,
003220,7890.0,162000000.0,7840.0,7950.0,7840.0,20513.0,186000000.0
007860,7530.0,452000000.0,7390.0,7600.0,7310.0,60420.0,
414780,12900.0,2525000000.0,,,,,
015230,6500.0,234000000.0,6590.0,6700.0,6470.0,35876.0,
002100,9000.0,91000000.0,8970.0,9060.0,8970.0,10206.0,
122090,82455.0,1370000000.0,,,,,
483290,9915.0,1967000000.0,,,,,
0040X0,9355.0,1706000000.0,,,,,
234080,11050.0,89000000.0,10980.0,11080.0,10910.0,8156.0,
0099L0,99350.0,8000000.0,,,,,
000300,4200.0,0.0,0.0,0.0,0.0,0.0,
0192Z0,100700.0,4000000.0,,,,,
461950,4920.0,5990000000.0,,,,,
000700,6630.0,104000000.0,6640.0,6700.0,6600.0,15652.0,
016450,4310.0,25000000.0,4310.0,4345.0,4305.0,5872.0,
520098,28635.0,294000000.0,,,,,
233160,7700.0,20761000000.0,,,,,
009470,25800.0,806000000.0,25950.0,26800.0,25700.0,30978.0,
476450,52885.0,133000000.0,,,,,
403790,58240.0,2000000.0,,,,,
002150,5050.0,114000000.0,5030.0,5060.0,4955.0,22952.0,
003460,3000.0,61000000.0,3000.0,3000.0,2960.0,20638.0,
241590,2755.0,81000000.0,2695.0,2760.0,2640.0,30026.0,
490600,8565.0,2331000000.0,,,,,
337160,48200.0,710000000.0,,,,,
0153K0,12285.0,1750000000.0,,,,,
237370,15575.0,767000000.0,,,,,
480030,9595.0,864000000.0,,,,,
014710,9360.0,47000000.0,9250.0,9500.0,9220.0,5080.0,
101530,5530.0,0.0,0.0,0.0,0.0,0.0,
002170,53300.0,16000000.0,53000.0,54300.0,52700.0,302.0,
460850,5340.0,171000000.0,5300.0,5350.0,5210.0,32520.0,
472870,6570.0,2110000000.0,,,,,
491820,43530.0,3158000000.0,,,,,
0193G0,8450.0,1976000000.0,,,,,
488720,48450.0,1000000.0,,,,,
272560,114865.0,4214000000.0,,,,,
000860,12190.0,27000000.0,11920.0,12220.0,11920.0,2262.0,
090350,7910.0,166000000.0,7800.0,7910.0,7720.0,21173.0,
530134,1755.0,9103000000.0,,,,,
200250,19910.0,318000000.0,,,,,
0005D0,14895.0,12000000000.0,,,,,
160580,16190.0,773000000.0,,,,,
570051,31115.0,0.0,,,,,
013890,7090.0,201000000.0,7340.0,7350.0,7090.0,28089.0,55000000.00000001
004380,7500.0,169000000.0,7370.0,7680.0,7300.0,22555.0,
152870,110570.0,534000000.0,,,,,
006805,11480.0,453000000.0,11740.0,11960.0,11400.0,39322.0,
0064K0,11910.0,1499000000.0,,,,,
00279K,21650.0,46000000.0,21600.0,21800.0,21600.0,2158.0,
400760,2780.0,71000000.0,2795.0,2800.0,2765.0,25638.0,
001045,67500.0,304000000.0,66500.0,67500.0,65900.0,4559.0,
001780,1575.0,452000000.0,1554.0,1598.0,1543.0,287314.0,
700023,152160.0,0.0,,,,,
007570,7950.0,98000000.0,8030.0,8030.0,7750.0,12388.0,
354500,14285.0,939000000.0,,,,,
0180V0,7955.0,849000000.0,,,,,
011785,49900.0,152000000.0,49800.0,50200.0,49250.0,3059.0,
462520,12700.0,194000000.0,12660.0,12940.0,12600.0,15212.0,
394670,10310.0,235000000.0,,,,,
000970,6600.0,110000000.0,6550.0,6680.0,6510.0,16857.0,
004090,11760.0,1120000000.0,11590.0,11850.0,11520.0,95216.0,
458210,110820.0,291000000.0,,,,,
004150,3625.0,430000000.0,3445.0,3625.0,3445.0,119522.0,
097955,111500.0,457000000.0,110700.0,112300.0,110700.0,4099.0,
219480,33220.0,349000000.0,,,,,
272550,9810.0,139000000.0,9590.0,9820.0,9500.0,14500.0,
271980,9960.0,207000000.0,10090.0,10200.0,9960.0,20650.0,
138520,36250.0,270000000.0,,,,,
0151P0,14850.0,993000000.0,,,,,
293480,8230.0,87000000.0,8220.0,8280.0,8150.0,10645.0,
438560,99965.0,32000000.0,,,,,
003830,110000.0,5000000.0,113500.0,113500.0,110000.0,47.0,
014280,4980.0,36255000000.0,4400.0,5450.0,4340.0,7015679.0,
0104H0,11935.0,416000000.0,,,,,
016880,1821.0,227000000.0,1854.0,1879.0,1793.0,125983.0,
491610,105095.0,149000000.0,,,,,
0051G0,11715.0,1088000000.0,,,,,
0127M0,12020.0,2009000000.0,,,,,
004970,9010.0,43000000.0,9030.0,9050.0,8970.0,4795.0,
025820,4285.0,201000000.0,4300.0,4390.0,4240.0,46870.0,
550089,143000.0,1000000.0,,,,,
000020,5110.0,271000000.0,5010.0,5130.0,4995.0,53427.0,
481180,16635.0,1347000000.0,,,,,
471760,15375.0,10853000000.0,,,,,
071840,6010.0,93000000.0,5960.0,6010.0,5870.0,15706.0,
0041E0,16270.0,2052000000.0,,,,,
107590,61000.0,0.0,61000.0,61000.0,61000.0,4.0,
0199C0,9275.0,5223000000.0,,,,,
0048K0,7810.0,2329000000.0,,,,,
498180,92630.0,0.0,,,,,
457990,36255.0,20262000000.0,,,,,
008350,1081.0,474000000.0,1063.0,1082.0,1050.0,442749.0,
003480,4725.0,137000000.0,4735.0,4765.0,4675.0,29186.0,
094280,12050.0,80000000.0,12020.0,12060.0,11960.0,6692.0,
143860,34930.0,466000000.0,,,,,
245340,34315.0,492000000.0,,,,,
015890,4735.0,100000000.0,4735.0,4795.0,4700.0,21187.0,
0131W0,102305.0,206000000.0,,,,,
495330,31975.0,68000000.0,,,,,
451530,34630.0,1134000000.0,,,,,
004080,14580.0,79000000.0,14740.0,14740.0,14570.0,5466.0,
476030,17355.0,1727000000.0,,,,,
012610,3220.0,503000000.0,3190.0,3285.0,3160.0,156304.0,
760007,33480.0,5000000.0,,,,,
139220,7895.0,2074000000.0,,,,,
081000,9420.0,70000000.0,9180.0,9440.0,9180.0,7575.0,
018470,5260.0,557000000.0,5120.0,5350.0,5110.0,106124.0,
0092B0,15965.0,1484000000.0,,,,,
463680,23025.0,555000000.0,,,,,
570050,26465.0,0.0,,,,,
760011,8415.0,24000000.0,,,,,
0091M0,10165.0,2000000.0,,,,,
024090,11420.0,5000000.0,11480.0,11530.0,11420.0,494.0,
530136,12965.0,1127000000.0,,,,,
214390,5410.0,65000000.0,5500.0,5530.0,5330.0,12055.0,
411420,27215.0,297000000.0,,,,,
570106,51705.0,0.0,,,,,
001080,3675.0,26000000.0,3670.0,3750.0,3660.0,7207.0,
520066,21370.0,315000000.0,,,,,
004960,11070.0,63000000.0,10970.0,11150.0,10870.0,5716.0,
267290,21700.0,58000000.0,21550.0,21700.0,21500.0,2720.0,
092220,3165.0,2559000000.0,3165.0,3440.0,3115.0,787410.0,
0181B0,10000.0,1782000000.0,,,,,
461500,104240.0,4000000.0,,,,,
325010,43595.0,72000000.0,,,,,
463290,109460.0,58000000.0,,,,,
500037,63030.0,49000000.0,,,,,
013520,2515.0,87000000.0,2535.0,2535.0,2485.0,34935.0,
009270,1094.0,235000000.0,1092.0,1112.0,1090.0,214313.0,
0074K0,16895.0,544000000.0,,,,,
001210,9890.0,8504000000.0,10100.0,10130.0,9800.0,855332.0,
210540,11270.0,284000000.0,11090.0,11270.0,11070.0,25403.0,
448100,113110.0,1272000000.0,,,,,
011690,3390.0,352000000.0,3315.0,3410.0,3270.0,104648.0,
304660,6965.0,297000000.0,,,,,
006060,2240.0,26000000.0,2245.0,2245.0,2205.0,11911.0,
0197X0,5935.0,73709000000.0,,,,,
001520,1153.0,605000000.0,1152.0,1160.0,1134.0,528890.0,
0000Y0,102060.0,2000000.0,,,,,
447620,15820.0,651000000.0,,,,,
001360,1308.0,416000000.0,1307.0,1309.0,1270.0,323835.0,
078000,13290.0,21000000.0,13450.0,13450.0,13020.0,1613.0,
0123G0,5940.0,1092000000.0,,,,,
002210,1266.0,76000000.0,1285.0,1289.0,1259.0,60381.0,
089470,3830.0,129000000.0,3745.0,3830.0,3705.0,34265.0,
008970,1173.0,660000000.0,1125.0,1178.0,1113.0,571372.0,
350520,3300.0,170000000.0,3325.0,3415.0,3295.0,51597.0,
005800,13500.0,17000000.0,13870.0,13870.0,13500.0,1303.0,
009070,4045.0,280000000.0,4005.0,4045.0,3975.0,69735.0,
192090,11695.0,1334000000.0,,,,,
438570,96810.0,33000000.0,,,,,
377990,24385.0,1866000000.0,,,,,
214420,5010.0,120000000.0,4985.0,5080.0,4945.0,23998.0,
328370,38820.0,2000000.0,,,,,
114820,104660.0,2925000000.0,,,,,
002620,7500.0,5000000.0,7560.0,7600.0,7420.0,730.0,
037560,1543.0,156000000.0,1535.0,1568.0,1519.0,101044.0,
491230,52610.0,40000000.0,,,,,
469170,5880.0,2319000000.0,,,,,
003010,9380.0,2503000000.0,9200.0,9870.0,9120.0,263527.0,
0184L0,100405.0,2013000000.0,,,,,
251340,2390.0,84784000000.0,,,,,
0209D0,8175.0,9681000000.0,,,,,
014530,3380.0,337000000.0,3310.0,3400.0,3285.0,100271.0,
332940,49065.0,6000000.0,,,,,
399110,20635.0,438000000.0,,,,,
0168K0,5500.0,6215000000.0,,,,,
0085P0,9440.0,5455000000.0,,,,,
227840,12860.0,60000000.0,13100.0,13100.0,12780.0,4722.0,
002390,8460.0,32000000.0,8380.0,8550.0,8380.0,3825.0,
0135Y0,100035.0,2000000.0,,,,,
034590,26350.0,18000000.0,26300.0,26400.0,26250.0,702.0,
550092,115030.0,0.0,,,,,
004100,3125.0,1075000000.0,3090.0,3175.0,2990.0,349012.0,
017550,1832.0,231000000.0,1828.0,1838.0,1803.0,127268.0,
182480,12960.0,190000000.0,,,,,
016740,3970.0,55000000.0,4050.0,4050.0,3970.0,13963.0,
326240,44665.0,171000000.0,,,,,
304940,33300.0,75000000.0,,,,,
367770,21920.0,818000000.0,,,,,
079430,5610.0,29000000.0,5670.0,5670.0,5550.0,5314.0,
002460,11100.0,49000000.0,11030.0,11190.0,11010.0,4496.0,
319640,24475.0,691000000.0,,,,,
023450,32100.0,18000000.0,32000.0,32450.0,32000.0,574.0,
015590,2100.0,197000000.0,2095.0,2240.0,2080.0,92753.0,
0191W0,100635.0,10000000.0,,,,,
0036R0,19960.0,215000000.0,,,,,
016710,6940.0,14000000.0,6950.0,7000.0,6890.0,2082.0,
009580,1790.0,11134000000.0,1790.0,1992.0,1735.0,5887609.0,
0000J0,27895.0,2744000000.0,,,,,
083420,4645.0,47000000.0,4645.0,4675.0,4590.0,10301.0,
570116,55710.0,39000000.0,,,,,
013570,4170.0,108000000.0,4185.0,4185.0,4110.0,26156.0,
488500,12125.0,735000000.0,,,,,
476850,22390.0,2070000000.0,,,,,
37550L,51900.0,153000000.0,49500.0,51900.0,49500.0,2988.0,
011810,3530.0,0.0,0.0,0.0,0.0,0.0,
266370,70575.0,1733000000.0,,,,,
0174B0,14815.0,1203000000.0,,,,,
309230,29375.0,301000000.0,,,,,
455860,4475.0,1936000000.0,,,,,
0221V0,100680.0,16000000.0,,,,,
078935,60400.0,347000000.0,59600.0,60700.0,59100.0,5786.0,
372330,6425.0,595000000.0,,,,,
570019,7150.0,0.0,,,,,
012800,1176.0,224000000.0,1172.0,1198.0,1157.0,189797.0,
021820,10680.0,54000000.0,10690.0,10700.0,10380.0,5186.0,
0193M0,50370.0,4000000.0,,,,,
496090,32235.0,2000000.0,,,,,
0137V0,11715.0,898000000.0,,,,,
0132K0,7940.0,711000000.0,,,,,
464930,20550.0,157000000.0,,,,,
014580,3810.0,89000000.0,3765.0,3835.0,3740.0,23579.0,
004250,2850.0,40000000.0,2835.0,2915.0,2820.0,14240.0,
120030,83200.0,20000000.0,82800.0,83900.0,81700.0,252.0,
203780,34820.0,671000000.0,,,,,
0138Y0,9485.0,1643000000.0,,,,,
500050,52110.0,0.0,,,,,
012320,44050.0,174000000.0,44100.0,44850.0,44000.0,3944.0,
003580,2055.0,814000000.0,2055.0,2055.0,2055.0,396284.0,
0162L0,12590.0,11057000000.0,,,,,
027970,2725.0,20000000.0,2730.0,2730.0,2675.0,7666.0,
464310,13265.0,163000000.0,,,,,
010100,3395.0,127000000.0,3320.0,3430.0,3315.0,37404.0,
006660,12710.0,844000000.0,12450.0,12850.0,12430.0,66569.0,
530107,1718.0,36079000000.0,,,,,
008040,7300.0,59000000.0,7710.0,7710.0,7110.0,8083.0,
0008T0,17385.0,9493000000.0,,,,,
123690,6380.0,248000000.0,6310.0,6410.0,6270.0,38993.0,
475050,6885.0,4424000000.0,,,,,
267850,9180.0,34000000.0,9210.0,9270.0,9170.0,3808.0,
0122W0,51092.0,4000000.0,,,,,
465610,42370.0,346000000.0,,,,,
248170,22200.0,516000000.0,22150.0,22300.0,22000.0,23283.0,
0080Y0,7920.0,2525000000.0,,,,,
119650,918.0,0.0,0.0,0.0,0.0,0.0,
530055,99895.0,91000000.0,,,,,
168580,31930.0,165000000.0,,,,,
035000,6140.0,871000000.0,6320.0,6340.0,6110.0,141160.0,
458030,55145.0,9000000.0,,,,,
394660,15055.0,84000000.0,,,,,
002450,1090.0,42000000.0,1075.0,1099.0,1071.0,39137.0,
070960,2050.0,52000000.0,2040.0,2090.0,2015.0,25697.0,
002780,6770.0,189000000.0,6750.0,6820.0,6630.0,28115.0,
610037,7020.0,10000000.0,,,,,
0177X0,9530.0,1692000000.0,,,,,
014790,2590.0,348000000.0,2480.0,2630.0,2480.0,135250.0,
114100,105545.0,4796000000.0,,,,,
011280,1378.0,41000000.0,1376.0,1416.0,1366.0,29934.0,
008700,1265.0,236000000.0,1272.0,1279.0,1248.0,186112.0,
0142D0,10310.0,1386000000.0,,,,,
013700,1619.0,247000000.0,1566.0,1621.0,1540.0,156254.0,
417310,2390.0,171000000.0,2390.0,2390.0,2380.0,71789.0,
264900,7670.0,60000000.0,7790.0,7790.0,7620.0,7853.0,
007540,47400.0,577000000.0,47450.0,47700.0,46800.0,12225.0,
473440,10865.0,18000000.0,,,,,
032560,5560.0,68000000.0,5510.0,5590.0,5480.0,12268.0,
530061,31500.0,1228000000.0,,,,,
486240,30455.0,20000000.0,,,,,
433970,13880.0,494000000.0,,,,,
008260,3300.0,156000000.0,3275.0,3355.0,3235.0,47653.0,
195980,15320.0,284000000.0,,,,,
014440,4700.0,53000000.0,4695.0,4700.0,4625.0,11410.0,
002200,2800.0,21000000.0,2865.0,2865.0,2785.0,7746.0,
067830,2285.0,16000000.0,2295.0,2295.0,2270.0,7163.0,
007210,1433.0,54000000.0,1418.0,1435.0,1417.0,38049.0,
0035T0,19280.0,208000000.0,,,,,
580039,185490.0,91000000.0,,,,,
025620,5090.0,160000000.0,4745.0,5300.0,4745.0,31597.0,
036580,2520.0,65000000.0,2535.0,2605.0,2485.0,26265.0,
479620,26820.0,424000000.0,,,,,
298770,84065.0,1241000000.0,,,,,
0176E0,9720.0,748000000.0,,,,,
001290,4250.0,284000000.0,4055.0,4360.0,4035.0,66888.0,
308620,11065.0,581000000.0,,,,,
453080,23490.0,1375000000.0,,,,,
475280,10735.0,0.0,,,,,
363280,2010.0,20000000.0,2020.0,2050.0,1951.0,10127.0,
325020,29400.0,153000000.0,,,,,
096775,73000.0,578000000.0,71100.0,74800.0,71100.0,7862.0,
143850,77470.0,319000000.0,,,,,
0052T0,50745.0,0.0,,,,,
454320,42050.0,43000000.0,,,,,
019180,5020.0,217000000.0,4910.0,5030.0,4905.0,43785.0,
001275,30100.0,5000000.0,30100.0,30250.0,30100.0,194.0,
058850,2180.0,104000000.0,2190.0,2195.0,2175.0,47867.0,
269540,30080.0,1299000000.0,,,,,
058860,2590.0,794000000.0,2605.0,2635.0,2570.0,306657.0,
475310,29060.0,10054000000.0,,,,,
006840,6790.0,31000000.0,6880.0,7080.0,6740.0,4575.0,
444490,20025.0,379000000.0,,,,,
261270,8190.0,193000000.0,,,,,
468380,10590.0,485000000.0,,,,,
610064,55155.0,2342000000.0,,,,,
211900,28010.0,185000000.0,,,,,
0007N0,110085.0,25000000.0,,,,,
0066W0,12040.0,796000000.0,,,,,
023000,2210.0,14000000.0,2220.0,2220.0,2185.0,6365.0,
453330,18225.0,451000000.0,,,,,
329670,21810.0,285000000.0,,,,,
469060,36680.0,723000000.0,,,,,
495040,31875.0,32000000.0,,,,,
139990,2220.0,49000000.0,2140.0,2225.0,2130.0,22429.0,
012200,3160.0,1896000000.0,3250.0,3295.0,3160.0,589369.0,
33626K,6430.0,45000000.0,6530.0,6570.0,6410.0,6996.0,
007980,1823.0,763000000.0,1790.0,1837.0,1790.0,420009.0,
004140,1765.0,219000000.0,1746.0,1792.0,1746.0,123807.0,
460960,10640.0,2003000000.0,,,,,
004890,34550.0,1000000.0,34400.0,35050.0,34200.0,33.0,
006090,8850.0,33000000.0,8820.0,8980.0,8790.0,3747.0,
329660,17705.0,240000000.0,,,,,
000850,37700.0,116000000.0,37300.0,37850.0,37300.0,3088.0,
0198A0,8785.0,11682000000.0,,,,,
485690,22600.0,167000000.0,,,,,
359210,35830.0,86000000.0,,,,,
461460,50665.0,12432000000.0,,,,,
002600,136700.0,1000000.0,136700.0,136700.0,136700.0,10.0,
429760,19410.0,10016000000.0,,,,,
449770,20895.0,146000000.0,,,,,
000590,70300.0,64000000.0,67900.0,70500.0,67900.0,938.0,
0017Y0,93290.0,12000000.0,,,,,
0018C0,10550.0,1034000000.0,,,,,
337140,36555.0,296000000.0,,,,,
108450,39925.0,41000000.0,,,,,
011700,2460.0,188000000.0,2450.0,2490.0,2385.0,76475.0,
138530,12305.0,2046000000.0,,,,,
0057H0,11525.0,1144000000.0,,,,,
023800,5030.0,165000000.0,5010.0,5070.0,4980.0,33184.0,
111380,12930.0,55000000.0,13010.0,13160.0,12790.0,4267.0,
0098N0,13120.0,669000000.0,,,,,
495750,32115.0,2000000.0,,,,,
007610,4370.0,1230000000.0,4510.0,4550.0,4295.0,278809.0,
0225V0,12055.0,10114000000.0,,,,,
570120,15670.0,77000000.0,,,,,
0049M0,11100.0,442000000.0,,,,,
069730,5420.0,107000000.0,5360.0,5450.0,5340.0,19954.0,
009180,2755.0,23000000.0,2760.0,2775.0,2735.0,8375.0,
210780,23495.0,430000000.0,,,,,
005740,5220.0,125000000.0,5200.0,5240.0,5100.0,24220.0,
001260,7810.0,206000000.0,7800.0,7950.0,7700.0,26441.0,
365040,36485.0,306000000.0,,,,,
550093,38125.0,0.0,,,,,
163560,5480.0,45000000.0,5420.0,5500.0,5410.0,8245.0,
002220,2850.0,360000000.0,2870.0,2950.0,2815.0,125001.0,
000105,66000.0,18000000.0,65600.0,66900.0,65000.0,279.0,
007590,5560.0,7000000.0,5570.0,5570.0,5520.0,1298.0,
109070,7150.0,485000000.0,7750.0,7750.0,7000.0,67272.0,
004840,3915.0,23000000.0,3930.0,3935.0,3880.0,5900.0,
084680,532.0,0.0,0.0,0.0,0.0,0.0,
490480,27795.0,475000000.0,,,,,
0080X0,10700.0,852000000.0,,,,,
228810,3050.0,685000000.0,,,,,
272910,105565.0,0.0,,,,,
0238F0,10660.0,2227000000.0,,,,,
013360,1381.0,167000000.0,1370.0,1397.0,1351.0,121164.0,
010960,3090.0,223000000.0,3070.0,3125.0,3050.0,72206.0,
364960,6240.0,151000000.0,,,,,
157490,7925.0,216000000.0,,,,,
475350,14375.0,358000000.0,,,,,
0240J0,10425.0,11724000000.0,,,,,
013870,3825.0,23000000.0,3840.0,3875.0,3790.0,6272.0,
002795,11380.0,22000000.0,11400.0,11430.0,10730.0,1993.0,
412770,12660.0,58000000.0,,,,,
298340,56220.0,9485000000.0,,,,,
292190,48145.0,995000000.0,,,,,
004770,2030.0,951000000.0,1997.0,2065.0,1997.0,467413.0,
063160,13120.0,229000000.0,12950.0,14000.0,12820.0,17259.0,
0210E0,7415.0,3877000000.0,,,,,
500096,14355.0,18000000.0,,,,,
0102A0,8795.0,322000000.0,,,,,
005750,4320.0,244000000.0,4315.0,4405.0,4300.0,56588.0,
055490,14970.0,190000000.0,14750.0,15170.0,14590.0,12754.0,
441540,26310.0,307000000.0,,,,,
014160,655.0,0.0,0.0,0.0,0.0,0.0,
338100,3790.0,299000000.0,3770.0,3805.0,3740.0,79664.0,
001020,1982.0,9000000.0,1990.0,1990.0,1855.0,4715.0,
550091,35255.0,162000000.0,,,,,
0098Z0,93755.0,42000000.0,,,,,
0022T0,12335.0,2168000000.0,,,,,
214330,6710.0,210000000.0,6640.0,6760.0,6540.0,31490.0,
024900,2150.0,580000000.0,2220.0,2245.0,2125.0,265697.0,
120115,25250.0,54000000.0,25300.0,25500.0,25100.0,2160.0,
084670,24100.0,413000000.0,23650.0,25300.0,23600.0,16764.0,
095720,1227.0,16000000.0,1230.0,1276.0,1225.0,13251.0,
004440,5470.0,773000000.0,5350.0,5580.0,5230.0,143000.0,
031820,5750.0,92000000.0,5650.0,5760.0,5600.0,16253.0,
211560,34985.0,155000000.0,,,,,
0190Y0,8550.0,434000000.0,,,,,
009770,27700.0,45000000.0,27450.0,27900.0,27200.0,1653.0,
530115,68990.0,8000000.0,,,,,
155660,4310.0,104000000.0,4320.0,4320.0,4240.0,24536.0,
000230,5970.0,37000000.0,5950.0,6040.0,5900.0,6346.0,
071090,3410.0,1295000000.0,3380.0,3470.0,3325.0,380818.0,
002720,3250.0,65000000.0,3210.0,3265.0,3155.0,20194.0,
204480,21070.0,361000000.0,,,,,
520095,27475.0,2927000000.0,,,,,
465330,11585.0,1382000000.0,,,,,
228800,2665.0,291000000.0,,,,,
011150,1903.0,41000000.0,1867.0,1927.0,1860.0,21765.0,
001560,8980.0,5000000.0,9190.0,9190.0,8980.0,657.0,
266420,15860.0,582000000.0,,,,,
0233A0,10655.0,2421000000.0,,,,,
130730,103140.0,280000000.0,,,,,
000180,4875.0,96000000.0,5060.0,5060.0,4815.0,19742.0,
530131,22590.0,4000000.0,,,,,
492500,51255.0,1000000.0,,,,,
530126,33645.0,0.0,,,,,
473640,32000.0,1117000000.0,,,,,
550084,33595.0,0.0,,,,,
0113D0,11785.0,523000000.0,,,,,
004720,2965.0,39000000.0,2850.0,2970.0,2825.0,13749.0,
433880,18360.0,215000000.0,,,,,
278620,119120.0,30000000.0,,,,,
491700,110860.0,0.0,,,,,
010660,3020.0,182000000.0,2980.0,3090.0,2920.0,60095.0,
079980,1923.0,47000000.0,1920.0,1939.0,1906.0,24476.0,
610066,55190.0,0.0,,,,,
058730,3265.0,672000000.0,3225.0,3295.0,3170.0,207608.0,
019680,1640.0,38000000.0,1637.0,1656.0,1604.0,23565.0,
010040,1601.0,41000000.0,1582.0,1611.0,1567.0,25655.0,
700022,32650.0,0.0,,,,,
085310,8790.0,89000000.0,8800.0,8890.0,8680.0,10161.0,
100220,5010.0,21000000.0,4995.0,5030.0,4950.0,4218.0,
210980,3490.0,432000000.0,3390.0,3620.0,3345.0,123572.0,
458750,12470.0,634000000.0,,,,,
007280,2250.0,5000000.0,2250.0,2300.0,2200.0,2346.0,
570100,21480.0,72000000.0,,,,,
453950,33035.0,192000000.0,,,,,
277640,37875.0,204000000.0,,,,,
002700,935.0,250000000.0,921.0,943.0,919.0,268754.0,
017370,3470.0,33000000.0,3450.0,3530.0,3350.0,9651.0,
261240,14115.0,870000000.0,,,,,
0222D0,10405.0,1737000000.0,,,,,
0123S0,10200.0,14000000.0,,,,,
520081,63150.0,1000000.0,,,,,
009200,1516.0,160000000.0,1504.0,1555.0,1488.0,105344.0,
140700,21015.0,1932000000.0,,,,,
520080,20935.0,0.0,,,,,
530067,31325.0,74000000.0,,,,,
418670,18400.0,2455000000.0,,,,,
005870,4420.0,175000000.0,4400.0,4485.0,4320.0,39524.0,
292770,58025.0,0.0,,,,,
419890,107435.0,344000000.0,,,,,
016090,1402.0,26000000.0,1400.0,1405.0,1391.0,19185.0,
580010,10325.0,0.0,,,,,
306950,77210.0,83000000.0,,,,,
0115E0,14150.0,263000000.0,,,,,
004450,28550.0,18000000.0,28500.0,28650.0,27950.0,666.0,
018500,1314.0,41000000.0,1344.0,1351.0,1314.0,31347.0,
520086,24500.0,20000000.0,,,,,
068290,6120.0,33000000.0,6200.0,6250.0,6110.0,5382.0,
495940,19420.0,97000000.0,,,,,
455660,9245.0,242000000.0,,,,,
252400,101485.0,166000000.0,,,,,
372910,2180.0,620000000.0,2095.0,2185.0,2065.0,289149.0,
453640,14030.0,289000000.0,,,,,
760018,10025.0,1000000.0,,,,,
002760,1001.0,66000000.0,996.0,1002.0,987.0,66629.0,
072130,4715.0,56000000.0,4810.0,4835.0,4715.0,11929.0,
440640,112870.0,128000000.0,,,,,
0181L0,7190.0,913000000.0,,,,,
275980,23850.0,68000000.0,,,,,
0040S0,23840.0,165000000.0,,,,,
500071,23830.0,0.0,,,,,
520100,11880.0,1381000000.0,,,,,
0166S0,11290.0,8263000000.0,,,,,
000220,3750.0,92000000.0,3695.0,3770.0,3695.0,24710.0,
491220,130840.0,1657000000.0,,,,,
610088,58520.0,327000000.0,,,,,
480310,22080.0,721000000.0,,,,,
0220WL,2470.0,487000000.0,2490.0,2520.0,2440.0,196795.0,
003925,30800.0,18000000.0,30900.0,30900.0,30500.0,592.0,
014990,3865.0,1101000000.0,4060.0,4100.0,3825.0,279699.0,
480370,1779.0,108000000.0,1761.0,1817.0,1757.0,60294.0,
476750,7090.0,1109000000.0,,,,,
0172V0,7905.0,3206000000.0,,,,,
006890,4935.0,52000000.0,4940.0,4975.0,4900.0,10617.0,
520087,28620.0,1500000000.0,,,,,
001465,26550.0,29000000.0,26550.0,26650.0,26150.0,1095.0,
111110,6300.0,42000000.0,6440.0,6440.0,6200.0,6708.0,
580068,57090.0,716000000.0,,,,,
37550K,27000.0,78000000.0,27200.0,27250.0,26800.0,2901.0,
225040,67905.0,327000000.0,,,,,
760016,57015.0,18000000.0,,,,,
003780,4385.0,340000000.0,4300.0,4470.0,4250.0,78294.0,
580082,22780.0,35000000.0,,,,,
396690,1435.0,153000000.0,1422.0,1440.0,1419.0,107690.0,
000725,53700.0,37000000.0,53600.0,54500.0,53200.0,695.0,
442560,16390.0,276000000.0,,,,,
530133,56515.0,843000000.0,,,,,
075180,2930.0,14000000.0,2965.0,2990.0,2930.0,4962.0,
500093,56245.0,109000000.0,,,,,
129260,1889.0,16000000.0,1870.0,1897.0,1858.0,8646.0,
007815,18900.0,30000000.0,18300.0,19590.0,18300.0,1636.0,
090080,1019.0,129000000.0,1006.0,1020.0,1000.0,128686.0,
304780,123815.0,36000000.0,,,,,
0226A0,11130.0,1285000000.0,,,,,
278240,7830.0,1401000000.0,,,,,
385590,24135.0,146000000.0,,,,,
020760,902.0,0.0,0.0,0.0,0.0,0.0,
434960,110880.0,1027000000.0,,,,,
700029,55405.0,0.0,,,,,
001550,10620.0,302000000.0,10470.0,10640.0,10380.0,28560.0,
479730,9320.0,114000000.0,,,,,
0000D0,8755.0,331000000.0,,,,,
455960,11925.0,81000000.0,,,,,
520057,1731.0,15508000000.0,,,,,
025530,3650.0,12000000.0,3655.0,3665.0,3625.0,3456.0,
28513K,25750.0,55000000.0,25300.0,25850.0,25200.0,2161.0,
0141S0,8560.0,451000000.0,,,,,
006980,17570.0,35000000.0,17500.0,18000.0,17200.0,2060.0,
150460,7380.0,19000000.0,,,,,
092440,1854.0,132000000.0,1860.0,1885.0,1831.0,71341.0,
580076,27015.0,0.0,,,,,
580034,107987.0,0.0,,,,,
520092,26965.0,1544000000.0,,,,,
401470,9365.0,28000000.0,,,,,
378850,2835.0,29000000.0,2845.0,2845.0,2810.0,10598.0,
003475,4200.0,29000000.0,4235.0,4240.0,4190.0,6977.0,
0041D0,14145.0,705000000.0,,,,,
520089,10750.0,0.0,,,,,
520101,10640.0,1501000000.0,,,,,
002410,1935.0,0.0,0.0,0.0,0.0,0.0,
002630,1793.0,108000000.0,1824.0,1824.0,1775.0,60610.0,
0046Y0,12350.0,131000000.0,,,,,
481430,96760.0,1133000000.0,,,,,
006125,42900.0,199000000.0,42800.0,43250.0,41850.0,4648.0,
0111J0,11995.0,475000000.0,,,,,
0238P0,10175.0,1995000000.0,,,,,
35320K,25150.0,179000000.0,25700.0,25950.0,25050.0,7097.0,
570104,17530.0,0.0,,,,,
530113,52545.0,2000000.0,,,,,
123700,3355.0,56000000.0,3460.0,3460.0,3330.0,16679.0,
101280,30320.0,97000000.0,,,,,
261070,11140.0,5458000000.0,,,,,
0118Z0,8680.0,50000000.0,,,,,
004830,3290.0,38000000.0,3250.0,3315.0,3225.0,11768.0,
012690,1410.0,76000000.0,1400.0,1428.0,1394.0,54455.0,
275300,30315.0,23000000.0,,,,,
530124,51435.0,2000000.0,,,,,
010770,3515.0,37000000.0,3500.0,3530.0,3480.0,10834.0,
005305,66300.0,45000000.0,65200.0,66300.0,65200.0,688.0,
003465,2940.0,2000000.0,3250.0,3250.0,2925.0,710.0,
0113P0,102635.0,85000000.0,,,,,
287180,56670.0,135000000.0,,,,,
011230,2660.0,250000000.0,2720.0,2730.0,2660.0,93172.0,
445150,27480.0,97000000.0,,,,,
0194T0,9155.0,602000000.0,,,,,
021050,1070.0,206000000.0,1069.0,1089.0,1049.0,192012.0,
006880,4285.0,62000000.0,4240.0,4305.0,4180.0,14699.0,
253150,202715.0,1121000000.0,,,,,
011390,47900.0,168000000.0,48700.0,48850.0,47500.0,3504.0,
0220B0,11495.0,2113000000.0,,,,,
0118S0,10960.0,363000000.0,,,,,
000950,29950.0,11000000.0,29300.0,30950.0,29050.0,381.0,
023810,5020.0,100000000.0,5170.0,5200.0,5000.0,19891.0,
440910,22300.0,319000000.0,,,,,
007460,2020.0,281000000.0,2010.0,2110.0,2005.0,136654.0,
261220,27470.0,2160000000.0,,,,,
0185L0,7085.0,352000000.0,,,,,
0139P0,13480.0,149000000.0,,,,,
520072,16600.0,0.0,,,,,
475260,10765.0,0.0,,,,,
360140,22540.0,643000000.0,,,,,
152500,45025.0,878000000.0,,,,,
002140,1985.0,351000000.0,1918.0,1992.0,1910.0,179171.0,
011300,2860.0,252000000.0,2860.0,2900.0,2800.0,88490.0,
218420,19900.0,410000000.0,,,,,
336160,99800.0,1000000.0,,,,,
473490,32470.0,146000000.0,,,,,
292560,7975.0,845000000.0,,,,,
001620,2185.0,16000000.0,2220.0,2265.0,2165.0,7504.0,
011000,2670.0,0.0,0.0,0.0,0.0,0.0,
316670,7065.0,3023000000.0,,,,,
461340,44040.0,75000000.0,,,,,
009320,980.0,36000000.0,998.0,1005.0,978.0,36745.0,
140950,86050.0,14000000.0,,,,,
580056,24090.0,333000000.0,,,,,
004410,1221.0,106000000.0,1212.0,1225.0,1203.0,87348.0,
114470,106975.0,8000000.0,,,,,
123310,1111.0,2170000000.0,,,,,
0178H0,10200.0,139000000.0,,,,,
442260,38485.0,41000000.0,,,,,
0000Z0,8110.0,548000000.0,,,,,
447430,16620.0,224000000.0,,,,,
004920,907.0,0.0,0.0,0.0,0.0,0.0,
520056,23615.0,75000000.0,,,,,
101140,4700.0,17000000.0,4895.0,4895.0,4685.0,3802.0,
002920,1815.0,44000000.0,1843.0,1856.0,1813.0,24255.0,
0020H0,22330.0,245000000.0,,,,,
305050,71860.0,135000000.0,,,,,
007110,603.0,0.0,0.0,0.0,0.0,0.0,
009835,18350.0,639000000.0,16950.0,18800.0,16950.0,35350.0,
092780,3545.0,318000000.0,3540.0,3640.0,3515.0,89316.0,
0086B0,9525.0,126000000.0,,,,,
520102,23305.0,41931000000.0,,,,,
357250,1857.0,50000000.0,1850.0,1870.0,1841.0,27117.0,
610101,46355.0,204000000.0,,,,,
069460,2660.0,0.0,0.0,0.0,0.0,0.0,
041650,2150.0,6000000.0,2185.0,2185.0,2140.0,2990.0,
000910,2950.0,70000000.0,2985.0,2985.0,2870.0,24132.0,
453650,18270.0,387000000.0,,,,,
442090,30425.0,8000000.0,,,,,
005320,1329.0,151000000.0,1271.0,1329.0,1252.0,115889.0,
084870,2215.0,18000000.0,2205.0,2215.0,2145.0,8526.0,
196030,90625.0,12000000.0,,,,,
610061,22640.0,37000000.0,,,,,
005030,486.0,0.0,0.0,0.0,0.0,0.0,
200030,39995.0,108000000.0,,,,,
473590,19580.0,1533000000.0,,,,,
004540,1207.0,17000000.0,1229.0,1230.0,1205.0,14059.0,
375770,24910.0,2000000.0,,,,,
530143,44820.0,729000000.0,,,,,
074610,5110.0,0.0,0.0,0.0,0.0,0.0,
003080,2235.0,8000000.0,2210.0,2235.0,2210.0,3870.0,
371470,8470.0,376000000.0,,,,,
580081,44530.0,186000000.0,,,,,
276990,25155.0,76000000.0,,,,,
004910,3440.0,18000000.0,3505.0,3510.0,3440.0,5241.0,
520078,14675.0,0.0,,,,,
700027,43920.0,300000000.0,,,,,
0141T0,50165.0,0.0,,,,,
440650,11455.0,552000000.0,,,,,
476260,14025.0,3399000000.0,,,,,
004060,2145.0,67000000.0,2115.0,2170.0,2110.0,31718.0,
570119,43410.0,0.0,,,,,
238720,47980.0,178000000.0,,,,,
014910,1974.0,363000000.0,1954.0,2000.0,1942.0,183927.0,
0186S0,8460.0,2786000000.0,,,,,
487130,29740.0,378000000.0,,,,,
0089C0,11315.0,5000000.0,,,,,
256750,13995.0,99000000.0,,,,,
008420,2085.0,35000000.0,2085.0,2095.0,2060.0,17028.0,
491830,23025.0,1757000000.0,,,,,
550041,60790.0,0.0,,,,,
481850,978.0,5000000.0,989.0,989.0,972.0,5431.0,
026940,2120.0,219000000.0,2080.0,2135.0,2040.0,104234.0,
0132H0,7115.0,1169000000.0,,,,,
0207G0,7295.0,2548000000.0,,,,,
000215,25050.0,78000000.0,25000.0,25450.0,24950.0,3133.0,
023350,3845.0,56000000.0,4010.0,4010.0,3830.0,14747.0,
017180,1235.0,80000000.0,1225.0,1260.0,1210.0,64486.0,
0191M0,100835.0,0.0,,,,,
520073,41670.0,5000000.0,,,,,
472830,7505.0,288000000.0,,,,,
0194M0,11495.0,1091000000.0,,,,,
019490,541.0,0.0,0.0,0.0,0.0,0.0,
401170,10585.0,326000000.0,,,,,
0112X0,41265.0,393000000.0,,,,,
100910,17185.0,38000000.0,,,,,
520074,13740.0,0.0,,,,,
446070,3870.0,120000000.0,3880.0,3895.0,3830.0,31226.0,
520091,10245.0,5000000.0,,,,,
472840,109005.0,91000000.0,,,,,
448570,30185.0,2000000.0,,,,,
520099,3130.0,11693000000.0,,,,,
183700,96880.0,233000000.0,,,,,
011330,4055.0,225000000.0,4200.0,4200.0,4030.0,54839.0,
017040,932.0,0.0,0.0,0.0,0.0,0.0,
322410,23000.0,60000000.0,,,,,
0197W0,8965.0,1115000000.0,,,,,
009190,890.0,869000000.0,963.0,965.0,861.0,966019.0,
008870,39900.0,1000000.0,40500.0,40500.0,39400.0,36.0,
011420,1444.0,27000000.0,1431.0,1455.0,1431.0,19307.0,
047400,945.0,87000000.0,981.0,981.0,938.0,91735.0,
500095,6565.0,0.0,,,,,
494840,11740.0,220000000.0,,,,,
0189B0,7635.0,900000000.0,,,,,
139280,12210.0,131000000.0,,,,,
009810,1917.0,3000000.0,1922.0,1948.0,1902.0,1945.0,
139320,17320.0,242000000.0,,,,,
570117,1771.0,1181000000.0,,,,,
610038,3895.0,56000000.0,,,,,
610078,32455.0,715000000.0,,,,,
275280,43255.0,61000000.0,,,,,
023960,1023.0,14000000.0,1006.0,1024.0,977.0,14137.0,
520082,12960.0,0.0,,,,,
469050,33685.0,559000000.0,,,,,
428510,22650.0,187000000.0,,,,,
002870,1097.0,233000000.0,1190.0,1190.0,1056.0,214498.0,
051630,1807.0,1133000000.0,1614.0,1888.0,1572.0,638044.0,
145270,794.0,4000000.0,797.0,797.0,786.0,5808.0,
570118,9500.0,39000000.0,,,,,
570103,3765.0,61000000.0,,,,,
0007G0,12275.0,82000000.0,,,,,
760024,8310.0,28000000.0,,,,,
134790,18610.0,6000000.0,19110.0,19110.0,18600.0,321.0,
570102,18605.0,233000000.0,,,,,
352540,10940.0,60000000.0,,,,,
500094,1755.0,1408000000.0,,,,,
195930,22960.0,432000000.0,,,,,
0192L0,9295.0,248000000.0,,,,,
147970,79805.0,116000000.0,,,,,
027740,1156.0,54000000.0,1185.0,1186.0,1142.0,47583.0,
449690,48707.0,1000000.0,,,,,
365000,3595.0,507000000.0,,,,,
049800,1815.0,136000000.0,1832.0,1971.0,1799.0,72699.0,
0234N0,10355.0,2187000000.0,,,,,
450910,13830.0,159000000.0,,,,,
133820,974.0,48000000.0,1022.0,1022.0,973.0,49660.0,
276650,48195.0,43000000.0,,,,,
475270,10735.0,10000000.0,,,,,
000890,1303.0,131000000.0,1291.0,1308.0,1290.0,101366.0,
570029,7195.0,0.0,,,,,
494410,14355.0,1352000000.0,,,,,
400970,7165.0,90000000.0,,,,,
010640,2145.0,171000000.0,2080.0,2175.0,2025.0,81124.0,
104530,17385.0,238000000.0,,,,,
760005,35615.0,2000000.0,,,,,
520079,35365.0,0.0,,,,,
0023B0,16425.0,427000000.0,,,,,
0100K0,5855.0,3020000000.0,,,,,
407830,14625.0,12000000.0,,,,,
0085N0,9480.0,530000000.0,,,,,
570082,1752.0,15000000.0,,,,,
510045,23305.0,0.0,,,,,
276970,7425.0,264000000.0,,,,,
241390,15855.0,85000000.0,,,,,
012280,3520.0,250000000.0,3765.0,3980.0,3520.0,68070.0,
464470,45475.0,649000000.0,,,,,
266360,9380.0,74000000.0,,,,,
580077,11465.0,64000000.0,,,,,
0184E0,11090.0,1182000000.0,,,,,
009140,21800.0,44000000.0,22200.0,22200.0,21200.0,2050.0,
385520,15860.0,129000000.0,,,,,
117460,14325.0,1156000000.0,,,,,
261250,15540.0,1149000000.0,,,,,
0154F0,12370.0,105000000.0,,,,,
474800,15460.0,792000000.0,,,,,
500085,34010.0,1000000.0,,,,,
530117,33955.0,56000000.0,,,,,
491090,18350.0,238000000.0,,,,,
004365,9200.0,60000000.0,9130.0,9270.0,9120.0,6620.0,
0083S0,12100.0,689000000.0,,,,,
380340,28195.0,193000000.0,,,,,
009460,2735.0,44000000.0,2640.0,2755.0,2640.0,16618.0,
008250,3075.0,59000000.0,3050.0,3130.0,3035.0,19326.0,
452250,4345.0,433000000.0,,,,,
449780,18695.0,187000000.0,,,,,
0204S0,7595.0,1122000000.0,,,,,
143210,1199.0,0.0,0.0,0.0,0.0,0.0,
013000,1169.0,50000000.0,1188.0,1188.0,1164.0,43465.0,
000760,11980.0,10000000.0,12790.0,12790.0,11790.0,851.0,
610007,6675.0,0.0,,,,,
498860,16645.0,190000000.0,,,,,
138910,10050.0,135000000.0,,,,,
459560,22110.0,58000000.0,,,,,
005820,14430.0,15000000.0,14520.0,14880.0,14370.0,1038.0,
610089,1945.0,3792000000.0,,,,,
580069,1785.0,506000000.0,,,,,
500040,33015.0,2000000.0,,,,,
099140,20610.0,1934000000.0,,,,,
105780,16410.0,36000000.0,,,,,
0138T0,9330.0,159000000.0,,,,,
475070,29660.0,122000000.0,,,,,
002360,2935.0,3245000000.0,2700.0,3385.0,2620.0,1071420.0,
0089B0,11235.0,141000000.0,,,,,
002880,3465.0,30000000.0,3540.0,3540.0,3265.0,8691.0,
090370,1186.0,39000000.0,1205.0,1205.0,1156.0,33198.0,
012160,2070.0,42000000.0,2080.0,2130.0,2030.0,20720.0,
570127,32310.0,99000000.0,,,,,
122260,104200.0,893000000.0,,,,,
530118,10755.0,100000000.0,,,,,
520077,12850.0,1000000.0,,,,,
006370,2965.0,124000000.0,2955.0,2995.0,2905.0,42027.0,
010400,4200.0,19000000.0,4175.0,4250.0,4105.0,4590.0,
322400,9685.0,10000000.0,,,,,
520075,31790.0,0.0,,,,,
261140,24810.0,388000000.0,,,,,
465350,15830.0,684000000.0,,,,,
139270,17190.0,188000000.0,,,,,
217770,1082.0,917000000.0,,,,,
156080,52490.0,70000000.0,,,,,
275290,34980.0,297000000.0,,,,,
520096,12545.0,15593000000.0,,,,,
500102,15670.0,79000000.0,,,,,
088790,2515.0,157000000.0,2440.0,2525.0,2420.0,63180.0,
520065,15635.0,4000000.0,,,,,
446690,62420.0,278000000.0,,,,,
252710,79.0,9631000000.0,,,,,
494340,20735.0,278000000.0,,,,,
395290,4895.0,190000000.0,,,,,
0218J0,9125.0,665000000.0,,,,,
014130,2625.0,21000000.0,2600.0,2630.0,2565.0,8375.0,
0150K0,11060.0,247000000.0,,,,,
003535,6450.0,45000000.0,6600.0,6630.0,6350.0,7099.0,
001070,5840.0,13000000.0,5860.0,5880.0,5830.0,2388.0,
395170,15460.0,25000000.0,,,,,
459750,17665.0,270000000.0,,,,,
352560,11600.0,71000000.0,,,,,
024070,1998.0,7000000.0,1994.0,2025.0,1935.0,3742.0,
025750,1900.0,24000000.0,1900.0,1906.0,1885.0,12795.0,
530148,30575.0,176000000.0,,,,,
465660,24425.0,526000000.0,,,,,
426150,50700.0,2000000.0,,,,,
153270,84405.0,87000000.0,,,,,
570072,30375.0,47000000.0,,,,,
227540,18275.0,265000000.0,,,,,
469790,43315.0,25000000.0,,,,,
002690,1490.0,20000000.0,1402.0,1490.0,1390.0,14643.0,
174360,21595.0,69000000.0,,,,,
476690,10075.0,28000000.0,,,,,
248270,26020.0,92000000.0,,,,,
387270,26010.0,42000000.0,,,,,
036420,1562.0,17000000.0,1560.0,1568.0,1530.0,11039.0,
0166N0,8570.0,514000000.0,,,,,
0192T0,6975.0,5180000000.0,,,,,
459790,20670.0,1000000.0,,,,,
117680,12220.0,277000000.0,,,,,
069640,1377.0,21000000.0,1390.0,1420.0,1290.0,15801.0,
245350,18620.0,72000000.0,,,,,
261060,26125.0,413000000.0,,,,,
0155N0,7595.0,93000000.0,,,,,
192720,58055.0,139000000.0,,,,,
570069,29585.0,66000000.0,,,,,
145850,117995.0,0.0,,,,,
464920,24480.0,337000000.0,,,,,
500023,14635.0,0.0,,,,,
006570,1922.0,10000000.0,1894.0,1922.0,1890.0,5446.0,
468630,10400.0,387000000.0,,,,,
450190,48690.0,1000000.0,,,,,
025890,2620.0,36000000.0,2655.0,2655.0,2565.0,14225.0,
520090,7290.0,271000000.0,,,,,
256440,4780.0,309000000.0,,,,,
308170,3380.0,9000000.0,3400.0,3470.0,3365.0,2810.0,
253250,100005.0,320000000.0,,,,,
415920,6165.0,654000000.0,,,,,
500035,14425.0,0.0,,,,,
003680,4645.0,177000000.0,4550.0,4660.0,4450.0,38555.0,
0192M0,11645.0,405000000.0,,,,,
496770,15975.0,215000000.0,,,,,
006740,4800.0,18000000.0,4855.0,4855.0,4750.0,3944.0,
489290,14825.0,29000000.0,,,,,
118000,1275.0,22000000.0,1274.0,1301.0,1263.0,17595.0,
007120,1028.0,40000000.0,1039.0,1039.0,1010.0,40208.0,
700013,28070.0,0.0,,,,,
0223R0,9645.0,388000000.0,,,,,
0155M0,6205.0,274000000.0,,,,,
223190,27890.0,58000000.0,,,,,
019175,14000.0,23000000.0,14000.0,14180.0,13320.0,1709.0,
476070,10500.0,293000000.0,,,,,
0013R0,7695.0,145000000.0,,,,,
289480,13190.0,293000000.0,,,,,
071950,1915.0,200000000.0,1830.0,1929.0,1760.0,108076.0,
0107F0,10990.0,66000000.0,,,,,
271060,8885.0,387000000.0,,,,,
415340,13260.0,572000000.0,,,,,
520083,27375.0,0.0,,,,,
610075,45405.0,130000000.0,,,,,
520093,2265.0,151000000.0,,,,,
357430,890.0,11000000.0,887.0,900.0,873.0,12863.0,
0224X0,9660.0,587000000.0,,,,,
580049,13500.0,0.0,,,,,
0049K0,10995.0,69000000.0,,,,,
570047,26700.0,0.0,,,,,
0137W0,10225.0,86000000.0,,,,,
760004,9840.0,0.0,,,,,
033250,4145.0,85000000.0,4150.0,4290.0,4120.0,20518.0,
005110,1254.0,0.0,0.0,0.0,0.0,0.0,
437350,11900.0,82000000.0,,,,,
277540,32655.0,218000000.0,,,,,
0203S0,8545.0,152000000.0,,,,,
610028,26060.0,102000000.0,,,,,
550069,25990.0,0.0,,,,,
167860,89525.0,1000000.0,,,,,
440340,11520.0,132000000.0,,,,,
139250,18245.0,1055000000.0,,,,,
006345,9870.0,122000000.0,9990.0,10040.0,9850.0,12301.0,
475380,9750.0,112000000.0,,,,,
0047R0,15595.0,79000000.0,,,,,
530063,25705.0,75000000.0,,,,,
493420,12225.0,83000000.0,,,,,
002355,3940.0,0.0,3965.0,3965.0,3925.0,95.0,
004270,5600.0,42000000.0,5700.0,5740.0,5500.0,7550.0,
483570,15960.0,24000000.0,,,,,
003060,1568.0,583000000.0,1639.0,1725.0,1534.0,359310.0,
481340,8080.0,1292000000.0,,,,,
006490,1426.0,126000000.0,1399.0,1500.0,1351.0,88897.0,
0152E0,10765.0,103000000.0,,,,,
33637K,1496.0,15000000.0,1495.0,1509.0,1460.0,10532.0,
580048,12550.0,0.0,,,,,
023150,4045.0,14000000.0,4190.0,4190.0,4005.0,3633.0,
0115C0,10670.0,67000000.0,,,,,
496120,33420.0,7000000.0,,,,,
245360,11930.0,208000000.0,,,,,
0209Z0,7130.0,574000000.0,,,,,
610069,16610.0,519000000.0,,,,,
292500,49635.0,0.0,,,,,
001380,1103.0,101000000.0,1137.0,1149.0,1101.0,90167.0,
510044,16495.0,0.0,,,,,
760026,16460.0,1812000000.0,,,,,
0164G0,11745.0,149000000.0,,,,,
003495,22150.0,49000000.0,22250.0,22250.0,21900.0,2251.0,
0097L0,12575.0,84000000.0,,,,,
570124,12250.0,0.0,,,,,
580057,12242.0,0.0,,,,,
610022,8150.0,0.0,,,,,
295020,61615.0,1000000.0,,,,,
700017,24390.0,0.0,,,,,
368190,7620.0,12000000.0,,,,,
159800,86850.0,12000000.0,,,,,
292160,48610.0,190000000.0,,,,,
520047,24255.0,7000000.0,,,,,
0238C0,10105.0,14000000.0,,,,,
530106,24230.0,151000000.0,,,,,
414270,11500.0,32000000.0,,,,,
367740,43750.0,33000000.0,,,,,
570081,24055.0,0.0,,,,,
610001,11985.0,0.0,,,,,
479850,17750.0,377000000.0,,,,,
0093D0,18405.0,89000000.0,,,,,
530128,23900.0,13000000.0,,,,,
185680,44535.0,668000000.0,,,,,
364690,39305.0,7000000.0,,,,,
195970,16115.0,168000000.0,,,,,
442550,14675.0,127000000.0,,,,,
0198D0,9505.0,540000000.0,,,,,
0177A0,9335.0,568000000.0,,,,,
009310,5330.0,0.0,0.0,0.0,0.0,0.0,
0103T0,8185.0,247000000.0,,,,,
570115,23215.0,0.0,,,,,
138230,15985.0,57000000.0,,,,,
388280,7060.0,13000000.0,,,,,
0206G0,7795.0,1905000000.0,,,,,
33626L,7690.0,7000000.0,7850.0,8150.0,7675.0,953.0,
580070,22905.0,56000000.0,,,,,
001420,3005.0,100000000.0,2950.0,3045.0,2810.0,34581.0,
0047P0,14665.0,69000000.0,,,,,
030720,4880.0,208000000.0,5040.0,5040.0,4815.0,42302.0,
530138,22700.0,104000000.0,,,,,
300950,5370.0,112000000.0,,,,,
005360,1190.0,374000000.0,1187.0,1230.0,1173.0,314890.0,
0239Z0,11195.0,2664000000.0,,,,,
280930,15930.0,90000000.0,,,,,
0127R0,16465.0,131000000.0,,,,,
419430,7935.0,34000000.0,,,,,
500100,11075.0,3000000.0,,,,,
376410,24590.0,6000000.0,,,,,
375760,24580.0,5000000.0,,,,,
225130,44035.0,245000000.0,,,,,
760028,2750.0,7225000000.0,,,,,
239660,121690.0,152000000.0,,,,,
411540,16800.0,448000000.0,,,,,
108590,109170.0,3000000.0,,,,,
0186L0,9485.0,102000000.0,,,,,
580072,10895.0,0.0,,,,,
004870,962.0,64000000.0,962.0,1020.0,954.0,65861.0,
261120,5435.0,3000000.0,,,,,
550087,10785.0,0.0,,,,,
461450,15390.0,89000000.0,,,,,
447660,13890.0,223000000.0,,,,,
610047,10760.0,0.0,,,,,
0026E0,11625.0,1000000.0,,,,,
012170,2945.0,36000000.0,3050.0,3050.0,2820.0,12621.0,
433220,28920.0,20000000.0,,,,,
269420,20725.0,106000000.0,,,,,
530116,4265.0,348000000.0,,,,,
461600,8015.0,150000000.0,,,,,
610103,21215.0,0.0,,,,,
760012,30210.0,0.0,,,,,
464600,23295.0,165000000.0,,,,,
300640,6445.0,29000000.0,,,,,
008775,27850.0,9000000.0,28050.0,28050.0,27700.0,345.0,
337120,34880.0,0.0,,,,,
204450,2175.0,93000000.0,,,,,
700012,20875.0,0.0,,,,,
0192S0,9485.0,1383000000.0,,,,,
570122,10420.0,0.0,,,,,
550088,20830.0,0.0,,,,,
550085,10385.0,0.0,,,,,
469160,24410.0,1238000000.0,,,,,
226980,23050.0,40000000.0,,,,,
580067,10370.0,0.0,,,,,
530119,20700.0,22000000.0,,,,,
500091,10350.0,0.0,,,,,
610087,20675.0,1000000.0,,,,,
371450,13600.0,210000000.0,,,,,
530130,6890.0,193000000.0,,,,,
471460,44920.0,37000000.0,,,,,
0231Z0,10320.0,2142000000.0,,,,,
253290,11455.0,73000000.0,,,,,
760008,10305.0,0.0,,,,,
0190M0,8580.0,92000000.0,,,,,
0239Y0,10255.0,2760000000.0,,,,,
477730,6945.0,29000000.0,,,,,
364990,4500.0,152000000.0,,,,,
091220,17340.0,401000000.0,,,,,
580073,20395.0,0.0,,,,,
289040,33930.0,1000000.0,,,,,
152380,64015.0,54000000.0,,,,,
417630,19290.0,7000000.0,,,,,
000040,1028.0,26000000.0,1030.0,1040.0,1011.0,25325.0,
520104,10110.0,10000000.0,,,,,
289250,35455.0,0.0,,,,,
489000,9165.0,1971000000.0,,,,,
0241R0,10040.0,4656000000.0,,,,,
304770,14115.0,133000000.0,,,,,
404120,25050.0,15000000.0,,,,,
001685,14620.0,15000000.0,14490.0,14650.0,14480.0,1094.0,
00499K,24850.0,2000000.0,24850.0,24900.0,24750.0,96.0,
520106,9995.0,0.0,,,,,
610018,9975.0,0.0,,,,,
015020,928.0,0.0,0.0,0.0,0.0,0.0,
463300,12415.0,15000000.0,,,,,
520103,9930.0,1000000.0,,,,,
437070,57245.0,40000000.0,,,,,
530132,19790.0,1000000.0,,,,,
0153X0,10695.0,215000000.0,,,,,
284980,22985.0,45000000.0,,,,,
465670,15800.0,1194000000.0,,,,,
0067V0,8960.0,68000000.0,,,,,
456680,4825.0,148000000.0,,,,,
379790,17055.0,203000000.0,,,,,
520105,9795.0,1000000.0,,,,,
610036,19560.0,19000000.0,,,,,
438320,4525.0,268000000.0,,,,,
760021,27665.0,0.0,,,,,
530112,19280.0,7000000.0,,,,,
169950,24020.0,16000000.0,,,,,
404260,23995.0,11000000.0,,,,,
610040,19155.0,0.0,,,,,
304760,47805.0,3000000.0,,,,,
461910,38170.0,26000000.0,,,,,
760022,9540.0,0.0,,,,,
416090,11910.0,152000000.0,,,,,
108675,18440.0,72000000.0,18020.0,18570.0,18010.0,3977.0,
011090,1601.0,104000000.0,1683.0,1683.0,1567.0,64521.0,
487950,13090.0,55000000.0,,,,,
228820,18930.0,36000000.0,,,,,
580071,9460.0,113000000.0,,,,,
580074,9455.0,0.0,,,,,
497780,9935.0,486000000.0,,,,,
0104P0,11035.0,130000000.0,,,,,
183710,93705.0,40000000.0,,,,,
229720,37480.0,58000000.0,,,,,
570125,18595.0,1000000.0,,,,,
445910,20655.0,176000000.0,,,,,
580089,18480.0,112000000.0,,,,,
610104,18455.0,201000000.0,,,,,
381560,17575.0,27000000.0,,,,,
0144M0,6690.0,91000000.0,,,,,
461900,22955.0,28000000.0,,,,,
213630,19940.0,269000000.0,,,,,
276000,20375.0,222000000.0,,,,,
445690,30535.0,4000000.0,,,,,
0223A0,11415.0,3062000000.0,,,,,
093240,296.0,0.0,0.0,0.0,0.0,0.0,
0018Z0,18140.0,90000000.0,,,,,
407310,16450.0,63000000.0,,,,,
465770,2490.0,453000000.0,2545.0,2590.0,2405.0,181333.0,
610003,8965.0,0.0,,,,,
227830,71675.0,4000000.0,,,,,
006200,1910.0,21000000.0,1911.0,1922.0,1810.0,11343.0,
449580,16170.0,43000000.0,,,,,
195920,35425.0,114000000.0,,,,,
385600,11745.0,33000000.0,,,,,
008600,2620.0,0.0,0.0,0.0,0.0,0.0,
009440,756.0,0.0,0.0,0.0,0.0,0.0,
500072,1752.0,67000000.0,,,,,
225060,16525.0,3000000.0,,,,,
610085,29175.0,299000000.0,,,,,
0065G0,8140.0,33000000.0,,,,,
292050,49920.0,3000000.0,,,,,
289260,29105.0,8000000.0,,,,,
570071,17460.0,0.0,,,,,
391670,29065.0,2000000.0,,,,,
002070,3620.0,128000000.0,3850.0,3850.0,3610.0,35016.0,
530123,17360.0,0.0,,,,,
610025,17325.0,0.0,,,,,
580066,8660.0,0.0,,,,,
550097,17270.0,32000000.0,,,,,
0086C0,9825.0,61000000.0,,,,,
530140,17170.0,16000000.0,,,,,
0105D0,9035.0,374000000.0,,,,,
0203R0,50400.0,0.0,,,,,
580075,17130.0,0.0,,,,,
468370,10235.0,133000000.0,,,,,
0198B0,11865.0,1591000000.0,,,,,
460660,11230.0,96000000.0,,,,,
130680,8020.0,348000000.0,,,,,
457690,10390.0,32000000.0,,,,,
483330,15300.0,159000000.0,,,,,
415760,12305.0,446000000.0,,,,,
477490,18515.0,2000000.0,,,,,
494420,8680.0,77000000.0,,,,,
250730,9640.0,30000000.0,,,,,
474920,17400.0,4000000.0,,,,,
570121,8175.0,0.0,,,,,
0233N0,10875.0,472000000.0,,,,,
18064K,30750.0,58000000.0,30050.0,31350.0,30050.0,1899.0,
700034,10795.0,212000000.0,,,,,
580090,16175.0,210000000.0,,,,,
451600,83340.0,47000000.0,,,,,
419650,4895.0,70000000.0,,,,,
530120,16035.0,5000000.0,,,,,
131890,39820.0,5000000.0,,,,,
0193L0,8270.0,19612000000.0,,,,,
219390,7910.0,229000000.0,,,,,
265690,8535.0,0.0,,,,,
332620,84310.0,294000000.0,,,,,
432840,19590.0,121000000.0,,,,,
580086,15580.0,91000000.0,,,,,
005257,18410.0,1000000.0,18690.0,18690.0,18000.0,70.0,
610081,31070.0,0.0,,,,,
484890,52650.0,239000000.0,,,,,
005725,4260.0,0.0,4345.0,4345.0,4260.0,88.0,
610039,15310.0,0.0,,,,,
0207Z0,7120.0,60000000.0,,,,,
491510,17950.0,0.0,,,,,
530095,15225.0,0.0,,,,,
413930,27665.0,3000000.0,,,,,
002025,13090.0,13000000.0,13070.0,13100.0,12980.0,1065.0,
760017,21625.0,0.0,,,,,
0106J0,20155.0,1000000.0,20280.0,20280.0,20155.0,76.0,
488290,43165.0,1649000000.0,,,,,
337150,25115.0,4000000.0,,,,,
0222F0,13010.0,8000000.0,,,,,
114460,99710.0,46000000.0,,,,,
570126,14930.0,0.0,,,,,
520076,5970.0,119000000.0,,,,,
580050,14865.0,0.0,,,,,
453010,110085.0,1155000000.0,,,,,
002820,1221.0,148000000.0,1360.0,1360.0,1200.0,117302.0,
387280,11595.0,33000000.0,,,,,
104520,14705.0,9000000.0,,,,,
570099,14680.0,0.0,,,,,
0051A0,24320.0,541000000.0,,,,,
244620,20835.0,20000000.0,,,,,
0193K0,12665.0,172000000.0,,,,,
236350,23450.0,41000000.0,,,,,
0084E0,10010.0,5000000.0,,,,,
404650,24000.0,6000000.0,,,,,
024890,1728.0,64000000.0,1708.0,1750.0,1708.0,37642.0,
234310,28475.0,0.0,,,,,
570105,4720.0,10000000.0,,,,,
438900,10890.0,215000000.0,,,,,
453630,11790.0,45000000.0,,,,,
530129,14145.0,7000000.0,,,,,
610024,14130.0,0.0,,,,,
000087,12310.0,25000000.0,12250.0,12490.0,12210.0,2104.0,
496130,25720.0,0.0,,,,,
0090B0,7100.0,349000000.0,,,,,
0088N0,11075.0,20000000.0,,,,,
485810,11980.0,415000000.0,,,,,
610062,68880.0,14000000.0,,,,,
0153P0,9495.0,92000000.0,,,,,
373490,24970.0,81000000.0,,,,,
001795,2105.0,7000000.0,2105.0,2120.0,2100.0,3771.0,
487750,33800.0,17000000.0,,,,,
760015,6720.0,220000000.0,,,,,
500024,6710.0,0.0,,,,,
0127V0,10735.0,33000000.0,,,,,
472720,25700.0,20000000.0,,,,,
417450,15710.0,12000000.0,,,,,
137610,5805.0,52000000.0,,,,,
102960,13340.0,153000000.0,,,,,
004105,4040.0,368000000.0,3950.0,4045.0,3815.0,93351.0,
500097,13195.0,0.0,,,,,
610072,26295.0,0.0,,,,,
0013P0,11950.0,147000000.0,,,,,
45226K,4500.0,5000000.0,4500.0,4510.0,4500.0,1320.0,
0127T0,10875.0,39000000.0,,,,,
580032,26090.0,1000000.0,,,,,
610086,65225.0,0.0,,,,,
453820,9990.0,46000000.0,,,,,
0004G0,8640.0,106000000.0,,,,,
580080,12930.0,2000000.0,,,,,
530137,12880.0,50000000.0,,,,,
610035,12855.0,20000000.0,,,,,
084695,14070.0,112000000.0,13110.0,14070.0,13110.0,8154.0,
00806K,10600.0,57000000.0,10560.0,10660.0,10560.0,5434.0,
580083,25655.0,0.0,,,,,
0028X0,11150.0,23000000.0,,,,,
570123,6410.0,1000000.0,,,,,
300610,5450.0,46000000.0,,,,,
279540,21335.0,31000000.0,,,,,
363510,112290.0,13000000.0,,,,,
610080,12740.0,0.0,,,,,
409810,5395.0,516000000.0,,,,,
140710,6670.0,46000000.0,,,,,
290080,7445.0,65000000.0,,,,,
760023,12650.0,19000000.0,,,,,
530092,2530.0,108000000.0,,,,,
360150,3085.0,146000000.0,,,,,
520088,6305.0,0.0,,,,,
0208N0,7640.0,105000000.0,,,,,
580051,8375.0,13000000.0,,,,,
410870,8955.0,44000000.0,,,,,
0015F0,10445.0,46000000.0,,,,,
610030,12530.0,0.0,,,,,
489860,14715.0,40000000.0,,,,,
570096,12475.0,0.0,,,,,
166400,24860.0,17000000.0,,,,,
610070,24850.0,0.0,,,,,
570074,12390.0,0.0,,,,,
0220A0,8820.0,177000000.0,,,,,
0104G0,5345.0,309000000.0,,,,,
145995,33200.0,0.0,33350.0,33350.0,33100.0,20.0,
453060,111665.0,0.0,,,,,
015260,260.0,92000000.0,264.0,267.0,257.0,352305.0,
580052,24475.0,24000000.0,,,,,
435550,17465.0,92000000.0,,,,,
610071,12145.0,0.0,,,,,
251590,17350.0,33000000.0,,,,,
580043,24215.0,105000000.0,,,,,
0194R0,8915.0,429000000.0,,,,,
140580,24045.0,2000000.0,,,,,
610020,12005.0,0.0,,,,,
404540,23990.0,369000000.0,,,,,
457700,9060.0,6000000.0,,,,,
396510,6640.0,24000000.0,,,,,
400570,11800.0,49000000.0,,,,,
610093,23770.0,0.0,,,,,
332610,123460.0,37000000.0,,,,,
530121,11845.0,0.0,,,,,
395760,21535.0,0.0,,,,,
282000,115720.0,0.0,,,,,
0203D0,9005.0,171000000.0,,,,,
580088,23295.0,228000000.0,,,,,
520046,11555.0,6000000.0,,,,,
266410,9580.0,37000000.0,,,,,
610079,57320.0,8000000.0,,,,,
530127,11455.0,0.0,,,,,
610049,11430.0,0.0,,,,,
428560,15225.0,43000000.0,,,,,
610045,11405.0,0.0,,,,,
435040,18950.0,12000000.0,,,,,
00781K,14490.0,18000000.0,14340.0,14520.0,14340.0,1275.0,
453660,16165.0,55000000.0,,,,,
269370,16040.0,13000000.0,,,,,
269530,18685.0,32000000.0,,,,,
0000H0,9730.0,9000000.0,,,,,
580047,11180.0,0.0,,,,,
530139,11165.0,1000000.0,,,,,
610060,22325.0,0.0,,,,,
430500,111500.0,8000000.0,,,,,
252650,18500.0,17000000.0,,,,,
520064,5540.0,0.0,,,,,
500086,11055.0,0.0,,,,,
354240,10040.0,45000000.0,,,,,
610096,11030.0,308000000.0,,,,,
407820,6120.0,43000000.0,,,,,
580065,10990.0,43000000.0,,,,,
700032,10970.0,51000000.0,,,,,
448490,52165.0,32000000.0,,,,,
38380K,7460.0,4000000.0,7500.0,7500.0,7400.0,546.0,
446700,10505.0,16000000.0,,,,,
0093B0,12770.0,4000000.0,,,,,
610055,21650.0,0.0,,,,,
0002C0,9975.0,2000000.0,,,,,
580064,21535.0,0.0,,,,,
0120X0,10095.0,0.0,10095.0,10095.0,10095.0,0.0,
610076,53475.0,0.0,,,,,
610051,10665.0,0.0,,,,,
0227L0,10620.0,681000000.0,,,,,
610058,21225.0,0.0,,,,,
0191S0,14310.0,17000000.0,,,,,
610074,10550.0,212000000.0,,,,,
760032,10545.0,17000000.0,,,,,
451150,16990.0,0.0,,,,,
272570,107165.0,0.0,,,,,
001067,50000.0,4000000.0,50000.0,50000.0,50000.0,80.0,
0068M0,11640.0,53000000.0,,,,,
580054,20935.0,4000000.0,,,,,
419420,8720.0,33000000.0,,,,,
0189Z0,10445.0,28000000.0,,,,,
280920,23175.0,81000000.0,,,,,
0216Z0,8685.0,263000000.0,,,,,
610102,10410.0,0.0,,,,,
464610,6715.0,167000000.0,,,,,
0224D0,10920.0,508000000.0,,,,,
0113G0,11495.0,65000000.0,,,,,
140570,25845.0,140000000.0,,,,,
610056,20665.0,0.0,,,,,
610057,20605.0,0.0,,,,,
310080,8945.0,3000000.0,,,,,
385710,10265.0,23000000.0,,,,,
0219B0,12055.0,1748000000.0,,,,,
570085,10225.0,0.0,,,,,
438740,34040.0,2000000.0,,,,,
291130,17010.0,2000000.0,,,,,
610106,10170.0,0.0,,,,,
700036,2030.0,1503000000.0,,,,,
237440,10135.0,101000000.0,,,,,
371870,6310.0,10000000.0,,,,,
580059,10080.0,0.0,,,,,
610092,10080.0,3000000.0,,,,,
460270,12435.0,64000000.0,,,,,
610111,10065.0,0.0,,,,,
550100,10065.0,0.0,,,,,
004255,1903.0,7000000.0,1920.0,1920.0,1860.0,4192.0,
463640,12525.0,25000000.0,,,,,
700011,10005.0,0.0,,,,,
610098,9995.0,0.0,,,,,
003075,13460.0,1000000.0,13500.0,13500.0,13250.0,76.0,
482030,9430.0,83000000.0,,,,,
530064,660.0,63000000.0,,,,,
610112,19735.0,0.0,,,,,
281990,17835.0,6000000.0,,,,,
610105,9750.0,0.0,,,,,
463690,17695.0,45000000.0,,,,,
610077,9710.0,22000000.0,,,,,
760027,4850.0,186000000.0,,,,,
610082,9695.0,0.0,,,,,
610068,9695.0,157000000.0,,,,,
0120J0,7745.0,190000000.0,,,,,
0001P0,8630.0,5000000.0,,,,,
610034,9635.0,1000000.0,,,,,
550099,9630.0,26000000.0,,,,,
181480,80040.0,2000000.0,,,,,
0094L0,6860.0,39000000.0,,,,,
700014,9545.0,2000000.0,,,,,
230480,4745.0,2000000.0,,,,,
487910,7935.0,32000000.0,,,,,
139240,10815.0,237000000.0,,,,,
429010,18975.0,8000000.0,,,,,
117690,18970.0,13000000.0,,,,,
145210,2240.0,0.0,0.0,0.0,0.0,0.0,
0242S0,10510.0,378000000.0,,,,,
570107,3770.0,0.0,,,,,
580035,9415.0,0.0,,,,,
019685,966.0,12000000.0,975.0,975.0,964.0,12851.0,
461580,15560.0,300000000.0,,,,,
301400,14250.0,98000000.0,,,,,
580087,9250.0,27000000.0,,,,,
580060,18450.0,0.0,,,,,
354350,17720.0,9000000.0,,,,,
0227K0,9200.0,179000000.0,,,,,
498050,9675.0,21000000.0,,,,,
341850,4590.0,33000000.0,,,,,
001755,19300.0,11000000.0,19250.0,19410.0,19060.0,611.0,
0174R0,11355.0,24000000.0,,,,,
399580,9075.0,13000000.0,,,,,
0084D0,11330.0,94000000.0,,,,,
580061,9057.0,0.0,,,,,
456250,7865.0,23000000.0,,,,,
466810,6020.0,171000000.0,,,,,
580053,18040.0,0.0,,,,,
217780,5810.0,8000000.0,,,,,
497510,12835.0,7000000.0,,,,,
610095,8980.0,500000000.0,,,,,
266390,14940.0,6000000.0,,,,,
700033,8945.0,0.0,,,,,
700031,8930.0,3000000.0,,,,,
0194N0,11520.0,712000000.0,,,,,
520097,8905.0,29000000.0,,,,,
494180,12720.0,12000000.0,,,,,
395150,1852.0,23000000.0,,,,,
0216K0,8845.0,474000000.0,,,,,
381570,10395.0,56000000.0,,,,,
500068,12610.0,0.0,,,,,
580085,8810.0,2000000.0,,,,,
500101,8805.0,4000000.0,,,,,
530135,8800.0,0.0,,,,,
610083,17495.0,0.0,,,,,
580063,17460.0,2000000.0,,,,,
0221Z0,9180.0,172000000.0,,,,,
270800,15855.0,45000000.0,,,,,
252000,19330.0,3000000.0,,,,,
610097,8695.0,0.0,,,,,
215620,16065.0,0.0,,,,,
105010,6190.0,13000000.0,,,,,
550095,17225.0,0.0,,,,,
33637L,2270.0,2000000.0,2250.0,2280.0,2225.0,1243.0,
570094,8545.0,0.0,,,,,
0184N0,8530.0,231000000.0,,,,,
700035,8500.0,318000000.0,,,,,
375270,13040.0,8000000.0,,,,,
0133E0,8070.0,64000000.0,,,,,
435540,16945.0,78000000.0,,,,,
497520,13025.0,7000000.0,,,,,
429980,16905.0,4000000.0,,,,,
0008E0,11260.0,14000000.0,,,,,
610090,8425.0,0.0,,,,,
0219Z0,10485.0,669000000.0,,,,,
0067Y0,9295.0,139000000.0,,,,,
457930,27845.0,1000000.0,,,,,
449680,9795.0,0.0,,,,,
174350,20775.0,10000000.0,,,,,
610059,16590.0,12000000.0,,,,,
610084,8290.0,0.0,,,,,
610094,8285.0,10000000.0,,,,,
000225,3645.0,25000000.0,3665.0,3665.0,3600.0,6976.0,
395750,20630.0,0.0,,,,,
500036,4115.0,0.0,,,,,
462340,16450.0,1000000.0,,,,,
182490,13695.0,1000000.0,,,,,
0226D0,10230.0,17000000.0,,,,,
530114,8125.0,23000000.0,,,,,
610073,16245.0,0.0,,,,,
371150,6245.0,4000000.0,,,,,
520085,8070.0,0.0,,,,,
395280,3425.0,8000000.0,,,,,
0214M0,9430.0,20000000.0,,,,,
0226G0,12260.0,25000000.0,,,,,
0215T0,8845.0,123000000.0,,,,,
570097,7875.0,0.0,,,,,
227550,12265.0,734000000.0,,,,,
480460,9220.0,43000000.0,,,,,
001515,3995.0,19000000.0,4000.0,4000.0,3945.0,4884.0,
261110,15610.0,23000000.0,,,,,
189400,25930.0,3000000.0,,,,,
760025,11055.0,4000000.0,,,,,
304670,12885.0,17000000.0,,,,,
610100,7625.0,287000000.0,,,,,
285690,21740.0,0.0,,,,,
001065,22250.0,0.0,22250.0,22250.0,22250.0,2.0,
0176P0,13800.0,395000000.0,,,,,
530056,1897.0,76000000.0,,,,,
570114,7570.0,24000000.0,,,,,
494210,10810.0,97000000.0,,,,,
227570,20915.0,239000000.0,,,,,
530141,7500.0,1000000.0,,,,,
225800,14680.0,90000000.0,,,,,
435530,14950.0,9000000.0,,,,,
570109,14945.0,0.0,,,,,
0172Y0,9255.0,25000000.0,,,,,
0218K0,10555.0,0.0,,,,,
139660,8485.0,26000000.0,,,,,
487920,7380.0,14000000.0,,,,,
580079,7330.0,367000000.0,,,,,
402460,14655.0,3000000.0,,,,,
580062,14500.0,3000000.0,,,,,
0005C0,11130.0,26000000.0,,,,,
253280,12040.0,89000000.0,,,,,
437370,10310.0,43000000.0,,,,,
530122,7200.0,2000000.0,,,,,
225050,15935.0,3000000.0,,,,,
315270,18825.0,2000000.0,,,,,
488480,12990.0,32000000.0,,,,,
0138D0,12915.0,11000000.0,,,,,
530142,7100.0,2000000.0,,,,,
0094X0,7875.0,30000000.0,,,,,
530060,7025.0,1000000.0,,,,,
244670,11680.0,81000000.0,,,,,
760006,7000.0,0.0,,,,,
500098,6985.0,0.0,,,,,
700030,1744.0,156000000.0,,,,,
400590,13905.0,21000000.0,,,,,
000325,28400.0,0.0,28600.0,28600.0,27400.0,30.0,
0082F0,9880.0,12000000.0,,,,,
570111,34455.0,0.0,,,,,
520084,6855.0,0.0,,,,,
610091,13615.0,0.0,,,,,
256450,13575.0,3000000.0,,,,,
510043,6750.0,0.0,,,,,
570092,6710.0,0.0,,,,,
004985,9110.0,15000000.0,9300.0,9300.0,8900.0,1751.0,
610099,6680.0,0.0,,,,,
570101,6655.0,3000000.0,,,,,
176950,61460.0,34000000.0,,,,,
289670,51405.0,123000000.0,,,,,
500067,9375.0,0.0,,,,,
326230,10920.0,0.0,,,,,
139290,23355.0,113000000.0,,,,,
450180,10050.0,0.0,,,,,
0036Z0,11870.0,31000000.0,,,,,
456200,59135.0,0.0,,,,,
0191B0,32340.0,26000000.0,,,,,
570095,6465.0,0.0,,,,,
138920,12835.0,1000000.0,,,,,
250780,2420.0,307000000.0,,,,,
580078,6405.0,2000000.0,,,,,
530096,6345.0,1000000.0,,,,,
0047N0,9060.0,9000000.0,,,,,
570091,6290.0,0.0,,,,,
550098,6205.0,55000000.0,,,,,
760010,8860.0,1000000.0,,,,,
429740,6160.0,57000000.0,,,,,
307510,12310.0,151000000.0,,,,,
580084,12220.0,0.0,,,,,
469530,9545.0,5000000.0,,,,,
368680,7635.0,0.0,,,,,
400580,12215.0,4000000.0,,,,,
316300,12165.0,4000000.0,,,,,
004835,4365.0,61000000.0,4180.0,4545.0,4180.0,14230.0,
483020,9325.0,386000000.0,,,,,
044380,436.0,698000000.0,405.0,520.0,365.0,1582806.0,
570098,6030.0,10000000.0,,,,,
0166T0,9100.0,92000000.0,,,,,
451670,11790.0,2000000.0,,,,,
314700,10710.0,12000000.0,,,,,
012205,4990.0,66000000.0,5050.0,5080.0,4980.0,13187.0,
433250,23220.0,0.0,,,,,
267450,11605.0,0.0,,,,,
0053M0,12875.0,2000000.0,,,,,
0114X0,8885.0,11000000.0,,,,,
530062,44.0,154000000.0,,,,,
26490K,7340.0,0.0,7340.0,7340.0,7210.0,112.0,
401590,11110.0,3000000.0,,,,,
0229F0,8050.0,9000000.0,,,,,
291890,12510.0,4000000.0,,,,,
407300,10210.0,0.0,,,,,
610023,5550.0,45000000.0,,,,,
550096,11025.0,0.0,,,,,
432600,55065.0,0.0,,,,,
570108,11010.0,0.0,,,,,
0184V0,5240.0,110000000.0,,,,,
0087F0,11000.0,16000000.0,,,,,
470310,18275.0,13000000.0,,,,,
090355,11790.0,0.0,11800.0,11800.0,11610.0,82.0,
530094,5420.0,5000000.0,,,,,
238670,13540.0,127000000.0,,,,,
499150,10695.0,6000000.0,,,,,
390400,6670.0,36000000.0,,,,,
570073,5300.0,0.0,,,,,
510027,1754.0,5000000.0,,,,,
220130,6560.0,0.0,,,,,
0174J0,8745.0,118000000.0,,,,,
0102X0,8725.0,9000000.0,,,,,
483030,11585.0,53000000.0,,,,,
001770,4275.0,0.0,0.0,0.0,0.0,0.0,
580044,1730.0,248000000.0,,,,,
0015E0,10320.0,9000000.0,,,,,
219900,3665.0,6000000.0,,,,,
476310,9295.0,3000000.0,,,,,
291630,3525.0,276000000.0,,,,,
295000,50685.0,0.0,,,,,
0132D0,9150.0,3000000.0,,,,,
413220,4115.0,62000000.0,,,,,
760014,7030.0,0.0,,,,,
411860,16200.0,7000000.0,,,,,
002995,16550.0,58000000.0,16840.0,17110.0,16300.0,3570.0,
0154H0,8720.0,64000000.0,,,,,
0015K0,6820.0,0.0,,,,,
610029,4760.0,129000000.0,,,,,
227560,12465.0,6000000.0,,,,,
0073X0,8560.0,20000000.0,,,,,
267440,7760.0,6000000.0,,,,,
550070,4650.0,0.0,,,,,
490330,13235.0,95000000.0,,,,,
252420,76.0,303000000.0,,,,,
266550,18290.0,0.0,,,,,
474390,39955.0,59000000.0,,,,,
498610,7565.0,4000000.0,,,,,
0128D0,6445.0,14000000.0,,,,,
0078V0,8865.0,3000000.0,,,,,
391600,9785.0,5000000.0,,,,,
000545,5700.0,1000000.0,5700.0,5700.0,5650.0,208.0,
205720,1441.0,0.0,,,,,
000145,9110.0,0.0,9130.0,9130.0,9100.0,46.0,
530125,4240.0,25000000.0,,,,,
277650,21145.0,2000000.0,,,,,
373790,14770.0,3000000.0,,,,,
0050E0,8125.0,7000000.0,,,,,
009415,6220.0,7000000.0,6140.0,6230.0,6140.0,1144.0,
226380,5710.0,1000000.0,,,,,
291680,7955.0,0.0,,,,,
243890,8795.0,196000000.0,,,,,
0131A0,7065.0,59000000.0,,,,,
005965,17210.0,9000000.0,17390.0,17400.0,17110.0,546.0,
334690,5525.0,46000000.0,,,,,
244660,9305.0,0.0,,,,,
225030,2255.0,6000000.0,,,,,
500041,738.0,10000000.0,,,,,
427120,5280.0,7000000.0,,,,,
007575,7900.0,1000000.0,7710.0,7900.0,7710.0,151.0,
014825,13140.0,0.0,13700.0,13700.0,13140.0,44.0,
570023,671.0,7000000.0,,,,,
36328K,2830.0,2000000.0,2785.0,2980.0,2695.0,804.0,
014285,5620.0,60000000.0,5290.0,5930.0,5290.0,10371.0,
267490,4620.0,46000000.0,,,,,
005745,5310.0,0.0,5340.0,5340.0,5240.0,32.0,
0079X0,9040.0,23000000.0,,,,,
570110,15705.0,7000000.0,,,,,
321410,10425.0,0.0,,,,,
306530,7000.0,143000000.0,,,,,
014915,5050.0,0.0,5170.0,5170.0,5050.0,186.0,
476000,5225.0,64000000.0,,,,,
280940,3590.0,67000000.0,,,,,
491630,4925.0,22000000.0,,,,,
145670,1269.0,128000000.0,,,,,
252410,1293.0,108000000.0,,,,,
000227,7750.0,2000000.0,7750.0,7750.0,7730.0,312.0,
253230,73.0,241000000.0,,,,,
580033,4765.0,15000000.0,,,,,
275750,2430.0,34000000.0,,,,,
334700,3515.0,2000000.0,,,,,
500051,1138.0,0.0,,,,,
001525,8500.0,13000000.0,8390.0,8520.0,8220.0,1629.0,
500030,64.0,24000000.0,,,,,
280320,21720.0,0.0,,,,,
008355,7010.0,1000000.0,7300.0,7300.0,7000.0,252.0,
291620,4260.0,63000000.0,,,,,
570070,1781.0,6000000.0,,,,,
700018,1733.0,25000000.0,,,,,
253240,1288.0,42000000.0,,,,,
306520,2340.0,21000000.0,,,,,
253160,148.0,97000000.0,,,,,
004545,3480.0,9000000.0,3425.0,3600.0,3360.0,2683.0,
500038,1206.0,6000000.0,,,,,
011155,5860.0,3000000.0,5880.0,5880.0,5690.0,521.0,
261920,11470.0,3000000.0,,,,,
001527,5390.0,13000000.0,5070.0,5680.0,5000.0,2530.0,
412560,1585.0,35000000.0,,,,,
004415,4315.0,1000000.0,4310.0,4405.0,4310.0,361.0,
002785,10110.0,11000000.0,10500.0,10500.0,10010.0,1139.0,
465620,6480.0,1000000.0,,,,,
002787,12510.0,13000000.0,13500.0,13500.0,12250.0,1065.0,
196170,252500.0,67088000000.0,256500.0,260000.0,251500.0,262749.0,76515217000.0
086520,81900.0,49073000000.0,80000.0,83000.0,79100.0,600243.0,32079127000.0
247540,111300.0,62578000000.0,104500.0,113500.0,102900.0,568822.0,24981936000.0
036930,209000.0,154927000000.0,209500.0,215000.0,204000.0,734419.0,
277810,421500.0,17849000000.0,438000.0,438500.0,421000.0,41849.0,12779845000.0
240810,123200.0,124378000000.0,132000.0,132000.0,123100.0,981297.0,
039030,468500.0,31508000000.0,476000.0,484000.0,468000.0,66383.0,7521731000.0
222800,147200.0,85836000000.0,149500.0,153500.0,146800.0,573711.0,58041031000.0
058470,71200.0,40264000000.0,73400.0,74300.0,71200.0,556988.0,30293759000.0
028300,39700.0,13536000000.0,39700.0,39700.0,39700.0,340966.0,20645310000.0
403870,56000.0,79542000000.0,55500.0,57200.0,54800.0,1418013.0,
095340,203500.0,23864000000.0,213000.0,213000.0,203000.0,115959.0,5620112000.0
108490,281500.0,58877000000.0,297500.0,300000.0,281500.0,203234.0,55602098000.0
319660,141000.0,39193000000.0,139300.0,146500.0,136400.0,274214.0,0.0
440110,80900.0,67322000000.0,82400.0,86600.0,79600.0,811978.0,
000250,162500.0,13916000000.0,169200.0,170800.0,162300.0,83669.0,10880946000.0
031980,166900.0,17387000000.0,160400.0,172500.0,160300.0,102777.0,0.0
084370,155100.0,17666000000.0,159400.0,159400.0,154500.0,112813.0,5014269000.0
214450,320000.0,14180000000.0,324000.0,325500.0,318000.0,44125.0,7196296000.0
131290,293000.0,20546000000.0,285000.0,299500.0,279500.0,71051.0,0.0
087010,137300.0,17075000000.0,144200.0,150900.0,137200.0,120072.0,14218310000.0
095610,161900.0,35222000000.0,161900.0,166100.0,157200.0,216868.0,0.0
064760,280000.0,13315000000.0,283000.0,286500.0,274500.0,47478.0,1810330000.0
067310,45950.0,54239000000.0,46000.0,46800.0,45200.0,1178275.0,
141080,79800.0,16600000000.0,83400.0,83500.0,79300.0,204249.0,14511598000.0
357780,367500.0,16880000000.0,370000.0,382500.0,362000.0,45131.0,4295140000.0
298380,50200.0,17059000000.0,51900.0,52100.0,49750.0,336343.0,16877194000.0
010170,17280.0,166513000000.0,17770.0,18690.0,17230.0,9240555.0,
080220,74600.0,47458000000.0,77000.0,78500.0,74500.0,619214.0,
310210,137700.0,13200000000.0,147600.0,147600.0,135300.0,95013.0,5038907000.0
257720,38700.0,22695000000.0,39200.0,40750.0,38450.0,577436.0,15604188000.0
140410,78800.0,10602000000.0,83200.0,84300.0,78400.0,131686.0,
226950,104400.0,23033000000.0,104500.0,109300.0,102300.0,217554.0,8912859000.0
145020,186100.0,15906000000.0,187700.0,190800.0,182300.0,84983.0,4857914000.0
319400,20700.0,9605000000.0,21000.0,21100.0,20500.0,459562.0,
005290,45100.0,24162000000.0,46350.0,46700.0,44800.0,529559.0,17843928000.0
178320,35900.0,110907000000.0,33550.0,37550.0,33500.0,3067778.0,
032820,12710.0,26807000000.0,12960.0,13130.0,12700.0,2077598.0,
058610,97000.0,14021000000.0,99600.0,100600.0,97000.0,142046.0,17253640000.0
214370,39700.0,1830000000.0,40650.0,41150.0,39550.0,45640.0,1196480000.0
030530,27250.0,28489000000.0,28200.0,28800.0,27200.0,1018561.0,
263750,33250.0,7160000000.0,33700.0,34200.0,33100.0,213840.0,2009117000.0000002
214150,30750.0,2123000000.0,30850.0,31300.0,30600.0,68584.0,951023000.0
098460,29150.0,18119000000.0,29300.0,29750.0,28950.0,617714.0,
347850,43200.0,21865000000.0,45150.0,45700.0,43150.0,492956.0,
237690,93100.0,9366000000.0,92800.0,94700.0,92100.0,100250.0,4619354000.0
041510,82300.0,9260000000.0,82700.0,83500.0,81200.0,112557.0,1920896000.0
043260,24950.0,59961000000.0,26750.0,27150.0,24550.0,2333204.0,
083650,60500.0,10683000000.0,60300.0,61900.0,59100.0,175748.0,10806678000.0
140860,263000.0,4268000000.0,261000.0,267000.0,258000.0,16210.0,1002096000.0
089030,49350.0,18285000000.0,49000.0,49900.0,48050.0,370922.0,
131970,90700.0,14377000000.0,92500.0,92800.0,90000.0,157708.0,10532553000.0
068760,39350.0,4378000000.0,39250.0,39900.0,38900.0,111124.0,1026662000.0
060370,33350.0,4226000000.0,33450.0,33600.0,32550.0,127576.0,1823717000.0
036540,10570.0,38382000000.0,10470.0,10680.0,10350.0,3641758.0,
007390,25400.0,6592000000.0,24750.0,25800.0,24750.0,259135.0,5387052000.0
096530,34300.0,9148000000.0,33850.0,34750.0,33700.0,266140.0,3317898000.0000005
420770,125900.0,10237000000.0,123100.0,129700.0,121000.0,81931.0,0.0
437730,50100.0,9401000000.0,50800.0,52200.0,49750.0,184826.0,13123146000.0
089970,60000.0,26158000000.0,62700.0,62700.0,60000.0,428755.0,20526879000.0
183300,30500.0,9471000000.0,31500.0,31500.0,30000.0,307464.0,4429253000.0
218410,57300.0,13697000000.0,58700.0,59600.0,56800.0,236611.0,15214321000.000002
078600,92800.0,27563000000.0,86300.0,94800.0,86300.0,299611.0,20104106000.0
323280,47650.0,17848000000.0,48350.0,50300.0,47500.0,364461.0,26935393000.0
0009K0,22350.0,2594000000.0,22200.0,22900.0,22000.0,115839.0,3107392000.0
950160,16400.0,16204000000.0,16180.0,17120.0,16110.0,976230.0,
035900,38100.0,5200000000.0,37850.0,38300.0,37600.0,136741.0,2076729999.9999998
039200,35250.0,2992000000.0,36200.0,36800.0,35050.0,83377.0,1313846000.0
241710,125800.0,10982000000.0,126500.0,129500.0,124000.0,87421.0,1988540000.0
204270,22950.0,25379000000.0,24800.0,26150.0,22850.0,1041926.0,
082920,28750.0,4108000000.0,27900.0,29150.0,27700.0,142943.0,1597770000.0
003380,11160.0,2770000000.0,11020.0,11350.0,11020.0,247238.0,
290650,45800.0,5553000000.0,47850.0,47850.0,45350.0,120628.0,2304561000.0
950260,24350.0,26798000000.0,23800.0,24500.0,22650.0,1129482.0,
127120,32200.0,4061000000.0,32100.0,33450.0,31700.0,124807.0,2168271000.0
347700,22200.0,21033000000.0,23500.0,24150.0,22000.0,920480.0,
232140,13910.0,18299000000.0,14300.0,14300.0,13760.0,1309036.0,
166090,57000.0,3827000000.0,58700.0,59100.0,56700.0,66390.0,3475568000.0
252990,18550.0,13881000000.0,18060.0,19000.0,17900.0,746107.0,
195940,39250.0,2688000000.0,38900.0,39800.0,38850.0,68317.0,861680000.0
458870,27850.0,16265000000.0,25750.0,29100.0,25700.0,585608.0,9639412000.0
356860,43700.0,36132000000.0,45150.0,46300.0,43550.0,808337.0,25970132000.0
293490,9610.0,3901000000.0,9000.0,9770.0,8910.0,411194.0,
056190,28100.0,2393000000.0,27950.0,28300.0,27200.0,85592.0,818270000.0
086450,21050.0,4757000000.0,21600.0,21600.0,21000.0,224451.0,3382475000.0
101490,43000.0,6548000000.0,44200.0,44800.0,43000.0,149673.0,7318571000.0
160190,29550.0,3776000000.0,29150.0,30450.0,28500.0,127737.0,
100790,17160.0,4949000000.0,17850.0,17850.0,17160.0,282328.0,
083450,49400.0,3936000000.0,49900.0,50400.0,48800.0,79303.0,4960135000.0
119850,55300.0,14228000000.0,56400.0,57100.0,54800.0,253225.0,16778388000.000002
417200,13080.0,14289000000.0,13450.0,14100.0,12940.0,1055054.0,
099320,80000.0,5982000000.0,78500.0,83100.0,77500.0,74133.0,3459218000.0
328130,11670.0,54553000000.0,11360.0,12490.0,11110.0,4608444.0,77776998000.0
445680,50300.0,5549000000.0,49400.0,52000.0,49050.0,109420.0,3245621000.0
065350,31400.0,2764000000.0,31450.0,32550.0,31150.0,86983.0,2525718000.0
035760,38950.0,2302000000.0,38850.0,39550.0,38450.0,59000.0,638523000.0
115180,22550.0,1170000000.0,23050.0,23350.0,22400.0,51158.0,1023401000.0
031330,8400.0,4286000000.0,8270.0,8700.0,8230.0,505415.0,
053800,74600.0,5649000000.0,74200.0,77600.0,73900.0,74959.0,4053707000.0
327260,46100.0,51914000000.0,47000.0,49200.0,45100.0,1110127.0,
014620,31150.0,2804000000.0,31100.0,32000.0,30400.0,89449.0,1416598000.0
036830,40300.0,1836000000.0,41150.0,42150.0,40200.0,44830.0,615352000.0
388210,85300.0,7341000000.0,89300.0,89600.0,85000.0,84288.0,6187304000.0
161580,34300.0,15378000000.0,35200.0,35650.0,33800.0,441183.0,49594465000.0
388720,67800.0,923000000.0,68400.0,69800.0,67300.0,13466.0,833464000.0
122870,42650.0,4488000000.0,43050.0,43700.0,42400.0,104611.0,1278920000.0
032500,18890.0,3363000000.0,19450.0,19710.0,18840.0,174652.0,2397303000.0
425420,63600.0,4071000000.0,64300.0,64800.0,62000.0,64379.0,1982007000.0
033100,47500.0,2606000000.0,48000.0,48300.0,47150.0,54663.0,2347156000.0
251970,61500.0,7126000000.0,57700.0,63200.0,57700.0,115241.0,1455296000.0
085660,8200.0,1666000000.0,8130.0,8320.0,8030.0,203408.0,1403431000.0
032190,19830.0,1093000000.0,19830.0,20100.0,19620.0,55134.0,152224000.0
491000,30050.0,3515000000.0,30300.0,31550.0,29450.0,114606.0,
074600,28600.0,2534000000.0,29100.0,29300.0,28550.0,87839.0,1717772000.0
044490,37200.0,4151000000.0,37850.0,38750.0,37150.0,109711.0,4716632000.0
090360,76200.0,4593000000.0,78500.0,79700.0,76200.0,58886.0,4143963999.9999995
041960,9900.0,1721000000.0,9930.0,10000.0,9700.0,175302.0,
090710,6150.0,6501000000.0,6250.0,6360.0,6080.0,1045645.0,
041830,54300.0,3172000000.0,53700.0,54900.0,52200.0,58916.0,511606999.99999994
059090,21800.0,3474000000.0,22300.0,22400.0,21700.0,157262.0,3727142000.0
225570,11060.0,726000000.0,10890.0,11070.0,10780.0,66401.0,141237000.0
281740,11040.0,5567000000.0,10650.0,11320.0,10560.0,502987.0,
476060,15980.0,9003000000.0,16120.0,16430.0,15780.0,558680.0,27138285000.0
171090,71600.0,6039000000.0,69000.0,75400.0,67000.0,83210.0,3850871999.9999995
038500,6700.0,3065000000.0,6660.0,7030.0,6470.0,449829.0,
189300,67300.0,2654000000.0,69900.0,70700.0,67300.0,38514.0,1851490000.0
213420,29100.0,1778000000.0,28700.0,29850.0,28500.0,60643.0,674446000.0
006730,11200.0,7527000000.0,10600.0,11580.0,10600.0,666358.0,
295310,57800.0,10091000000.0,62100.0,62500.0,57600.0,170409.0,7312321000.0
023160,27650.0,4731000000.0,26550.0,28000.0,26100.0,172528.0,2125133000.0
476830,25300.0,9690000000.0,27650.0,27750.0,25200.0,368132.0,23130587000.0
064290,54600.0,19376000000.0,54800.0,56700.0,52800.0,358222.0,
033790,8370.0,22442000000.0,7610.0,8590.0,7510.0,2689430.0,
466100,22500.0,3414000000.0,22900.0,23200.0,22500.0,149889.0,4253675000.0
137400,29300.0,3848000000.0,28800.0,29750.0,28550.0,131295.0,2421800000.0
121600,55800.0,6993000000.0,51700.0,56400.0,51100.0,126603.0,3436943999.9999995
122640,31600.0,6591000000.0,32050.0,32500.0,31200.0,207786.0,
124500,29250.0,3307000000.0,29450.0,30250.0,29150.0,112019.0,3840180000.0
093320,137100.0,947000000.0,133100.0,137800.0,131500.0,6955.0,133502000.00000001
053610,73600.0,2634000000.0,76100.0,76900.0,71700.0,35533.0,1366609000.0
102710,46100.0,4176000000.0,45500.0,47650.0,42850.0,88946.0,1142107000.0
048410,6810.0,5171000000.0,6930.0,7140.0,6810.0,743374.0,
036810,30350.0,1791000000.0,31200.0,31600.0,30100.0,58305.0,1564638000.0
024850,19680.0,24658000000.0,19650.0,19680.0,19010.0,1258192.0,
033640,27050.0,3419000000.0,27650.0,27950.0,26950.0,125252.0,2533591000.0
253450,20700.0,669000000.0,20200.0,20800.0,20150.0,32491.0,203669000.0
092870,47000.0,34357000000.0,43400.0,47450.0,42850.0,748800.0,
126340,83800.0,8368000000.0,88400.0,88400.0,83500.0,97907.0,8301573999.999999
468530,53700.0,21410000000.0,50000.0,56200.0,49750.0,400083.0,20960053000.0
046890,10220.0,2037000000.0,10350.0,10480.0,10160.0,197980.0,2392224000.0
222080,7570.0,2819000000.0,7460.0,7790.0,7370.0,369381.0,
077360,12880.0,7368000000.0,13200.0,13600.0,12850.0,556966.0,
253590,13330.0,8989000000.0,13500.0,13940.0,13300.0,664878.0,
050890,9550.0,10694000000.0,9490.0,10030.0,9400.0,1096986.0,
456160,34750.0,10162000000.0,32400.0,36350.0,32050.0,292787.0,9451232000.0
094170,27250.0,1211000000.0,27200.0,28050.0,26850.0,43999.0,1036381000.0000001
052400,38400.0,2097000000.0,37150.0,39050.0,36800.0,54780.0,1331000000.0
490470,16360.0,6275000000.0,16250.0,16790.0,15950.0,382748.0,
045100,31650.0,1114000000.0,32150.0,32250.0,31500.0,35086.0,698410000.0
358570,8580.0,1897000000.0,8970.0,9190.0,8550.0,215904.0,967578999.9999999
144960,12610.0,11137000000.0,12780.0,12970.0,12310.0,881166.0,
060250,13650.0,2753000000.0,13270.0,13740.0,13040.0,203744.0,
079940,40350.0,1917000000.0,40600.0,41050.0,39750.0,47372.0,111591000.0
399720,45500.0,5051000000.0,46250.0,46650.0,45200.0,110269.0,6098412000.0
080580,25100.0,16317000000.0,24700.0,26550.0,24300.0,643209.0,
356680,18510.0,130438000000.0,18220.0,19980.0,17900.0,6804662.0,
475830,24250.0,8805000000.0,25750.0,26000.0,24100.0,352145.0,12660766000.0
112040,15520.0,2028000000.0,15160.0,15780.0,15120.0,130337.0,761170000.0
052020,7700.0,1219000000.0,8010.0,8140.0,7580.0,156591.0,
219130,82900.0,3020000000.0,81900.0,84800.0,79000.0,36683.0,
009520,12480.0,1489000000.0,12240.0,12730.0,12170.0,118675.0,695168000.0
397030,18700.0,5180000000.0,18600.0,19540.0,18360.0,273278.0,3251218000.0
037460,31350.0,1164000000.0,30550.0,31850.0,30450.0,37127.0,
376900,29250.0,13354000000.0,30350.0,32900.0,29100.0,434723.0,15210335000.0
089890,30500.0,8530000000.0,29050.0,32300.0,28550.0,280217.0,4703564000.0
086900,68700.0,1103000000.0,68000.0,69200.0,67400.0,16088.0,501811999.99999994
101160,30250.0,945000000.0,31050.0,31050.0,30050.0,31089.0,371211000.0
025980,5040.0,5850000000.0,5100.0,5150.0,4970.0,1162368.0,
214430,66900.0,1596000000.0,67100.0,68400.0,65400.0,23943.0,388464000.0
098120,58700.0,6811000000.0,58000.0,59700.0,57000.0,116657.0,
211050,9900.0,489000000.0,9990.0,10150.0,9800.0,48965.0,81373000.0
033500,15970.0,1652000000.0,16000.0,16220.0,15810.0,103055.0,361940000.0
383310,22750.0,3714000000.0,21550.0,22750.0,21350.0,165254.0,
348340,20250.0,5593000000.0,20000.0,20950.0,19700.0,275100.0,
019210,12720.0,8044000000.0,12290.0,13080.0,12230.0,630853.0,
099190,15930.0,225000000.0,15980.0,16080.0,15820.0,14126.0,105746000.0
034950,103500.0,90000000.0,104000.0,104000.0,103500.0,864.0,43136000.0
015750,5840.0,680000000.0,5730.0,5880.0,5730.0,116708.0,521168000.00000006
027360,3850.0,6858000000.0,4075.0,4075.0,3800.0,1743129.0,
035890,2245.0,415000000.0,2270.0,2305.0,2230.0,183623.0,
041190,5800.0,7508000000.0,5880.0,6000.0,5770.0,1277878.0,
460930,13020.0,656000000.0,13000.0,13230.0,12910.0,50091.0,750474000.0
082270,10090.0,1203000000.0,10200.0,10430.0,10010.0,118093.0,1365662000.0
365340,35250.0,1110000000.0,34450.0,36250.0,34050.0,31166.0,767614000.0
042000,18780.0,13447000000.0,17530.0,19560.0,17040.0,723379.0,8848500000.0
078340,37450.0,5675000000.0,34600.0,37900.0,34600.0,153212.0,2268391000.0
348370,20650.0,3371000000.0,20050.0,21300.0,19910.0,162153.0,2261314000.0
056080,11810.0,2859000000.0,12000.0,12330.0,11680.0,238537.0,
069540,3995.0,12757000000.0,4020.0,4180.0,3955.0,3149467.0,
340570,28000.0,1450000000.0,28850.0,28950.0,27900.0,51069.0,1769081999.9999998
104830,35500.0,1376000000.0,36900.0,37000.0,35300.0,38309.0,552925000.0
013030,38000.0,1536000000.0,37800.0,39150.0,37650.0,39970.0,1002513000.0000001
290550,22150.0,5571000000.0,22300.0,22650.0,21700.0,252203.0,
187660,6840.0,4465000000.0,6740.0,6990.0,6530.0,657793.0,
336570,4885.0,1360000000.0,4880.0,4975.0,4830.0,276345.0,
278280,35550.0,1006000000.0,34500.0,36900.0,34000.0,27951.0,516181999.99999994
486990,20150.0,7538000000.0,20150.0,20600.0,19610.0,372247.0,11124078000.0
125490,11760.0,5172000000.0,12000.0,12210.0,11750.0,432247.0,
067160,37250.0,1525000000.0,36400.0,37300.0,35900.0,41592.0,251440999.99999997
204620,6050.0,3607000000.0,5810.0,6200.0,5700.0,598587.0,
368770,12900.0,2183000000.0,13240.0,13570.0,12860.0,164873.0,
475960,31350.0,4217000000.0,28800.0,32600.0,28500.0,134943.0,2835155000.0
030520,17470.0,1847000000.0,17050.0,17700.0,17010.0,105300.0,450091000.0
089010,25150.0,13754000000.0,24600.0,26650.0,24150.0,537214.0,16107148000.0
272290,21150.0,1731000000.0,21150.0,21800.0,20950.0,81037.0,1235465000.0
170920,39900.0,10121000000.0,38300.0,41150.0,38000.0,254218.0,
114810,14900.0,5065000000.0,14420.0,15160.0,14230.0,341611.0,1515776000.0
241770,40800.0,399000000.0,41600.0,42250.0,40450.0,9657.0,89707000.0
067630,3405.0,914000000.0,3405.0,3405.0,3405.0,268447.0,
078350,27000.0,6222000000.0,27500.0,27650.0,25700.0,231535.0,0.0
477850,23100.0,23927000000.0,21400.0,23850.0,20850.0,1047417.0,
386380,21550.0,33905000000.0,23400.0,24250.0,21500.0,1485658.0,
376300,17030.0,921000000.0,17000.0,17230.0,16850.0,54028.0,268066000.0
332570,8790.0,6502000000.0,8840.0,9040.0,8760.0,731948.0,
018290,11510.0,1202000000.0,11180.0,11550.0,11060.0,105373.0,441268000.0
033160,16330.0,9792000000.0,16500.0,16870.0,16040.0,594416.0,
078130,3495.0,238000000.0,3490.0,3530.0,3440.0,68275.0,
417840,17040.0,15561000000.0,17010.0,17430.0,16490.0,924706.0,
095660,17900.0,509000000.0,17930.0,18040.0,17730.0,28379.0,59619999.99999999
236200,55500.0,1240000000.0,55700.0,56900.0,53800.0,22125.0,296810000.0
079370,12470.0,9653000000.0,12800.0,12960.0,12060.0,779969.0,
174900,19310.0,1761000000.0,20050.0,20250.0,19270.0,89648.0,
101730,4590.0,689000000.0,4625.0,4730.0,4580.0,148371.0,920119000.0
456010,26450.0,59113000000.0,23250.0,28150.0,22950.0,2222275.0,
215200,37000.0,1074000000.0,36250.0,37250.0,35950.0,29059.0,202118000.00000003
159010,28600.0,5158000000.0,29900.0,30350.0,27500.0,177389.0,
441270,8750.0,2858000000.0,8730.0,8930.0,8530.0,328121.0,2329803000.0
092730,23000.0,797000000.0,23250.0,23550.0,22850.0,34479.0,244187999.99999997
107640,40650.0,2760000000.0,40850.0,42600.0,40600.0,66290.0,2926874000.0
439960,11330.0,5940000000.0,11480.0,11780.0,11210.0,519030.0,
078020,6570.0,491000000.0,6530.0,6660.0,6510.0,74418.0,
200710,26900.0,1591000000.0,26750.0,27150.0,26350.0,59267.0,1378347000.0
069080,11650.0,1684000000.0,11250.0,11770.0,11210.0,144574.0,172536000.0
003800,32500.0,28000000.0,32250.0,32800.0,32250.0,854.0,
018000,1232.0,1412000000.0,1282.0,1294.0,1232.0,1117216.0,
078160,9160.0,324000000.0,9180.0,9400.0,9080.0,35091.0,265562000.0
006910,7260.0,4170000000.0,7610.0,7630.0,7260.0,564464.0,
052710,19060.0,10586000000.0,19150.0,19430.0,18100.0,561151.0,
348210,33500.0,1645000000.0,33550.0,34450.0,33150.0,48840.0,484255000.0
036800,7700.0,792000000.0,7420.0,7910.0,7380.0,102768.0,279505000.0
092190,7600.0,1449000000.0,8000.0,8090.0,7510.0,187642.0,
025320,3780.0,1209000000.0,3785.0,3895.0,3760.0,315747.0,688308000.0
025900,6870.0,477000000.0,6730.0,7040.0,6650.0,68926.0,285386000.0
330860,28250.0,2881000000.0,29100.0,29250.0,27800.0,101325.0,
138080,27700.0,15892000000.0,29000.0,31300.0,27550.0,544105.0,
393890,10110.0,2825000000.0,10530.0,10750.0,10030.0,273948.0,
200470,7790.0,6149000000.0,8210.0,8210.0,7700.0,779331.0,
046970,7730.0,14373000000.0,7930.0,8140.0,7700.0,1816511.0,
064260,4475.0,3227000000.0,4375.0,4510.0,4315.0,721551.0,
093520,28250.0,368000000.0,28850.0,29450.0,27750.0,12964.0,263039999.99999997
060280,8130.0,2632000000.0,7870.0,8460.0,7820.0,318869.0,
424870,3650.0,34482000000.0,3330.0,3815.0,3330.0,9539072.0,55143021000.0
036620,3670.0,1596000000.0,3695.0,3720.0,3625.0,435278.0,144168000.0
372320,21600.0,914000000.0,21800.0,22500.0,21350.0,41336.0,385373000.0
121440,7670.0,272000000.0,7520.0,7950.0,7520.0,34994.0,
017890,15730.0,4893000000.0,15480.0,16420.0,15410.0,308425.0,
0010S0,32450.0,232655000000.0,46900.0,47800.0,32450.0,6007548.0,
039440,20850.0,789000000.0,21300.0,21300.0,20750.0,37630.0,1239865000.0
199800,35900.0,2810000000.0,35400.0,36650.0,34500.0,78207.0,1476176000.0
110990,17050.0,1551000000.0,17620.0,17630.0,16850.0,90437.0,1036682000.0
448900,52800.0,1366000000.0,53900.0,54900.0,52300.0,25538.0,1843569000.0
452430,38850.0,3451000000.0,39600.0,40650.0,37400.0,88234.0,3699427000.0
117730,14170.0,1676000000.0,14250.0,14440.0,14050.0,117437.0,2006681000.0
215600,2305.0,1078000000.0,2260.0,2335.0,2260.0,466886.0,
455900,20700.0,360000000.0,21150.0,21250.0,20700.0,17212.0,313077000.0
389470,23900.0,1446000000.0,25000.0,25450.0,23700.0,58622.0,1014245000.0
047920,9620.0,316000000.0,9620.0,9620.0,9620.0,32840.0,2667356000.0
234340,22500.0,4934000000.0,22150.0,23000.0,21700.0,219644.0,
488900,10760.0,445000000.0,10860.0,10940.0,10600.0,41429.0,575241000.0
900290,3350.0,551000000.0,3450.0,3450.0,3310.0,164414.0,
061970,4430.0,1568000000.0,4480.0,4585.0,4370.0,350217.0,
206650,8420.0,685000000.0,8300.0,8590.0,8250.0,80969.0,
168360,13750.0,990000000.0,14390.0,14390.0,13570.0,71654.0,677931000.0
482630,13700.0,2162000000.0,13950.0,13950.0,13390.0,158484.0,
484590,7270.0,5548000000.0,6640.0,7690.0,6630.0,766282.0,
352480,21850.0,224000000.0,22250.0,22300.0,21700.0,10163.0,58106000.0
071200,12140.0,415000000.0,11820.0,12360.0,11820.0,34142.0,
035810,4585.0,672000000.0,4510.0,4590.0,4460.0,147263.0,
025770,7860.0,155000000.0,7890.0,7960.0,7660.0,19748.0,
446540,10060.0,9081000000.0,10900.0,10900.0,9960.0,885184.0,
042370,11150.0,29895000000.0,10710.0,11540.0,10600.0,2671528.0,
203650,2855.0,21516000000.0,2805.0,3045.0,2750.0,7403766.0,
425040,13200.0,11746000000.0,12750.0,13220.0,12700.0,905183.0,
101930,6330.0,60000000.0,6340.0,6410.0,6300.0,9528.0,40621000.0
265520,19110.0,529000000.0,19210.0,19320.0,18940.0,27714.0,177601000.0
036200,9360.0,1578000000.0,9520.0,9760.0,9330.0,166160.0,1158186000.0
012210,12420.0,95090000000.0,12300.0,13520.0,12070.0,7359054.0,
160980,26200.0,2625000000.0,27100.0,27100.0,25800.0,99480.0,
049070,18170.0,614000000.0,18230.0,18410.0,18010.0,33693.0,322594000.0
472850,4965.0,84000000.0,4975.0,4985.0,4885.0,16982.0,223666000.0
092460,16650.0,164000000.0,16540.0,16790.0,16330.0,9867.0,171155000.0
091580,21300.0,4818000000.0,20900.0,22200.0,20600.0,224212.0,
136480,2665.0,526000000.0,2650.0,2670.0,2640.0,198093.0,
228760,11330.0,1040000000.0,11300.0,11620.0,11150.0,91130.0,637679000.0
054950,23200.0,118000000.0,23150.0,23400.0,23000.0,5059.0,65656000.0
389500,42050.0,2947000000.0,43000.0,44600.0,42050.0,68371.0,
099440,4100.0,463000000.0,4170.0,4220.0,4070.0,112275.0,
448280,9430.0,32000000.0,9340.0,9430.0,9230.0,3415.0,24589000.0
200670,24650.0,409000000.0,24200.0,25000.0,24150.0,16610.0,184649000.0
084110,21800.0,398000000.0,21300.0,21950.0,21300.0,18350.0,263166000.0
035600,9980.0,273000000.0,9930.0,10000.0,9900.0,27449.0,130579000.0
086390,12960.0,1844000000.0,13150.0,13340.0,12820.0,141183.0,1656262000.0
294570,26800.0,1296000000.0,26350.0,27150.0,26200.0,48481.0,2387051000.0
317330,13170.0,1360000000.0,12830.0,13615.0,12740.0,102272.0,616020000.0
309710,21000.0,0.0,0.0,0.0,0.0,0.0,
094360,12570.0,8030000000.0,11960.0,13090.0,11780.0,641396.0,6028592000.0
068930,9670.0,3239000000.0,9510.0,10000.0,9420.0,329879.0,
182400,3670.0,0.0,0.0,0.0,0.0,0.0,
098070,23750.0,1369000000.0,24100.0,24250.0,23550.0,57350.0,1072439999.9999999
091700,5260.0,353000000.0,5230.0,5340.0,5200.0,66677.0,
493280,17670.0,2025000000.0,17670.0,18390.0,17250.0,113674.0,
043150,17660.0,383000000.0,17500.0,17660.0,17270.0,21821.0,113832000.0
216080,7030.0,604000000.0,7400.0,7400.0,7000.0,84959.0,
0161M0,21400.0,45665000000.0,25000.0,25200.0,21100.0,1993692.0,
024840,6010.0,10896000000.0,6290.0,6410.0,5980.0,1778803.0,
036890,11820.0,1633000000.0,12000.0,12100.0,11540.0,138391.0,397047000.0
484120,23750.0,2042000000.0,24000.0,24250.0,22500.0,86977.0,1126735000.0
051500,21900.0,57000000.0,21850.0,22000.0,21600.0,2618.0,21407000.0
060720,10980.0,463000000.0,11020.0,11140.0,10950.0,41936.0,
377450,15000.0,658000000.0,14530.0,15070.0,14190.0,44131.0,
389650,31350.0,798000000.0,32700.0,33050.0,31350.0,24934.0,586557000.0
394280,9840.0,967000000.0,9800.0,10050.0,9550.0,97968.0,1085774000.0
151860,5440.0,302000000.0,5430.0,5480.0,5370.0,55690.0,
378340,11950.0,543000000.0,11760.0,12450.0,11760.0,44870.0,562751000.0
067390,6130.0,298000000.0,6170.0,6330.0,6100.0,48146.0,
287840,17100.0,634000000.0,17960.0,18090.0,17000.0,35881.0,527220000.0
042520,18010.0,1312000000.0,17950.0,18370.0,17800.0,72638.0,467199000.0
0011T0,5460.0,656000000.0,5490.0,5580.0,5350.0,119951.0,
121800,3320.0,0.0,0.0,0.0,0.0,0.0,
267980,33400.0,60000000.0,33750.0,33750.0,33100.0,1787.0,24574000.0
089980,15980.0,719000000.0,15480.0,16140.0,15410.0,45193.0,525038000.0
377460,4080.0,0.0,0.0,0.0,0.0,0.0,
461300,18960.0,569000000.0,18880.0,19160.0,18470.0,30008.0,
452280,13080.0,6342000000.0,13500.0,13700.0,12830.0,476105.0,
304360,20150.0,413000000.0,20250.0,21000.0,19860.0,20433.0,313437000.0
023410,3245.0,386000000.0,3210.0,3275.0,3205.0,119094.0,
439090,15290.0,606000000.0,15360.0,15570.0,15040.0,39326.0,872631000.0
354320,39000.0,4723000000.0,42200.0,42300.0,38800.0,117195.0,
036710,4690.0,3034000000.0,4485.0,4750.0,4370.0,662120.0,
065680,26600.0,438000000.0,26950.0,26950.0,25850.0,16609.0,171363000.0
073490,32250.0,1034000000.0,31800.0,32900.0,31650.0,31956.0,
115450,2580.0,529000000.0,2580.0,2580.0,2580.0,204888.0,
314130,4645.0,2116000000.0,4800.0,4800.0,4545.0,457475.0,
036030,4915.0,71000000.0,4920.0,4970.0,4905.0,14484.0,
108860,8930.0,3315000000.0,8960.0,9220.0,8850.0,366265.0,4225786999.9999995
254490,16600.0,1237000000.0,16820.0,17140.0,16500.0,73451.0,
376270,33050.0,183000000.0,33600.0,34000.0,33000.0,5510.0,131749000.0
389260,13290.0,1491000000.0,12860.0,13460.0,12860.0,112115.0,
043370,11300.0,228000000.0,11110.0,11340.0,11110.0,20204.0,75543000.0
445090,21650.0,336000000.0,22000.0,22100.0,21400.0,15448.0,324930000.0
011560,23350.0,860000000.0,24300.0,24550.0,23150.0,36541.0,
064820,7630.0,128000000.0,7630.0,7700.0,7500.0,16842.0,90199000.0
272110,29200.0,1638000000.0,30400.0,30400.0,28850.0,55947.0,
256840,3425.0,63704000000.0,2655.0,3425.0,2650.0,20378358.0,
064850,20450.0,978000000.0,20300.0,20750.0,18930.0,49390.0,
019010,4835.0,913000000.0,4920.0,4935.0,4700.0,189392.0,
065710,45250.0,273000000.0,45250.0,45450.0,44700.0,6048.0,
032580,7010.0,3834000000.0,7000.0,7300.0,6810.0,544262.0,
100120,25850.0,239000000.0,25750.0,26550.0,25700.0,9178.0,
462350,6840.0,1174000000.0,6650.0,6920.0,6600.0,173184.0,
394800,7280.0,32822000000.0,7260.0,7540.0,7010.0,4451282.0,96480060000.0
416180,25400.0,8186000000.0,24950.0,28500.0,24750.0,304452.0,3613268999.9999995
180400,2330.0,63000000.0,2390.0,2445.0,2320.0,26934.0,
243070,19140.0,274000000.0,19080.0,19250.0,18800.0,14367.0,140009000.0
215000,36350.0,604000000.0,35900.0,36550.0,35550.0,16644.0,236186000.0
144510,14400.0,633000000.0,14250.0,14730.0,14200.0,43581.0,283737000.0
064550,8730.0,3355000000.0,8770.0,8980.0,8550.0,383081.0,12143261000.0
200130,7830.0,265000000.0,7750.0,7870.0,7660.0,34106.0,84040000.0
094480,5740.0,1289000000.0,5650.0,5780.0,5560.0,226258.0,
023760,1426.0,58000000.0,1408.0,1428.0,1405.0,41008.0,
085910,16250.0,2726000000.0,16820.0,17380.0,16250.0,164071.0,
298830,4145.0,850000000.0,4050.0,4235.0,4015.0,204869.0,
190510,15630.0,669000000.0,15690.0,16000.0,15540.0,42420.0,767848000.0
0008Z0,23300.0,221000000.0,23450.0,23950.0,23050.0,9375.0,111440999.99999999
481070,15300.0,52000000.0,15430.0,15480.0,15010.0,3412.0,28168000.0
237880,12110.0,205000000.0,12050.0,12180.0,11890.0,16960.0,454639000.0
241520,8220.0,995000000.0,8150.0,8380.0,8020.0,120268.0,
114190,8360.0,420000000.0,8340.0,8600.0,8260.0,49757.0,345577000.0
005710,10840.0,82000000.0,10600.0,10870.0,10550.0,7585.0,21808000.0
475400,18310.0,788000000.0,18640.0,18680.0,18280.0,42592.0,704138000.0
045390,3065.0,1893000000.0,3100.0,3105.0,3010.0,618265.0,
067080,11590.0,472000000.0,11510.0,11680.0,11300.0,40908.0,640633000.0
450950,5730.0,736000000.0,5900.0,6140.0,5510.0,127444.0,2063422000.0
0001A0,8460.0,412000000.0,8480.0,8690.0,8380.0,48163.0,
462860,3000.0,2834000000.0,3040.0,3110.0,2960.0,931686.0,
243840,5560.0,608000000.0,5450.0,5690.0,5300.0,109748.0,
365270,9670.0,334000000.0,9570.0,9990.0,9400.0,34375.0,
307180,5770.0,828000000.0,5780.0,5960.0,5390.0,144018.0,
018310,14470.0,163000000.0,14410.0,14540.0,14400.0,11254.0,11483000.0
125020,6060.0,2716000000.0,6200.0,6300.0,6050.0,440096.0,
112290,10490.0,1718000000.0,10750.0,10930.0,10030.0,160783.0,
290690,3990.0,1280000000.0,4015.0,4175.0,3980.0,316551.0,
382900,24050.0,2085000000.0,24750.0,24750.0,23950.0,85785.0,13702806000.000002
206640,9540.0,214000000.0,9420.0,9640.0,9300.0,22434.0,135254000.0
053030,6380.0,686000000.0,6150.0,6420.0,6070.0,108943.0,308636000.0
380540,8450.0,0.0,0.0,0.0,0.0,0.0,
950170,4225.0,19000000.0,4315.0,4315.0,4200.0,4473.0,
014940,4520.0,292000000.0,4500.0,4570.0,4445.0,64605.0,
340450,8670.0,8751000000.0,8210.0,8880.0,8210.0,1008583.0,
353810,6180.0,122000000.0,6180.0,6200.0,6100.0,19871.0,
058970,16520.0,229000000.0,16360.0,16840.0,16140.0,13782.0,245162000.0
099430,3310.0,315000000.0,3300.0,3395.0,3275.0,94314.0,
036190,33900.0,75000000.0,33400.0,34450.0,33400.0,2189.0,
053300,5130.0,558000000.0,5040.0,5180.0,5010.0,108992.0,
049430,22400.0,301000000.0,22950.0,23050.0,22350.0,13346.0,
095500,6520.0,501000000.0,6400.0,6650.0,6380.0,76287.0,254549000.0
459510,15460.0,353000000.0,15660.0,15680.0,15440.0,22694.0,473224000.0
217730,2130.0,665000000.0,2105.0,2220.0,2060.0,307833.0,
199430,17830.0,757000000.0,18110.0,18350.0,17720.0,41917.0,995844999.9999999
061090,36350.0,522000000.0,36650.0,37000.0,36300.0,14275.0,132381000.0
078150,2080.0,2575000000.0,2060.0,2110.0,2045.0,1236460.0,
314930,6600.0,135000000.0,6740.0,6790.0,6580.0,20286.0,59378000.0
417030,33900.0,14097000000.0,38000.0,38500.0,33250.0,395296.0,
126730,22250.0,3536000000.0,22850.0,23650.0,22050.0,155908.0,
086670,19570.0,1186000000.0,19310.0,19730.0,19010.0,61042.0,
083310,10830.0,704000000.0,11200.0,11200.0,10680.0,64722.0,
080720,2410.0,0.0,0.0,0.0,0.0,0.0,
042420,23550.0,123000000.0,23250.0,23950.0,23150.0,5238.0,
123330,24000.0,4180000000.0,24200.0,24550.0,23850.0,173869.0,
308430,14790.0,352000000.0,14800.0,15140.0,14050.0,23964.0,357288000.0
013120,2100.0,68000000.0,2100.0,2110.0,2080.0,32427.0,
036560,12080.0,32000000.0,12170.0,12170.0,11980.0,2656.0,
304100,15090.0,728000000.0,15110.0,15350.0,15060.0,47838.0,784228000.0
005160,3495.0,947000000.0,3495.0,3540.0,3495.0,269643.0,
024060,12620.0,8147000000.0,12370.0,12720.0,12330.0,647966.0,
192440,30400.0,148000000.0,30050.0,30750.0,30000.0,4847.0,
194700,10330.0,329000000.0,10150.0,10440.0,10140.0,31947.0,197304000.0
126600,3000.0,88000000.0,3005.0,3030.0,2960.0,29425.0,
066620,25050.0,117000000.0,25500.0,25800.0,24900.0,4634.0,
016790,994.0,0.0,0.0,0.0,0.0,0.0,
034810,5930.0,29000000.0,5980.0,5980.0,5890.0,4877.0,
102940,14290.0,671000000.0,14080.0,14530.0,14060.0,46952.0,477181000.00000006
452450,5190.0,1012000000.0,5350.0,5580.0,5190.0,189434.0,
143240,17420.0,106000000.0,17500.0,17500.0,17200.0,6085.0,
293780,6630.0,346000000.0,6400.0,6820.0,6400.0,52121.0,
052330,10480.0,117000000.0,10270.0,10590.0,10240.0,11212.0,
388050,9940.0,3209000000.0,10280.0,10470.0,9900.0,314796.0,
484810,11950.0,599000000.0,12040.0,12200.0,11860.0,49810.0,
084850,8120.0,55000000.0,8040.0,8150.0,7980.0,6807.0,21267000.0
046120,5440.0,2872000000.0,5560.0,5680.0,5290.0,519856.0,
176750,6450.0,359000000.0,6470.0,6580.0,6380.0,55459.0,694217000.0
163730,14310.0,4756000000.0,12660.0,14620.0,12360.0,336731.0,
214180,14030.0,265000000.0,14000.0,14140.0,13860.0,18871.0,
464080,10100.0,1293000000.0,9990.0,10260.0,9790.0,128485.0,
230240,13630.0,1830000000.0,13820.0,14240.0,13410.0,132872.0,
083930,12330.0,543000000.0,12120.0,12450.0,12020.0,44225.0,
094820,11890.0,675000000.0,12020.0,12210.0,11810.0,56072.0,
068790,8060.0,758000000.0,7770.0,8150.0,7350.0,95871.0,
419530,17480.0,725000000.0,17360.0,17820.0,17280.0,41269.0,537534000.0
067290,3170.0,31745000000.0,3245.0,3385.0,3150.0,9702307.0,
194480,14560.0,723000000.0,14310.0,14870.0,14310.0,49316.0,206805000.0
403850,12320.0,536000000.0,12210.0,12500.0,12110.0,43379.0,356728000.0
041920,9500.0,1209000000.0,9010.0,9590.0,8990.0,128496.0,
274090,12810.0,6495000000.0,12950.0,13370.0,12800.0,497806.0,
318060,15760.0,551000000.0,16140.0,16450.0,15740.0,34297.0,
108380,18420.0,305000000.0,18400.0,18590.0,18240.0,16536.0,83364000.0
0015G0,15050.0,1054000000.0,14790.0,15230.0,14450.0,69937.0,
086820,6790.0,939000000.0,6340.0,6970.0,6270.0,143515.0,
138610,15460.0,621000000.0,15530.0,15800.0,15100.0,39801.0,918636000.0
387690,23000.0,174992000000.0,18590.0,24500.0,18580.0,7948329.0,
263860,19300.0,5423000000.0,18380.0,19490.0,18080.0,282790.0,
051160,12980.0,6432000000.0,12030.0,13390.0,11690.0,506632.0,
405100,14210.0,228000000.0,14250.0,14470.0,14080.0,15949.0,
489460,11830.0,597000000.0,11960.0,12170.0,11640.0,50013.0,
082800,2825.0,237000000.0,2870.0,2895.0,2815.0,83329.0,
0039P0,9120.0,100653000000.0,7800.0,9550.0,7770.0,11169864.0,
092130,14240.0,44000000.0,14250.0,14320.0,14140.0,3103.0,
054210,6770.0,449000000.0,6580.0,6860.0,6530.0,66464.0,
143160,15940.0,30000000.0,15920.0,15980.0,15780.0,1888.0,
270660,13450.0,156000000.0,13410.0,13600.0,13400.0,11576.0,230706000.0
012860,2330.0,1164000000.0,2280.0,2407.0,2265.0,494490.0,
234690,9490.0,1848000000.0,9000.0,9640.0,9000.0,196832.0,
039860,4475.0,11169000000.0,4190.0,4925.0,4190.0,2428863.0,
199820,7650.0,743000000.0,7590.0,7840.0,7500.0,96581.0,
475040,3155.0,1104000000.0,3100.0,3230.0,3090.0,349781.0,
122990,6620.0,299000000.0,6610.0,6680.0,6520.0,45042.0,
039830,15770.0,373000000.0,15530.0,15820.0,15290.0,24058.0,
264850,5600.0,914000000.0,5720.0,5780.0,5570.0,161793.0,
119610,14820.0,428000000.0,14380.0,15040.0,14250.0,29011.0,
051370,7230.0,4515000000.0,7000.0,7690.0,6990.0,614239.0,
123410,6050.0,477000000.0,5950.0,6120.0,5880.0,78745.0,
382800,5290.0,3762000000.0,5170.0,5520.0,5160.0,706689.0,
260970,58000.0,576000000.0,57200.0,58500.0,56500.0,10029.0,
357550,30750.0,52000000.0,31000.0,31000.0,30300.0,1713.0,12856999.999999998
104480,1842.0,370000000.0,1809.0,1864.0,1795.0,200830.0,
264450,11400.0,1039000000.0,11410.0,11500.0,11100.0,91912.0,
245620,741.0,0.0,0.0,0.0,0.0,0.0,
049630,7140.0,1352000000.0,7200.0,7360.0,7100.0,187229.0,
032620,3195.0,405000000.0,3100.0,3230.0,3070.0,127867.0,
036170,2715.0,500000000.0,2765.0,2765.0,2640.0,185602.0,
038390,9950.0,53000000.0,10030.0,10080.0,9950.0,5294.0,
478340,14290.0,31003000000.0,14090.0,15490.0,14090.0,2098751.0,
289080,2745.0,2149000000.0,2725.0,2825.0,2715.0,773841.0,
119830,6220.0,591000000.0,6180.0,6370.0,6170.0,94242.0,
118990,6690.0,373000000.0,6760.0,6800.0,6690.0,55304.0,
126700,10970.0,590000000.0,10610.0,11300.0,10570.0,53470.0,
488280,15110.0,4947000000.0,15310.0,15880.0,15080.0,319192.0,9381296000.0
0082N0,12280.0,596000000.0,12300.0,12970.0,12080.0,47674.0,
402030,13020.0,207000000.0,13470.0,13470.0,12940.0,15831.0,295804000.0
204610,2920.0,101000000.0,2955.0,2990.0,2910.0,34544.0,
134580,3295.0,1164000000.0,3145.0,3435.0,3050.0,355786.0,
372170,20350.0,176000000.0,20400.0,20800.0,19940.0,8638.0,148364000.0
950140,8170.0,34000000.0,7950.0,8200.0,7950.0,4199.0,
032940,8900.0,2548000000.0,9300.0,9310.0,8885.0,281324.0,
093190,8380.0,125000000.0,8090.0,8430.0,8000.0,15086.0,
088800,2130.0,322000000.0,2220.0,2260.0,2130.0,147101.0,
013990,4885.0,235000000.0,4805.0,4920.0,4790.0,48378.0,
123860,13180.0,310000000.0,13500.0,13500.0,12950.0,23607.0,
066410,1153.0,0.0,0.0,0.0,0.0,0.0,
355150,20450.0,1802000000.0,21300.0,21300.0,20200.0,87163.0,
149950,11650.0,954000000.0,12170.0,12170.0,11590.0,81015.0,
080160,8410.0,341000000.0,8300.0,8570.0,8260.0,40441.0,
418550,4945.0,302000000.0,4795.0,5040.0,4770.0,60889.0,
072870,13280.0,227000000.0,13230.0,13450.0,13100.0,17084.0,
024800,4480.0,144000000.0,4595.0,4595.0,4365.0,32579.0,
0007C0,19650.0,11982000000.0,19040.0,21650.0,19020.0,586024.0,
396300,5930.0,111033000000.0,5710.0,6580.0,5610.0,18267040.0,
388790,5130.0,2058000000.0,5290.0,5460.0,5090.0,390579.0,
187870,11310.0,1125000000.0,11700.0,11990.0,11270.0,97293.0,
041020,3155.0,886000000.0,3020.0,3160.0,3010.0,283210.0,
445180,9090.0,1504000000.0,9050.0,9430.0,8910.0,163716.0,
023910,25950.0,140000000.0,26300.0,26400.0,25950.0,5362.0,
220100,6940.0,1854000000.0,6400.0,7190.0,6400.0,266512.0,1756243999.9999998
086890,3810.0,2746000000.0,3520.0,4175.0,3520.0,707406.0,
067280,26150.0,172000000.0,25850.0,26350.0,25650.0,6570.0,
011040,5020.0,80000000.0,5010.0,5050.0,4990.0,15900.0,
222040,7460.0,977000000.0,7510.0,7650.0,7250.0,132438.0,
093640,4685.0,88000000.0,4800.0,4800.0,4645.0,18766.0,
092070,13270.0,328000000.0,13000.0,13300.0,12780.0,24863.0,
054450,10130.0,723000000.0,10130.0,10360.0,10030.0,71082.0,
474650,26650.0,496000000.0,27750.0,28400.0,26600.0,18042.0,
054800,14790.0,11000000.0,15040.0,15100.0,14630.0,720.0,
413630,4195.0,2032000000.0,4255.0,4355.0,4195.0,476764.0,
041520,12500.0,124000000.0,12590.0,12590.0,12240.0,10013.0,
226590,14120.0,709000000.0,14790.0,14790.0,14030.0,49697.0,
007330,10030.0,64000000.0,10000.0,10090.0,9980.0,6385.0,
432720,10570.0,1244000000.0,10760.0,10990.0,10550.0,115417.0,
042600,12070.0,152000000.0,11800.0,12480.0,11630.0,12582.0,
078070,8790.0,136000000.0,8750.0,8870.0,8690.0,15507.0,
489500,23350.0,155000000.0,23000.0,23400.0,22800.0,6705.0,
179290,4605.0,153000000.0,4520.0,4635.0,4485.0,33260.0,
205500,1777.0,114000000.0,1800.0,1850.0,1750.0,64252.0,
148150,4160.0,415000000.0,4020.0,4240.0,4020.0,99108.0,
046440,4075.0,172000000.0,4040.0,4075.0,4010.0,42436.0,
084990,3195.0,667000000.0,3050.0,3270.0,3030.0,209473.0,
065660,14700.0,178000000.0,14620.0,15040.0,14590.0,12015.0,31957000.000000004
0015N0,11620.0,1906000000.0,11560.0,11850.0,11400.0,164486.0,
023600,9110.0,70000000.0,9010.0,9110.0,9010.0,7726.0,
069510,13290.0,66000000.0,13300.0,13340.0,13220.0,4995.0,
300080,8750.0,175000000.0,8500.0,8770.0,8500.0,20165.0,172757000.0
005990,10850.0,31000000.0,10800.0,10860.0,10300.0,2923.0,
138360,1635.0,752000000.0,1680.0,1680.0,1635.0,455194.0,
251370,7930.0,863000000.0,7730.0,8200.0,7600.0,108242.0,
147830,7140.0,450000000.0,7090.0,7210.0,7000.0,63087.0,
220260,4450.0,3785000000.0,4050.0,4690.0,4045.0,849066.0,
212560,10570.0,1156000000.0,10420.0,10670.0,10070.0,111652.0,
089600,12400.0,109000000.0,12170.0,12500.0,12170.0,8801.0,
049960,15000.0,76000000.0,14920.0,15180.0,14750.0,5040.0,
0088M0,14230.0,5984000000.0,13500.0,14660.0,13370.0,423064.0,
101360,7870.0,290000000.0,7660.0,8050.0,7660.0,36754.0,225983000.0
451760,8430.0,954000000.0,8300.0,8730.0,8150.0,112532.0,
115310,9380.0,99000000.0,9590.0,9610.0,9210.0,10659.0,
048870,1578.0,1643000000.0,1476.0,1647.0,1476.0,1031426.0,
114840,8320.0,85000000.0,8370.0,8450.0,8260.0,10200.0,35553000.0
101970,9380.0,11000000.0,9480.0,9550.0,9380.0,1206.0,
211270,9180.0,533000000.0,9090.0,9320.0,9000.0,58137.0,
035610,5060.0,71000000.0,5050.0,5120.0,4995.0,14111.0,
158430,5620.0,5970000000.0,5550.0,5770.0,5490.0,1055482.0,
059120,7510.0,3381000000.0,7350.0,7590.0,7210.0,452614.0,
469610,15310.0,616000000.0,15520.0,15690.0,15250.0,39848.0,498579000.0
102120,7680.0,688000000.0,7690.0,7850.0,7575.0,89350.0,
232680,10290.0,1538000000.0,10120.0,10670.0,10070.0,147655.0,
052860,7620.0,2083000000.0,6790.0,7670.0,6790.0,282180.0,
073010,3380.0,378000000.0,3320.0,3415.0,3285.0,112474.0,
418420,4395.0,1453000000.0,4130.0,4480.0,4065.0,332431.0,
321550,4500.0,493000000.0,4450.0,4665.0,4440.0,108005.0,
054920,4785.0,5737000000.0,4790.0,5120.0,4755.0,1168928.0,
003100,20450.0,80000000.0,20450.0,20550.0,20300.0,3920.0,
115500,11200.0,19409000000.0,10100.0,11910.0,10060.0,1717502.0,
146320,10500.0,124000000.0,10700.0,10770.0,10230.0,11750.0,
136540,10940.0,71000000.0,10730.0,10950.0,10730.0,6500.0,
140670,10440.0,366000000.0,10470.0,10630.0,10300.0,35042.0,
265740,7500.0,2302000000.0,7460.0,7650.0,7370.0,305762.0,
047770,3540.0,2399000000.0,3635.0,3635.0,3490.0,676018.0,
156100,5990.0,1093000000.0,5930.0,6160.0,5860.0,181339.0,
038290,12310.0,423000000.0,12060.0,12550.0,12060.0,34497.0,
264660,13680.0,298000000.0,13600.0,13850.0,13500.0,21745.0,
035080,11850.0,218000000.0,11900.0,12040.0,11780.0,18298.0,
037070,6620.0,477000000.0,6430.0,6660.0,6360.0,72927.0,
228850,7970.0,182000000.0,7840.0,8240.0,7840.0,22857.0,
322310,14100.0,1116000000.0,14600.0,14700.0,13920.0,77929.0,
322510,5120.0,2100000000.0,4970.0,5560.0,4935.0,399495.0,
042510,11860.0,14449000000.0,11080.0,12180.0,10900.0,1230009.0,
240550,6280.0,1606000000.0,6090.0,6390.0,6090.0,254325.0,
126640,3750.0,1873000000.0,3840.0,3925.0,3730.0,491977.0,
079650,6550.0,6294000000.0,6330.0,6710.0,6060.0,982533.0,
052260,4365.0,12726000000.0,4040.0,4750.0,4010.0,2818373.0,
053260,6990.0,6014000000.0,6970.0,7400.0,6850.0,837191.0,
080420,1641.0,16000000.0,1595.0,1649.0,1578.0,9857.0,
115440,12110.0,107175000000.0,12230.0,13340.0,11710.0,8542104.0,
049720,9130.0,292000000.0,9080.0,9130.0,9010.0,32219.0,
142210,6290.0,976000000.0,6150.0,6300.0,6150.0,156282.0,
417500,3980.0,424000000.0,3965.0,4030.0,3865.0,106535.0,
153890,10820.0,29710000000.0,10000.0,12070.0,9880.0,2616882.0,
494120,8530.0,1363000000.0,8400.0,8940.0,8170.0,157386.0,779562000.0
001540,9970.0,461000000.0,10040.0,10080.0,9950.0,46111.0,
457550,13940.0,436000000.0,13770.0,14240.0,13550.0,31193.0,
105330,8080.0,292000000.0,8000.0,8220.0,7970.0,36230.0,
060150,2840.0,147000000.0,2785.0,2860.0,2775.0,51938.0,
417010,6400.0,895000000.0,6620.0,6690.0,6360.0,136870.0,
452190,5390.0,29297000000.0,4875.0,5450.0,4860.0,5602322.0,
285490,12190.0,280000000.0,12270.0,12410.0,12160.0,22899.0,
297090,4715.0,298000000.0,4500.0,4795.0,4500.0,63914.0,
321370,1820.0,8356000000.0,1813.0,1869.0,1780.0,4584466.0,
079960,16940.0,271000000.0,16720.0,17150.0,16630.0,15955.0,
361390,13100.0,332000000.0,13220.0,13580.0,13100.0,24933.0,
094840,12970.0,440000000.0,12600.0,13030.0,12440.0,34346.0,
267320,2210.0,585000000.0,2200.0,2275.0,2180.0,262163.0,
307750,2350.0,350000000.0,2285.0,2370.0,2250.0,150134.0,
338840,8190.0,264000000.0,8700.0,8820.0,7900.0,31252.0,241028000.00000003
095700,2770.0,532000000.0,2740.0,2845.0,2740.0,190486.0,
039840,9390.0,637000000.0,9440.0,9580.0,9310.0,67749.0,146205000.0
474170,7070.0,306000000.0,6990.0,7210.0,6840.0,43265.0,
027710,1129.0,144000000.0,1124.0,1132.0,1108.0,127693.0,
950190,9660.0,155000000.0,9650.0,9740.0,9500.0,16070.0,
282880,10750.0,162000000.0,10770.0,10960.0,10610.0,15031.0,
036690,2885.0,0.0,0.0,0.0,0.0,0.0,
408920,2890.0,25000000.0,2890.0,2910.0,2850.0,8702.0,
255220,1140.0,3126000000.0,1196.0,1230.0,1133.0,2682421.0,
021320,5820.0,33000000.0,5790.0,5910.0,5730.0,5669.0,
256940,6150.0,118000000.0,6070.0,6270.0,6000.0,19094.0,
293580,1300.0,250000000.0,1270.0,1318.0,1250.0,193284.0,
056090,1190.0,0.0,0.0,0.0,0.0,0.0,
108230,3230.0,398000000.0,3120.0,3260.0,3105.0,124166.0,
201490,3735.0,6528000000.0,3705.0,3800.0,3665.0,1745925.0,
402490,7140.0,600000000.0,7160.0,7420.0,7120.0,82661.0,
351320,3885.0,856000000.0,3675.0,4010.0,3670.0,219690.0,
095190,1841.0,126000000.0,1830.0,1849.0,1820.0,68833.0,
008830,6260.0,1141000000.0,6230.0,6370.0,6100.0,182302.0,
950250,3350.0,4126000000.0,3160.0,3600.0,3090.0,1227950.0,
071280,7800.0,1029000000.0,7950.0,8030.0,7800.0,130030.0,
290740,11830.0,729000000.0,12700.0,12700.0,11570.0,61446.0,
041440,6670.0,160000000.0,6610.0,6800.0,6600.0,24063.0,
443670,4955.0,1498000000.0,4920.0,5090.0,4850.0,299006.0,
331920,10610.0,417000000.0,11450.0,11450.0,10310.0,38761.0,
009780,6740.0,26000000.0,6740.0,6790.0,6700.0,3831.0,
017510,7780.0,628000000.0,7720.0,7930.0,7700.0,80457.0,
308080,5770.0,1369000000.0,5800.0,6660.0,5500.0,223006.0,
172670,13160.0,1383000000.0,13400.0,13750.0,13150.0,103456.0,
333430,3795.0,385000000.0,3740.0,3840.0,3700.0,101754.0,
041590,2370.0,0.0,0.0,0.0,0.0,0.0,
166480,2195.0,309000000.0,2125.0,2285.0,2125.0,138980.0,
101170,8570.0,196000000.0,8490.0,8770.0,8430.0,22898.0,
091440,3130.0,1678000000.0,3130.0,3250.0,3010.0,538049.0,
336680,2950.0,74000000.0,3015.0,3015.0,2915.0,24880.0,
297890,1578.0,326000000.0,1538.0,1587.0,1538.0,207779.0,
242040,3325.0,4440000000.0,3045.0,3790.0,3010.0,1293977.0,
051980,1035.0,0.0,0.0,0.0,0.0,0.0,
053080,8830.0,422000000.0,8790.0,9010.0,8670.0,47543.0,
474610,7960.0,657000000.0,7800.0,8130.0,7710.0,82135.0,
047310,3130.0,157000000.0,3145.0,3195.0,3060.0,49846.0,
049520,3715.0,159000000.0,3730.0,3730.0,3685.0,43034.0,
458650,7600.0,38000000.0,7700.0,7740.0,7540.0,4933.0,
141000,9420.0,133000000.0,9410.0,9440.0,9170.0,14353.0,
037350,7500.0,452000000.0,7790.0,7790.0,7500.0,59413.0,
122450,2535.0,87000000.0,2625.0,2630.0,2500.0,34242.0,
0007J0,14380.0,1756000000.0,14580.0,14580.0,14200.0,121311.0,
067990,3870.0,985000000.0,3800.0,3890.0,3790.0,254844.0,
054050,7040.0,89000000.0,7070.0,7090.0,7000.0,12654.0,
259630,9200.0,556000000.0,9040.0,9360.0,8950.0,60197.0,
090850,4995.0,99000000.0,4935.0,5030.0,4935.0,19934.0,
086980,1797.0,94000000.0,1778.0,1824.0,1777.0,52224.0,
290720,2930.0,112000000.0,3070.0,3180.0,2930.0,36781.0,
0011A0,11970.0,1804000000.0,12260.0,12470.0,11900.0,148157.0,
018120,16800.0,60000000.0,16670.0,17000.0,16670.0,3571.0,
051360,11880.0,77000000.0,11810.0,12050.0,11780.0,6449.0,34687000.0
389020,16100.0,962000000.0,16210.0,16700.0,15710.0,59044.0,
072950,13800.0,15009000000.0,14180.0,14600.0,13650.0,1060792.0,
217820,2335.0,1057000000.0,2295.0,2440.0,2255.0,451036.0,
209640,3885.0,6027000000.0,3950.0,4310.0,3815.0,1518151.0,
473980,10150.0,273000000.0,10160.0,10410.0,10130.0,26524.0,80233000.0
036630,7880.0,10000000.0,7770.0,7900.0,7770.0,1261.0,
396470,6840.0,463000000.0,6760.0,6940.0,6750.0,67584.0,
475230,10100.0,1113000000.0,10180.0,10980.0,9900.0,108748.0,
299030,13740.0,277000000.0,13320.0,13800.0,13240.0,20381.0,126264000.0
303810,3425.0,103661000000.0,2830.0,3600.0,2810.0,31549165.0,
083500,13180.0,2883000000.0,12230.0,13520.0,12130.0,219269.0,
039560,2550.0,299000000.0,2520.0,2565.0,2480.0,118009.0,
217270,2395.0,63000000.0,2400.0,2410.0,2365.0,26435.0,
063570,3195.0,48000000.0,3220.0,3220.0,3140.0,15239.0,
419050,1895.0,11327000000.0,1937.0,2010.0,1890.0,5816658.0,
040300,2255.0,1724000000.0,2215.0,2435.0,2180.0,745356.0,
339950,2390.0,61000000.0,2420.0,2420.0,2360.0,25416.0,
067900,5900.0,56000000.0,5850.0,5910.0,5810.0,9452.0,
039340,4875.0,14000000.0,4840.0,4875.0,4810.0,2984.0,
120240,14890.0,152000000.0,14700.0,14900.0,14620.0,10294.0,
394420,9720.0,535000000.0,9950.0,10300.0,9610.0,54035.0,
289930,8130.0,390000000.0,8200.0,8300.0,8020.0,47925.0,
106190,10000.0,52000000.0,9970.0,10060.0,9890.0,5165.0,
261780,3670.0,2568000000.0,3530.0,3795.0,3515.0,702097.0,
366030,4685.0,148000000.0,4690.0,4765.0,4620.0,31534.0,
334970,1365.0,211000000.0,1363.0,1369.0,1302.0,158592.0,
073560,1531.0,108000000.0,1523.0,1535.0,1510.0,71087.0,
182360,6800.0,130000000.0,6650.0,6800.0,6550.0,19369.0,
053350,4800.0,396000000.0,4600.0,4815.0,4470.0,84152.0,
130580,6860.0,125000000.0,6800.0,6950.0,6800.0,18152.0,
109740,4100.0,62000000.0,4075.0,4260.0,3970.0,15346.0,
038540,1905.0,17000000.0,1979.0,1979.0,1895.0,9177.0,
246710,2210.0,488000000.0,2325.0,2380.0,2205.0,214593.0,
014950,10440.0,110076000000.0,9310.0,10955.0,9210.0,10743032.0,
053700,3920.0,332000000.0,3850.0,3945.0,3825.0,85198.0,
311320,8280.0,102000000.0,8530.0,8600.0,8260.0,12178.0,
131030,5890.0,115000000.0,5840.0,5970.0,5830.0,19508.0,
123040,1657.0,94000000.0,1640.0,1662.0,1618.0,57238.0,
175250,1680.0,241000000.0,1701.0,1755.0,1633.0,144126.0,
357880,1900.0,723000000.0,1950.0,1968.0,1880.0,376911.0,
048550,1064.0,204000000.0,1071.0,1092.0,1054.0,190233.0,
189330,10930.0,1107000000.0,11390.0,11470.0,10830.0,98986.0,
125210,6200.0,531000000.0,6180.0,6320.0,6090.0,85199.0,
323990,4395.0,699000000.0,4400.0,4630.0,4290.0,157461.0,
475580,7500.0,279000000.0,7450.0,7580.0,7310.0,37504.0,
255440,7820.0,1095000000.0,7450.0,8000.0,7450.0,139795.0,
129920,6260.0,2626000000.0,6400.0,6520.0,6050.0,418648.0,
100700,2320.0,182000000.0,2290.0,2335.0,2270.0,79169.0,
198440,1667.0,1098000000.0,1642.0,1714.0,1635.0,658169.0,
063170,5700.0,47000000.0,5680.0,5770.0,5650.0,8172.0,
217190,7700.0,959000000.0,7450.0,7850.0,7390.0,125514.0,
453450,12710.0,225000000.0,12740.0,12880.0,12370.0,17715.0,
021080,2100.0,104000000.0,2080.0,2110.0,2080.0,49930.0,
059210,3700.0,134000000.0,3660.0,3710.0,3630.0,36457.0,
307930,6440.0,80000000.0,6510.0,6510.0,6390.0,12472.0,
310200,1925.0,167000000.0,1919.0,1930.0,1902.0,87161.0,
006620,3525.0,101000000.0,3545.0,3555.0,3485.0,28620.0,
173130,7680.0,1249000000.0,7600.0,7760.0,7390.0,163656.0,
309960,4315.0,113000000.0,4295.0,4320.0,4240.0,26355.0,
439580,2955.0,11595000000.0,2720.0,3375.0,2600.0,3766430.0,
246720,6070.0,0.0,0.0,0.0,0.0,0.0,
099750,7270.0,540000000.0,7160.0,7710.0,7160.0,72727.0,
411080,6500.0,2575000000.0,6340.0,6640.0,6150.0,396512.0,
250060,3080.0,619000000.0,3120.0,3205.0,3055.0,196457.0,
088130,5650.0,266000000.0,5620.0,5800.0,5450.0,46973.0,
235980,2860.0,206000000.0,2805.0,2935.0,2785.0,71652.0,
105740,9630.0,12815000000.0,7910.0,9760.0,7910.0,1405906.0,
246960,2875.0,830000000.0,2795.0,2900.0,2665.0,297323.0,
036010,7350.0,627000000.0,7350.0,7600.0,7330.0,83902.0,
352090,3625.0,1830000000.0,3600.0,4060.0,3600.0,485594.0,
066790,2205.0,0.0,0.0,0.0,0.0,0.0,
380550,7970.0,4395000000.0,8250.0,8670.0,7860.0,529576.0,
068240,2530.0,0.0,0.0,0.0,0.0,0.0,
298540,6650.0,23000000.0,6630.0,6740.0,6590.0,3502.0,
052420,9880.0,209000000.0,9740.0,9990.0,9680.0,21258.0,
330350,7280.0,505000000.0,7170.0,7360.0,7130.0,69424.0,
205100,1422.0,753000000.0,1382.0,1434.0,1378.0,530404.0,
036220,6700.0,9137000000.0,6320.0,7690.0,6190.0,1274706.0,
493330,11920.0,398000000.0,11410.0,11920.0,11220.0,34355.0,
317770,2585.0,294000000.0,2640.0,2690.0,2580.0,111863.0,
338220,6820.0,10650000000.0,6410.0,7240.0,6350.0,1532799.0,21416565000.0
074430,1068.0,158000000.0,1076.0,1119.0,1064.0,145239.0,
306620,1987.0,355000000.0,2035.0,2085.0,1976.0,176803.0,
017650,10800.0,0.0,0.0,0.0,0.0,0.0,
002230,5150.0,277000000.0,5050.0,5310.0,5010.0,53470.0,
042500,4240.0,77000000.0,4160.0,4265.0,4145.0,18268.0,
037030,3695.0,1309000000.0,3660.0,3815.0,3580.0,349383.0,
091120,5470.0,855000000.0,4970.0,5630.0,4830.0,159795.0,
005860,2375.0,406000000.0,2345.0,2385.0,2330.0,171848.0,
307870,1258.0,903000000.0,1253.0,1300.0,1228.0,719592.0,
049950,10580.0,163000000.0,10560.0,10860.0,10380.0,15325.0,
389030,2355.0,4862000000.0,1942.0,2500.0,1942.0,2068757.0,
109610,1879.0,103000000.0,1868.0,1904.0,1867.0,54643.0,
187790,2975.0,376000000.0,3060.0,3135.0,2970.0,123758.0,
282720,7570.0,123000000.0,7420.0,7580.0,7260.0,16539.0,
053580,7080.0,78000000.0,7000.0,7130.0,6900.0,11092.0,
045970,3485.0,138000000.0,3510.0,3600.0,3420.0,39605.0,
040420,5840.0,42000000.0,5830.0,5840.0,5810.0,7168.0,
192410,3635.0,194000000.0,3725.0,3890.0,3525.0,53550.0,
348350,9330.0,93000000.0,9500.0,9500.0,9150.0,10038.0,
086960,2135.0,1310000000.0,2045.0,2165.0,2020.0,617950.0,
023900,7200.0,31000000.0,7200.0,7350.0,7070.0,4320.0,
162300,2180.0,997000000.0,2170.0,2230.0,2150.0,454272.0,
093920,4850.0,39000000.0,4850.0,4860.0,4750.0,8155.0,
062970,2990.0,3559000000.0,3065.0,3135.0,2905.0,1178475.0,
357230,2170.0,262000000.0,2145.0,2260.0,2100.0,119540.0,
009300,14040.0,9000000.0,14000.0,14300.0,13860.0,659.0,
048530,2895.0,123000000.0,2900.0,2930.0,2860.0,42397.0,
066590,2310.0,65000000.0,2295.0,2345.0,2270.0,28139.0,
900260,1941.0,7000000.0,1851.0,1988.0,1851.0,3534.0,
457370,11050.0,2938000000.0,11330.0,11700.0,10900.0,262815.0,
432470,10150.0,427000000.0,10160.0,10380.0,10040.0,41725.0,
322180,4140.0,231000000.0,4025.0,4190.0,3960.0,56303.0,
362320,4295.0,74000000.0,4245.0,4345.0,4220.0,17170.0,
013310,2290.0,134000000.0,2290.0,2335.0,2285.0,57842.0,
047560,7560.0,254000000.0,7590.0,7820.0,7370.0,33147.0,
078140,7910.0,2326000000.0,7800.0,8970.0,7680.0,287329.0,
100130,1534.0,5553000000.0,1441.0,1717.0,1400.0,3435014.0,
054540,6740.0,293000000.0,6530.0,6810.0,6510.0,43613.0,
412350,6000.0,3878000000.0,5470.0,6280.0,5450.0,645668.0,
048910,6960.0,748000000.0,7140.0,7270.0,6950.0,104885.0,
052900,1140.0,607000000.0,1133.0,1143.0,1111.0,537771.0,
357580,7360.0,2708000000.0,7360.0,7800.0,7150.0,362669.0,
065450,2920.0,784000000.0,2910.0,2990.0,2870.0,266148.0,
096240,8410.0,36000000.0,8380.0,8500.0,8380.0,4314.0,
052460,5890.0,471000000.0,5960.0,5990.0,5800.0,79866.0,
223250,3495.0,3235000000.0,3400.0,3700.0,3375.0,912105.0,
033290,1527.0,34000000.0,1513.0,1530.0,1513.0,22173.0,
004650,9310.0,70000000.0,9330.0,9330.0,9250.0,7486.0,
085670,3480.0,4620000000.0,3120.0,3620.0,3120.0,1341276.0,
234300,3125.0,331000000.0,3110.0,3170.0,3065.0,105970.0,
330730,4660.0,36000000.0,4635.0,4680.0,4635.0,7691.0,
263720,6930.0,31000000.0,6850.0,6970.0,6810.0,4421.0,
072020,9150.0,32000000.0,9200.0,9200.0,9080.0,3509.0,
185490,1950.0,49000000.0,1930.0,1995.0,1927.0,25217.0,
094860,1586.0,467000000.0,1398.0,1587.0,1398.0,308204.0,
044990,10950.0,161000000.0,10840.0,11610.0,10580.0,14605.0,
049180,1009.0,0.0,0.0,0.0,0.0,0.0,
025950,9980.0,97000000.0,10050.0,10090.0,9850.0,9720.0,
183490,990.0,0.0,0.0,0.0,0.0,0.0,
100590,4885.0,2000000000.0,4995.0,5150.0,4860.0,401640.0,
029480,1400.0,25000000.0,1412.0,1419.0,1398.0,18096.0,
038110,2030.0,205000000.0,1998.0,2045.0,1992.0,101124.0,
066700,2245.0,367000000.0,2150.0,2330.0,2130.0,164556.0,
137950,3740.0,163000000.0,3570.0,3770.0,3560.0,43837.0,
226400,4025.0,224000000.0,3980.0,4055.0,3980.0,55841.0,
086710,6800.0,27000000.0,6790.0,6890.0,6780.0,4006.0,
215100,4075.0,130000000.0,4060.0,4145.0,4000.0,31632.0,
101330,3580.0,305000000.0,3460.0,3615.0,3415.0,86210.0,
063080,12560.0,385000000.0,11890.0,12770.0,11850.0,30967.0,
251120,9510.0,261000000.0,9260.0,9560.0,9150.0,27742.0,
033560,4835.0,147000000.0,4775.0,4950.0,4685.0,30747.0,
049080,9700.0,1592000000.0,9810.0,10050.0,9570.0,163483.0,
036640,5030.0,158000000.0,5030.0,5050.0,5000.0,31407.0,
478560,3180.0,83000000.0,3200.0,3275.0,3135.0,25977.0,
418470,9560.0,127000000.0,9420.0,9560.0,9370.0,13438.0,
066430,2090.0,479000000.0,2115.0,2135.0,2075.0,226398.0,
078890,4430.0,132000000.0,4445.0,4550.0,4345.0,29746.0,
389140,5700.0,404000000.0,5550.0,5800.0,5460.0,70899.0,
089230,2060.0,276000000.0,2165.0,2180.0,2040.0,132652.0,
037760,2400.0,21000000.0,2330.0,2425.0,2330.0,9035.0,
007820,3480.0,265000000.0,3505.0,3570.0,3455.0,75248.0,
412540,3935.0,0.0,0.0,0.0,0.0,0.0,
058820,547.0,338000000.0,550.0,556.0,534.0,620598.0,
140070,2190.0,119000000.0,2185.0,2210.0,2155.0,54459.0,
294630,3045.0,335000000.0,3020.0,3145.0,3010.0,108841.0,
147760,4030.0,1406000000.0,3830.0,4300.0,3700.0,339969.0,
0117P0,5680.0,370000000.0,5540.0,5720.0,5420.0,65875.0,
066980,1492.0,375000000.0,1466.0,1535.0,1466.0,248005.0,
234030,3390.0,249000000.0,3385.0,3445.0,3350.0,73344.0,
0015S0,8080.0,607000000.0,7930.0,8230.0,7830.0,74980.0,
004590,5310.0,145000000.0,5270.0,5350.0,5220.0,27469.0,
131370,1488.0,131000000.0,1455.0,1505.0,1442.0,88641.0,
381620,6040.0,177000000.0,6180.0,6190.0,6000.0,29208.0,
032540,3790.0,9000000.0,3795.0,3825.0,3710.0,2400.0,
067000,1131.0,84000000.0,1125.0,1160.0,1110.0,73906.0,
302550,2610.0,39000000.0,2625.0,2660.0,2575.0,15015.0,
365330,1574.0,265000000.0,1591.0,1599.0,1544.0,167995.0,
149980,4590.0,19000000.0,4610.0,4630.0,4535.0,4067.0,
032300,7220.0,31000000.0,7240.0,7320.0,7190.0,4311.0,
054670,5480.0,84000000.0,5460.0,5540.0,5400.0,15300.0,
475430,4400.0,511000000.0,4290.0,4475.0,4200.0,117047.0,
047820,3210.0,34000000.0,3230.0,3275.0,3210.0,10633.0,
950130,2230.0,99000000.0,2230.0,2325.0,2220.0,43763.0,
323350,9770.0,1047000000.0,10050.0,10690.0,9540.0,104625.0,
382840,5120.0,153000000.0,4935.0,5150.0,4885.0,30246.0,
000440,12550.0,124000000.0,12520.0,12670.0,12360.0,9829.0,
030960,4870.0,53000000.0,4885.0,4910.0,4830.0,10894.0,
024880,3900.0,350000000.0,3785.0,3915.0,3765.0,90883.0,
388870,6000.0,1552000000.0,5530.0,6470.0,5530.0,255209.0,
299660,2630.0,4603000000.0,2600.0,2880.0,2600.0,1670810.0,
142280,3230.0,674000000.0,3180.0,3285.0,3140.0,208856.0,
040160,6510.0,73000000.0,6400.0,6790.0,6320.0,11274.0,
058400,5840.0,65000000.0,5830.0,5840.0,5440.0,11384.0,
102370,2985.0,22000000.0,3000.0,3025.0,2950.0,7382.0,
079810,3585.0,96000000.0,3600.0,3690.0,3545.0,26480.0,
0017J0,2555.0,536000000.0,2515.0,2605.0,2480.0,209761.0,
253840,4595.0,411000000.0,4565.0,4650.0,4515.0,89256.0,
124560,1983.0,56000000.0,1944.0,1983.0,1928.0,28812.0,
066310,8280.0,707000000.0,8220.0,8460.0,8010.0,85308.0,
083790,997.0,178000000.0,993.0,1000.0,960.0,181464.0,
331380,2065.0,16000000.0,2155.0,2155.0,2020.0,7770.0,
225530,2100.0,14000000.0,2110.0,2110.0,2055.0,6469.0,
360070,9300.0,168000000.0,9200.0,9490.0,9000.0,18113.0,
073640,654.0,0.0,0.0,0.0,0.0,0.0,
041930,5000.0,72000000.0,5010.0,5090.0,4980.0,14338.0,
487580,3015.0,517000000.0,2915.0,3050.0,2900.0,171791.0,
187420,2320.0,3004000000.0,2280.0,2320.0,2210.0,1301785.0,
019550,940.0,428000000.0,969.0,969.0,923.0,456945.0,
396270,2300.0,408000000.0,2290.0,2345.0,2220.0,176744.0,
228340,3770.0,4147000000.0,3450.0,3960.0,3425.0,1107620.0,
012700,2900.0,51000000.0,2925.0,2925.0,2865.0,17625.0,
088390,8030.0,15000000.0,8110.0,8210.0,8020.0,1878.0,
371950,3195.0,689000000.0,3070.0,3355.0,3060.0,214842.0,
109670,12870.0,477000000.0,12870.0,12870.0,12870.0,37055.0,
040910,4130.0,38000000.0,4130.0,4200.0,4085.0,9137.0,
282620,12790.0,440000000.0,12710.0,12960.0,12640.0,34513.0,
011370,3710.0,62000000.0,3700.0,3725.0,3645.0,16979.0,
107600,13210.0,191000000.0,12960.0,13490.0,12810.0,14349.0,
263800,4600.0,382000000.0,4560.0,4680.0,4540.0,82619.0,
168330,2350.0,21000000.0,2365.0,2365.0,2315.0,9143.0,
058630,3975.0,150000000.0,3855.0,3980.0,3855.0,38096.0,
041910,5610.0,279000000.0,5400.0,5640.0,5360.0,50585.0,
011320,3855.0,58000000.0,3940.0,3940.0,3815.0,14941.0,
020710,3705.0,386000000.0,3650.0,3745.0,3610.0,105042.0,
038680,3730.0,242000000.0,3620.0,3795.0,3580.0,64965.0,
208140,2270.0,38000000.0,2255.0,2275.0,2240.0,16750.0,
451250,7240.0,68000000.0,7200.0,7330.0,7190.0,9396.0,
060570,4990.0,47000000.0,5000.0,5020.0,4855.0,9493.0,
080010,7500.0,17000000.0,7560.0,7560.0,7300.0,2252.0,
060590,3050.0,169000000.0,3040.0,3050.0,2960.0,55832.0,
017480,4775.0,72000000.0,4780.0,4780.0,4730.0,15207.0,
217330,3185.0,274000000.0,3025.0,3230.0,3010.0,87413.0,
487400,7170.0,1455000000.0,7440.0,7440.0,7150.0,199767.0,
084730,6620.0,19000000.0,6560.0,6680.0,6510.0,2844.0,
012790,6120.0,25000000.0,6080.0,6170.0,6080.0,4169.0,
320000,10610.0,1036000000.0,10630.0,10940.0,10480.0,96918.0,
170030,4775.0,50000000.0,4770.0,4810.0,4745.0,10510.0,
377480,10300.0,435000000.0,10350.0,10470.0,10090.0,42080.0,
065510,6720.0,171000000.0,6630.0,6740.0,6630.0,25556.0,
347890,4295.0,52000000.0,4295.0,4295.0,4150.0,12188.0,
024740,2220.0,149000000.0,2205.0,2245.0,2175.0,67483.0,
090470,4155.0,114000000.0,4260.0,4465.0,4150.0,27003.0,
039010,8410.0,441000000.0,8540.0,8600.0,8300.0,52049.0,
302430,7390.0,540000000.0,7340.0,7570.0,7210.0,72838.0,
091590,6160.0,1111000000.0,5960.0,6190.0,5810.0,185507.0,
171120,2010.0,141000000.0,1995.0,2015.0,1977.0,70684.0,
0155E0,13120.0,12185000000.0,12850.0,13850.0,12520.0,917530.0,
053280,2875.0,65000000.0,2830.0,2895.0,2810.0,22540.0,
234920,5310.0,0.0,0.0,0.0,0.0,0.0,
347000,1898.0,85000000.0,1835.0,1898.0,1800.0,45740.0,
039980,4990.0,244000000.0,5030.0,5080.0,4955.0,48575.0,
054040,4440.0,54000000.0,4420.0,4440.0,4385.0,12241.0,
117670,10680.0,326000000.0,11000.0,11000.0,10500.0,30419.0,
332370,5360.0,15000000.0,5180.0,5410.0,5180.0,2872.0,
038460,2810.0,137000000.0,2785.0,2850.0,2760.0,48747.0,
104460,6740.0,48000000.0,6690.0,6780.0,6650.0,7219.0,
262260,4700.0,420000000.0,4550.0,4800.0,4410.0,89075.0,
048430,6150.0,139000000.0,6100.0,6210.0,6030.0,22749.0,
128660,2850.0,104000000.0,2800.0,2850.0,2785.0,36824.0,
208370,2745.0,11375000000.0,2440.0,2855.0,2370.0,4154789.0,
413390,6250.0,102000000.0,6200.0,6330.0,6120.0,16293.0,
104040,2630.0,137000000.0,2690.0,2700.0,2495.0,52908.0,
045660,8530.0,81000000.0,8580.0,8700.0,8440.0,9549.0,
110790,3005.0,11000000.0,3020.0,3020.0,2925.0,3625.0,
024830,8420.0,26000000.0,8250.0,8590.0,8210.0,3092.0,
032850,4225.0,513000000.0,4045.0,4350.0,4045.0,120772.0,
026150,3995.0,84000000.0,3990.0,4045.0,3910.0,21143.0,
076610,1150.0,403000000.0,1122.0,1162.0,1120.0,352444.0,
136150,8340.0,156000000.0,8220.0,8640.0,8000.0,18779.0,
277880,3520.0,91000000.0,3460.0,3560.0,3430.0,26043.0,
067170,2540.0,1780000000.0,2455.0,2780.0,2405.0,697793.0,
337930,2400.0,175000000.0,2330.0,2455.0,2330.0,72812.0,
092040,984.0,1045000000.0,939.0,1083.0,939.0,1034603.0,
096350,1885.0,129000000.0,1882.0,1926.0,1866.0,68040.0,
228670,4420.0,188000000.0,4395.0,4465.0,4320.0,42805.0,
067570,1639.0,186000000.0,1623.0,1646.0,1610.0,113699.0,
483350,3110.0,932000000.0,3230.0,3230.0,3105.0,295315.0,
123010,3400.0,926000000.0,3415.0,3545.0,3235.0,278757.0,
153710,4685.0,35000000.0,4575.0,4770.0,4575.0,7461.0,
212710,7050.0,449000000.0,7000.0,7350.0,6880.0,63324.0,
054620,3720.0,77000000.0,3775.0,3865.0,3665.0,20446.0,
417790,6530.0,94000000.0,6690.0,6690.0,6480.0,14390.0,
460940,5080.0,162000000.0,5150.0,5220.0,5060.0,31476.0,
061040,7550.0,15000000.0,7510.0,7570.0,7410.0,2013.0,
294140,2740.0,50000000.0,2740.0,2855.0,2655.0,18595.0,
303360,5300.0,232000000.0,5370.0,5370.0,5110.0,44607.0,
456070,6180.0,754000000.0,6190.0,6220.0,6000.0,123215.0,
019540,5040.0,112000000.0,5040.0,5050.0,4960.0,22394.0,
214260,7620.0,41000000.0,7700.0,7830.0,7580.0,5344.0,
040350,3420.0,708000000.0,3775.0,3775.0,3285.0,203261.0,
123420,6490.0,19000000.0,6470.0,6570.0,6430.0,2905.0,
043610,1159.0,116000000.0,1164.0,1164.0,1126.0,101240.0,
0156T0,8620.0,732000000.0,8380.0,8780.0,8380.0,84858.0,
204840,4325.0,80000000.0,4285.0,4355.0,4250.0,18465.0,
010280,5150.0,109000000.0,5060.0,5180.0,5000.0,21462.0,
109860,7370.0,13000000.0,7300.0,7380.0,7220.0,1727.0,
049550,3420.0,7000000.0,3420.0,3440.0,3400.0,2142.0,
111710,3255.0,212000000.0,3195.0,3270.0,3090.0,67160.0,
096250,5670.0,215000000.0,5480.0,5820.0,5440.0,38191.0,
002800,4415.0,59000000.0,4425.0,4470.0,4410.0,13358.0,
004780,4210.0,67000000.0,4180.0,4235.0,4170.0,15867.0,
0004V0,6080.0,631000000.0,6260.0,6420.0,6080.0,102219.0,
265560,6250.0,122000000.0,6470.0,6540.0,6250.0,19248.0,
950220,1952.0,672000000.0,1895.0,2035.0,1885.0,340184.0,
049470,2825.0,467000000.0,2815.0,2955.0,2765.0,165877.0,
393210,4255.0,76585000000.0,3815.0,5050.0,3770.0,16765796.0,
417970,10380.0,119000000.0,10300.0,10470.0,10170.0,11584.0,
451220,8410.0,239000000.0,8450.0,8480.0,8210.0,28636.0,
100030,20150.0,81000000.0,19900.0,20200.0,19850.0,4070.0,
137080,6160.0,28000000.0,6260.0,6260.0,6080.0,4554.0,
067370,5390.0,167000000.0,5600.0,5660.0,5310.0,30488.0,
0218L0,12430.0,60000000.0,12400.0,12850.0,12260.0,4869.0,
006140,4400.0,112000000.0,4400.0,4465.0,4315.0,25648.0,
014970,4400.0,49000000.0,4380.0,4435.0,4355.0,11218.0,
046210,1432.0,526000000.0,1432.0,1432.0,1421.0,367664.0,
008370,5430.0,125000000.0,5370.0,5430.0,5370.0,23169.0,
155650,3410.0,296000000.0,3215.0,3440.0,3215.0,88057.0,
214680,3875.0,128000000.0,3965.0,3965.0,3775.0,33212.0,
222110,4785.0,6000000.0,4850.0,4850.0,4750.0,1190.0,
315640,2200.0,4364000000.0,2030.0,2440.0,1957.0,1925266.0,
318160,6910.0,103000000.0,7120.0,7120.0,6870.0,14891.0,
048770,4105.0,1125000000.0,4220.0,4290.0,4100.0,268754.0,
205470,2605.0,94000000.0,2555.0,2665.0,2550.0,35937.0,
065170,2300.0,935000000.0,2410.0,2440.0,2300.0,396452.0,
097800,2350.0,215000000.0,2450.0,2500.0,2280.0,88936.0,
033130,1723.0,77000000.0,1739.0,1739.0,1701.0,44910.0,
067920,5800.0,138000000.0,5900.0,5900.0,5720.0,23983.0,
382480,1618.0,52000000.0,1600.0,1626.0,1589.0,32194.0,
043650,3555.0,138000000.0,3570.0,3590.0,3495.0,39037.0,
424960,3835.0,38000000.0,3820.0,3895.0,3720.0,9930.0,
041460,3325.0,109000000.0,3380.0,3380.0,3265.0,32865.0,
089850,4285.0,32000000.0,4210.0,4295.0,4080.0,7582.0,
081150,2600.0,126000000.0,2610.0,2625.0,2510.0,48888.0,
064240,1814.0,43000000.0,1797.0,1877.0,1772.0,23957.0,
347860,1492.0,191000000.0,1441.0,1509.0,1440.0,128700.0,
299170,1510.0,31629000000.0,1393.0,1664.0,1365.0,20276915.0,
039610,6020.0,255000000.0,5880.0,6030.0,5760.0,42787.0,
001840,2215.0,0.0,0.0,0.0,0.0,0.0,
122350,1632.0,1049000000.0,1637.0,1668.0,1623.0,638901.0,
241790,6250.0,108000000.0,6330.0,6360.0,6120.0,17252.0,
005670,6250.0,60000000.0,6160.0,6260.0,6120.0,9685.0,
221800,3825.0,126000000.0,3750.0,3885.0,3665.0,32890.0,
056360,6360.0,3043000000.0,6320.0,6920.0,6120.0,459090.0,
036000,2705.0,17000000.0,2675.0,2750.0,2675.0,6176.0,
294090,1490.0,0.0,0.0,0.0,0.0,0.0,
214270,1372.0,19000000.0,1398.0,1399.0,1361.0,13863.0,
291230,2585.0,41000000.0,2565.0,2600.0,2520.0,15898.0,
463020,6900.0,613000000.0,6750.0,7030.0,6700.0,88510.0,
089790,6010.0,461000000.0,6110.0,6120.0,5850.0,77027.0,
094850,4405.0,64000000.0,4335.0,4430.0,4310.0,14524.0,
241690,2520.0,73000000.0,2485.0,2540.0,2440.0,28971.0,
095270,4290.0,144000000.0,4250.0,4390.0,4140.0,33619.0,
039420,2685.0,22000000.0,2660.0,2690.0,2640.0,8150.0,
066670,3280.0,30000000.0,3260.0,3310.0,3260.0,9285.0,
010240,5230.0,54000000.0,5220.0,5230.0,5190.0,10438.0,
331740,6270.0,72000000.0,6290.0,6360.0,6110.0,11470.0,
082210,1747.0,37000000.0,1799.0,1799.0,1711.0,20959.0,
203400,676.0,0.0,0.0,0.0,0.0,0.0,
014470,1064.0,65000000.0,1037.0,1066.0,1031.0,62284.0,
352910,4800.0,53000000.0,4840.0,4845.0,4550.0,11154.0,
016250,12000.0,12000000.0,11870.0,12060.0,11870.0,985.0,
460870,3010.0,174000000.0,3080.0,3090.0,2970.0,57636.0,
216050,4945.0,12000000.0,4950.0,4955.0,4900.0,2430.0,
010470,5030.0,21000000.0,5030.0,5040.0,4945.0,4222.0,
049480,1916.0,132000000.0,1900.0,1932.0,1873.0,68895.0,
365660,4470.0,14044000000.0,4380.0,4950.0,4355.0,3008175.0,
126880,2590.0,73000000.0,2575.0,2630.0,2535.0,28049.0,
290660,1400.0,404000000.0,1416.0,1436.0,1391.0,287236.0,
065530,1253.0,98000000.0,1223.0,1256.0,1212.0,79235.0,
900300,2905.0,138000000.0,2930.0,3110.0,2880.0,46626.0,
127710,1355.0,98000000.0,1387.0,1387.0,1331.0,72347.0,
950200,3100.0,229000000.0,3135.0,3185.0,3000.0,73175.0,
225190,4215.0,7397000000.0,4000.0,5280.0,3980.0,1528578.0,
054300,1021.0,125000000.0,1049.0,1053.0,1015.0,122039.0,
036090,1390.0,300000000.0,1399.0,1421.0,1381.0,213977.0,
033310,1479.0,46000000.0,1446.0,1500.0,1441.0,30749.0,
060310,1112.0,131000000.0,1096.0,1126.0,1090.0,118742.0,
033320,3085.0,58000000.0,3060.0,3100.0,3025.0,18804.0,
191420,7270.0,13000000.0,7190.0,7350.0,7070.0,1780.0,
045340,6870.0,101000000.0,6850.0,6870.0,6770.0,14775.0,
039020,2600.0,198000000.0,2565.0,2605.0,2515.0,77747.0,
003310,1659.0,191000000.0,1628.0,1668.0,1610.0,115405.0,
050960,8660.0,16000000.0,8710.0,8710.0,8660.0,1868.0,
036120,1661.0,111000000.0,1636.0,1661.0,1622.0,67243.0,
053620,6780.0,30000000.0,6710.0,6880.0,6700.0,4447.0,
037440,4185.0,395000000.0,4175.0,4240.0,4140.0,93984.0,
099520,1284.0,0.0,0.0,0.0,0.0,0.0,
025550,2275.0,105000000.0,2225.0,2275.0,2180.0,46543.0,
192250,8200.0,298000000.0,7960.0,8300.0,7880.0,36388.0,
059270,5190.0,130000000.0,5130.0,5290.0,5070.0,25063.0,
175140,2310.0,37000000.0,2370.0,2370.0,2225.0,15960.0,
448710,10880.0,136000000.0,10730.0,11080.0,10730.0,12454.0,
251630,3605.0,35000000.0,3605.0,3675.0,3540.0,9869.0,
273640,5230.0,40000000.0,5360.0,5360.0,5160.0,7662.0,
317530,3270.0,27000000.0,3310.0,3310.0,3155.0,8325.0,
263690,5050.0,65000000.0,5030.0,5050.0,5010.0,12934.0,
053050,1906.0,166000000.0,1850.0,1919.0,1850.0,87406.0,
238090,1874.0,14000000.0,1885.0,1885.0,1846.0,7429.0,
007370,4010.0,35000000.0,3930.0,4015.0,3930.0,8871.0,
291650,1857.0,29000000.0,1885.0,1916.0,1805.0,16038.0,
081180,6420.0,718000000.0,5900.0,6530.0,5830.0,113400.0,
278650,3250.0,503000000.0,3250.0,3250.0,3250.0,154863.0,
270520,1415.0,3679000000.0,2335.0,2335.0,1415.0,2337312.0,
457600,4130.0,416000000.0,4340.0,4345.0,3945.0,101543.0,
033230,1120.0,1326000000.0,1008.0,1175.0,1003.0,1182601.0,
215360,6130.0,92000000.0,6150.0,6300.0,6040.0,14985.0,
288180,7570.0,83000000.0,7550.0,7710.0,7450.0,10887.0,
053160,9300.0,57000000.0,9400.0,9520.0,9100.0,6185.0,
340930,806.0,0.0,0.0,0.0,0.0,0.0,
333620,5030.0,17000000.0,5200.0,5200.0,4900.0,3419.0,
420570,9440.0,207000000.0,9200.0,9650.0,9200.0,21953.0,
061250,6550.0,74000000.0,6380.0,6590.0,6340.0,11433.0,
217480,499.0,0.0,0.0,0.0,0.0,0.0,
036670,5080.0,46000000.0,5070.0,5090.0,5060.0,9114.0,
088280,3140.0,307000000.0,3170.0,3235.0,3100.0,97219.0,
459550,2150.0,8907000000.0,2090.0,2305.0,2065.0,4023867.0,
435570,7110.0,9000000.0,6850.0,7200.0,6840.0,1279.0,
263600,3390.0,44000000.0,3465.0,3465.0,3320.0,13089.0,
054930,18000.0,226000000.0,18000.0,19100.0,17890.0,12478.0,
443250,4995.0,49000000.0,5000.0,5000.0,4880.0,9851.0,
170790,8420.0,141000000.0,8260.0,8450.0,8170.0,16865.0,
040610,3160.0,56000000.0,3210.0,3210.0,3140.0,17879.0,
104540,4005.0,19000000.0,4005.0,4015.0,3925.0,4795.0,
340810,3845.0,542000000.0,3935.0,3990.0,3800.0,139745.0,
391710,1258.0,174000000.0,1247.0,1261.0,1219.0,140804.0,
459100,3980.0,19000000.0,3995.0,4000.0,3895.0,4920.0,
024910,1491.0,41000000.0,1495.0,1512.0,1489.0,27643.0,
052790,4870.0,4814000000.0,4000.0,4995.0,3985.0,1035441.0,
464490,4620.0,121000000.0,4565.0,4665.0,4440.0,26373.0,
261520,5170.0,138000000.0,5270.0,5320.0,5090.0,26553.0,
053270,1938.0,84000000.0,1923.0,1948.0,1912.0,43287.0,
419080,4885.0,100000000.0,4705.0,5030.0,4705.0,20486.0,
196300,5590.0,1596000000.0,5530.0,5590.0,5420.0,286703.0,
348150,2725.0,113000000.0,2670.0,2745.0,2655.0,42005.0,
024950,4260.0,18000000.0,4300.0,4325.0,4230.0,4176.0,
104620,3120.0,140000000.0,3120.0,3170.0,3090.0,44717.0,
109080,9280.0,264000000.0,9580.0,9750.0,9220.0,27959.0,
314140,6000.0,135000000.0,5950.0,6000.0,5850.0,22828.0,
348080,4045.0,648000000.0,3865.0,4255.0,3865.0,160976.0,
317850,6220.0,315000000.0,6160.0,6250.0,6090.0,50867.0,
064800,2025.0,117000000.0,2070.0,2100.0,2005.0,57001.0,
424980,8720.0,150000000.0,8600.0,8900.0,8480.0,17150.0,
043710,2980.0,25000000.0,3095.0,3095.0,2925.0,8513.0,
092300,2560.0,356000000.0,2415.0,2655.0,2395.0,141759.0,
347740,1718.0,40000000.0,1706.0,1780.0,1701.0,23620.0,
015710,2940.0,15000000.0,2930.0,2970.0,2900.0,5137.0,
027050,1288.0,57000000.0,1280.0,1300.0,1275.0,44467.0,
370090,6020.0,67000000.0,6050.0,6200.0,6010.0,10980.0,
246690,2165.0,106000000.0,2250.0,2270.0,2150.0,48064.0,
105760,5040.0,27000000.0,5090.0,5090.0,5000.0,5450.0,
088910,1991.0,85000000.0,2000.0,2000.0,1971.0,42925.0,
382150,3925.0,1436000000.0,3850.0,4200.0,3760.0,361794.0,
179530,1738.0,168000000.0,1768.0,1787.0,1700.0,97425.0,
376290,2890.0,5000000.0,2850.0,2910.0,2825.0,1821.0,
094940,6100.0,201000000.0,6200.0,6290.0,6100.0,32462.0,
408470,4815.0,305000000.0,4820.0,4940.0,4735.0,63277.0,
039240,1886.0,34000000.0,1898.0,1898.0,1875.0,17911.0,
163280,3735.0,105000000.0,3700.0,3815.0,3630.0,28070.0,
019990,5200.0,83000000.0,5210.0,5270.0,5110.0,15886.0,
452400,5570.0,13000000.0,5620.0,5630.0,5550.0,2374.0,
256630,4350.0,8000000.0,4345.0,4385.0,4300.0,1736.0,
393970,2825.0,0.0,0.0,0.0,0.0,0.0,
179900,2335.0,373000000.0,2315.0,2420.0,2285.0,158927.0,
317830,4660.0,138000000.0,4610.0,4790.0,4550.0,29441.0,
453860,7790.0,63000000.0,7880.0,7940.0,7660.0,8142.0,
071670,5000.0,38000000.0,5040.0,5050.0,4900.0,7596.0,
044340,2785.0,170000000.0,2760.0,2915.0,2730.0,60563.0,
046940,2750.0,165000000.0,2740.0,2770.0,2685.0,60040.0,
060560,1956.0,22000000.0,1956.0,1995.0,1936.0,11386.0,
219550,1200.0,66000000.0,1160.0,1239.0,1150.0,55832.0,
321820,3180.0,501000000.0,2985.0,3270.0,2940.0,161122.0,
0013V0,4990.0,73000000.0,4880.0,5050.0,4860.0,14779.0,
360350,9080.0,1368000000.0,7080.0,9200.0,6800.0,165491.0,
063440,1089.0,97000000.0,1106.0,1106.0,1079.0,88712.0,
122310,3390.0,14000000.0,3350.0,3390.0,3280.0,4130.0,
059100,6930.0,144000000.0,6940.0,6940.0,6700.0,21087.0,
340360,924.0,47000000.0,930.0,941.0,867.0,52123.0,
355690,5110.0,836000000.0,4975.0,5230.0,4975.0,164912.0,
311690,3740.0,30000000.0,3800.0,3800.0,3615.0,8114.0,
463480,3930.0,43000000.0,3905.0,3965.0,3905.0,11026.0,
042110,1007.0,131000000.0,999.0,1020.0,994.0,130162.0,
145170,2875.0,769000000.0,2815.0,3070.0,2750.0,265645.0,
384470,2700.0,714000000.0,2565.0,2850.0,2560.0,261324.0,
033170,2815.0,813000000.0,2785.0,2900.0,2680.0,290385.0,
217500,1516.0,74000000.0,1508.0,1538.0,1470.0,49034.0,
232830,2910.0,1233000000.0,2960.0,3085.0,2910.0,412771.0,
014190,1355.0,241000000.0,1325.0,1377.0,1301.0,177953.0,
361570,1668.0,27000000.0,1677.0,1677.0,1636.0,16262.0,
189860,4940.0,474000000.0,4995.0,5060.0,4920.0,95188.0,
418250,6550.0,0.0,0.0,0.0,0.0,0.0,
038010,5260.0,23000000.0,5340.0,5340.0,5210.0,4314.0,
440290,1718.0,3000000.0,1723.0,1723.0,1707.0,1479.0,
321260,1674.0,97000000.0,1672.0,1694.0,1647.0,57960.0,
150900,4015.0,276000000.0,3980.0,4085.0,3895.0,68592.0,
023440,521.0,0.0,0.0,0.0,0.0,0.0,
199550,3155.0,35000000.0,3390.0,3390.0,3105.0,11027.0,
189980,1158.0,29000000.0,1170.0,1170.0,1149.0,24975.0,
073110,5210.0,46000000.0,5140.0,5250.0,5110.0,9030.0,
053450,3120.0,135000000.0,3135.0,3170.0,3060.0,43327.0,
178780,2460.0,33000000.0,2505.0,2545.0,2450.0,13269.0,
229000,1957.0,0.0,0.0,0.0,0.0,0.0,
476040,6950.0,228000000.0,6750.0,7240.0,6750.0,32659.0,
131400,766.0,0.0,0.0,0.0,0.0,0.0,
373160,3360.0,17000000.0,3170.0,3450.0,3170.0,5187.0,
053980,2400.0,83000000.0,2370.0,2440.0,2350.0,34610.0,
471820,4030.0,9000000.0,4000.0,4130.0,3985.0,2332.0,
198080,2110.0,198000000.0,2100.0,2115.0,2075.0,94737.0,
277070,3305.0,119000000.0,3455.0,3585.0,3295.0,34621.0,
072470,2395.0,10000000.0,2440.0,2440.0,2355.0,4338.0,
094970,2700.0,160000000.0,2655.0,2710.0,2645.0,59562.0,
051390,3980.0,19000000.0,3980.0,4190.0,3935.0,4662.0,
114450,2255.0,133000000.0,2205.0,2265.0,2195.0,59573.0,
072990,3110.0,43000000.0,3050.0,3145.0,3035.0,13842.0,
037950,2665.0,33000000.0,2620.0,2730.0,2590.0,12632.0,
317690,2225.0,51000000.0,2190.0,2260.0,2190.0,22760.0,
900340,1259.0,89000000.0,1227.0,1270.0,1220.0,72184.0,
042040,5150.0,40000000.0,5380.0,5380.0,5000.0,7797.0,
083550,3290.0,9000000.0,3325.0,3330.0,3255.0,2617.0,
143540,1000.0,45000000.0,1006.0,1006.0,991.0,44764.0,
033340,460.0,0.0,0.0,0.0,0.0,0.0,
0010V0,8720.0,71000000.0,8590.0,8900.0,8430.0,8276.0,
900250,1241.0,100000000.0,1215.0,1255.0,1197.0,80748.0,
466410,8820.0,19000000.0,8680.0,8830.0,8660.0,2193.0,
260930,2295.0,18000000.0,2285.0,2360.0,2260.0,7965.0,
317870,5020.0,85000000.0,5030.0,5170.0,4825.0,17081.0,
068330,1001.0,38000000.0,1007.0,1015.0,998.0,38197.0,
288330,416.0,0.0,0.0,0.0,0.0,0.0,
065130,2755.0,49000000.0,2755.0,2795.0,2720.0,17673.0,
222420,910.0,73000000.0,932.0,932.0,896.0,80869.0,
258610,1207.0,29000000.0,1229.0,1229.0,1178.0,24354.0,
263700,2265.0,192000000.0,2200.0,2327.0,2115.0,85003.0,
286750,2745.0,136000000.0,2685.0,2775.0,2615.0,50437.0,
066130,3430.0,10000000.0,3480.0,3480.0,3430.0,2934.0,
070300,1235.0,1156000000.0,1442.0,1442.0,1175.0,912081.0,
082850,4525.0,81000000.0,4495.0,4560.0,4485.0,17996.0,
099410,3115.0,117000000.0,3110.0,3180.0,3040.0,37431.0,
050120,3195.0,67000000.0,3290.0,3290.0,2975.0,21476.0,
479960,6080.0,21000000.0,6020.0,6080.0,5940.0,3471.0,
022220,835.0,2000000.0,847.0,847.0,817.0,1861.0,
263020,3125.0,107000000.0,3085.0,3125.0,3055.0,34551.0,
413640,5990.0,82000000.0,5970.0,6180.0,5830.0,13651.0,
224110,8450.0,15000000.0,8300.0,8560.0,8300.0,1785.0,
460470,2825.0,416000000.0,3040.0,3120.0,2770.0,141619.0,
007680,3215.0,26000000.0,3185.0,3320.0,3180.0,7921.0,
140520,2010.0,15000000.0,2020.0,2020.0,1992.0,7638.0,
307280,5980.0,21000000.0,6200.0,6200.0,5920.0,3507.0,
129890,931.0,58000000.0,936.0,941.0,920.0,62232.0,
238120,2970.0,24000000.0,2970.0,3000.0,2875.0,8246.0,
290670,5370.0,74000000.0,5300.0,5640.0,5190.0,13909.0,
159580,2100.0,26000000.0,2065.0,2115.0,2045.0,12337.0,
226340,5010.0,7996000000.0,4495.0,5570.0,4495.0,1562725.0,
227950,1217.0,40000000.0,1196.0,1233.0,1196.0,32828.0,
032960,2375.0,77000000.0,2410.0,2410.0,2290.0,32678.0,
190650,6540.0,43000000.0,6410.0,6540.0,6390.0,6618.0,
199480,4090.0,73000000.0,4020.0,4100.0,3990.0,18058.0,
256150,4960.0,39000000.0,4955.0,5110.0,4860.0,7813.0,
056700,1418.0,20000000.0,1409.0,1422.0,1404.0,14313.0,
027830,762.0,86000000.0,778.0,784.0,750.0,113160.0,
053950,2095.0,1542000000.0,1975.0,2360.0,1975.0,704223.0,
261200,2595.0,16000000.0,2640.0,2640.0,2585.0,6146.0,
189690,1500.0,11000000.0,1464.0,1507.0,1464.0,7715.0,
086060,4755.0,30000000.0,4800.0,4815.0,4755.0,6396.0,
066900,1800.0,2000000.0,1751.0,1800.0,1720.0,1199.0,
002290,3295.0,39000000.0,3270.0,3355.0,3260.0,11884.0,
452200,1679.0,115000000.0,1697.0,1707.0,1670.0,67810.0,
461030,2845.0,88000000.0,2765.0,2975.0,2740.0,30699.0,
136410,3680.0,28000000.0,3680.0,3725.0,3630.0,7551.0,
263810,2540.0,73000000.0,2590.0,2590.0,2485.0,28617.0,
465480,3970.0,9000000.0,3985.0,3990.0,3925.0,2151.0,
184230,2130.0,197000000.0,2110.0,2175.0,2070.0,92779.0,
084650,2695.0,473000000.0,2880.0,2880.0,2665.0,174555.0,
007530,1792.0,12000000.0,1900.0,1900.0,1792.0,6687.0,
064090,798.0,0.0,0.0,0.0,0.0,0.0,
065440,1449.0,120000000.0,1453.0,1467.0,1428.0,83262.0,
218150,1935.0,67000000.0,1930.0,1945.0,1900.0,34489.0,
450330,4825.0,19000000.0,4950.0,5160.0,4750.0,3894.0,
044960,3105.0,24000000.0,3070.0,3105.0,3065.0,7718.0,
100660,3115.0,40000000.0,3100.0,3125.0,3065.0,13053.0,
373200,1567.0,99000000.0,1615.0,1654.0,1560.0,62038.0,
203450,2785.0,19000000.0,2785.0,2805.0,2745.0,6709.0,
049830,6390.0,9000000.0,6470.0,6540.0,6350.0,1431.0,
221840,2095.0,9000000.0,2110.0,2110.0,2020.0,4253.0,
263770,1650.0,9000000.0,1626.0,1650.0,1585.0,5453.0,
037230,1301.0,147000000.0,1357.0,1357.0,1290.0,111005.0,
234100,2655.0,29000000.0,2780.0,2780.0,2555.0,10950.0,
221980,9580.0,9000000.0,9660.0,9660.0,9450.0,935.0,
215380,2290.0,52000000.0,2380.0,2380.0,2235.0,22980.0,
208860,11310.0,144000000.0,12700.0,13160.0,11100.0,12582.0,
052220,1668.0,152000000.0,1662.0,1730.0,1651.0,90360.0,
352700,1457.0,13000000.0,1465.0,1465.0,1450.0,8875.0,
025880,2290.0,191000000.0,2305.0,2305.0,2270.0,83427.0,
050860,1689.0,22000000.0,1709.0,1709.0,1667.0,13049.0,
042940,5540.0,168000000.0,5660.0,5710.0,5470.0,29899.0,
273060,3835.0,42000000.0,3940.0,3945.0,3835.0,10822.0,
122690,1628.0,22000000.0,1617.0,1630.0,1600.0,13606.0,
046310,2285.0,89000000.0,2325.0,2340.0,2280.0,38496.0,
097870,4405.0,20000000.0,4320.0,4480.0,4285.0,4497.0,
019770,3210.0,20000000.0,3200.0,3245.0,3130.0,6407.0,
101240,3290.0,31000000.0,3305.0,3475.0,3290.0,9316.0,
065500,1043.0,74000000.0,1027.0,1045.0,1017.0,71099.0,
250000,5520.0,83000000.0,5640.0,5640.0,5370.0,15095.0,
208710,2820.0,782000000.0,2840.0,3085.0,2750.0,270734.0,
037370,4280.0,48000000.0,4490.0,4490.0,4100.0,11185.0,
081580,2360.0,71000000.0,2400.0,2405.0,2340.0,30108.0,
171010,2555.0,36000000.0,2565.0,2600.0,2470.0,14079.0,
219420,3185.0,38000000.0,3180.0,3195.0,3150.0,12103.0,
038070,3915.0,34000000.0,4040.0,4040.0,3910.0,8739.0,
121890,2730.0,74000000.0,2695.0,2750.0,2690.0,27114.0,
123570,1625.0,6000000.0,1650.0,1650.0,1618.0,3852.0,
043910,3190.0,35000000.0,3210.0,3230.0,3150.0,10809.0,
035460,2420.0,176000000.0,2465.0,2495.0,2415.0,72021.0,
153460,5520.0,6000000.0,5370.0,5580.0,5370.0,1183.0,
051490,2535.0,43000000.0,2570.0,2595.0,2525.0,16987.0,
284620,1087.0,0.0,0.0,0.0,0.0,0.0,
046390,2080.0,9000000.0,2125.0,2135.0,2025.0,4153.0,
318410,6460.0,26000000.0,6450.0,6490.0,6300.0,4020.0,
086040,2245.0,9000000.0,2250.0,2290.0,2225.0,4157.0,
060850,4405.0,48000000.0,4400.0,4435.0,4310.0,11024.0,
260660,2335.0,48000000.0,2290.0,2335.0,2250.0,20899.0,
397810,6930.0,166000000.0,6850.0,7050.0,6750.0,24118.0,
057540,602.0,0.0,0.0,0.0,0.0,0.0,
068940,778.0,0.0,0.0,0.0,0.0,0.0,
060540,1365.0,47000000.0,1385.0,1387.0,1314.0,34877.0,
177900,3685.0,25000000.0,3630.0,3720.0,3610.0,6893.0,
066360,1479.0,21000000.0,1520.0,1520.0,1476.0,14314.0,
014570,3220.0,18000000.0,3295.0,3295.0,3160.0,5634.0,
363250,4160.0,21000000.0,4415.0,4415.0,4150.0,4897.0,
045060,2085.0,27000000.0,2120.0,2120.0,2070.0,12977.0,
263050,959.0,0.0,0.0,0.0,0.0,0.0,
239890,3555.0,36000000.0,3580.0,3640.0,3510.0,10232.0,
258790,7060.0,178000000.0,6920.0,7470.0,6730.0,25154.0,
387570,6270.0,32000000.0,6280.0,6410.0,6000.0,5208.0,
446840,3200.0,34000000.0,3070.0,3250.0,3070.0,10497.0,
024120,3060.0,18000000.0,3065.0,3120.0,3040.0,5876.0,
039290,4040.0,40000000.0,3990.0,4080.0,3990.0,9771.0,
290120,2205.0,880000000.0,2130.0,2600.0,2080.0,379921.0,
186230,3185.0,16000000.0,3175.0,3190.0,3105.0,5137.0,
026040,2105.0,198000000.0,2210.0,2245.0,2100.0,92975.0,
452300,2450.0,93000000.0,2455.0,2510.0,2405.0,37531.0,
434480,2820.0,130000000.0,2800.0,2885.0,2715.0,46144.0,
196450,3815.0,36000000.0,3880.0,3980.0,3800.0,9402.0,
075130,2140.0,43000000.0,2170.0,2180.0,2140.0,19716.0,
204020,1772.0,36000000.0,1795.0,1795.0,1747.0,20563.0,
332290,4335.0,29000000.0,4320.0,4410.0,4310.0,6735.0,
106240,1289.0,92000000.0,1313.0,1346.0,1260.0,71790.0,
469750,991.0,0.0,0.0,0.0,0.0,0.0,
045510,1082.0,58000000.0,1119.0,1122.0,1041.0,53360.0,
900270,2730.0,158000000.0,2830.0,2835.0,2605.0,57531.0,
057030,2080.0,128000000.0,2080.0,2080.0,2000.0,63483.0,
406820,2400.0,979000000.0,2380.0,2430.0,2310.0,408767.0,
207760,2035.0,28000000.0,2025.0,2065.0,1990.0,13985.0,
054780,1710.0,567000000.0,1644.0,1880.0,1603.0,330816.0,
432430,2035.0,44000000.0,2120.0,2120.0,2000.0,21494.0,
310870,1530.0,49000000.0,1511.0,1552.0,1491.0,32257.0,
064520,1499.0,24000000.0,1466.0,1559.0,1466.0,16183.0,
220180,1400.0,12000000.0,1399.0,1400.0,1390.0,8714.0,
290090,4500.0,4000000.0,4510.0,4555.0,4455.0,835.0,
335810,1520.0,6000000.0,1549.0,1549.0,1484.0,3705.0,
080520,2930.0,5000000.0,2910.0,2950.0,2870.0,1798.0,
131090,4330.0,58000000.0,4330.0,4335.0,4275.0,13353.0,
038060,689.0,0.0,0.0,0.0,0.0,0.0,
006920,3035.0,116000000.0,3020.0,3070.0,2975.0,38283.0,
215090,1429.0,56000000.0,1509.0,1509.0,1422.0,38442.0,
099220,5250.0,97000000.0,5040.0,5500.0,5040.0,18410.0,
052600,2855.0,28000000.0,2900.0,2915.0,2855.0,9762.0,
476080,4080.0,23000000.0,3965.0,4100.0,3935.0,5757.0,
065950,1164.0,20000000.0,1160.0,1170.0,1135.0,17799.0,
417860,6980.0,75000000.0,6970.0,7150.0,6820.0,10685.0,
032790,1277.0,116000000.0,1210.0,1299.0,1194.0,94475.0,
153490,3180.0,9000000.0,3215.0,3215.0,3055.0,2914.0,
068050,1182.0,20000000.0,1188.0,1188.0,1151.0,17169.0,
0010F0,2930.0,19647000000.0,2555.0,3195.0,2435.0,6607908.0,
089140,2125.0,36000000.0,2105.0,2130.0,2065.0,17223.0,
104200,2195.0,77000000.0,2140.0,2220.0,2140.0,35307.0,
296640,6250.0,56000000.0,6350.0,6350.0,6010.0,9123.0,
109820,1586.0,34000000.0,1572.0,1599.0,1563.0,21219.0,
430690,2965.0,280000000.0,3000.0,3060.0,2915.0,93199.0,
021650,1975.0,6000000.0,1976.0,1980.0,1961.0,3043.0,
431190,4310.0,1158000000.0,4400.0,4615.0,4070.0,271000.0,
408900,985.0,46000000.0,990.0,1006.0,979.0,46293.0,
200780,3020.0,9000000.0,3010.0,3145.0,2965.0,3060.0,
270870,3580.0,14000000.0,3645.0,3715.0,3535.0,3890.0,
087600,3940.0,15000000.0,3975.0,3975.0,3860.0,3755.0,
226330,1326.0,497000000.0,1290.0,1448.0,1280.0,358720.0,
016600,2300.0,129000000.0,2395.0,2395.0,2275.0,55504.0,
025440,3290.0,40000000.0,3270.0,3445.0,3120.0,12259.0,
148930,3150.0,9000000.0,3025.0,3160.0,3025.0,3013.0,
318020,2600.0,32000000.0,2670.0,2670.0,2570.0,12434.0,
133750,1366.0,12000000.0,1370.0,1370.0,1340.0,8686.0,
090410,3465.0,39000000.0,3420.0,3485.0,3400.0,11327.0,
031510,1134.0,54000000.0,1138.0,1153.0,1120.0,48055.0,
033830,1672.0,4000000.0,1700.0,1700.0,1672.0,2194.0,
050110,1079.0,0.0,0.0,0.0,0.0,0.0,
072770,755.0,83000000.0,770.0,790.0,750.0,108438.0,
093380,3170.0,177000000.0,3120.0,3200.0,3110.0,55873.0,
197140,2400.0,30000000.0,2405.0,2405.0,2345.0,12354.0,
258830,412.0,0.0,0.0,0.0,0.0,0.0,
159910,2975.0,20000000.0,3010.0,3015.0,2915.0,6895.0,
356890,2605.0,49000000.0,2565.0,2610.0,2505.0,19355.0,
369370,3110.0,26000000.0,3085.0,3175.0,3030.0,8298.0,
012620,7040.0,5000000.0,7010.0,7080.0,6950.0,771.0,
271830,1050.0,99000000.0,1080.0,1105.0,1016.0,91343.0,
099390,3770.0,15000000.0,3785.0,3830.0,3710.0,3987.0,
037330,705.0,31000000.0,699.0,705.0,687.0,44557.0,
419120,2175.0,29000000.0,2190.0,2225.0,2155.0,13120.0,
127980,2610.0,18000000.0,2640.0,2675.0,2590.0,6821.0,
064480,2585.0,81000000.0,2635.0,2640.0,2565.0,31065.0,
173940,2005.0,6000000.0,2005.0,2030.0,1990.0,2997.0,
169330,1680.0,62000000.0,1630.0,1685.0,1591.0,37787.0,
075970,1671.0,77000000.0,1660.0,1750.0,1641.0,45697.0,
263920,3130.0,12000000.0,3150.0,3160.0,3060.0,3913.0,
388610,5760.0,36000000.0,5640.0,5830.0,5560.0,6444.0,
038950,3000.0,3000000.0,3000.0,3025.0,3000.0,1021.0,
038870,2185.0,102000000.0,2100.0,2250.0,2100.0,46325.0,
376980,3135.0,3000000.0,3190.0,3195.0,3040.0,1068.0,
464280,5530.0,40000000.0,5500.0,5570.0,5400.0,7301.0,
020180,3975.0,58000000.0,3985.0,4000.0,3730.0,14758.0,
300120,3085.0,108000000.0,3080.0,3205.0,3055.0,34717.0,
043340,643.0,48000000.0,669.0,669.0,620.0,75090.0,
091340,2605.0,91000000.0,2525.0,2610.0,2465.0,35630.0,
038620,2005.0,62000000.0,1980.0,2025.0,1966.0,30866.0,
462310,3840.0,22000000.0,3860.0,3860.0,3695.0,5872.0,
368970,2695.0,36000000.0,2775.0,2785.0,2650.0,13516.0,
246250,1969.0,0.0,0.0,0.0,0.0,0.0,
071850,1242.0,0.0,1245.0,1245.0,1241.0,257.0,
311390,2375.0,162000000.0,2335.0,2525.0,2280.0,67865.0,
097780,1469.0,8000000.0,1492.0,1492.0,1469.0,5567.0,
049120,2795.0,8000000.0,2795.0,2910.0,2785.0,2927.0,
237820,2300.0,34000000.0,2295.0,2320.0,2235.0,15093.0,
033540,2820.0,41000000.0,2850.0,2890.0,2710.0,14645.0,
444530,4570.0,26000000.0,4810.0,4810.0,4500.0,5570.0,
073540,2575.0,52000000.0,2625.0,2645.0,2565.0,19896.0,
297570,4235.0,21000000.0,4095.0,4250.0,3860.0,5314.0,
317240,1005.0,90000000.0,1020.0,1024.0,990.0,89414.0,
462980,1607.0,194000000.0,1615.0,1638.0,1585.0,120375.0,
452160,3040.0,16000000.0,3015.0,3045.0,2970.0,5394.0,
070590,2105.0,14000000.0,2120.0,2155.0,2065.0,6634.0,
088340,6690.0,46000000.0,6700.0,6880.0,6650.0,6775.0,
188260,2100.0,34000000.0,2265.0,2265.0,2020.0,15711.0,
236810,1713.0,49000000.0,1633.0,1716.0,1633.0,28910.0,
079170,5590.0,20000000.0,5770.0,5770.0,5550.0,3598.0,
336060,3010.0,11000000.0,3035.0,3035.0,2970.0,3701.0,
160550,1038.0,44000000.0,1030.0,1041.0,1020.0,42946.0,
200350,2895.0,578000000.0,2550.0,2995.0,2520.0,204933.0,
187270,2845.0,20000000.0,2810.0,2850.0,2780.0,7204.0,
206400,769.0,966000000.0,657.0,854.0,641.0,1202680.0,
031310,961.0,26000000.0,964.0,980.0,956.0,26743.0,
377030,2000.0,41000000.0,1988.0,2105.0,1970.0,19982.0,
073570,2370.0,213000000.0,2155.0,2385.0,2150.0,93661.0,
045300,2700.0,34000000.0,2710.0,2735.0,2675.0,12437.0,
239610,5280.0,1000000.0,5280.0,5320.0,5200.0,154.0,
078590,2850.0,124000000.0,2965.0,2965.0,2850.0,42957.0,
128540,1066.0,84000000.0,1099.0,1099.0,1064.0,78444.0,
288620,4075.0,57000000.0,4165.0,4190.0,4070.0,13837.0,
089150,1655.0,28000000.0,1628.0,1655.0,1606.0,16896.0,
008470,1688.0,56000000.0,1679.0,1696.0,1673.0,33245.0,
262840,2685.0,16000000.0,2685.0,2705.0,2650.0,6142.0,
333050,5760.0,98000000.0,5770.0,5890.0,5650.0,17021.0,
119500,2390.0,48000000.0,2375.0,2405.0,2335.0,20141.0,
290560,1261.0,105000000.0,1301.0,1318.0,1260.0,82157.0,
043220,1710.0,0.0,0.0,0.0,0.0,0.0,
068100,2355.0,6000000.0,2310.0,2370.0,2310.0,2438.0,
109960,1856.0,5000000.0,1900.0,1900.0,1852.0,2718.0,
254120,910.0,0.0,0.0,0.0,0.0,0.0,
351330,3375.0,56000000.0,3505.0,3505.0,3315.0,16500.0,
407400,1911.0,26000000.0,1886.0,1920.0,1850.0,14004.0,
114630,1619.0,43000000.0,1578.0,1619.0,1549.0,26754.0,
115480,2300.0,11000000.0,2365.0,2365.0,2225.0,4653.0,
450520,1895.0,22000000.0,1936.0,1939.0,1880.0,11423.0,
225220,1452.0,27000000.0,1434.0,1473.0,1421.0,18658.0,
224060,5390.0,7493000000.0,4395.0,5710.0,4275.0,1395010.0,
101670,489.0,109000000.0,492.0,497.0,475.0,223500.0,
191410,1784.0,119000000.0,1755.0,1795.0,1711.0,67525.0,
318010,3485.0,2000000.0,3460.0,3505.0,3410.0,603.0,
139670,1952.0,54000000.0,2030.0,2090.0,1889.0,28210.0,
198940,1383.0,51000000.0,1350.0,1399.0,1343.0,37138.0,
048470,2850.0,13000000.0,2850.0,2870.0,2785.0,4555.0,
464580,1494.0,84000000.0,1504.0,1509.0,1414.0,56558.0,
148250,2020.0,54000000.0,1993.0,2055.0,1993.0,26473.0,
367000,3275.0,16000000.0,3280.0,3400.0,3260.0,4879.0,
364950,3310.0,36000000.0,3345.0,3370.0,3305.0,10756.0,
067010,2520.0,130000000.0,2485.0,2520.0,2465.0,52105.0,
215790,680.0,433000000.0,681.0,696.0,661.0,638410.0,
195500,1713.0,63000000.0,1699.0,1717.0,1660.0,36678.0,
373170,1810.0,31000000.0,1799.0,1823.0,1786.0,17344.0,
096630,1723.0,22000000.0,1745.0,1760.0,1712.0,12416.0,
091970,3630.0,126000000.0,3605.0,3700.0,3535.0,34970.0,
069920,1205.0,103000000.0,1253.0,1291.0,1197.0,84637.0,
130500,1880.0,11000000.0,1894.0,1908.0,1865.0,5852.0,
462510,3105.0,792000000.0,2875.0,3340.0,2720.0,256972.0,
080530,2460.0,8000000.0,2500.0,2515.0,2450.0,3321.0,
900310,2125.0,6000000.0,2025.0,2210.0,2025.0,2894.0,
057680,1723.0,78000000.0,1770.0,1840.0,1723.0,44110.0,
017000,2330.0,22000000.0,2330.0,2360.0,2295.0,9565.0,
066910,1764.0,69000000.0,1817.0,1817.0,1736.0,39193.0,
007770,7730.0,13000000.0,7800.0,7900.0,7650.0,1688.0,
322780,1800.0,96000000.0,1800.0,1866.0,1730.0,53468.0,
032750,2965.0,13000000.0,2975.0,3000.0,2930.0,4468.0,
013720,2200.0,26000000.0,2235.0,2235.0,2140.0,11902.0,
016920,1041.0,16000000.0,1079.0,1079.0,1041.0,15328.0,
140430,2500.0,254000000.0,2535.0,2660.0,2420.0,100885.0,
359090,2325.0,27000000.0,2320.0,2325.0,2160.0,11807.0,
079000,3710.0,49000000.0,3800.0,3850.0,3690.0,13297.0,
389680,3210.0,474000000.0,3005.0,3255.0,2920.0,153949.0,
131220,3570.0,8000000.0,3555.0,3585.0,3540.0,2338.0,
900070,988.0,21000000.0,987.0,991.0,977.0,21415.0,
134060,5550.0,4000000.0,5570.0,5580.0,5310.0,646.0,
290270,2750.0,14000000.0,2800.0,2800.0,2715.0,5227.0,
348030,2740.0,25000000.0,2925.0,2925.0,2740.0,8889.0,
047080,1060.0,46000000.0,1075.0,1076.0,1047.0,43364.0,
363260,4080.0,35000000.0,4265.0,4285.0,4045.0,8598.0,
193250,1959.0,55000000.0,2065.0,2090.0,1943.0,27859.0,
096690,6500.0,27000000.0,6650.0,6690.0,6500.0,4045.0,
328380,3810.0,51000000.0,3725.0,3875.0,3610.0,13363.0,
043200,1248.0,149000000.0,1230.0,1273.0,1210.0,119507.0,
069410,2540.0,26000000.0,2545.0,2565.0,2510.0,10219.0,
019570,2725.0,23000000.0,2710.0,2820.0,2695.0,8558.0,
458350,2990.0,69000000.0,2965.0,3090.0,2880.0,23360.0,
103840,1582.0,21000000.0,1596.0,1596.0,1576.0,13225.0,
069140,1714.0,58000000.0,1698.0,1733.0,1687.0,34107.0,
376180,1392.0,34000000.0,1412.0,1422.0,1380.0,24061.0,
138070,1473.0,36000000.0,1495.0,1600.0,1463.0,23888.0,
053290,1555.0,7000000.0,1555.0,1621.0,1555.0,4632.0,
123840,1652.0,20000000.0,1750.0,1750.0,1626.0,11789.0,
033050,804.0,6000000.0,803.0,806.0,798.0,7871.0,
027040,1838.0,854000000.0,1829.0,1915.0,1790.0,463759.0,
001810,1153.0,58000000.0,1165.0,1215.0,1143.0,49476.0,
016670,2500.0,13000000.0,2520.0,2535.0,2450.0,5398.0,
398120,2150.0,71000000.0,2150.0,2170.0,2050.0,33904.0,
052300,1567.0,388000000.0,1592.0,1630.0,1541.0,246434.0,
355390,1603.0,982000000.0,1544.0,1731.0,1505.0,602207.0,
206560,1001.0,332000000.0,915.0,1009.0,896.0,341968.0,
105550,1622.0,81000000.0,1650.0,1660.0,1622.0,49408.0,
238490,2245.0,38000000.0,2385.0,2390.0,2240.0,16569.0,
044780,1370.0,24000000.0,1384.0,1384.0,1362.0,17248.0,
101680,3015.0,28000000.0,2990.0,3035.0,2925.0,9540.0,
146060,1054.0,26000000.0,1047.0,1065.0,1039.0,25123.0,
101400,1665.0,307000000.0,1663.0,1680.0,1576.0,190992.0,
076080,1113.0,28000000.0,1130.0,1151.0,1082.0,24858.0,
060380,1275.0,4000000.0,1296.0,1296.0,1275.0,3213.0,
054090,1006.0,62000000.0,1030.0,1030.0,995.0,61304.0,
383930,1960.0,824000000.0,1618.0,2070.0,1618.0,429899.0,
123750,1813.0,22000000.0,1849.0,1849.0,1770.0,12535.0,
083660,1431.0,111000000.0,1515.0,1521.0,1430.0,76186.0,
090150,5950.0,29000000.0,5970.0,5970.0,5870.0,4835.0,
021880,1172.0,49000000.0,1158.0,1200.0,1151.0,42036.0,
035200,2695.0,169000000.0,2580.0,2705.0,2540.0,64617.0,
083640,5400.0,43000000.0,5400.0,5460.0,5270.0,7902.0,
115530,2880.0,79000000.0,2750.0,2930.0,2700.0,27856.0,
038880,3285.0,77000000.0,3155.0,3345.0,3140.0,23425.0,
368600,956.0,0.0,0.0,0.0,0.0,0.0,
131180,4185.0,22000000.0,4140.0,4195.0,4110.0,5294.0,
415380,2140.0,8000000.0,2140.0,2145.0,2105.0,3672.0,
223310,2995.0,45000000.0,3000.0,3030.0,2935.0,15159.0,
039740,3030.0,25000000.0,3015.0,3080.0,2990.0,8134.0,
177830,2145.0,47000000.0,2135.0,2160.0,2025.0,22792.0,
351870,2165.0,38000000.0,2175.0,2270.0,2110.0,17384.0,
148780,3840.0,183000000.0,3800.0,3965.0,3740.0,47502.0,
290520,1532.0,12000000.0,1610.0,1610.0,1530.0,7391.0,
405920,1869.0,9000000.0,1864.0,1943.0,1831.0,4600.0,
318000,2750.0,13000000.0,2770.0,2780.0,2740.0,4846.0,
475660,3005.0,151000000.0,3160.0,3160.0,2960.0,49478.0,
058110,1478.0,41000000.0,1503.0,1506.0,1478.0,27351.0,
267790,3070.0,9000000.0,3130.0,3130.0,3070.0,2849.0,
020400,2600.0,51000000.0,2595.0,2725.0,2550.0,19417.0,
378800,510.0,0.0,0.0,0.0,0.0,0.0,
054940,3550.0,261000000.0,3665.0,3665.0,3540.0,72819.0,
060230,1205.0,94000000.0,1254.0,1267.0,1195.0,77750.0,
023770,2625.0,18000000.0,2650.0,2690.0,2560.0,6958.0,
464500,1678.0,43000000.0,1693.0,1693.0,1635.0,25452.0,
115160,5450.0,17000000.0,5680.0,5730.0,5450.0,3113.0,
043590,1729.0,27000000.0,1717.0,1755.0,1681.0,15810.0,
208350,2890.0,32000000.0,2925.0,2995.0,2890.0,10783.0,
365590,1269.0,39000000.0,1299.0,1299.0,1253.0,31053.0,
188040,4980.0,33000000.0,4840.0,5160.0,4840.0,6668.0,
417180,4055.0,3000000.0,4210.0,4210.0,4020.0,652.0,
222980,2100.0,25000000.0,2140.0,2185.0,2005.0,11792.0,
187220,2010.0,42000000.0,2100.0,2100.0,1990.0,20636.0,
007720,1149.0,10000000.0,1136.0,1159.0,1124.0,9163.0,
352940,2125.0,38000000.0,2160.0,2160.0,2085.0,18109.0,
033200,2500.0,9000000.0,2530.0,2530.0,2460.0,3763.0,
036480,6050.0,24000000.0,6170.0,6170.0,6000.0,3908.0,
219750,1752.0,80000000.0,1644.0,1797.0,1624.0,47102.0,
016100,1200.0,51000000.0,1252.0,1252.0,1199.0,42096.0,
002680,2955.0,140000000.0,2825.0,2990.0,2710.0,49480.0,
298060,2375.0,14000000.0,2440.0,2440.0,2370.0,6089.0,
051380,1489.0,33000000.0,1506.0,1530.0,1489.0,21987.0,
018680,1959.0,5000000.0,1948.0,1969.0,1917.0,2578.0,
032680,986.0,32000000.0,981.0,994.0,974.0,32530.0,
045520,3485.0,251000000.0,3190.0,3580.0,3190.0,74554.0,
032800,1491.0,8000000.0,1471.0,1501.0,1468.0,5618.0,
013810,1536.0,43000000.0,1559.0,1560.0,1526.0,27997.0,
257370,1799.0,61000000.0,1790.0,1867.0,1673.0,34219.0,
065690,1870.0,48000000.0,1843.0,1876.0,1807.0,25793.0,
039310,1239.0,15000000.0,1239.0,1320.0,1233.0,12333.0,
303530,3030.0,35000000.0,3115.0,3115.0,2855.0,11652.0,
017250,1055.0,39000000.0,1065.0,1098.0,1054.0,37079.0,
192390,1851.0,24000000.0,1895.0,1895.0,1829.0,12899.0,
044480,3330.0,18000000.0,3400.0,3535.0,3330.0,5443.0,
032860,2740.0,15000000.0,2770.0,2770.0,2680.0,5446.0,
238200,2685.0,3000000.0,2635.0,2735.0,2570.0,1199.0,
377330,2695.0,9000000.0,2770.0,2855.0,2660.0,3323.0,
115570,2745.0,67000000.0,2835.0,2835.0,2660.0,24662.0,
063760,2350.0,56000000.0,2380.0,2390.0,2340.0,23603.0,
432980,2545.0,22000000.0,2575.0,2635.0,2510.0,8724.0,
237750,3360.0,31000000.0,3435.0,3500.0,3325.0,9138.0,
241840,2280.0,16000000.0,2385.0,2385.0,2230.0,7148.0,
027580,1835.0,202000000.0,1899.0,1899.0,1781.0,108320.0,
032080,1010.0,0.0,0.0,0.0,0.0,0.0,
053060,1229.0,16000000.0,1213.0,1236.0,1208.0,13498.0,
065370,2935.0,15000000.0,2950.0,2950.0,2875.0,5020.0,
317120,1419.0,67000000.0,1428.0,1444.0,1406.0,47216.0,
018700,1288.0,28000000.0,1316.0,1327.0,1270.0,21728.0,
331520,2190.0,55000000.0,2240.0,2240.0,2155.0,25273.0,
340440,756.0,0.0,0.0,0.0,0.0,0.0,
277410,5580.0,5000000.0,5890.0,5890.0,5560.0,860.0,
247660,4095.0,79000000.0,4085.0,4195.0,4035.0,19240.0,
032280,1321.0,74000000.0,1330.0,1349.0,1319.0,55346.0,
067730,2210.0,15000000.0,2215.0,2215.0,2175.0,6687.0,
054220,1690.0,68000000.0,1728.0,1728.0,1662.0,40146.0,
130740,1880.0,36000000.0,1895.0,1930.0,1877.0,18876.0,
276730,897.0,90000000.0,994.0,994.0,883.0,99209.0,
154040,9780.0,130000000.0,9500.0,10760.0,8920.0,13725.0,
043360,2340.0,31000000.0,2350.0,2350.0,2245.0,13417.0,
344860,1399.0,40000000.0,1408.0,1477.0,1370.0,28759.0,
424760,2075.0,33000000.0,2250.0,2250.0,2060.0,16056.0,
440320,2095.0,44000000.0,2170.0,2170.0,2075.0,21084.0,
024940,2090.0,55000000.0,2010.0,2095.0,2005.0,26850.0,
200230,2200.0,14000000.0,2170.0,2210.0,2160.0,6403.0,
215480,1942.0,10000000.0,1988.0,1988.0,1942.0,5312.0,
372800,2960.0,42000000.0,3160.0,3185.0,2960.0,13766.0,
095910,568.0,62000000.0,576.0,578.0,560.0,108505.0,
362990,1228.0,11000000.0,1282.0,1282.0,1223.0,8828.0,
019660,1477.0,69000000.0,1530.0,1530.0,1460.0,46606.0,
429270,3190.0,356000000.0,3100.0,3330.0,3065.0,111151.0,
021040,944.0,10000000.0,941.0,944.0,903.0,10285.0,
361670,3615.0,83000000.0,3590.0,3615.0,3520.0,23038.0,
438700,1820.0,57000000.0,1850.0,1850.0,1782.0,31228.0,
275630,3850.0,37000000.0,3895.0,3895.0,3710.0,9601.0,
069330,1192.0,9000000.0,1250.0,1250.0,1190.0,7365.0,
038530,3890.0,36000000.0,4070.0,4165.0,3820.0,9039.0,
353190,2550.0,8000000.0,2580.0,2580.0,2545.0,3280.0,
301300,1522.0,210000000.0,1599.0,1599.0,1457.0,137478.0,
289220,890.0,67000000.0,905.0,930.0,884.0,73561.0,
900110,5380.0,13000000.0,5410.0,5430.0,5350.0,2393.0,
026910,2495.0,422000000.0,2520.0,2700.0,2425.0,165832.0,
085810,1397.0,35000000.0,1418.0,1429.0,1390.0,25260.0,
098660,1570.0,26000000.0,1624.0,1624.0,1547.0,16692.0,
080470,2685.0,20000000.0,2685.0,2725.0,2675.0,7315.0,
048830,1044.0,83000000.0,1026.0,1059.0,1026.0,78747.0,
347770,861.0,41000000.0,851.0,870.0,840.0,48142.0,
115610,1643.0,57000000.0,1567.0,1662.0,1560.0,35194.0,
227610,1002.0,44000000.0,1017.0,1017.0,985.0,43734.0,
073190,1622.0,0.0,0.0,0.0,0.0,0.0,
113810,2970.0,72000000.0,2980.0,3080.0,2930.0,24398.0,
353590,1501.0,26000000.0,1420.0,1514.0,1419.0,17994.0,
050760,1183.0,35000000.0,1168.0,1183.0,1161.0,30019.0,
342870,3535.0,13000000.0,3500.0,3560.0,3490.0,3772.0,
154030,1597.0,73000000.0,1625.0,1625.0,1521.0,45929.0,
214610,2290.0,0.0,0.0,0.0,0.0,0.0,
065150,1203.0,51000000.0,1230.0,1232.0,1165.0,43015.0,
018620,2765.0,18000000.0,2795.0,2795.0,2700.0,6682.0,
083470,896.0,29000000.0,911.0,911.0,874.0,32280.0,
084440,4990.0,28000000.0,5060.0,5210.0,4950.0,5592.0,
054410,3325.0,2000000.0,3400.0,3400.0,3315.0,454.0,
096870,2275.0,55000000.0,2340.0,2340.0,2265.0,24242.0,
079950,1374.0,350000000.0,1164.0,1420.0,1130.0,270008.0,
274400,2085.0,12000000.0,2135.0,2135.0,2070.0,5907.0,
009620,5400.0,198000000.0,5060.0,5400.0,5060.0,37844.0,
252500,2260.0,39000000.0,2290.0,2310.0,2245.0,17441.0,
031860,6930.0,0.0,0.0,0.0,0.0,0.0,
455180,1268.0,23000000.0,1269.0,1278.0,1189.0,18865.0,
195990,1145.0,73000000.0,1130.0,1155.0,1130.0,63752.0,
365900,2550.0,58000000.0,2540.0,2635.0,2455.0,22835.0,
110020,2055.0,12000000.0,2060.0,2065.0,1985.0,6154.0,
056730,1253.0,19000000.0,1297.0,1297.0,1241.0,15103.0,
014100,1573.0,61000000.0,1558.0,1574.0,1506.0,39003.0,
405000,3445.0,35000000.0,3730.0,3740.0,3410.0,9815.0,
065060,3090.0,15000000.0,3095.0,3172.0,3030.0,4884.0,
403490,2015.0,34000000.0,2125.0,2125.0,2000.0,16484.0,
419540,3105.0,27000000.0,3080.0,3150.0,3055.0,8605.0,
196700,1286.0,43000000.0,1315.0,1315.0,1274.0,32820.0,
131100,2860.0,4529000000.0,3600.0,3885.0,2825.0,1322107.0,
051780,2425.0,124000000.0,2480.0,2485.0,2380.0,50953.0,
023790,1405.0,146000000.0,1428.0,1485.0,1400.0,102683.0,
210120,1873.0,136000000.0,1892.0,1940.0,1809.0,73340.0,
088290,2260.0,26000000.0,2150.0,2260.0,2110.0,11615.0,
279600,3830.0,4000000.0,3890.0,3940.0,3830.0,1122.0,
137940,1818.0,22000000.0,1868.0,1868.0,1800.0,12198.0,
078860,2885.0,158000000.0,2710.0,2950.0,2645.0,57058.0,
037400,3370.0,104000000.0,3365.0,3415.0,3330.0,31046.0,
373110,1012.0,52000000.0,999.0,1032.0,999.0,50600.0,
900120,1040.0,0.0,0.0,0.0,0.0,0.0,
092600,3440.0,1586000000.0,2750.0,3645.0,2680.0,501562.0,
0197V0,1904.0,490000000.0,1915.0,1917.0,1900.0,257308.0,
482680,2055.0,0.0,0.0,0.0,0.0,0.0,
477380,2080.0,22000000.0,2075.0,2080.0,2070.0,10420.0,
241820,6040.0,0.0,0.0,0.0,0.0,0.0,
034940,2680.0,237000000.0,2605.0,2710.0,2580.0,89635.0,
309930,858.0,34000000.0,857.0,860.0,821.0,40057.0,
0200G0,1896.0,1830000000.0,1902.0,1915.0,1894.0,964236.0,
225590,3210.0,99000000.0,3180.0,3250.0,3160.0,31002.0,
050090,688.0,26000000.0,730.0,730.0,653.0,37409.0,
285800,4500.0,367000000.0,4530.0,4570.0,4235.0,84094.0,
376930,1562.0,105000000.0,1552.0,1635.0,1525.0,66934.0,
009730,1999.0,70000000.0,1951.0,2050.0,1951.0,34923.0,
060480,1430.0,472000000.0,1544.0,1549.0,1318.0,333612.0,
065650,1435.0,21000000.0,1417.0,1459.0,1417.0,14859.0,
0072Z0,1970.0,9000000.0,1962.0,1970.0,1962.0,4409.0,
060900,2370.0,926000000.0,2795.0,2800.0,2315.0,371307.0,
477340,2060.0,89000000.0,2055.0,2060.0,2055.0,43248.0,
101000,1550.0,322000000.0,1465.0,1550.0,1413.0,214245.0,
0101C0,1964.0,2000000.0,1955.0,1980.0,1954.0,1080.0,
0130H0,1974.0,10000000.0,1975.0,1991.0,1971.0,4963.0,
030350,973.0,0.0,0.0,0.0,0.0,0.0,
177350,1508.0,91000000.0,1524.0,1596.0,1475.0,59851.0,
0044K0,1980.0,6000000.0,1986.0,1986.0,1970.0,2996.0,
103230,2065.0,68000000.0,2140.0,2140.0,2005.0,32992.0,
473050,2100.0,0.0,0.0,0.0,0.0,0.0,
475460,2600.0,43000000.0,2520.0,2620.0,2465.0,16595.0,
0115H0,1978.0,10000000.0,1978.0,1978.0,1971.0,4836.0,
489480,2200.0,0.0,0.0,0.0,0.0,0.0,
289010,1034.0,184000000.0,1170.0,1180.0,1002.0,176067.0,
478440,2065.0,89000000.0,2060.0,2065.0,2045.0,43319.0,
239340,2640.0,164000000.0,2580.0,2795.0,2350.0,64974.0,
479880,2070.0,1000000.0,2070.0,2070.0,2060.0,685.0,
335870,4200.0,94000000.0,4315.0,4570.0,4170.0,21733.0,
0165X0,1937.0,37000000.0,1931.0,1941.0,1920.0,19356.0,
306040,1507.0,84000000.0,1551.0,1551.0,1438.0,56334.0,
0099W0,1978.0,1000000.0,1963.0,1980.0,1963.0,588.0,
035620,743.0,155000000.0,653.0,755.0,653.0,213955.0,
0209J0,1893.0,1363000000.0,1902.0,1902.0,1888.0,719719.0,
304840,561.0,0.0,0.0,0.0,0.0,0.0,
352770,5250.0,0.0,0.0,0.0,0.0,0.0,
244460,1651.0,0.0,0.0,0.0,0.0,0.0,
0134X0,1972.0,2000000.0,1969.0,1977.0,1969.0,1063.0,
067770,1570.0,0.0,0.0,0.0,0.0,0.0,
0164H0,1947.0,12000000.0,1941.0,1950.0,1941.0,6130.0,
481890,2070.0,2000000.0,2070.0,2070.0,2065.0,1136.0,
303030,1424.0,18000000.0,1468.0,1469.0,1402.0,12897.0,
0099X0,2180.0,0.0,0.0,0.0,0.0,0.0,
0096B0,1981.0,2000000.0,1975.0,1981.0,1968.0,1046.0,
489730,2035.0,90000000.0,2035.0,2035.0,2015.0,44315.0,
478390,2070.0,3000000.0,2075.0,2075.0,2065.0,1438.0,
0097F0,1969.0,1000000.0,1969.0,1969.0,1964.0,724.0,
418620,643.0,231000000.0,665.0,678.0,617.0,361867.0,
054180,2295.0,0.0,0.0,0.0,0.0,0.0,
492220,2030.0,14000000.0,2040.0,2040.0,2015.0,6920.0,
482520,2065.0,0.0,0.0,0.0,0.0,0.0,
0037T0,1983.0,13000000.0,1985.0,1985.0,1973.0,6678.0,
0093G0,1961.0,0.0,1960.0,1969.0,1955.0,203.0,
028080,5170.0,15000000.0,5110.0,5230.0,5110.0,2933.0,
0091W0,2045.0,10000000.0,2040.0,2060.0,2035.0,5084.0,
377220,2190.0,534000000.0,2375.0,2450.0,2000.0,254351.0,
0054V0,1994.0,0.0,1999.0,1999.0,1994.0,84.0,
0131D0,1954.0,6000000.0,1962.0,1962.0,1954.0,3180.0,
065570,764.0,0.0,0.0,0.0,0.0,0.0,
208640,878.0,570000000.0,801.0,1024.0,801.0,621596.0,
079190,1274.0,72000000.0,1459.0,1459.0,1180.0,57225.0,
477760,2065.0,1000000.0,2070.0,2070.0,2065.0,299.0,
0088D0,2055.0,28000000.0,2060.0,2060.0,2035.0,13630.0,
0041L0,1974.0,2000000.0,1990.0,1990.0,1962.0,1266.0,
006050,3405.0,184000000.0,3455.0,3490.0,3305.0,54571.0,
0132G0,1988.0,6000000.0,1991.0,1996.0,1981.0,2885.0,
469900,2100.0,329000000.0,2095.0,2105.0,2090.0,156520.0,
291810,833.0,1028000000.0,1189.0,1199.0,833.0,1129252.0,
482690,2070.0,0.0,2075.0,2075.0,2065.0,160.0,
474660,2085.0,140000000.0,2080.0,2085.0,2075.0,67325.0,
487360,2035.0,5000000.0,2025.0,2040.0,2020.0,2484.0,
474490,2077.0,2000000.0,2075.0,2080.0,2075.0,1196.0,
0071M0,1980.0,3000000.0,1953.0,1984.0,1953.0,1664.0,
131760,1312.0,710000000.0,1305.0,1500.0,1302.0,514988.0,
477470,2070.0,2000000.0,2075.0,2075.0,2065.0,1201.0,
354200,1265.0,143000000.0,1325.0,1370.0,1265.0,108915.0,
0105P0,1986.0,0.0,1995.0,1995.0,1985.0,152.0,
496070,1991.0,49000000.0,1992.0,1992.0,1983.0,24664.0,
0129K0,1969.0,13000000.0,1969.0,1969.0,1961.0,6590.0,
060260,829.0,78000000.0,867.0,867.0,790.0,95600.0,
486630,2050.0,4000000.0,2045.0,2050.0,2030.0,2042.0,
0096D0,1968.0,0.0,1971.0,1971.0,1962.0,30.0,
493790,2020.0,16000000.0,2010.0,2025.0,2000.0,8108.0,
0098T0,1983.0,0.0,1986.0,2005.0,1983.0,84.0,
0004Y0,1997.0,1000000.0,1981.0,2000.0,1981.0,347.0,
489210,2040.0,11000000.0,2045.0,2045.0,2035.0,5409.0,
0130D0,1970.0,3000000.0,1950.0,1971.0,1950.0,1431.0,
043100,520.0,0.0,0.0,0.0,0.0,0.0,
478110,2050.0,2000000.0,2055.0,2055.0,2045.0,1057.0,
466690,2005.0,3000000.0,2005.0,2010.0,1996.0,1608.0,
305090,538.0,0.0,0.0,0.0,0.0,0.0,
498390,2035.0,0.0,0.0,0.0,0.0,0.0,
0041B0,2000.0,10000000.0,2000.0,2005.0,2000.0,5174.0,
142760,471.0,76000000.0,468.0,512.0,468.0,157058.0,
488060,2040.0,1000000.0,2040.0,2045.0,2035.0,294.0,
106080,1650.0,0.0,0.0,0.0,0.0,0.0,
012340,429.0,138000000.0,434.0,455.0,423.0,314330.0,
484130,2020.0,20000000.0,2030.0,2035.0,2020.0,9692.0,
473950,2050.0,6000000.0,2055.0,2055.0,2050.0,2947.0,
469480,2130.0,0.0,0.0,0.0,0.0,0.0,
065770,849.0,184000000.0,875.0,876.0,762.0,222921.0,
468760,2080.0,0.0,0.0,0.0,0.0,0.0,
487830,2025.0,5000000.0,2045.0,2045.0,2020.0,2527.0,
472230,2100.0,0.0,0.0,0.0,0.0,0.0,
487720,2035.0,18000000.0,2035.0,2035.0,2030.0,8947.0,
0068Y0,1973.0,0.0,1989.0,1989.0,1973.0,9.0,
240600,1021.0,56000000.0,980.0,1073.0,980.0,55069.0,
001000,1741.0,46000000.0,1695.0,1798.0,1655.0,26742.0,
0041J0,1981.0,6000000.0,1988.0,1988.0,1970.0,3271.0,
03481K,5880.0,3000000.0,5830.0,5900.0,5780.0,499.0,
087260,247.0,0.0,0.0,0.0,0.0,0.0,
288980,218.0,385000000.0,252.0,252.0,218.0,1683330.0,
475250,2085.0,27000000.0,2075.0,2090.0,2075.0,13178.0,
079970,596.0,0.0,0.0,0.0,0.0,0.0,
474930,2095.0,9000000.0,2090.0,2100.0,2080.0,4299.0,
065420,940.0,0.0,0.0,0.0,0.0,0.0,
276040,327.0,0.0,0.0,0.0,0.0,0.0,
473000,2082.0,17000000.0,2070.0,2082.0,2070.0,8352.0,
308100,264.0,206000000.0,299.0,300.0,258.0,751059.0,
475240,2095.0,32000000.0,2085.0,2095.0,2085.0,15530.0,
900100,1096.0,1156000000.0,1152.0,1300.0,1060.0,988200.0,
044180,205.0,0.0,0.0,0.0,0.0,0.0,
313760,468.0,0.0,0.0,0.0,0.0,0.0,
250930,748.0,51000000.0,850.0,850.0,707.0,67077.0,
052770,312.0,0.0,0.0,0.0,0.0,0.0,
225430,698.0,0.0,0.0,0.0,0.0,0.0,
025870,1059.0,0.0,0.0,0.0,0.0,0.0,
084180,208.0,458000000.0,250.0,250.0,199.0,2078620.0,
058450,638.0,192000000.0,865.0,865.0,638.0,276522.0,
199730,686.0,72000000.0,775.0,775.0,686.0,98779.0,
011080,445.0,276000000.0,540.0,540.0,439.0,586045.0,
035290,384.0,0.0,0.0,0.0,0.0,0.0,
021045,2095.0,6000000.0,2100.0,2100.0,1995.0,2731.0,
196490,140.0,302000000.0,200.0,200.0,140.0,1793786.0,
312610,76.0,270000000.0,99.0,107.0,76.0,2855632.0,
032685,5810.0,18000000.0,5940.0,5940.0,5610.0,3242.0,
