종목코드,현재가,거래대금,시가,고가,저가,거래량,NXT거래대금
005930,285500.0,5279657000000.0,284500.0,285500.0,281000.0,18598186.0,2386598000000.0
000660,1862000.0,5211081000000.0,1899000.0,1900000.0,1836000.0,2803377.0,2500105000000.0
005935,220000.0,1129935000000.0,217000.0,220000.0,216500.0,5161691.0,
402340,1190000.0,743305000000.0,1179000.0,1196000.0,1161000.0,632053.0,232933000000.0
009150,1507000.0,722664000000.0,1543000.0,1544000.0,1472000.0,482225.0,614512000000.0
373220,351500.0,77783000000.0,353500.0,359000.0,349500.0,220159.0,30277999999.999996
005380,353500.0,190365000000.0,364000.0,365500.0,352000.0,535550.0,119351000000.0
207940,1366000.0,50832000000.0,1390000.0,1394000.0,1360000.0,37069.0,8757000000.0
105560,173200.0,117535000000.0,176000.0,176900.0,172300.0,676228.0,15538000000.0
028260,367000.0,100224000000.0,374000.0,379500.0,365000.0,270617.0,37533000000.0
032830,294500.0,65204000000.0,297500.0,299000.0,291500.0,221230.0,17138000000.0
012450,1021000.0,129725000000.0,1057000.0,1062000.0,1015000.0,126308.0,30767000000.0
034020,81700.0,363939000000.0,86100.0,86100.0,80500.0,4420444.0,315899000000.0
055550,109300.0,98037000000.0,112800.0,113300.0,109100.0,889143.0,10896000000.0
329180,441000.0,81813000000.0,451500.0,451500.0,438000.0,184968.0,40178000000.0
000270,115400.0,91298000000.0,119100.0,119800.0,115000.0,786416.0,21214000000.0
034730,611000.0,77068000000.0,600000.0,618000.0,591000.0,127757.0,19699000000.0
006400,521000.0,188044000000.0,529000.0,529000.0,510000.0,362223.0,153537000000.0
068270,177400.0,50918000000.0,179000.0,179700.0,176800.0,286497.0,13975000000.0
086790,133100.0,84159000000.0,135800.0,136700.0,132100.0,631510.0,7148999999.999999
066570,209000.0,111744000000.0,215500.0,216000.0,207000.0,531240.0,130477000000.0
012330,367500.0,67469000000.0,379000.0,379500.0,365000.0,182568.0,34032000000.0
010120,205500.0,65499000000.0,214500.0,214500.0,203000.0,316963.0,56413000000.0
035420,194700.0,220942000000.0,201000.0,201500.0,194000.0,1125315.0,113157000000.0
000810,648000.0,38520000000.0,652000.0,656000.0,644000.0,59471.0,4090999999.9999995
298040,2896000.0,77138000000.0,2950000.0,2950000.0,2828000.0,26827.0,33343000000.0
069500,113145.0,2274206000000.0,,,,,
316140,35350.0,49366000000.0,35850.0,36250.0,35200.0,1388137.0,7145999999.999999
267260,708000.0,48962000000.0,722000.0,723000.0,701000.0,69194.0,15615000000.0
096770,149200.0,146220000000.0,143000.0,151100.0,142100.0,982804.0,71766000000.0
005490,311500.0,59399000000.0,319000.0,320000.0,309000.0,190167.0,25095000000.0
000150,1512000.0,115569000000.0,1477000.0,1519000.0,1452000.0,77553.0,54766999999.99999
042660,79600.0,67848000000.0,81900.0,82000.0,79500.0,847788.0,39220000000.0
009540,332500.0,37102000000.0,342000.0,342500.0,330500.0,111167.0,5934000000.0
010130,1116000.0,9046000000.0,1118000.0,1119000.0,1107000.0,8132.0,3842000000.0
042700,243500.0,86051000000.0,243500.0,243500.0,237000.0,356677.0,72664000000.0
138040,125600.0,18604000000.0,128500.0,128900.0,124700.0,147598.0,2877000000.0
360750,26200.0,709586000000.0,,,,,
011200,20800.0,11445000000.0,21200.0,21300.0,20700.0,545350.0,6016000000.0
015760,30250.0,45273000000.0,30950.0,30950.0,30150.0,1491130.0,25124000000.0
017670,87100.0,47721000000.0,88000.0,89100.0,86300.0,547468.0,32907000000.0
033780,174300.0,46442000000.0,177700.0,178800.0,173300.0,265384.0,6314000000.0
051910,252500.0,35938000000.0,256500.0,260500.0,251500.0,141140.0,9228000000.0
010140,20250.0,45095000000.0,20700.0,20750.0,20200.0,2221018.0,24079000000.0
010950,155600.0,58153000000.0,154600.0,160600.0,153200.0,371425.0,15821000000.0
006800,32250.0,25235000000.0,33250.0,33250.0,31900.0,780144.0,14857000000.0
018260,220500.0,20052000000.0,226500.0,226500.0,217500.0,90877.0,11857000000.0
003550,111900.0,15864000000.0,116800.0,117200.0,111700.0,139999.0,2629000000.0
024110,20400.0,30474000000.0,20300.0,21050.0,20250.0,1479695.0,14741999999.999998
267250,205500.0,31107000000.0,207000.0,210000.0,201500.0,151865.0,4742000000.0
003670,179900.0,100109000000.0,186200.0,193500.0,179200.0,538801.0,55673000000.0
079550,692000.0,43914000000.0,704000.0,713000.0,687000.0,63223.0,18822000000.0
035720,33450.0,44904000000.0,34200.0,34600.0,33400.0,1323152.0,
086280,196900.0,42541000000.0,203500.0,203500.0,194500.0,215432.0,8162000000.0
272210,73900.0,69037000000.0,77700.0,78600.0,72800.0,926197.0,30441000000.000004
278470,368500.0,67498000000.0,361500.0,372500.0,357000.0,184003.0,33436000000.0
000720,121100.0,141819000000.0,130000.0,130000.0,120200.0,1155786.0,76637000000.0
030200,52700.0,9457000000.0,53300.0,53500.0,52600.0,178654.0,1630000000.0
011070,535000.0,58280000000.0,549000.0,549000.0,525000.0,109137.0,39992000000.0
064350,115900.0,24852000000.0,118100.0,119100.0,114700.0,214222.0,10433000000.0
047810,127500.0,23705000000.0,130000.0,130100.0,127400.0,185301.0,5622000000.0
133690,184985.0,1032734000000.0,,,,,
005830,184600.0,30283000000.0,185900.0,186600.0,182000.0,164389.0,2986000000.0
003490,31500.0,127118000000.0,31500.0,32100.0,31100.0,4031574.0,
443060,239000.0,12243000000.0,247000.0,247000.0,236500.0,50731.0,1761000000.0
396500,39395.0,267594000000.0,,,,,
379800,23810.0,493726000000.0,,,,,
071050,186400.0,30423000000.0,188000.0,192100.0,184700.0,162036.0,6239000000.0
102110,113360.0,1764602000000.0,,,,,
307950,377500.0,14695000000.0,390000.0,391500.0,374500.0,38680.0,14280000000.000002
078930,110700.0,37551000000.0,110600.0,114500.0,108000.0,341048.0,3453000000.0
006260,321500.0,22719000000.0,333500.0,338000.0,320000.0,69645.0,12652000000.0
379810,27665.0,632023000000.0,,,,,
047050,55300.0,20254000000.0,57200.0,57200.0,54900.0,364213.0,13136000000.000002
028050,49350.0,105248000000.0,51600.0,51600.0,48600.0,2137317.0,
488770,105645.0,105396000000.0,,,,,
005940,26000.0,10158000000.0,26350.0,26800.0,25850.0,388331.0,2955000000.0
323410,19920.0,19230000000.0,20200.0,20450.0,19900.0,959111.0,5637000000.0
000500,318500.0,46757000000.0,326000.0,326000.0,313500.0,147276.0,57748000000.0
180640,140100.0,9694000000.0,142700.0,143400.0,139400.0,68815.0,3361000000.0
003230,1215000.0,68022000000.0,1238000.0,1238000.0,1205000.0,55980.0,31945999999.999996
259960,198000.0,10642000000.0,204000.0,204000.0,197000.0,53474.0,1650000000.0
007660,118900.0,104672000000.0,117100.0,119700.0,114000.0,889004.0,91297000000.0
090430,142500.0,20649000000.0,141000.0,144400.0,140600.0,144638.0,3082000000.0
0126Z0,330000.0,7595000000.0,336000.0,338500.0,327500.0,22986.0,3279999999.9999995
016360,91100.0,41013000000.0,91000.0,93000.0,90400.0,447512.0,10720000000.0
278530,40950.0,16862000000.0,,,,,
047040,17440.0,162015000000.0,18800.0,18800.0,17300.0,9159901.0,
161390,57300.0,14480000000.0,58300.0,58400.0,56900.0,252804.0,1199000000.0
021240,99800.0,13559000000.0,100000.0,100400.0,97700.0,136874.0,513999999.99999994
459580,1075795.0,541367000000.0,,,,,
039490,266000.0,14388000000.0,264000.0,269000.0,261500.0,54011.0,2947000000.0
000880,130000.0,7744000000.0,132400.0,133400.0,129700.0,59107.0,1399000000.0
352820,156800.0,37099000000.0,156600.0,158400.0,153900.0,237428.0,13440000000.0
064400,69400.0,35129000000.0,71700.0,71700.0,69300.0,501715.0,
128940,520000.0,65173000000.0,506000.0,534000.0,506000.0,124573.0,38281000000.0
009830,29200.0,108907000000.0,28050.0,29750.0,27650.0,3741135.0,
062040,205500.0,24372000000.0,208500.0,208500.0,200500.0,119493.0,22911000000.0
032640,14640.0,11962000000.0,14590.0,14720.0,14550.0,817285.0,536000000.00000006
498400,21000.0,85855000000.0,,,,,
267270,129700.0,53772000000.0,137600.0,138100.0,128100.0,410767.0,17138000000.0
381180,44795.0,47389000000.0,,,,,
005387,177300.0,18265000000.0,176700.0,178400.0,175800.0,103247.0,
001440,30950.0,87504000000.0,32150.0,32200.0,30550.0,2808318.0,
091160,140400.0,236109000000.0,,,,,
0167A0,19145.0,256551000000.0,,,,,
122630,116975.0,1332921000000.0,,,,,
326030,75900.0,6776000000.0,77000.0,77400.0,75300.0,89159.0,3568000000.0
353200,119400.0,175775000000.0,113600.0,120300.0,111000.0,1509215.0,
000990,132000.0,51637000000.0,131000.0,132500.0,128400.0,395163.0,37745000000.0
175330,30150.0,8812000000.0,30650.0,31150.0,30000.0,290429.0,851000000.0
241560,57700.0,9706000000.0,58800.0,58900.0,57200.0,168150.0,1285000000.0
377300,40650.0,5484000000.0,41250.0,41300.0,40300.0,134944.0,3451000000.0
000100,74100.0,12690000000.0,75000.0,75000.0,73700.0,171064.0,3277000000.0000005
052690,130400.0,59888000000.0,136200.0,136400.0,129200.0,454725.0,81529000000.0
029780,42450.0,4283000000.0,43000.0,43250.0,42450.0,100174.0,932000000.0
138930,15970.0,17256000000.0,16070.0,16630.0,15870.0,1066314.0,11039000000.0
088350,5640.0,10939000000.0,5640.0,5680.0,5550.0,1946111.0,
229200,14150.0,259969000000.0,,,,,
310970,50960.0,407000000.0,,,,,
088980,9780.0,6467000000.0,9820.0,9830.0,9780.0,660130.0,
148020,113945.0,81815000000.0,,,,,
454910,70800.0,18577000000.0,72300.0,72800.0,69200.0,263506.0,
036570,212000.0,20096000000.0,222500.0,222500.0,209500.0,94232.0,4024000000.0
066970,109100.0,37936000000.0,109500.0,112700.0,107300.0,345521.0,21493000000.0
011790,89400.0,8426000000.0,90000.0,90400.0,87900.0,94578.0,6559000000.0
051900,292500.0,9248000000.0,297000.0,300000.0,292000.0,31287.0,1526000000.0
271560,110100.0,8093000000.0,111500.0,111500.0,109700.0,73470.0,465000000.00000006
395160,43035.0,167888000000.0,,,,,
004020,31950.0,39579000000.0,35600.0,35750.0,31600.0,1205077.0,13341000000.0
458730,14505.0,26448000000.0,,,,,
034220,8490.0,31015000000.0,8510.0,8870.0,8470.0,3600625.0,
0162Z0,14030.0,60230000000.0,,,,,
002380,476000.0,8875000000.0,473000.0,482000.0,467000.0,18693.0,2016000000.0
001450,47550.0,14947000000.0,47550.0,47900.0,47050.0,314602.0,2075000000.0
005385,177100.0,8331000000.0,175800.0,177400.0,174700.0,47310.0,
360200,26485.0,13215000000.0,,,,,
411060,26550.0,11952000000.0,,,,,
082740,47600.0,34000000000.0,49100.0,49250.0,47200.0,707917.0,24893000000.0
381170,31960.0,35401000000.0,,,,,
103590,81700.0,78818000000.0,77900.0,83700.0,76500.0,973852.0,67241000000.0
010060,206000.0,86352000000.0,194900.0,208000.0,192200.0,425826.0,84141000000.0
395270,61290.0,57395000000.0,,,,,
001040,130000.0,11048000000.0,129900.0,132300.0,129000.0,84786.0,1598000000.0
367380,31800.0,18398000000.0,,,,,
423160,110910.0,26131000000.0,,,,,
008930,52100.0,6446000000.0,51000.0,53400.0,51000.0,122680.0,3486999999.9999995
273130,109925.0,858000000.0,,,,,
161890,147000.0,40030000000.0,144300.0,150000.0,142000.0,270676.0,17435000000.0
233740,6980.0,310574000000.0,,,,,
102780,26800.0,7161000000.0,,,,,
357870,58125.0,8983000000.0,,,,,
018880,3220.0,10138000000.0,3350.0,3355.0,3215.0,3108460.0,
036460,35600.0,3889000000.0,35850.0,36000.0,35200.0,109391.0,902000000.0
004170,347000.0,22612000000.0,359500.0,360500.0,345000.0,64569.0,5238000000.0
487240,37200.0,67019000000.0,,,,,
012750,83300.0,2863000000.0,84000.0,84000.0,82000.0,34600.0,93000000.0
0043B0,103775.0,12191000000.0,,,,,
375500,80900.0,28885000000.0,84900.0,84900.0,80000.0,356185.0,
455890,55600.0,23969000000.0,,,,,
336260,47200.0,23604000000.0,48050.0,49200.0,46850.0,493850.0,22218000000.0
192820,272000.0,18145000000.0,265500.0,275000.0,260000.0,66874.0,7936000000.0
111770,69300.0,4866000000.0,72300.0,72400.0,69000.0,69340.0,634000000.0
035250,14320.0,3150000000.0,14430.0,14460.0,14300.0,219535.0,498000000.00000006
022100,19990.0,3674000000.0,20550.0,20650.0,19910.0,182895.0,2173000000.0
028670,5600.0,12726000000.0,5760.0,5800.0,5560.0,2255550.0,
006360,34600.0,79607000000.0,37400.0,37400.0,34100.0,2277297.0,
011780,116900.0,5968000000.0,117900.0,118900.0,115500.0,51091.0,919000000.0
023530,103900.0,10777000000.0,109500.0,110600.0,103400.0,102583.0,2178000000.0
031210,41300.0,1504000000.0,41400.0,41400.0,41000.0,36526.0,472000000.0
017800,73700.0,4888000000.0,74300.0,74700.0,73300.0,66345.0,1922000000.0
251270,34350.0,2998000000.0,35000.0,35100.0,34200.0,86587.0,461000000.00000006
139130,17810.0,6309000000.0,18100.0,18200.0,17670.0,353501.0,294000000.0
302440,35750.0,2086000000.0,35550.0,36100.0,35450.0,58431.0,667000000.0
007340,47900.0,6229000000.0,49600.0,49600.0,47100.0,129509.0,1726000000.0000002
139260,145130.0,37283000000.0,,,,,
004800,164200.0,2804000000.0,168200.0,168200.0,161200.0,17203.0,372000000.0
472150,21290.0,89768000000.0,,,,,
426030,48835.0,24640000000.0,,,,,
097950,175800.0,10490000000.0,175000.0,178800.0,174300.0,59400.0,1623999999.9999998
486290,10720.0,14339000000.0,,,,,
085620,19320.0,1376000000.0,19790.0,20000.0,19320.0,70524.0,
383220,67800.0,4053000000.0,68600.0,68600.0,66700.0,60118.0,269000000.0
003690,14670.0,2682000000.0,14720.0,14790.0,14560.0,183274.0,196000000.0
481050,1024060.0,33530000000.0,,,,,
011170,60200.0,7079000000.0,63200.0,64000.0,59500.0,115811.0,2467000000.0
014680,236500.0,12034000000.0,226000.0,240000.0,222000.0,51512.0,3089000000.0
026960,25350.0,921000000.0,25650.0,25700.0,25300.0,36263.0,173000000.0
278540,40370.0,728000000.0,,,,,
450080,34950.0,7688000000.0,35700.0,36100.0,34650.0,217832.0,
009420,46600.0,5985000000.0,46900.0,48000.0,46200.0,127925.0,2782000000.0
004990,24400.0,1961000000.0,24500.0,24700.0,24250.0,80411.0,299000000.0
0193T0,11865.0,195586000000.0,,,,,
489790,47950.0,6105000000.0,48300.0,48850.0,47000.0,127780.0,5035000000.0
005440,13020.0,3797000000.0,13360.0,13360.0,12990.0,289908.0,397000000.0
449170,111980.0,6402000000.0,,,,,
161510,24800.0,12461000000.0,,,,,
004370,390000.0,5934000000.0,392000.0,394000.0,388000.0,15184.0,1717000000.0000002
000240,24650.0,2083000000.0,24700.0,25050.0,24500.0,84174.0,75000000.0
282330,132900.0,2775000000.0,134000.0,134900.0,132400.0,20809.0,206000000.0
483650,182100.0,29852000000.0,179000.0,189000.0,178100.0,162072.0,13550000000.0
001720,138000.0,906000000.0,139600.0,139600.0,137200.0,6570.0,311000000.0
005850,48300.0,5002000000.0,49650.0,49650.0,47850.0,103566.0,1149000000.0
018670,240500.0,1528000000.0,240000.0,243500.0,238500.0,6348.0,242000000.0
385540,102975.0,34000000.0,,,,,
279570,5350.0,1335000000.0,5340.0,5380.0,5320.0,250430.0,
456600,60300.0,7602000000.0,,,,,
103140,76700.0,7221000000.0,79900.0,80900.0,76600.0,92734.0,4152000000.0000005
204320,45500.0,11988000000.0,46250.0,46300.0,44800.0,264669.0,
009970,163400.0,1081000000.0,169900.0,170000.0,162800.0,6571.0,63000000.0
112610,50100.0,9235000000.0,50400.0,51000.0,49600.0,183968.0,
020150,40150.0,3785000000.0,40600.0,41050.0,39550.0,94310.0,3479999999.9999995
069960,96400.0,10612000000.0,99300.0,100500.0,95200.0,109252.0,2135000000.0000002
051600,45750.0,3159000000.0,46800.0,46850.0,45600.0,68753.0,1717000000.0000002
284430,21005.0,6227000000.0,,,,,
030000,17680.0,3100000000.0,17690.0,17765.0,17630.0,175258.0,721000000.0
002790,26350.0,2176000000.0,26300.0,26650.0,26100.0,82349.0,199000000.0
081660,37750.0,5091000000.0,38000.0,38100.0,37100.0,135326.0,309000000.0
139480,71400.0,6881000000.0,73000.0,73300.0,71300.0,95914.0,2497000000.0
000155,492000.0,3696000000.0,484500.0,498000.0,477500.0,7564.0,
229640,64000.0,39482000000.0,60300.0,67800.0,59600.0,614772.0,35623000000.0
292150,39190.0,16092000000.0,,,,,
457190,63800.0,5050000000.0,65000.0,65300.0,63500.0,78443.0,3261000000.0
007070,22800.0,2986000000.0,23250.0,23250.0,22700.0,130502.0,430000000.0
073240,6570.0,9435000000.0,6700.0,6730.0,6480.0,1438136.0,6436000000.0
294400,148580.0,9109000000.0,,,,,
462870,31550.0,1176000000.0,31050.0,31850.0,30850.0,37293.0,423000000.00000006
442580,108870.0,34021000000.0,,,,,
214980,114450.0,17454000000.0,,,,,
181710,56000.0,8664000000.0,57200.0,57700.0,54800.0,155527.0,1907999999.9999998
089860,49650.0,1286000000.0,49700.0,49950.0,49400.0,25943.0,608000000.0
439260,45500.0,1378000000.0,46100.0,46150.0,45400.0,30198.0,811000000.0
475150,50800.0,25288000000.0,51300.0,51900.0,50200.0,495777.0,
105190,113375.0,13347000000.0,,,,,
020560,8360.0,2310000000.0,8340.0,8550.0,8280.0,274360.0,627000000.0
281820,86800.0,24873000000.0,82600.0,87800.0,81800.0,290313.0,17791000000.0
0193W0,13950.0,109438000000.0,,,,,
441640,12340.0,10156000000.0,,,,,
023590,39200.0,1406000000.0,39800.0,40200.0,38950.0,35655.0,466000000.0
305720,14325.0,28928000000.0,,,,,
475630,1078425.0,124543000000.0,,,,,
071970,49000.0,9228000000.0,50000.0,50000.0,48450.0,188580.0,4732000000.0
368590,30865.0,4042000000.0,,,,,
446770,81045.0,12581000000.0,,,,,
120110,54200.0,8812000000.0,55800.0,55900.0,53000.0,163149.0,3835000000.0
395400,5360.0,1496000000.0,5370.0,5400.0,5270.0,280378.0,
000120,69800.0,3720000000.0,71600.0,71600.0,69600.0,52959.0,1172000000.0
001430,44300.0,5154000000.0,45950.0,45950.0,44150.0,114822.0,2171000000.0
0195S0,10095.0,110065000000.0,,,,,
0177N0,14790.0,33568000000.0,,,,,
008770,40150.0,4264000000.0,40500.0,40700.0,40050.0,106108.0,1295000000.0
329200,4080.0,13112000000.0,,,,,
294870,23700.0,2423000000.0,23500.0,23800.0,23100.0,102649.0,304000000.0
007810,65100.0,42138000000.0,66000.0,66200.0,62200.0,658325.0,72860000000.0
001120,40200.0,2777000000.0,41500.0,41700.0,39950.0,68445.0,764000000.0
006040,35200.0,1122000000.0,35200.0,35300.0,34800.0,31986.0,227999999.99999997
477080,107710.0,437000000.0,,,,,
152100,114780.0,20936000000.0,,,,,
610063,55870.0,0.0,,,,,
001820,146900.0,86837000000.0,151200.0,154600.0,145700.0,583057.0,
012630,25450.0,1300000000.0,25850.0,25850.0,25100.0,51202.0,401000000.0
009155,517000.0,12378000000.0,525000.0,528000.0,503000.0,24145.0,
379780,22890.0,6020000000.0,,,,,
093370,13950.0,104059000000.0,13750.0,15050.0,13740.0,7259061.0,
453850,7160.0,4949000000.0,,,,,
226490,72570.0,33232000000.0,,,,,
487230,19755.0,7616000000.0,,,,,
091230,148005.0,24246000000.0,,,,,
006280,123300.0,1721000000.0,123800.0,125400.0,123100.0,13882.0,291000000.0
001800,23750.0,1927000000.0,23950.0,23950.0,23400.0,81455.0,519000000.00000006
011210,52500.0,2598000000.0,53800.0,53900.0,52100.0,49295.0,873000000.0
232080,14390.0,126427000000.0,,,,,
466920,26690.0,17965000000.0,,,,,
361610,17170.0,10216000000.0,16400.0,17460.0,16340.0,596140.0,4003000000.0
005070,41550.0,3847000000.0,40850.0,42200.0,40550.0,92682.0,3707000000.0
00680K,10780.0,1901000000.0,11070.0,11100.0,10630.0,176503.0,
390390,56000.0,17304000000.0,,,,,
298020,311500.0,2260000000.0,315000.0,316500.0,307500.0,7267.0,423000000.00000006
322000,120100.0,36713000000.0,119600.0,123900.0,118000.0,303801.0,
097230,14660.0,5520000000.0,15160.0,15170.0,14550.0,373658.0,
448330,17750.0,10216000000.0,,,,,
157450,112705.0,874000000.0,,,,,
700026,107885.0,2000000.0,,,,,
436140,106310.0,19000000.0,,,,,
415640,10190.0,1851000000.0,10420.0,10420.0,10080.0,181700.0,
007310,311500.0,840000000.0,315500.0,315500.0,310500.0,2693.0,185000000.0
003540,26050.0,1809000000.0,26500.0,26700.0,25950.0,69171.0,459000000.0
438080,13895.0,4252000000.0,,,,,
192080,58300.0,2421000000.0,58900.0,58900.0,57500.0,41646.0,137000000.0
069620,106200.0,1505000000.0,109600.0,109700.0,106000.0,14054.0,409000000.0
000815,406000.0,2331000000.0,410000.0,413000.0,405500.0,5715.0,
001740,6070.0,4714000000.0,6190.0,6240.0,6000.0,778089.0,
066575,70700.0,3029000000.0,72300.0,72500.0,70300.0,42499.0,
494310,93440.0,301166000000.0,,,,,
469150,63765.0,20688000000.0,,,,,
330590,4140.0,794000000.0,4055.0,4140.0,4030.0,194417.0,
300720,16130.0,655000000.0,16370.0,16370.0,16030.0,40657.0,82000000.0
487340,106120.0,4539000000.0,,,,,
0072R0,12665.0,11445000000.0,,,,,
530031,2905.0,1374000000.0,,,,,
0183J0,7965.0,10910000000.0,,,,,
356540,101230.0,25000000.0,,,,,
455850,27495.0,52725000000.0,,,,,
280360,124300.0,1640000000.0,124200.0,126300.0,122700.0,13167.0,172000000.0
030610,10000.0,199000000.0,10150.0,10150.0,9980.0,19908.0,30000000.0
497570,22570.0,7250000000.0,,,,,
004000,43100.0,1650000000.0,43900.0,44250.0,42800.0,38217.0,509999999.99999994
494890,32625.0,4309000000.0,,,,,
465580,24700.0,17157000000.0,,,,,
0139F0,102320.0,76000000.0,,,,,
445290,31000.0,9753000000.0,,,,,
449180,17355.0,8431000000.0,,,,,
000210,50500.0,1582000000.0,52100.0,52600.0,50300.0,31076.0,519000000.00000006
006340,13490.0,19204000000.0,13860.0,13860.0,13420.0,1413445.0,
295040,42420.0,2699000000.0,,,,,
0195R0,12680.0,44636000000.0,,,,,
000080,15030.0,1010000000.0,15080.0,15090.0,14940.0,67389.0,176000000.0
006120,60300.0,2875000000.0,57600.0,60400.0,57200.0,48781.0,900000000.0
017960,20250.0,2277000000.0,20700.0,20800.0,20050.0,112465.0,1439000000.0
469830,54510.0,18420000000.0,,,,,
494300,9065.0,9931000000.0,,,,,
451540,52845.0,314000000.0,,,,,
195870,61200.0,11273000000.0,61000.0,62300.0,60000.0,183881.0,12453000000.0
003160,36750.0,26787000000.0,35250.0,36850.0,34950.0,736905.0,27029000000.000004
0117V0,19450.0,23211000000.0,,,,,
479520,106595.0,213000000.0,,,,,
446720,13300.0,3020000000.0,,,,,
003240,910000.0,632000000.0,915000.0,915000.0,893000.0,699.0,186000000.0
760009,107515.0,0.0,,,,,
003530,4585.0,2922000000.0,4675.0,4700.0,4575.0,633218.0,
451800,5460.0,672000000.0,5370.0,5460.0,5280.0,125719.0,
495050,32920.0,2411000000.0,,,,,
237350,90025.0,9453000000.0,,,,,
315930,81010.0,673000000.0,,,,,
192400,27250.0,229000000.0,26950.0,27250.0,26700.0,8524.0,31000000.0
449450,50005.0,22721000000.0,,,,,
438100,15290.0,3439000000.0,,,,,
402970,14710.0,3409000000.0,,,,,
009240,39800.0,825000000.0,39950.0,39950.0,39250.0,20842.0,160000000.0
032350,11730.0,1614000000.0,11510.0,11880.0,11400.0,139483.0,673000000.0
003090,15890.0,1117000000.0,16140.0,16310.0,15720.0,70133.0,112000000.00000001
0048J0,13575.0,9911000000.0,,,,,
305540,18260.0,3534000000.0,,,,,
030190,15590.0,623000000.0,15440.0,15750.0,15440.0,39862.0,56000000.00000001
071320,78200.0,2356000000.0,78600.0,80200.0,77500.0,29964.0,1100000000.0
185750,64900.0,1019000000.0,64000.0,65400.0,64000.0,15758.0,192000000.0
005300,95800.0,1003000000.0,95700.0,96000.0,95000.0,10493.0,94000000.0
000370,7610.0,5127000000.0,7760.0,7810.0,7500.0,672665.0,
479080,53890.0,1681000000.0,,,,,
034230,9540.0,1660000000.0,9630.0,9650.0,9470.0,174401.0,654000000.0
077970,21950.0,3859000000.0,22850.0,22850.0,21850.0,174310.0,2167000000.0
051915,114300.0,940000000.0,115500.0,116100.0,113700.0,8210.0,
0177R0,12040.0,18107000000.0,,,,,
009450,60200.0,1639000000.0,61200.0,61200.0,59900.0,27153.0,512000000.0
0117L0,10180.0,94000000.0,,,,,
475720,12985.0,8692000000.0,,,,,
0219E0,8725.0,42059000000.0,,,,,
003570,26050.0,1639000000.0,27250.0,27350.0,26050.0,62254.0,694000000.0
285130,50000.0,1672000000.0,49900.0,50700.0,49450.0,33488.0,320000000.0
069660,113120.0,6038000000.0,,,,,
079160,5180.0,1842000000.0,5250.0,5270.0,5140.0,356735.0,
071055,145900.0,1033000000.0,147800.0,148100.0,145100.0,7059.0,
003470,4410.0,919000000.0,4450.0,4465.0,4370.0,208373.0,
466940,26880.0,19277000000.0,,,,,
498410,11755.0,20982000000.0,,,,,
490590,14715.0,10249000000.0,,,,,
004490,59300.0,2421000000.0,59300.0,59400.0,58300.0,41195.0,824000000.0
006110,53900.0,5627000000.0,56200.0,56600.0,53800.0,102221.0,4904000000.0
441800,29390.0,4509000000.0,,,,,
365550,3250.0,826000000.0,3160.0,3250.0,3135.0,258807.0,
000670,43300.0,2603000000.0,43900.0,43900.0,42600.0,60292.0,1700000000.0
272580,57205.0,1107000000.0,,,,,
153130,113200.0,494000000.0,,,,,
0025N0,11935.0,3031000000.0,,,,,
144600,10730.0,3639000000.0,,,,,
550082,55810.0,0.0,,,,,
457480,18865.0,3598000000.0,,,,,
476550,6765.0,4085000000.0,,,,,
700028,218280.0,103000000.0,,,,,
100840,36700.0,6557000000.0,37900.0,37900.0,36550.0,177363.0,8922000000.0
005690,12540.0,9669000000.0,12800.0,12800.0,12410.0,769781.0,
481060,7350.0,6904000000.0,,,,,
114800,966.0,535667000000.0,,,,,
005180,84300.0,2007000000.0,85200.0,85300.0,83500.0,23725.0,425000000.0
418660,42010.0,9841000000.0,,,,,
036530,45500.0,533000000.0,45700.0,46250.0,45250.0,11734.0,144000000.0
137310,6070.0,586000000.0,6150.0,6150.0,6030.0,96618.0,170000000.0
499790,36700.0,2008000000.0,36500.0,37200.0,35750.0,54991.0,876000000.0
0061Z0,51100.0,36000000.0,,,,,
214320,18050.0,891000000.0,18070.0,18200.0,17960.0,49551.0,66000000.0
456610,59120.0,2261000000.0,,,,,
367760,61955.0,9871000000.0,,,,,
298050,159500.0,869000000.0,158500.0,160300.0,157400.0,5477.0,370000000.0
094800,7690.0,488000000.0,7760.0,7790.0,7620.0,63444.0,
462330,980.0,58651000000.0,,,,,
488080,40000.0,213746000000.0,,,,,
003850,8280.0,393000000.0,8380.0,8380.0,8200.0,47499.0,260000000.0
100090,11360.0,3999000000.0,11550.0,11660.0,11250.0,351220.0,
252670,67.0,250564000000.0,,,,,
005090,48900.0,10692000000.0,52600.0,53100.0,48300.0,215222.0,4476000000.0
0127P0,10600.0,14000000.0,,,,,
290130,49450.0,2910000000.0,,,,,
580058,53935.0,0.0,,,,,
329750,12840.0,4909000000.0,,,,,
434730,58420.0,22046000000.0,,,,,
456040,76900.0,2911000000.0,74400.0,77700.0,74200.0,37953.0,1696000000.0
090460,20250.0,10941000000.0,20100.0,20350.0,19750.0,546829.0,11157000000.0
495850,32750.0,1554000000.0,,,,,
364980,9970.0,13745000000.0,,,,,
314250,65135.0,4022000000.0,,,,,
293940,5600.0,592000000.0,5550.0,5600.0,5540.0,106299.0,
0101N0,21465.0,5849000000.0,,,,,
064960,25500.0,581000000.0,25550.0,25700.0,25350.0,22805.0,214000000.0
0167B0,12245.0,8023000000.0,,,,,
458760,10600.0,1824000000.0,,,,,
268280,133600.0,164000000.0,132900.0,134000.0,131300.0,1238.0,12000000.0
482730,11615.0,4346000000.0,,,,,
371460,9285.0,976000000.0,,,,,
102970,17855.0,5908000000.0,,,,,
002960,510000.0,422000000.0,504000.0,510000.0,502000.0,836.0,185000000.0
069260,16200.0,534000000.0,16280.0,16320.0,16120.0,33032.0,40000000.0
0148J0,9695.0,32194000000.0,,,,,
0007F0,10185.0,179000000.0,,,,,
005880,1986.0,1849000000.0,2040.0,2040.0,1979.0,925959.0,
0015B0,19775.0,3955000000.0,,,,,
434060,16865.0,937000000.0,,,,,
491010,25230.0,1748000000.0,,,,,
001570,9900.0,0.0,0.0,0.0,0.0,0.0,
093050,21650.0,254000000.0,21500.0,21700.0,21300.0,11833.0,19000000.0
017940,91700.0,368000000.0,92200.0,93900.0,91600.0,3999.0,55000000.00000001
453340,19340.0,861000000.0,19100.0,19430.0,18600.0,44890.0,109000000.00000001
000400,2015.0,605000000.0,2030.0,2040.0,1988.0,302433.0,
001060,26850.0,504000000.0,26750.0,27150.0,26650.0,18744.0,268000000.00000003
000640,92600.0,912000000.0,92600.0,93800.0,91700.0,9882.0,76000000.0
248070,13000.0,1024000000.0,13130.0,13150.0,12730.0,79478.0,392000000.0
0091P0,17350.0,64843000000.0,,,,,
383800,8130.0,315000000.0,8120.0,8130.0,8050.0,38947.0,77000000.0
079900,42300.0,2060000000.0,42600.0,42600.0,41550.0,49142.0,5182000000.0
001680,17810.0,722000000.0,17870.0,17880.0,17730.0,40568.0,177000000.0
002840,136600.0,175000000.0,137500.0,137500.0,135600.0,1284.0,18000000.0
423920,90750.0,17523000000.0,,,,,
317450,42000.0,277000000.0,42100.0,42500.0,41950.0,6583.0,142000000.0
138540,46640.0,7873000000.0,,,,,
014820,20800.0,402000000.0,21150.0,21200.0,20600.0,19391.0,112000000.00000001
489250,12470.0,5599000000.0,,,,,
108320,36550.0,1313000000.0,36450.0,37300.0,36200.0,35957.0,526000000.0
251600,15300.0,2621000000.0,,,,,
277630,73710.0,18210000000.0,,,,,
484790,8205.0,1584000000.0,,,,,
466950,32000.0,4247000000.0,,,,,
006650,90800.0,5686000000.0,96300.0,97000.0,90000.0,61867.0,1768000000.0
491620,10635.0,6309000000.0,,,,,
00088K,40050.0,590000000.0,40000.0,41200.0,39750.0,14632.0,
0019K0,13585.0,4284000000.0,,,,,
449190,23135.0,5567000000.0,,,,,
017900,9880.0,30344000000.0,10230.0,10430.0,9720.0,2997318.0,
451000,107410.0,5000000.0,,,,,
025540,56000.0,518000000.0,56500.0,56700.0,55800.0,9249.0,177000000.0
075580,9960.0,1052000000.0,10110.0,10150.0,9950.0,105364.0,619000000.0
033240,25800.0,3699000000.0,27000.0,27200.0,25600.0,142472.0,1396000000.0
192650,8450.0,6860000000.0,8500.0,8590.0,8310.0,808861.0,
016380,5550.0,959000000.0,5620.0,5630.0,5480.0,173200.0,
477050,53620.0,585000000.0,,,,,
396520,13440.0,3177000000.0,,,,,
114090,8860.0,426000000.0,8930.0,8930.0,8850.0,48112.0,97000000.0
002350,5590.0,432000000.0,5600.0,5600.0,5530.0,77775.0,
00104K,128300.0,927000000.0,127800.0,129200.0,125600.0,7273.0,
0220W0,6400.0,5180000000.0,6570.0,6580.0,6390.0,804005.0,
494670,21200.0,6800000000.0,,,,,
003300,17510.0,116000000.0,17510.0,17980.0,17410.0,6646.0,56000000.00000001
284740,24000.0,148000000.0,23800.0,24050.0,23750.0,6215.0,15000000.0
001270,51800.0,89000000.0,51100.0,51800.0,50700.0,1761.0,19000000.0
001510,2320.0,2950000000.0,2350.0,2375.0,2315.0,1259627.0,
455030,11685.0,2089000000.0,,,,,
452260,2765.0,3987000000.0,2690.0,2815.0,2690.0,1438490.0,
336370,7620.0,964000000.0,7880.0,7890.0,7550.0,126002.0,615000000.0
178920,18200.0,379000000.0,18290.0,18290.0,18060.0,20874.0,154000000.0
005810,36750.0,450000000.0,37700.0,37800.0,36750.0,12098.0,219000000.0
371160,6480.0,1225000000.0,,,,,
0105E0,12760.0,4287000000.0,,,,,
004710,9900.0,4520000000.0,9900.0,10360.0,9840.0,449665.0,
361580,64305.0,7939000000.0,,,,,
315960,79760.0,2988000000.0,,,,,
001530,25100.0,482000000.0,25450.0,25800.0,24850.0,19255.0,101000000.0
007700,13280.0,104000000.0,13470.0,13470.0,13230.0,7881.0,46000000.0
365780,82460.0,9217000000.0,,,,,
009410,1618.0,282000000.0,1641.0,1641.0,1617.0,174113.0,
058650,127400.0,106000000.0,131800.0,131800.0,127000.0,828.0,
435420,14215.0,2407000000.0,,,,,
462010,4685.0,9860000000.0,,,,,
496020,52580.0,157000000.0,,,,,
444200,45825.0,2359000000.0,,,,,
496080,32790.0,3178000000.0,,,,,
438330,115470.0,814000000.0,,,,,
003620,2470.0,1399000000.0,2540.0,2540.0,2470.0,561620.0,
114260,61690.0,1207000000.0,,,,,
251350,38715.0,904000000.0,,,,,
448290,17975.0,2519000000.0,,,,,
003545,20200.0,440000000.0,20450.0,20500.0,20175.0,21720.0,
0163Y0,9930.0,4225000000.0,,,,,
463250,32730.0,7092000000.0,,,,,
476800,4215.0,1356000000.0,,,,,
019170,9250.0,1145000000.0,9310.0,9360.0,9220.0,123776.0,931000000.0
001500,7840.0,298000000.0,7980.0,7980.0,7820.0,37991.0,134000000.00000001
002990,13010.0,9715000000.0,13410.0,13430.0,12980.0,741803.0,
484870,17600.0,907000000.0,17850.0,18040.0,17530.0,51207.0,426999999.99999994
161000,9870.0,1044000000.0,10000.0,10100.0,9830.0,105326.0,1317000000.0
029460,43350.0,1496000000.0,43300.0,43850.0,42800.0,34574.0,206000000.0
004690,130900.0,496000000.0,130100.0,130900.0,129000.0,3827.0,30000000.0
377740,4645.0,182000000.0,4670.0,4675.0,4510.0,39590.0,
243880,364000.0,33291000000.0,,,,,
039130,30400.0,572000000.0,30700.0,30700.0,30300.0,18802.0,316000000.0
483280,12000.0,2426000000.0,,,,,
145990,45600.0,193000000.0,45700.0,46100.0,45200.0,4247.0,66000000.0
460860,9390.0,2065000000.0,10020.0,10020.0,9340.0,216846.0,1373000000.0
008060,14790.0,777000000.0,14630.0,14840.0,14450.0,52988.0,330000000.0
490490,10705.0,1919000000.0,,,,,
471990,27350.0,26226000000.0,,,,,
760013,92000.0,941000000.0,,,,,
0190C0,7600.0,4518000000.0,,,,,
451060,36235.0,3424000000.0,,,,,
471230,103720.0,2558000000.0,,,,,
000070,58300.0,120000000.0,58100.0,58600.0,57800.0,2077.0,117000000.0
499660,1002780.0,21356000000.0,,,,,
090435,42650.0,1459000000.0,42050.0,43000.0,41700.0,34237.0,
293180,113375.0,2896000000.0,,,,,
002240,16560.0,212000000.0,16950.0,16950.0,16550.0,12747.0,88000000.0
010780,14960.0,1100000000.0,15500.0,15500.0,14950.0,72812.0,196000000.0
005250,9440.0,293000000.0,9500.0,9570.0,9400.0,30925.0,78000000.0
448730,4855.0,708000000.0,4860.0,4995.0,4805.0,145451.0,
447770,13950.0,1183000000.0,,,,,
0023A0,25210.0,8835000000.0,,,,,
002030,213500.0,335000000.0,215000.0,219000.0,207000.0,1578.0,35000000.0
385560,50830.0,1023000000.0,,,,,
249420,13840.0,1339000000.0,14090.0,14200.0,13800.0,96127.0,1202000000.0
016610,10290.0,339000000.0,10270.0,10370.0,10250.0,32922.0,91000000.0
005945,23000.0,481000000.0,23150.0,23150.0,22850.0,20903.0,
004700,65200.0,15000000.0,66400.0,66400.0,65100.0,238.0,2000000.0
448300,23870.0,4161000000.0,,,,,
034310,11750.0,104000000.0,11710.0,11900.0,11710.0,8879.0,26000000.0
009900,8170.0,830000000.0,8360.0,8390.0,8160.0,100997.0,1380000000.0
474220,15170.0,1862000000.0,,,,,
003280,1777.0,2986000000.0,1801.0,1813.0,1774.0,1664421.0,
020000,19740.0,2301000000.0,20000.0,20350.0,19510.0,116164.0,1088000000.0
0016X0,51515.0,17000000.0,,,,,
0162M0,10055.0,22000000.0,,,,,
003030,101000.0,3114000000.0,108400.0,108400.0,101000.0,30297.0,458000000.0
357120,4290.0,332000000.0,4230.0,4290.0,4170.0,78219.0,
072710,90000.0,88000000.0,89800.0,90000.0,89500.0,988.0,15000000.0
0210A0,7835.0,23618000000.0,,,,,
426020,32280.0,1648000000.0,,,,,
302450,73130.0,165000000.0,,,,,
0173Y0,11305.0,7180000000.0,,,,,
014830,60100.0,369000000.0,60100.0,60400.0,59800.0,6146.0,114999999.99999999
005389,174300.0,741000000.0,175000.0,175300.0,173100.0,4264.0,
092230,95300.0,137000000.0,96700.0,97300.0,95300.0,1429.0,48000000.0
148070,104395.0,10222000000.0,,,,,
403550,10600.0,113000000.0,10960.0,10960.0,10260.0,10669.0,21000000.0
130660,12290.0,4295000000.0,12990.0,12990.0,12260.0,342648.0,
001200,4135.0,1031000000.0,4220.0,4220.0,4120.0,248227.0,
385720,26115.0,642000000.0,,,,,
271940,11000.0,199000000.0,11390.0,11390.0,11000.0,17884.0,80000000.0
480260,53870.0,147000000.0,,,,,
0060H0,12575.0,2103000000.0,,,,,
005420,10280.0,681000000.0,10280.0,10430.0,10110.0,66464.0,275000000.0
306200,138200.0,1065000000.0,143900.0,145400.0,136200.0,7661.0,432000000.0
520054,195165.0,104000000.0,,,,,
016590,9660.0,125000000.0,9730.0,10000.0,9660.0,12907.0,19000000.0
003000,3930.0,342000000.0,3990.0,4000.0,3930.0,86650.0,
476760,8780.0,5171000000.0,,,,,
002810,20950.0,168000000.0,21450.0,21600.0,20950.0,7992.0,69000000.0
474590,49300.0,3364000000.0,,,,,
0046A0,9410.0,5799000000.0,,,,,
015360,14570.0,104000000.0,14510.0,14770.0,14510.0,7216.0,36000000.0
029530,39300.0,205000000.0,39150.0,39300.0,38450.0,5310.0,12000000.0
458250,34620.0,2715000000.0,,,,,
317400,9780.0,7701000000.0,10030.0,10170.0,9570.0,779790.0,
344820,23700.0,318000000.0,23550.0,23750.0,23200.0,13489.0,146000000.0
241180,33950.0,2631000000.0,,,,,
183190,10420.0,175000000.0,10560.0,10560.0,10370.0,16799.0,74000000.0
001940,26400.0,163000000.0,27500.0,27500.0,26100.0,6193.0,20000000.0
385550,114310.0,199000000.0,,,,,
439860,113570.0,0.0,,,,,
245710,28695.0,233000000.0,,,,,
310960,66035.0,2247000000.0,,,,,
194370,12710.0,404000000.0,12990.0,13000.0,12600.0,31752.0,108000000.0
008730,14870.0,738000000.0,14670.0,15200.0,14600.0,49486.0,149000000.0
0040Y0,8100.0,3048000000.0,,,,,
469070,10925.0,2078000000.0,,,,,
132030,24255.0,888000000.0,,,,,
126560,3335.0,159000000.0,3360.0,3365.0,3335.0,47645.0,
089590,4515.0,962000000.0,4585.0,4740.0,4500.0,209684.0,
0131V0,11150.0,2048000000.0,,,,,
031430,10340.0,527000000.0,10550.0,10550.0,10010.0,51146.0,182000000.0
006220,9570.0,807000000.0,9710.0,9710.0,9550.0,84211.0,
000157,402500.0,116000000.0,401000.0,403000.0,392500.0,293.0,
003350,15850.0,18655000000.0,14920.0,16100.0,14610.0,1197738.0,
950210,5970.0,153000000.0,5900.0,6050.0,5700.0,25842.0,
027410,3710.0,223000000.0,3765.0,3765.0,3700.0,60244.0,
091180,25065.0,2995000000.0,,,,,
02826K,241500.0,1160000000.0,242500.0,248000.0,237500.0,4803.0,
0167Z0,7840.0,3020000000.0,,,,,
0182R0,11345.0,13328000000.0,,,,,
0144L0,9680.0,1060000000.0,,,,,
484880,22850.0,10859000000.0,,,,,
442570,17565.0,2152000000.0,,,,,
060980,39000.0,512000000.0,39500.0,39900.0,38350.0,13233.0,128000000.0
092790,13400.0,6326000000.0,14120.0,14120.0,13290.0,465547.0,
0094M0,17495.0,8902000000.0,,,,,
0026S0,12780.0,1198000000.0,,,,,
0120G0,46500.0,1579000000.0,47800.0,49200.0,46450.0,33355.0,841000000.0
0080G0,9870.0,17434000000.0,,,,,
217590,14330.0,9427000000.0,14650.0,14720.0,14160.0,655663.0,
011930,17000.0,4542000000.0,16760.0,17740.0,16730.0,264126.0,
015860,6990.0,671000000.0,6990.0,7100.0,6930.0,96079.0,
104700,9450.0,126000000.0,9460.0,9570.0,9340.0,13451.0,11000000.0
473290,10895.0,538000000.0,,,,,
472170,14135.0,1397000000.0,,,,,
279530,17345.0,1766000000.0,,,,,
105630,8550.0,393000000.0,8690.0,8690.0,8520.0,45970.0,74000000.0
007690,36800.0,420000000.0,37400.0,37450.0,36800.0,11365.0,185000000.0
006405,210500.0,772000000.0,214500.0,215000.0,209500.0,3646.0,
012030,1692.0,1123000000.0,1696.0,1730.0,1664.0,661560.0,
010955,84000.0,6238000000.0,77900.0,84500.0,77200.0,75598.0,
0043Y0,19610.0,1116000000.0,,,,,
570090,55865.0,0.0,,,,,
170900,34450.0,262000000.0,35300.0,35300.0,34150.0,7603.0,68000000.0
005610,38750.0,60000000.0,39100.0,39650.0,38700.0,1563.0,55000000.00000001
385510,38350.0,946000000.0,,,,,
017810,8720.0,136000000.0,8870.0,8890.0,8720.0,15557.0,76000000.0
011760,25100.0,719000000.0,25900.0,25900.0,24950.0,28548.0,315000000.0
0052D0,15220.0,1481000000.0,,,,,
002310,8400.0,389000000.0,8330.0,8400.0,8080.0,47533.0,
448630,15350.0,1560000000.0,,,,,
456880,11965.0,651000000.0,,,,,
270810,14075.0,3239000000.0,,,,,
462900,12530.0,7771000000.0,,,,,
001230,2110.0,480000000.0,2140.0,2160.0,2100.0,226115.0,
0052S0,11455.0,2929000000.0,,,,,
453810,11125.0,814000000.0,,,,,
475300,24645.0,41277000000.0,,,,,
096760,4325.0,174000000.0,4270.0,4380.0,4270.0,40493.0,
097520,18340.0,297000000.0,18600.0,18600.0,18160.0,16244.0,54000000.0
009290,6390.0,516000000.0,6460.0,6510.0,6350.0,80590.0,
024720,9240.0,201000000.0,9420.0,9450.0,9240.0,21666.0,125000000.0
145720,36600.0,357000000.0,37500.0,37600.0,36600.0,9688.0,98000000.0
272450,6040.0,771000000.0,6070.0,6210.0,5940.0,127044.0,
485540,15705.0,6050000000.0,,,,,
009160,4740.0,430000000.0,4750.0,4960.0,4725.0,89881.0,
0111P0,10860.0,1161000000.0,,,,,
381970,6320.0,125000000.0,6380.0,6380.0,6300.0,19821.0,72000000.0
002020,23900.0,898000000.0,24150.0,24400.0,23500.0,37619.0,358000000.0
010580,2765.0,7769000000.0,2710.0,2930.0,2575.0,2805711.0,
010820,6300.0,1075000000.0,6320.0,6390.0,6240.0,170934.0,
026890,7880.0,193000000.0,7970.0,7970.0,7780.0,24588.0,55000000.00000001
483320,26105.0,3313000000.0,,,,,
126720,21350.0,235000000.0,21600.0,21700.0,21300.0,10966.0,197000000.0
471780,39245.0,7770000000.0,,,,,
454780,99685.0,9000000.0,,,,,
433330,21870.0,682000000.0,,,,,
025860,6070.0,1547000000.0,6150.0,6210.0,6070.0,253658.0,
481190,17340.0,9412000000.0,,,,,
000430,4850.0,358000000.0,5060.0,5060.0,4835.0,73050.0,
0008S0,9540.0,2458000000.0,,,,,
190620,102130.0,110000000.0,,,,,
123890,2425.0,173000000.0,2435.0,2450.0,2415.0,71488.0,
570022,59335.0,0.0,,,,,
489030,6260.0,4396000000.0,,,,,
0038A0,15580.0,896000000.0,,,,,
020120,7950.0,2053000000.0,7510.0,8000.0,7010.0,270758.0,
002710,11190.0,1127000000.0,11720.0,11720.0,11170.0,98911.0,1226000000.0
497880,50150.0,6526000000.0,,,,,
091170,16385.0,11112000000.0,,,,,
018250,11070.0,275000000.0,11120.0,11140.0,10980.0,24967.0,
003120,21950.0,115000000.0,22550.0,22550.0,21750.0,5256.0,40000000.0
200880,10800.0,321000000.0,10990.0,10990.0,10790.0,29637.0,185000000.0
001750,19210.0,81000000.0,19320.0,19340.0,19170.0,4232.0,23000000.0
108670,32350.0,424000000.0,32850.0,33050.0,32350.0,12971.0,132000000.0
475080,7980.0,601000000.0,,,,,
0098F0,16140.0,24874000000.0,,,,,
034830,1133.0,404000000.0,1155.0,1155.0,1128.0,355067.0,
244920,12600.0,316000000.0,12800.0,13100.0,12370.0,25112.0,
005720,5400.0,140000000.0,5520.0,5520.0,5380.0,25843.0,
136340,104025.0,30000000.0,,,,,
004310,8860.0,9688000000.0,8970.0,9200.0,8850.0,1079103.0,
441680,10775.0,600000000.0,,,,,
439870,87940.0,1112000000.0,,,,,
084690,7750.0,162000000.0,7870.0,7870.0,7660.0,21052.0,141000000.0
461490,14610.0,542000000.0,,,,,
033270,17630.0,229000000.0,17690.0,17770.0,17600.0,12989.0,45000000.0
122900,8390.0,796000000.0,8360.0,8420.0,8310.0,95074.0,
016800,24350.0,35000000.0,25350.0,25350.0,24150.0,1455.0,5000000.0
001390,4215.0,466000000.0,4250.0,4260.0,4165.0,110892.0,
273140,114625.0,337000000.0,,,,,
0094K0,99570.0,463000000.0,,,,,
005950,10580.0,1206000000.0,10620.0,10760.0,10530.0,113737.0,
105840,13770.0,6111000000.0,14510.0,14550.0,13550.0,440900.0,
471040,30235.0,619000000.0,,,,,
453870,10940.0,731000000.0,,,,,
409820,21655.0,2397000000.0,,,,,
002900,6610.0,1861000000.0,6730.0,6780.0,6530.0,281407.0,
0183V0,12160.0,7220000000.0,,,,,
473330,7805.0,1281000000.0,,,,,
307520,22310.0,2920000000.0,,,,,
423170,61235.0,2468000000.0,,,,,
421320,28310.0,1723000000.0,,,,,
123320,117925.0,10564000000.0,,,,,
084010,7880.0,118000000.0,8040.0,8110.0,7810.0,15076.0,36000000.0
004430,11280.0,599000000.0,11310.0,11450.0,11240.0,52972.0,
058430,4510.0,664000000.0,4650.0,4685.0,4505.0,145805.0,
017390,54500.0,247000000.0,54700.0,54700.0,54100.0,4557.0,66000000.0
213610,22660.0,377000000.0,,,,,
0162Y0,7895.0,2479000000.0,,,,,
044450,11860.0,10198000000.0,11400.0,12090.0,11280.0,869408.0,
005430,84500.0,516000000.0,82500.0,84800.0,80100.0,6174.0,
486830,53410.0,56000000.0,,,,,
037710,34650.0,563000000.0,34750.0,34800.0,34300.0,16290.0,227000000.0
091810,2585.0,131000000.0,2635.0,2665.0,2500.0,50618.0,
078520,10530.0,331000000.0,10700.0,10770.0,10450.0,31418.0,183000000.0
286940,17230.0,356000000.0,17810.0,18060.0,17170.0,20499.0,135000000.0
196230,117075.0,160000000.0,,,,,
388420,29560.0,1298000000.0,,,,,
483340,22995.0,2144000000.0,,,,,
0228G0,10325.0,4675000000.0,,,,,
010690,7340.0,1153000000.0,7510.0,7540.0,7300.0,156413.0,
004360,13390.0,226000000.0,13480.0,13480.0,13190.0,17049.0,55000000.00000001
334890,3670.0,197000000.0,3600.0,3690.0,3585.0,54163.0,
003200,11100.0,864000000.0,11090.0,11170.0,10720.0,79284.0,281000000.0
005680,12720.0,253000000.0,12660.0,12740.0,12560.0,19997.0,
472920,98095.0,0.0,,,,,
044820,26150.0,439000000.0,24950.0,26250.0,24500.0,16972.0,
495230,31970.0,884000000.0,,,,,
139230,12785.0,1951000000.0,,,,,
0232A0,100315.0,0.0,,,,,
298690,1526.0,64000000.0,1555.0,1555.0,1524.0,41809.0,
136490,10390.0,480000000.0,10280.0,10450.0,10180.0,46529.0,
432320,1637.0,298000000.0,1648.0,1653.0,1625.0,182173.0,
005500,18450.0,201000000.0,18580.0,18580.0,18020.0,10901.0,99000000.0
448540,26710.0,517000000.0,,,,,
364970,6575.0,4369000000.0,,,,,
493810,11460.0,1142000000.0,,,,,
283580,14810.0,3179000000.0,,,,,
363580,58800.0,2950000000.0,,,,,
007160,48800.0,69000000.0,50400.0,50400.0,48300.0,1416.0,49000000.0
003960,26600.0,36000000.0,26650.0,26900.0,26500.0,1369.0,24000000.0
228790,4245.0,14793000000.0,,,,,
0182S0,13020.0,2426000000.0,,,,,
0053L0,9035.0,1946000000.0,,,,,
001790,2805.0,327000000.0,2835.0,2845.0,2805.0,116322.0,
404990,3915.0,159000000.0,3845.0,3915.0,3835.0,41342.0,
117700,6960.0,22030000000.0,,,,,
003920,42100.0,152000000.0,42150.0,43300.0,42000.0,3594.0,52000000.0
030210,3905.0,336000000.0,3855.0,3960.0,3805.0,86326.0,
025000,57000.0,159000000.0,56400.0,57000.0,56400.0,2809.0,
472160,19755.0,2793000000.0,,,,,
053690,21400.0,2673000000.0,22350.0,22350.0,21350.0,123669.0,
363570,86335.0,1754000000.0,,,,,
348950,1182.0,0.0,0.0,0.0,0.0,0.0,
003070,9170.0,117000000.0,9210.0,9240.0,9100.0,12812.0,
0151S0,16480.0,1839000000.0,,,,,
329650,14000.0,354000000.0,,,,,
001340,5120.0,1392000000.0,4995.0,5250.0,4915.0,275946.0,
226320,10500.0,141000000.0,10450.0,10540.0,10360.0,13552.0,84000000.0
0092C0,50300.0,0.0,,,,,
008490,19830.0,370000000.0,20500.0,20500.0,19700.0,18606.0,134000000.00000001
000680,2910.0,129000000.0,2950.0,2990.0,2910.0,44221.0,
498270,15165.0,1636000000.0,,,,,
271050,1799.0,17325000000.0,,,,,
001470,5820.0,0.0,0.0,0.0,0.0,0.0,
0089D0,13380.0,1571000000.0,,,,,
0104N0,21690.0,1002000000.0,,,,,
478150,18050.0,1085000000.0,,,,,
452360,13170.0,1678000000.0,,,,,
437080,96130.0,935000000.0,,,,,
500029,22205.0,78000000.0,,,,,
009680,10210.0,71000000.0,10150.0,10210.0,10070.0,7058.0,21000000.0
0030R0,3705.0,28000000.0,3690.0,3920.0,3660.0,7538.0,
433500,58280.0,5893000000.0,,,,,
028100,19700.0,1745000000.0,19200.0,19880.0,18880.0,89450.0,
458260,46005.0,366000000.0,,,,,
134380,10030.0,15000000.0,10030.0,10310.0,10030.0,1589.0,
000540,3430.0,135000000.0,3450.0,3560.0,3420.0,39432.0,
03473K,387500.0,417000000.0,386000.0,389000.0,382500.0,1084.0,
002320,14120.0,230000000.0,14260.0,14260.0,14020.0,16336.0,110000000.00000001
000050,7990.0,184000000.0,7990.0,8100.0,7910.0,23224.0,
003720,6440.0,685000000.0,6460.0,6590.0,6400.0,106004.0,
488980,52230.0,0.0,,,,,
530145,12855.0,7455000000.0,,,,,
034120,11780.0,25000000.0,11880.0,11940.0,11740.0,2185.0,25000000.0
001460,34950.0,218000000.0,36550.0,36550.0,34750.0,6210.0,66000000.0
003650,125300.0,122000000.0,126100.0,127900.0,125300.0,968.0,
035510,15550.0,1587000000.0,15900.0,15950.0,15510.0,101072.0,
422420,6640.0,377000000.0,,,,,
000490,7540.0,794000000.0,7670.0,7750.0,7500.0,104803.0,
442320,34665.0,552000000.0,,,,,
0233J0,10815.0,5147000000.0,,,,,
092200,5560.0,783000000.0,5680.0,5780.0,5500.0,140488.0,
475560,14560.0,173000000.0,14620.0,14750.0,14470.0,11875.0,
157500,12115.0,2682000000.0,,,,,
017860,12210.0,479000000.0,12110.0,12310.0,11980.0,39401.0,
005010,3830.0,854000000.0,4010.0,4020.0,3830.0,219908.0,
266160,33880.0,680000000.0,,,,,
267770,89640.0,3570000000.0,,,,,
332930,148275.0,9000000.0,,,,,
490090,16240.0,2333000000.0,,,,,
305080,11885.0,855000000.0,,,,,
900140,1100.0,256000000.0,1107.0,1121.0,1094.0,233259.0,
033920,7440.0,109000000.0,7520.0,7540.0,7420.0,14647.0,
0119H0,9910.0,85000000.0,,,,,
000320,15830.0,92000000.0,16000.0,16380.0,15640.0,5861.0,28000000.000000004
001250,2535.0,834000000.0,2560.0,2585.0,2510.0,327986.0,
486450,19100.0,326000000.0,,,,,
088260,3275.0,60000000.0,3280.0,3325.0,3240.0,18277.0,
035150,10370.0,46000000.0,10390.0,10500.0,10300.0,4491.0,21000000.0
520094,102505.0,0.0,,,,,
051905,97600.0,702000000.0,99200.0,99200.0,97200.0,7145.0,
011500,13070.0,387000000.0,12960.0,13200.0,12910.0,29683.0,
003555,67800.0,229000000.0,68400.0,68600.0,67800.0,3366.0,
244580,7820.0,2127000000.0,,,,,
000650,142000.0,122000000.0,147400.0,148000.0,142000.0,852.0,
0005A0,9350.0,1664000000.0,,,,,
0093A0,36665.0,6491000000.0,,,,,
000480,4280.0,42000000.0,4325.0,4325.0,4260.0,9920.0,
013580,22450.0,788000000.0,22900.0,22900.0,22250.0,35050.0,
480040,14690.0,1632000000.0,,,,,
004980,8140.0,235000000.0,8150.0,8210.0,8050.0,29128.0,88000000.0
0069M0,13815.0,896000000.0,,,,,
495060,29040.0,3958000000.0,,,,,
077500,9190.0,6981000000.0,8580.0,9200.0,8560.0,779268.0,
463050,11000.0,2693000000.0,,,,,
530104,196745.0,142000000.0,,,,,
377190,2220.0,253000000.0,2245.0,2245.0,2215.0,113659.0,
500069,196145.0,0.0,,,,,
037270,3080.0,232000000.0,3085.0,3110.0,3000.0,75832.0,
100250,3065.0,47000000.0,3075.0,3095.0,3065.0,15464.0,
298000,51600.0,610000000.0,52600.0,52600.0,51000.0,11806.0,
039570,7510.0,11000000.0,7490.0,7550.0,7490.0,1496.0,
302190,50025.0,238000000.0,,,,,
095570,4285.0,749000000.0,4220.0,4325.0,4165.0,175866.0,
117580,7040.0,553000000.0,7050.0,7110.0,7010.0,78332.0,
002420,6180.0,138000000.0,6300.0,6320.0,6040.0,22588.0,
495550,33485.0,298000000.0,,,,,
433980,15805.0,545000000.0,,,,,
000390,7040.0,456000000.0,7060.0,7120.0,6980.0,64724.0,
0005G0,55495.0,1244000000.0,,,,,
414780,13860.0,662000000.0,,,,,
005960,8300.0,444000000.0,8600.0,8650.0,8280.0,52981.0,
339770,3810.0,93000000.0,3805.0,3820.0,3755.0,24759.0,
0115D0,7360.0,4320000000.0,,,,,
0204D0,5580.0,3753000000.0,,,,,
053210,3990.0,152000000.0,4000.0,4030.0,3960.0,38293.0,
494330,33220.0,1073000000.0,,,,,
0047A0,12515.0,1769000000.0,,,,,
0082V0,11280.0,604000000.0,,,,,
0091C0,9415.0,758000000.0,,,,,
001630,37450.0,107000000.0,37600.0,37850.0,37200.0,2890.0,14000000.000000002
473460,24655.0,2126000000.0,,,,,
102460,10080.0,198000000.0,10010.0,10090.0,9910.0,19848.0,
004560,12420.0,416000000.0,12540.0,12770.0,12350.0,33125.0,
016580,10060.0,108000000.0,10040.0,10060.0,9970.0,10855.0,
003520,1022.0,158000000.0,1029.0,1033.0,1017.0,154674.0,
003547,19360.0,414000000.0,19620.0,19620.0,19340.0,21339.0,
261260,5520.0,1667000000.0,,,,,
001130,10990.0,197000000.0,11040.0,11110.0,10770.0,18227.0,35000000.0
520098,30730.0,218000000.0,,,,,
487570,49450.0,624000000.0,48200.0,49450.0,47850.0,12938.0,
466930,23235.0,1835000000.0,,,,,
476450,52880.0,133000000.0,,,,,
0190G0,9695.0,2313000000.0,,,,,
102260,3615.0,196000000.0,3555.0,3645.0,3555.0,54709.0,
494220,52325.0,3830000000.0,,,,,
003610,5700.0,155000000.0,5720.0,5730.0,5650.0,27430.0,
429000,12780.0,554000000.0,,,,,
332500,76095.0,1758000000.0,,,,,
128820,4030.0,347000000.0,4030.0,4075.0,4015.0,85899.0,
500099,18190.0,71000000.0,,,,,
033530,6700.0,281000000.0,6750.0,6800.0,6640.0,42037.0,
025560,6520.0,2159000000.0,6410.0,6600.0,6370.0,332322.0,
122090,84985.0,2220000000.0,,,,,
480020,10070.0,1289000000.0,,,,,
000140,7750.0,34000000.0,7780.0,7860.0,7750.0,4367.0,
015230,6590.0,373000000.0,6780.0,6800.0,6560.0,56002.0,
213500,7480.0,196000000.0,7480.0,7550.0,7450.0,26312.0,
003220,7850.0,104000000.0,7820.0,7890.0,7790.0,13348.0,121000000.0
000520,8100.0,836000000.0,7860.0,8240.0,7270.0,105783.0,
002100,8980.0,118000000.0,9020.0,9030.0,8960.0,13187.0,
530134,1942.0,9754000000.0,,,,,
233160,7695.0,11767000000.0,,,,,
0099L0,99570.0,60000000.0,,,,,
483290,9945.0,1727000000.0,,,,,
000300,4200.0,0.0,0.0,0.0,0.0,0.0,
234080,10980.0,70000000.0,10990.0,11020.0,10900.0,6458.0,
403790,59410.0,35000000.0,,,,,
0040X0,9390.0,953000000.0,,,,,
0192Z0,100870.0,0.0,,,,,
000700,6640.0,151000000.0,6710.0,6740.0,6610.0,22610.0,
016450,4310.0,22000000.0,4310.0,4350.0,4300.0,5201.0,
009470,25950.0,902000000.0,26800.0,26900.0,25850.0,34377.0,
007860,7300.0,171000000.0,7370.0,7370.0,7250.0,23389.0,
461950,4760.0,3848000000.0,,,,,
002150,5030.0,138000000.0,5020.0,5070.0,4950.0,27722.0,
412570,1151.0,5651000000.0,,,,,
003460,2985.0,129000000.0,2980.0,3000.0,2955.0,43674.0,
337160,49655.0,278000000.0,,,,,
490600,8620.0,2411000000.0,,,,,
472870,6780.0,808000000.0,,,,,
241590,2700.0,127000000.0,2715.0,2725.0,2630.0,48055.0,
0193G0,8685.0,384000000.0,,,,,
491820,44615.0,2062000000.0,,,,,
480030,9645.0,772000000.0,,,,,
200250,20495.0,128000000.0,,,,,
237370,15525.0,839000000.0,,,,,
101530,5530.0,0.0,0.0,0.0,0.0,0.0,
013890,7340.0,69000000.0,7510.0,7510.0,7240.0,9458.0,26000000.0
0064K0,12295.0,362000000.0,,,,,
152870,114125.0,65000000.0,,,,,
488720,48670.0,19000000.0,,,,,
002170,53000.0,3000000.0,53500.0,53600.0,53000.0,67.0,
160580,16370.0,1622000000.0,,,,,
272560,114940.0,617000000.0,,,,,
014710,9200.0,48000000.0,9800.0,9800.0,9200.0,5180.0,
460850,5290.0,202000000.0,5340.0,5340.0,5220.0,38503.0,
006805,11740.0,203000000.0,11920.0,12050.0,11720.0,17181.0,
570051,31350.0,1000000.0,,,,,
000860,12010.0,168000000.0,12230.0,12250.0,12000.0,13965.0,
090350,7800.0,133000000.0,7740.0,7860.0,7740.0,17137.0,
0180V0,8135.0,1948000000.0,,,,,
00279K,21650.0,45000000.0,21300.0,21800.0,21300.0,2120.0,
394670,10515.0,204000000.0,,,,,
0051G0,12335.0,960000000.0,,,,,
400760,2780.0,141000000.0,2795.0,2800.0,2765.0,51020.0,
004380,7370.0,262000000.0,7590.0,7820.0,7370.0,35043.0,
550089,151870.0,0.0,,,,,
700023,151555.0,0.0,,,,,
354500,14275.0,672000000.0,,,,,
0005D0,14375.0,4013000000.0,,,,,
462520,12720.0,52000000.0,12770.0,12770.0,12560.0,4151.0,
0151P0,15350.0,965000000.0,,,,,
001780,1546.0,217000000.0,1533.0,1555.0,1531.0,141309.0,
000970,6560.0,23000000.0,6590.0,6590.0,6530.0,3511.0,
001045,66000.0,133000000.0,65800.0,66400.0,65500.0,2035.0,
138520,36900.0,422000000.0,,,,,
011785,49300.0,367000000.0,50000.0,50200.0,49200.0,7443.0,
219480,33485.0,103000000.0,,,,,
458210,110845.0,89000000.0,,,,,
438560,100350.0,9000000.0,,,,,
007570,7720.0,147000000.0,7870.0,8060.0,7720.0,18906.0,
016880,1839.0,105000000.0,1836.0,1870.0,1822.0,56958.0,
271980,9970.0,66000000.0,10050.0,10120.0,9850.0,6616.0,
004090,11530.0,947000000.0,11470.0,11680.0,11340.0,82043.0,
097955,110200.0,460000000.0,110000.0,111200.0,109700.0,4174.0,
0104H0,11970.0,483000000.0,,,,,
003830,109800.0,17000000.0,111400.0,111400.0,109700.0,160.0,
491610,105080.0,183000000.0,,,,,
293480,8160.0,101000000.0,8190.0,8200.0,8120.0,12408.0,
0153K0,12050.0,801000000.0,,,,,
272550,9590.0,73000000.0,9690.0,9700.0,9520.0,7643.0,
025820,4320.0,615000000.0,4395.0,4480.0,4315.0,140107.0,
0127M0,12040.0,13000000.0,,,,,
004970,8980.0,165000000.0,9040.0,9090.0,8930.0,18417.0,
471760,15405.0,18648000000.0,,,,,
0048K0,7950.0,3764000000.0,,,,,
481180,16590.0,2260000000.0,,,,,
004150,3455.0,116000000.0,3470.0,3490.0,3435.0,33881.0,
071840,5960.0,114000000.0,6000.0,6100.0,5950.0,19205.0,
498180,93330.0,0.0,,,,,
0041E0,16345.0,791000000.0,,,,,
495330,32670.0,107000000.0,,,,,
107590,60200.0,2000000.0,60800.0,61500.0,60200.0,36.0,
451530,35300.0,554000000.0,,,,,
000020,4990.0,157000000.0,5000.0,5040.0,4985.0,31402.0,
094280,12040.0,32000000.0,12070.0,12070.0,11980.0,2714.0,
003480,4705.0,79000000.0,4750.0,4750.0,4700.0,16755.0,
245340,34360.0,836000000.0,,,,,
760007,34700.0,101000000.0,,,,,
0199C0,9190.0,7528000000.0,,,,,
015890,4725.0,59000000.0,4760.0,4790.0,4720.0,12565.0,
0131W0,102300.0,449000000.0,,,,,
008350,1063.0,431000000.0,1067.0,1067.0,1052.0,406371.0,
143860,34440.0,475000000.0,,,,,
476030,17535.0,471000000.0,,,,,
007540,47400.0,796000000.0,47050.0,47950.0,46650.0,16821.0,
004080,14650.0,81000000.0,14700.0,14700.0,14450.0,5602.0,
500037,67965.0,29000000.0,,,,,
139220,7920.0,2948000000.0,,,,,
463680,23100.0,382000000.0,,,,,
012610,3190.0,213000000.0,3215.0,3225.0,3165.0,67082.0,
570050,26435.0,0.0,,,,,
520066,22000.0,293000000.0,,,,,
0092B0,15885.0,3757000000.0,,,,,
457990,34175.0,13250000000.0,,,,,
411420,27595.0,1236000000.0,,,,,
024090,11480.0,5000000.0,11460.0,11550.0,11460.0,482.0,
081000,9200.0,70000000.0,9250.0,9300.0,9160.0,7623.0,
0091M0,10160.0,21000000.0,,,,,
001080,3705.0,29000000.0,3825.0,3830.0,3705.0,7813.0,
018470,5130.0,240000000.0,5100.0,5160.0,5060.0,46999.0,
325010,44715.0,36000000.0,,,,,
304660,7240.0,700000000.0,,,,,
214390,5390.0,78000000.0,5400.0,5470.0,5320.0,14604.0,
0181B0,10355.0,3397000000.0,,,,,
014280,4365.0,533000000.0,4450.0,4490.0,4350.0,121214.0,
570106,51150.0,0.0,,,,,
530136,12775.0,3922000000.0,,,,,
448100,116050.0,828000000.0,,,,,
461500,105120.0,670000000.0,,,,,
0123G0,6180.0,400000000.0,,,,,
009270,1109.0,182000000.0,1133.0,1133.0,1104.0,164173.0,
092220,3165.0,4687000000.0,3020.0,3440.0,2975.0,1456208.0,
267290,21550.0,108000000.0,21450.0,21550.0,21400.0,5041.0,
013520,2535.0,238000000.0,2445.0,2535.0,2440.0,96483.0,
0074K0,17070.0,452000000.0,,,,,
463290,109450.0,548000000.0,,,,,
004960,10860.0,432000000.0,11380.0,11380.0,10840.0,39346.0,
192090,12050.0,306000000.0,,,,,
447620,15895.0,959000000.0,,,,,
001520,1153.0,955000000.0,1162.0,1183.0,1138.0,825600.0,
0000Y0,102055.0,0.0,,,,,
001210,9840.0,12290000000.0,10210.0,10500.0,9800.0,1218586.0,
078000,13330.0,14000000.0,13340.0,13500.0,13300.0,1086.0,
001360,1307.0,208000000.0,1325.0,1325.0,1295.0,159483.0,
328370,39605.0,2000000.0,,,,,
011690,3345.0,193000000.0,3355.0,3400.0,3260.0,58481.0,
350520,3325.0,122000000.0,3370.0,3370.0,3230.0,36797.0,
210540,11100.0,130000000.0,11250.0,11250.0,11070.0,11762.0,
438570,98120.0,1000000.0,,,,,
006060,2210.0,82000000.0,2230.0,2230.0,2200.0,37434.0,
002210,1265.0,88000000.0,1292.0,1306.0,1260.0,69080.0,
760011,7885.0,1000000.0,,,,,
005800,13510.0,348000000.0,13600.0,13610.0,13510.0,25701.0,
332940,50455.0,41000000.0,,,,,
114820,104975.0,1573000000.0,,,,,
009070,4005.0,506000000.0,4145.0,4170.0,3980.0,125706.0,
214420,4985.0,174000000.0,5020.0,5050.0,4985.0,34907.0,
002620,7500.0,9000000.0,7640.0,7660.0,7360.0,1309.0,
089470,3745.0,182000000.0,3800.0,3805.0,3695.0,49076.0,
0184L0,100635.0,2423000000.0,,,,,
491230,52605.0,109000000.0,,,,,
003010,9340.0,3187000000.0,9990.0,9990.0,9310.0,332820.0,
037560,1533.0,203000000.0,1575.0,1575.0,1515.0,132864.0,
399110,20690.0,180000000.0,,,,,
469170,5780.0,1970000000.0,,,,,
377990,23780.0,837000000.0,,,,,
0085P0,9545.0,2101000000.0,,,,,
008970,1130.0,736000000.0,1184.0,1188.0,1125.0,644774.0,
319640,25420.0,136000000.0,,,,,
0168K0,5470.0,7020000000.0,,,,,
182480,13240.0,83000000.0,,,,,
227840,12780.0,78000000.0,12920.0,12920.0,12730.0,6119.0,
326240,45660.0,145000000.0,,,,,
034590,26400.0,19000000.0,26400.0,26400.0,26200.0,725.0,
002390,8380.0,49000000.0,8370.0,8450.0,8300.0,5896.0,
016740,4020.0,189000000.0,3975.0,4070.0,3955.0,47368.0,
550092,115030.0,0.0,,,,,
304940,33770.0,154000000.0,,,,,
0209D0,7885.0,3938000000.0,,,,,
251340,2385.0,65909000000.0,,,,,
0135Y0,100295.0,1000000.0,,,,,
014530,3270.0,217000000.0,3285.0,3310.0,3230.0,66162.0,
017550,1821.0,246000000.0,1863.0,1863.0,1816.0,134933.0,
004100,3075.0,1607000000.0,3060.0,3140.0,3025.0,519829.0,
015590,2110.0,149000000.0,2110.0,2155.0,2060.0,70964.0,
079430,5600.0,71000000.0,5650.0,5700.0,5600.0,12664.0,
016710,7000.0,59000000.0,7000.0,7000.0,6900.0,8611.0,
0036R0,20215.0,800000000.0,,,,,
0191W0,100890.0,3000000.0,,,,,
0197X0,5440.0,68813000000.0,,,,,
023450,32000.0,31000000.0,32000.0,32250.0,31600.0,998.0,
002460,11030.0,58000000.0,10950.0,11090.0,10880.0,5328.0,
009580,1794.0,9962000000.0,1845.0,2120.0,1771.0,5087888.0,
367770,21695.0,913000000.0,,,,,
0174B0,15185.0,919000000.0,,,,,
266370,71970.0,953000000.0,,,,,
083420,4635.0,89000000.0,4710.0,4710.0,4590.0,19344.0,
488500,12215.0,523000000.0,,,,,
476850,22500.0,1932000000.0,,,,,
0162L0,13590.0,6084000000.0,,,,,
0000J0,27505.0,1072000000.0,,,,,
530061,36665.0,374000000.0,,,,,
309230,29765.0,101000000.0,,,,,
011810,3530.0,0.0,0.0,0.0,0.0,0.0,
013570,4155.0,68000000.0,4155.0,4180.0,4110.0,16621.0,
0132K0,7980.0,915000000.0,,,,,
496090,32775.0,2000000.0,,,,,
0221V0,100680.0,35000000.0,,,,,
372330,6435.0,413000000.0,,,,,
464930,20620.0,223000000.0,,,,,
530055,107155.0,9000000.0,,,,,
37550L,50700.0,666000000.0,52500.0,53100.0,49900.0,12985.0,
0193M0,50375.0,0.0,,,,,
0138Y0,9670.0,1112000000.0,,,,,
570019,7090.0,10000000.0,,,,,
012800,1166.0,551000000.0,1186.0,1206.0,1165.0,467150.0,
203780,35265.0,422000000.0,,,,,
500050,52870.0,0.0,,,,,
008040,7480.0,131000000.0,7900.0,7900.0,7450.0,17376.0,
120030,83600.0,15000000.0,83500.0,83800.0,82300.0,190.0,
455860,4355.0,1280000000.0,,,,,
012320,44350.0,217000000.0,44300.0,45200.0,44200.0,4879.0,
021820,10470.0,24000000.0,10740.0,10740.0,10370.0,2377.0,
014580,3795.0,117000000.0,3800.0,3810.0,3760.0,30983.0,
078935,58700.0,775000000.0,59200.0,59500.0,57800.0,13255.0,
0137V0,11665.0,1146000000.0,,,,,
465610,43455.0,433000000.0,,,,,
464310,13370.0,224000000.0,,,,,
168580,33415.0,19000000.0,,,,,
004250,2835.0,47000000.0,2850.0,2850.0,2820.0,16815.0,
027970,2730.0,26000000.0,2730.0,2765.0,2690.0,9637.0,
530107,1714.0,39211000000.0,,,,,
570116,51285.0,9000000.0,,,,,
035000,6310.0,102000000.0,6350.0,6350.0,6280.0,16213.0,
0122W0,51100.0,1000000.0,,,,,
123690,6340.0,256000000.0,6380.0,6410.0,6300.0,40420.0,
267850,9170.0,40000000.0,9160.0,9280.0,9150.0,4445.0,
610037,7260.0,0.0,,,,,
010100,3335.0,120000000.0,3390.0,3390.0,3315.0,36136.0,
0142D0,10855.0,2215000000.0,,,,,
248170,22200.0,406000000.0,22300.0,22500.0,22200.0,18253.0,
475050,6825.0,3117000000.0,,,,,
0080Y0,7980.0,3913000000.0,,,,,
006660,12430.0,955000000.0,12680.0,12790.0,12400.0,75888.0,
119650,918.0,0.0,0.0,0.0,0.0,0.0,
394660,15340.0,50000000.0,,,,,
0177X0,9740.0,2668000000.0,,,,,
0008T0,17395.0,21187000000.0,,,,,
002780,6740.0,240000000.0,6770.0,6800.0,6710.0,35605.0,
114100,105940.0,1103000000.0,,,,,
070960,2030.0,73000000.0,2000.0,2060.0,1998.0,36430.0,
002450,1078.0,110000000.0,1088.0,1088.0,1070.0,102729.0,
011280,1376.0,49000000.0,1396.0,1396.0,1338.0,36327.0,
580039,194740.0,48000000.0,,,,,
417310,2395.0,162000000.0,2395.0,2395.0,2385.0,68078.0,
008700,1253.0,125000000.0,1257.0,1260.0,1230.0,99978.0,
264900,7680.0,38000000.0,7800.0,7800.0,7670.0,5028.0,
486240,30960.0,9000000.0,,,,,
195980,15560.0,174000000.0,,,,,
479620,27560.0,978000000.0,,,,,
433970,13965.0,305000000.0,,,,,
473440,10865.0,103000000.0,,,,,
002200,2815.0,11000000.0,2815.0,2830.0,2800.0,4262.0,
014440,4695.0,37000000.0,4675.0,4735.0,4670.0,8002.0,
013700,1571.0,281000000.0,1621.0,1632.0,1560.0,178663.0,
067830,2285.0,69000000.0,2300.0,2300.0,2250.0,30669.0,
475280,10745.0,0.0,,,,,
298770,85160.0,716000000.0,,,,,
0035T0,19300.0,192000000.0,,,,,
007210,1430.0,103000000.0,1431.0,1431.0,1405.0,73035.0,
032560,5490.0,42000000.0,5520.0,5540.0,5460.0,7712.0,
036580,2535.0,66000000.0,2500.0,2605.0,2480.0,26596.0,
453080,23840.0,1919000000.0,,,,,
008260,3250.0,137000000.0,3285.0,3285.0,3230.0,42284.0,
014790,2450.0,128000000.0,2490.0,2650.0,2440.0,51911.0,
308620,11170.0,415000000.0,,,,,
464240,52060.0,0.0,,,,,
0176E0,9695.0,110000000.0,,,,,
363280,2020.0,29000000.0,2025.0,2045.0,1960.0,14451.0,
143850,78180.0,182000000.0,,,,,
325020,29400.0,90000000.0,,,,,
454320,42390.0,199000000.0,,,,,
269540,30335.0,306000000.0,,,,,
0007N0,113745.0,11000000.0,,,,,
0052T0,50735.0,0.0,,,,,
006840,6830.0,33000000.0,6870.0,7000.0,6700.0,4912.0,
0066W0,12435.0,314000000.0,,,,,
001275,30050.0,34000000.0,30000.0,30450.0,30000.0,1156.0,
058850,2175.0,2022000000.0,2095.0,2220.0,2095.0,927522.0,
261270,8240.0,315000000.0,,,,,
058860,2575.0,13580000000.0,2475.0,2930.0,2455.0,4943698.0,
444490,20100.0,209000000.0,,,,,
468380,10695.0,590000000.0,,,,,
096775,71200.0,637000000.0,68400.0,72100.0,68400.0,8935.0,
019180,4910.0,529000000.0,4970.0,5020.0,4880.0,106742.0,
610064,55145.0,0.0,,,,,
012200,3235.0,9623000000.0,3280.0,3430.0,3180.0,2897489.0,
458030,55155.0,1000000.0,,,,,
001290,4055.0,113000000.0,4050.0,4115.0,3990.0,28256.0,
469060,37215.0,2176000000.0,,,,,
329670,21835.0,96000000.0,,,,,
495040,32345.0,37000000.0,,,,,
211900,27700.0,128000000.0,,,,,
023000,2195.0,11000000.0,2185.0,2210.0,2185.0,5034.0,
475310,29765.0,12080000000.0,,,,,
33626K,6430.0,99000000.0,6480.0,6610.0,6420.0,15260.0,
025620,4720.0,76000000.0,4800.0,4880.0,4690.0,15874.0,
453330,18375.0,373000000.0,,,,,
359210,36645.0,67000000.0,,,,,
485690,23065.0,1071000000.0,,,,,
006090,8930.0,70000000.0,8800.0,8960.0,8780.0,7869.0,
460960,10785.0,1739000000.0,,,,,
007980,1790.0,1111000000.0,1730.0,1810.0,1724.0,623721.0,
004890,34600.0,41000000.0,35300.0,35300.0,34350.0,1192.0,
004140,1746.0,244000000.0,1784.0,1784.0,1741.0,139603.0,
329660,17715.0,163000000.0,,,,,
461460,51290.0,12000000.0,,,,,
139990,2145.0,18000000.0,2120.0,2155.0,2120.0,8613.0,
002600,137500.0,4000000.0,138000.0,138700.0,137500.0,36.0,
337140,37450.0,272000000.0,,,,,
000850,37300.0,212000000.0,38100.0,38200.0,37050.0,5658.0,
109070,1550.0,0.0,0.0,0.0,0.0,0.0,
0017Y0,94080.0,3000000.0,,,,,
0198A0,8740.0,6600000000.0,,,,,
0225V0,12565.0,15474000000.0,,,,,
449770,20910.0,54000000.0,,,,,
570120,16225.0,454000000.0,,,,,
108450,40480.0,15000000.0,,,,,
003580,1583.0,109000000.0,1588.0,1600.0,1562.0,69260.0,
495750,32680.0,6000000.0,,,,,
0018C0,10435.0,825000000.0,,,,,
111380,13010.0,44000000.0,13140.0,13140.0,12800.0,3429.0,
007610,4415.0,1468000000.0,4520.0,4585.0,4415.0,327394.0,
0057H0,11650.0,1600000000.0,,,,,
023800,5010.0,83000000.0,5090.0,5150.0,5000.0,16555.0,
000590,68400.0,155000000.0,68200.0,68400.0,66200.0,2318.0,
365040,37490.0,281000000.0,,,,,
0049M0,11085.0,508000000.0,,,,,
138530,12030.0,330000000.0,,,,,
009180,2760.0,16000000.0,2765.0,2765.0,2745.0,5999.0,
550093,38730.0,1000000.0,,,,,
011700,2385.0,286000000.0,2470.0,2490.0,2370.0,118939.0,
069730,5360.0,65000000.0,5350.0,5450.0,5320.0,12306.0,
0238F0,11020.0,4660000000.0,,,,,
0098N0,12855.0,456000000.0,,,,,
002220,2870.0,254000000.0,2960.0,2970.0,2855.0,87809.0,
005740,5150.0,47000000.0,5120.0,5230.0,5120.0,9239.0,
210780,23140.0,200000000.0,,,,,
000105,66100.0,26000000.0,66000.0,66500.0,65200.0,396.0,
007590,5570.0,7000000.0,5580.0,5590.0,5530.0,1341.0,
0240J0,10820.0,4134000000.0,,,,,
084680,532.0,0.0,0.0,0.0,0.0,0.0,
001260,7670.0,121000000.0,7560.0,7820.0,7500.0,16075.0,
163560,5420.0,68000000.0,5410.0,5470.0,5390.0,12614.0,
004840,3900.0,76000000.0,3970.0,3995.0,3860.0,19754.0,
272910,106010.0,9000000.0,,,,,
0080X0,10720.0,206000000.0,,,,,
292190,50000.0,627000000.0,,,,,
490480,27685.0,587000000.0,,,,,
013360,1382.0,92000000.0,1383.0,1384.0,1370.0,66874.0,
412770,12895.0,107000000.0,,,,,
204480,22865.0,191000000.0,,,,,
0210E0,7595.0,1902000000.0,,,,,
228810,3030.0,449000000.0,,,,,
010960,3060.0,118000000.0,3075.0,3090.0,3040.0,38903.0,
475350,14305.0,436000000.0,,,,,
157490,7860.0,322000000.0,,,,,
002795,11430.0,90000000.0,11350.0,11430.0,11310.0,7975.0,
0022T0,12765.0,1084000000.0,,,,,
298340,56465.0,298000000.0,,,,,
0098Z0,96770.0,0.0,,,,,
005750,4360.0,52000000.0,4445.0,4445.0,4310.0,12206.0,
024900,2220.0,1022000000.0,2125.0,2275.0,2125.0,461088.0,
364960,6075.0,105000000.0,,,,,
013870,3790.0,49000000.0,3850.0,3850.0,3790.0,13016.0,
473640,34200.0,432000000.0,,,,,
0102A0,8850.0,306000000.0,,,,,
004770,2005.0,1632000000.0,1896.0,2045.0,1896.0,822679.0,
500096,14210.0,60000000.0,,,,,
014160,655.0,0.0,0.0,0.0,0.0,0.0,
001020,1990.0,58000000.0,2195.0,2195.0,1990.0,29362.0,
530115,70650.0,5000000.0,,,,,
055490,14750.0,240000000.0,14950.0,14950.0,14370.0,16568.0,
0190Y0,8710.0,391000000.0,,,,,
441540,26095.0,281000000.0,,,,,
338100,3770.0,277000000.0,3830.0,3830.0,3745.0,73799.0,
063160,12820.0,122000000.0,12920.0,12930.0,12560.0,9627.0,
429760,19480.0,93000000.0,,,,,
095720,1230.0,25000000.0,1213.0,1240.0,1212.0,20554.0,
120115,25150.0,112000000.0,25250.0,25350.0,24850.0,4487.0,
0233A0,10845.0,4008000000.0,,,,,
550084,34550.0,0.0,,,,,
550091,34530.0,261000000.0,,,,,
530126,34510.0,0.0,,,,,
214330,6600.0,170000000.0,6540.0,6650.0,6520.0,25909.0,
155660,4310.0,20000000.0,4375.0,4375.0,4305.0,4775.0,
071090,3410.0,1967000000.0,3450.0,3455.0,3345.0,580814.0,
211560,34700.0,138000000.0,,,,,
000230,5940.0,56000000.0,5980.0,5980.0,5860.0,9618.0,
000180,4910.0,40000000.0,5140.0,5140.0,4910.0,8203.0,
084670,23650.0,155000000.0,24000.0,24450.0,23500.0,6492.0,
491700,114095.0,8000000.0,,,,,
002720,3235.0,86000000.0,3230.0,3245.0,3175.0,26907.0,
465330,11175.0,593000000.0,,,,,
031820,5650.0,259000000.0,5710.0,5790.0,5580.0,45778.0,
009770,27300.0,25000000.0,28000.0,28150.0,27250.0,944.0,
001560,8980.0,5000000.0,9060.0,9190.0,8950.0,574.0,
530131,22740.0,0.0,,,,,
130730,103150.0,21000000.0,,,,,
492500,51345.0,12000000.0,,,,,
0113D0,11890.0,153000000.0,,,,,
228800,2635.0,131000000.0,,,,,
011150,1876.0,54000000.0,1900.0,1907.0,1866.0,28954.0,
266420,15590.0,160000000.0,,,,,
433880,18550.0,414000000.0,,,,,
278620,119150.0,8000000.0,,,,,
610066,55185.0,0.0,,,,,
520100,13200.0,1479000000.0,,,,,
277640,38790.0,291000000.0,,,,,
019680,1636.0,38000000.0,1637.0,1644.0,1600.0,23897.0,
079980,1902.0,56000000.0,1950.0,1950.0,1901.0,29824.0,
520081,65595.0,0.0,,,,,
010660,2980.0,200000000.0,2990.0,3025.0,2905.0,67374.0,
306950,81700.0,36000000.0,,,,,
418670,19205.0,2145000000.0,,,,,
570100,21765.0,44000000.0,,,,,
085310,8800.0,141000000.0,8800.0,8820.0,8650.0,16277.0,
700022,32585.0,0.0,,,,,
458750,12520.0,162000000.0,,,,,
252400,108435.0,108000000.0,,,,,
100220,4995.0,99000000.0,4915.0,5000.0,4915.0,19906.0,
058730,3200.0,548000000.0,3200.0,3225.0,3170.0,171566.0,
014990,4310.0,1272000000.0,4270.0,4310.0,4080.0,305357.0,
530067,32260.0,6000000.0,,,,,
453950,32990.0,268000000.0,,,,,
004720,2825.0,23000000.0,2825.0,2890.0,2825.0,8124.0,
004440,5020.0,105000000.0,5120.0,5170.0,5000.0,21003.0,
007280,2230.0,62000000.0,2320.0,2320.0,2200.0,27904.0,
261240,14050.0,2273000000.0,,,,,
580010,10595.0,0.0,,,,,
520080,21180.0,0.0,,,,,
0123S0,10200.0,11000000.0,,,,,
002700,921.0,175000000.0,928.0,940.0,920.0,189665.0,
010040,1536.0,20000000.0,1561.0,1620.0,1536.0,13298.0,
580082,25125.0,40000000.0,,,,,
495940,19875.0,81000000.0,,,,,
009200,1504.0,200000000.0,1500.0,1585.0,1497.0,130874.0,
520092,31205.0,413000000.0,,,,,
292770,58085.0,0.0,,,,,
419890,107520.0,0.0,,,,,
210980,3335.0,223000000.0,3385.0,3465.0,3265.0,67237.0,
016090,1402.0,29000000.0,1403.0,1404.0,1393.0,20954.0,
455660,9375.0,127000000.0,,,,,
520086,24750.0,6000000.0,,,,,
520095,24745.0,5849000000.0,,,,,
140700,20550.0,1420000000.0,,,,,
0166S0,11715.0,287000000.0,,,,,
018500,1315.0,78000000.0,1330.0,1350.0,1301.0,59493.0,
005870,4355.0,88000000.0,4485.0,4485.0,4340.0,20299.0,
0222D0,10235.0,1694000000.0,,,,,
004450,28500.0,118000000.0,28100.0,28900.0,26500.0,4184.0,
068290,6120.0,40000000.0,6200.0,6200.0,6070.0,6698.0,
017370,3340.0,59000000.0,3450.0,3450.0,3310.0,17630.0,
0181L0,7365.0,953000000.0,,,,,
0115E0,14030.0,224000000.0,,,,,
520087,30380.0,227000000.0,,,,,
491220,134175.0,752000000.0,,,,,
072130,4755.0,61000000.0,4760.0,4780.0,4710.0,12898.0,
480310,22335.0,475000000.0,,,,,
0172V0,8480.0,871000000.0,,,,,
453640,14000.0,357000000.0,,,,,
760018,10010.0,0.0,,,,,
500071,23935.0,2000000.0,,,,,
440640,112850.0,4000000.0,,,,,
002760,996.0,59000000.0,1003.0,1003.0,985.0,59674.0,
275980,23840.0,62000000.0,,,,,
304780,132265.0,25000000.0,,,,,
0040S0,23800.0,258000000.0,,,,,
476750,7330.0,457000000.0,,,,,
520101,11840.0,125000000.0,,,,,
003925,31050.0,10000000.0,31400.0,31500.0,30300.0,342.0,
0220WL,2480.0,412000000.0,2520.0,2530.0,2475.0,164705.0,
111110,6430.0,60000000.0,6380.0,6430.0,6340.0,9534.0,
000220,3695.0,183000000.0,3735.0,3735.0,3655.0,49688.0,
225040,69045.0,316000000.0,,,,,
372910,2095.0,503000000.0,2065.0,2135.0,2065.0,239528.0,
0226A0,11550.0,1874000000.0,,,,,
480370,1770.0,388000000.0,1887.0,1895.0,1760.0,215647.0,
006890,4940.0,81000000.0,5080.0,5080.0,4915.0,16473.0,
001465,26550.0,79000000.0,26850.0,26850.0,26000.0,3019.0,
760016,57045.0,14000000.0,,,,,
434960,114045.0,32000000.0,,,,,
385590,24680.0,60000000.0,,,,,
37550K,26850.0,111000000.0,27050.0,27100.0,26500.0,4170.0,
075180,2950.0,45000000.0,2995.0,3005.0,2925.0,15489.0,
396690,1422.0,61000000.0,1445.0,1448.0,1420.0,43261.0,
479730,9530.0,303000000.0,,,,,
0194T0,10105.0,324000000.0,,,,,
0000D0,8970.0,139000000.0,,,,,
000725,53100.0,191000000.0,54300.0,54400.0,51500.0,3586.0,
007815,18860.0,43000000.0,18160.0,18860.0,17510.0,2441.0,
442560,16445.0,132000000.0,,,,,
278240,7885.0,446000000.0,,,,,
003780,4285.0,163000000.0,4305.0,4350.0,4200.0,38489.0,
020760,902.0,0.0,0.0,0.0,0.0,0.0,
129260,1864.0,34000000.0,1871.0,1888.0,1856.0,18543.0,
580034,110365.0,0.0,,,,,
580076,27480.0,2000000.0,,,,,
090080,1000.0,252000000.0,981.0,1019.0,977.0,252570.0,
025530,3655.0,13000000.0,3615.0,3660.0,3600.0,3573.0,
455960,11880.0,19000000.0,,,,,
001550,10470.0,234000000.0,10580.0,10670.0,10470.0,22220.0,
003475,4240.0,63000000.0,4280.0,4285.0,4195.0,14959.0,
002630,1829.0,59000000.0,1813.0,1867.0,1813.0,32503.0,
253150,216880.0,1234000000.0,,,,,
520057,1720.0,14223000000.0,,,,,
520089,10830.0,0.0,,,,,
378850,2845.0,44000000.0,2835.0,2850.0,2805.0,15715.0,
092440,1850.0,220000000.0,1880.0,1899.0,1845.0,119115.0,
006980,17410.0,15000000.0,17720.0,17720.0,17340.0,887.0,
401470,9345.0,11000000.0,,,,,
150460,7305.0,28000000.0,,,,,
0111J0,12200.0,620000000.0,,,,,
28513K,25350.0,9000000.0,25400.0,25400.0,25150.0,372.0,
481430,98000.0,57000000.0,,,,,
0141S0,8480.0,494000000.0,,,,,
0046Y0,12370.0,125000000.0,,,,,
002410,1935.0,0.0,0.0,0.0,0.0,0.0,
0113P0,102625.0,0.0,,,,,
530113,53080.0,0.0,,,,,
530124,52985.0,0.0,,,,,
275300,31115.0,594000000.0,,,,,
570104,17630.0,0.0,,,,,
152500,48010.0,572000000.0,,,,,
0118Z0,8875.0,165000000.0,,,,,
011390,49850.0,199000000.0,50100.0,50100.0,48650.0,4067.0,
0238P0,10150.0,1015000000.0,,,,,
0041D0,13995.0,565000000.0,,,,,
003465,3000.0,3000000.0,3000.0,3000.0,3000.0,1027.0,
610088,52375.0,14000000.0,,,,,
35320K,24950.0,238000000.0,24250.0,25000.0,23700.0,9738.0,
101280,30350.0,89000000.0,,,,,
123700,3345.0,13000000.0,3340.0,3365.0,3320.0,4096.0,
023810,5170.0,38000000.0,5090.0,5170.0,5020.0,7645.0,
006125,41800.0,30000000.0,42700.0,42800.0,41500.0,731.0,
0118S0,11185.0,171000000.0,,,,,
580068,51450.0,923000000.0,,,,,
287180,57110.0,57000000.0,,,,,
011230,2680.0,244000000.0,2730.0,2730.0,2645.0,91092.0,
021050,1079.0,133000000.0,1080.0,1095.0,1065.0,123517.0,
012690,1400.0,70000000.0,1420.0,1420.0,1395.0,50302.0,
360140,23240.0,131000000.0,,,,,
010770,3495.0,24000000.0,3535.0,3535.0,3475.0,7139.0,
004830,3250.0,66000000.0,3270.0,3290.0,3210.0,20645.0,
0185L0,7225.0,221000000.0,,,,,
500093,50745.0,114000000.0,,,,,
700029,50660.0,36000000.0,,,,,
530133,50640.0,855000000.0,,,,,
005305,65200.0,29000000.0,65200.0,65200.0,64800.0,454.0,
0220B0,11615.0,2641000000.0,,,,,
261070,10840.0,422000000.0,,,,,
445150,27250.0,54000000.0,,,,,
261220,26095.0,2603000000.0,,,,,
006880,4240.0,75000000.0,4305.0,4305.0,4200.0,17919.0,
007460,2010.0,220000000.0,2030.0,2110.0,1999.0,108235.0,
520072,16600.0,0.0,,,,,
140950,88900.0,12000000.0,,,,,
001620,2230.0,57000000.0,2210.0,2260.0,2155.0,25925.0,
475260,10765.0,0.0,,,,,
000950,29500.0,16000000.0,29700.0,30050.0,29400.0,565.0,
009320,1001.0,67000000.0,998.0,1007.0,984.0,68372.0,
011300,2860.0,399000000.0,2635.0,2960.0,2635.0,141923.0,
440910,22410.0,104000000.0,,,,,
101140,4900.0,26000000.0,4540.0,4900.0,4540.0,5648.0,
461340,44680.0,100000000.0,,,,,
0139P0,13275.0,176000000.0,,,,,
336160,100090.0,7000000.0,,,,,
442260,39300.0,2000000.0,,,,,
292560,7985.0,1042000000.0,,,,,
473490,32420.0,60000000.0,,,,,
011000,2670.0,0.0,0.0,0.0,0.0,0.0,
316670,7055.0,1357000000.0,,,,,
114470,107360.0,20000000.0,,,,,
0020H0,22950.0,316000000.0,,,,,
218420,19545.0,523000000.0,,,,,
305050,73800.0,264000000.0,,,,,
004410,1213.0,77000000.0,1193.0,1234.0,1193.0,64232.0,
002920,1843.0,232000000.0,1850.0,1869.0,1807.0,125715.0,
0178H0,10150.0,298000000.0,,,,,
002140,1909.0,204000000.0,1959.0,1959.0,1909.0,106229.0,
0000Z0,8115.0,621000000.0,,,,,
610061,23725.0,15000000.0,,,,,
004920,907.0,0.0,0.0,0.0,0.0,0.0,
520056,23660.0,41000000.0,,,,,
473590,20075.0,897000000.0,,,,,
580056,23385.0,323000000.0,,,,,
007110,603.0,0.0,0.0,0.0,0.0,0.0,
0086B0,9530.0,111000000.0,,,,,
092780,3540.0,408000000.0,3595.0,3595.0,3420.0,117502.0,
447430,16330.0,56000000.0,,,,,
442090,30920.0,6000000.0,,,,,
371470,8780.0,147000000.0,,,,,
069460,2660.0,0.0,0.0,0.0,0.0,0.0,
357250,1853.0,90000000.0,1877.0,1877.0,1810.0,49002.0,
041650,2150.0,9000000.0,2210.0,2210.0,2150.0,4275.0,
0194M0,12815.0,1116000000.0,,,,,
000910,2945.0,107000000.0,3000.0,3015.0,2925.0,36591.0,
256750,14995.0,260000000.0,,,,,
375770,25410.0,9000000.0,,,,,
123310,1075.0,2227000000.0,,,,,
196030,91350.0,16000000.0,,,,,
453650,18260.0,331000000.0,,,,,
084870,2220.0,23000000.0,2160.0,2220.0,2130.0,10812.0,
005030,486.0,0.0,0.0,0.0,0.0,0.0,
700027,45085.0,200000000.0,,,,,
0197W0,9890.0,420000000.0,,,,,
200030,39905.0,136000000.0,,,,,
004540,1207.0,13000000.0,1230.0,1230.0,1205.0,10774.0,
074610,5110.0,0.0,0.0,0.0,0.0,0.0,
004910,3500.0,28000000.0,3550.0,3550.0,3460.0,8144.0,
476260,14355.0,9184000000.0,,,,,
276990,25080.0,91000000.0,,,,,
0132H0,7585.0,401000000.0,,,,,
003080,2210.0,10000000.0,2285.0,2285.0,2205.0,4812.0,
520078,14615.0,0.0,,,,,
0141T0,50270.0,0.0,,,,,
487130,30225.0,280000000.0,,,,,
520102,21885.0,33981000000.0,,,,,
005320,1270.0,200000000.0,1227.0,1277.0,1202.0,159829.0,
440650,11410.0,223000000.0,,,,,
0207G0,7460.0,3354000000.0,,,,,
610078,36020.0,45000000.0,,,,,
0089C0,11325.0,124000000.0,,,,,
472830,7735.0,143000000.0,,,,,
009835,16850.0,139000000.0,16190.0,17450.0,16190.0,8316.0,
570117,1948.0,1150000000.0,,,,,
238720,47600.0,107000000.0,,,,,
004060,2115.0,162000000.0,2125.0,2150.0,2095.0,76715.0,
491830,23780.0,1231000000.0,,,,,
014910,1954.0,535000000.0,2095.0,2095.0,1952.0,270556.0,
0186S0,8365.0,1545000000.0,,,,,
0112X0,42645.0,947000000.0,,,,,
550041,60790.0,0.0,,,,,
009190,965.0,3338000000.0,987.0,1047.0,802.0,3570443.0,
008420,2070.0,44000000.0,2110.0,2120.0,2070.0,21533.0,
023350,3875.0,88000000.0,4020.0,4050.0,3875.0,22568.0,
481850,972.0,8000000.0,977.0,980.0,969.0,8445.0,
472840,112505.0,171000000.0,,,,,
100910,17575.0,7000000.0,,,,,
520073,42045.0,2000000.0,,,,,
0189B0,8135.0,301000000.0,,,,,
000215,24800.0,22000000.0,25150.0,25300.0,24750.0,883.0,
610038,4180.0,0.0,,,,,
0191M0,100820.0,0.0,,,,,
026940,2080.0,228000000.0,2130.0,2150.0,2070.0,108782.0,
017180,1222.0,66000000.0,1254.0,1254.0,1210.0,54479.0,
019490,541.0,0.0,0.0,0.0,0.0,0.0,
520074,13765.0,0.0,,,,,
446070,3880.0,99000000.0,3875.0,3900.0,3835.0,25921.0,
448570,30480.0,1000000.0,,,,,
183700,97740.0,181000000.0,,,,,
011330,4080.0,312000000.0,4280.0,4280.0,4050.0,75938.0,
139320,18055.0,157000000.0,,,,,
0192L0,10275.0,193000000.0,,,,,
500094,1930.0,2417000000.0,,,,,
401170,10390.0,92000000.0,,,,,
428510,23825.0,263000000.0,,,,,
610101,40460.0,413000000.0,,,,,
520091,10105.0,518000000.0,,,,,
017040,932.0,0.0,0.0,0.0,0.0,0.0,
047400,956.0,200000000.0,990.0,993.0,946.0,208722.0,
275280,44495.0,718000000.0,,,,,
008870,39800.0,0.0,41000.0,41000.0,39700.0,20.0,
322410,22640.0,63000000.0,,,,,
0007G0,12975.0,38000000.0,,,,,
494840,11805.0,412000000.0,,,,,
011420,1433.0,14000000.0,1446.0,1447.0,1409.0,10091.0,
009810,1936.0,6000000.0,1904.0,1962.0,1904.0,3437.0,
002870,1119.0,483000000.0,1223.0,1223.0,1057.0,438622.0,
520082,13005.0,0.0,,,,,
139280,12125.0,426000000.0,,,,,
580081,38765.0,22000000.0,,,,,
500095,6440.0,96000000.0,,,,,
023960,1015.0,28000000.0,1015.0,1033.0,1015.0,28119.0,
530143,38310.0,218000000.0,,,,,
145270,796.0,22000000.0,794.0,796.0,790.0,28850.0,
475270,10735.0,0.0,,,,,
449690,50885.0,6000000.0,,,,,
760024,8470.0,33000000.0,,,,,
520099,2925.0,14746000000.0,,,,,
570102,18975.0,1000000.0,,,,,
0234N0,10795.0,3764000000.0,,,,,
134790,18890.0,2000000.0,18980.0,19070.0,18870.0,154.0,
469050,34295.0,858000000.0,,,,,
027740,1184.0,57000000.0,1178.0,1221.0,1165.0,48094.0,
570118,9355.0,121000000.0,,,,,
352540,10965.0,94000000.0,,,,,
570119,37090.0,0.0,,,,,
195930,23095.0,91000000.0,,,,,
147970,79660.0,197000000.0,,,,,
133820,985.0,58000000.0,998.0,1001.0,950.0,60082.0,
610089,2150.0,4487000000.0,,,,,
570103,3650.0,32000000.0,,,,,
276650,48500.0,18000000.0,,,,,
580069,1965.0,898000000.0,,,,,
450910,13845.0,168000000.0,,,,,
452250,4670.0,66000000.0,,,,,
049800,1809.0,11000000.0,1809.0,1834.0,1800.0,6371.0,
760005,35945.0,0.0,,,,,
464470,46890.0,195000000.0,,,,,
407830,14855.0,7000000.0,,,,,
000890,1289.0,156000000.0,1305.0,1305.0,1286.0,121427.0,
0023B0,16915.0,780000000.0,,,,,
276970,7550.0,53000000.0,,,,,
570029,7080.0,0.0,,,,,
520079,35295.0,0.0,,,,,
012280,3560.0,86000000.0,3635.0,3635.0,3475.0,24614.0,
400970,7040.0,105000000.0,,,,,
365000,3480.0,151000000.0,,,,,
530117,35000.0,34000000.0,,,,,
261250,15410.0,1120000000.0,,,,,
500085,34975.0,1000000.0,,,,,
241390,15895.0,43000000.0,,,,,
510045,23295.0,0.0,,,,,
0184E0,11270.0,1102000000.0,,,,,
104530,17040.0,149000000.0,,,,,
570082,1744.0,2000000.0,,,,,
0100K0,5800.0,2807000000.0,,,,,
009140,22150.0,64000000.0,22350.0,22350.0,21550.0,2932.0,
0154F0,12200.0,116000000.0,,,,,
0085N0,9640.0,362000000.0,,,,,
000760,12390.0,2000000.0,12720.0,12720.0,12100.0,181.0,
520096,13865.0,7956000000.0,,,,,
010640,2075.0,92000000.0,2035.0,2100.0,2035.0,44938.0,
051630,1625.0,285000000.0,1605.0,1645.0,1530.0,180530.0,
500040,34225.0,27000000.0,,,,,
491090,18480.0,276000000.0,,,,,
013000,1190.0,52000000.0,1199.0,1200.0,1180.0,44502.0,
610007,6795.0,0.0,,,,,
266360,9170.0,98000000.0,,,,,
449780,18845.0,166000000.0,,,,,
004365,9190.0,41000000.0,9210.0,9260.0,9160.0,4486.0,
385520,15755.0,61000000.0,,,,,
138910,10255.0,271000000.0,,,,,
005820,14700.0,26000000.0,14500.0,14730.0,14230.0,1841.0,
0204S0,7615.0,1539000000.0,,,,,
143210,1199.0,0.0,0.0,0.0,0.0,0.0,
105780,16785.0,14000000.0,,,,,
0083S0,11980.0,450000000.0,,,,,
494410,14570.0,885000000.0,,,,,
380340,27910.0,77000000.0,,,,,
008250,3050.0,97000000.0,3070.0,3140.0,3030.0,31712.0,
012160,2135.0,18000000.0,2180.0,2220.0,2130.0,8693.0,
520075,33345.0,0.0,,,,,
580077,11110.0,8000000.0,,,,,
475070,30170.0,142000000.0,,,,,
459560,22105.0,31000000.0,,,,,
498860,16515.0,73000000.0,,,,,
217770,1132.0,1319000000.0,,,,,
099140,20580.0,33000000.0,,,,,
0192M0,12980.0,301000000.0,,,,,
009460,2655.0,21000000.0,2610.0,2675.0,2585.0,8128.0,
117460,13755.0,674000000.0,,,,,
0138T0,9350.0,183000000.0,,,,,
0089B0,11255.0,210000000.0,,,,,
570069,32625.0,71000000.0,,,,,
465350,16300.0,767000000.0,,,,,
156080,54300.0,28000000.0,,,,,
474800,15130.0,603000000.0,,,,,
500102,16190.0,69000000.0,,,,,
090370,1184.0,10000000.0,1181.0,1230.0,1181.0,8577.0,
002880,3455.0,22000000.0,3490.0,3605.0,3440.0,6435.0,
122260,104240.0,70000000.0,,,,,
530118,10765.0,0.0,,,,,
275290,35830.0,367000000.0,,,,,
494340,21490.0,408000000.0,,,,,
570072,32055.0,50000000.0,,,,,
006370,2955.0,255000000.0,3030.0,3030.0,2875.0,86951.0,
261140,24970.0,450000000.0,,,,,
010400,4175.0,34000000.0,4130.0,4210.0,4055.0,8452.0,
520077,12700.0,1203000000.0,,,,,
352560,11890.0,52000000.0,,,,,
322400,9535.0,5000000.0,,,,,
174360,22455.0,13000000.0,,,,,
469790,44780.0,13000000.0,,,,,
395170,15660.0,75000000.0,,,,,
415920,6655.0,223000000.0,,,,,
001070,5900.0,16000000.0,5870.0,5900.0,5800.0,2775.0,
153270,86810.0,108000000.0,,,,,
139270,16980.0,352000000.0,,,,,
0218J0,9185.0,728000000.0,,,,,
446690,62155.0,657000000.0,,,,,
003535,6450.0,27000000.0,6530.0,6530.0,6310.0,4243.0,
253250,106740.0,44000000.0,,,,,
459750,17685.0,221000000.0,,,,,
395290,4850.0,295000000.0,,,,,
426150,51080.0,0.0,,,,,
450190,51215.0,58000000.0,,,,,
014130,2600.0,42000000.0,2635.0,2635.0,2575.0,16319.0,
0150K0,10955.0,198000000.0,,,,,
570127,30635.0,42000000.0,,,,,
025750,1896.0,19000000.0,1899.0,1903.0,1890.0,10090.0,
459790,21045.0,1000000.0,,,,,
024070,1988.0,14000000.0,2020.0,2025.0,1988.0,7054.0,
387270,26195.0,61000000.0,,,,,
088790,2440.0,148000000.0,2405.0,2490.0,2380.0,61196.0,
261060,26620.0,471000000.0,,,,,
227540,18240.0,192000000.0,,,,,
245350,18885.0,134000000.0,,,,,
465660,24150.0,304000000.0,,,,,
476690,10055.0,80000000.0,,,,,
0155N0,7710.0,183000000.0,,,,,
036420,1560.0,29000000.0,1536.0,1569.0,1525.0,19133.0,
117680,12255.0,1056000000.0,,,,,
248270,25870.0,67000000.0,,,,,
256440,4915.0,306000000.0,,,,,
468630,10590.0,94000000.0,,,,,
0166N0,8500.0,392000000.0,,,,,
145850,118945.0,0.0,,,,,
500023,14840.0,0.0,,,,,
308170,3440.0,12000000.0,3355.0,3455.0,3320.0,3616.0,
025890,2655.0,37000000.0,2675.0,2675.0,2610.0,14153.0,
520090,7365.0,349000000.0,,,,,
0192T0,6830.0,3052000000.0,,,,,
0155M0,6515.0,319000000.0,,,,,
415340,14140.0,580000000.0,,,,,
006570,1922.0,10000000.0,1908.0,1939.0,1905.0,5300.0,
520065,14595.0,0.0,,,,,
530148,29005.0,245000000.0,,,,,
002360,2610.0,3477000000.0,2100.0,2750.0,1950.0,1368397.0,
192720,56845.0,99000000.0,,,,,
496770,16055.0,357000000.0,,,,,
610075,48045.0,44000000.0,,,,,
069640,1324.0,24000000.0,1318.0,1343.0,1274.0,18603.0,
002690,1411.0,42000000.0,1421.0,1450.0,1385.0,30343.0,
006740,4810.0,6000000.0,4770.0,5020.0,4770.0,1382.0,
0223R0,9825.0,166000000.0,,,,,
500035,14265.0,0.0,,,,,
489290,14985.0,79000000.0,,,,,
464920,23645.0,474000000.0,,,,,
700013,28280.0,0.0,,,,,
0107F0,11090.0,43000000.0,,,,,
003680,4550.0,217000000.0,4570.0,4690.0,4515.0,47911.0,
476070,10655.0,67000000.0,,,,,
0013R0,7835.0,61000000.0,,,,,
118000,1273.0,14000000.0,1282.0,1308.0,1263.0,11397.0,
289480,13350.0,140000000.0,,,,,
223190,27875.0,26000000.0,,,,,
271060,8975.0,358000000.0,,,,,
007120,1015.0,96000000.0,1013.0,1034.0,985.0,96118.0,
019175,13850.0,31000000.0,13910.0,14200.0,13760.0,2268.0,
550069,27545.0,0.0,,,,,
520083,27375.0,1000000.0,,,,,
580049,13670.0,0.0,,,,,
610028,27165.0,100000000.0,,,,,
357430,885.0,10000000.0,896.0,896.0,885.0,12200.0,
0049K0,11010.0,95000000.0,,,,,
530063,26865.0,121000000.0,,,,,
570047,26795.0,0.0,,,,,
760004,9920.0,0.0,,,,,
033250,4180.0,583000000.0,4180.0,4255.0,4120.0,140317.0,
0137W0,10270.0,54000000.0,,,,,
003060,1639.0,175000000.0,1604.0,1680.0,1593.0,107470.0,
167860,91645.0,14000000.0,,,,,
252710,74.0,4199000000.0,,,,,
0198D0,10505.0,1268000000.0,,,,,
005110,1254.0,0.0,0.0,0.0,0.0,0.0,
0164G0,12565.0,311000000.0,,,,,
475380,9945.0,98000000.0,,,,,
006345,10040.0,194000000.0,10310.0,10310.0,9950.0,19223.0,
437350,11895.0,415000000.0,,,,,
277540,32690.0,193000000.0,,,,,
440340,11615.0,53000000.0,,,,,
760026,17325.0,2386000000.0,,,,,
0224X0,9780.0,371000000.0,,,,,
0203S0,8630.0,152000000.0,,,,,
004270,5670.0,76000000.0,5580.0,5700.0,5450.0,13618.0,
493420,12270.0,111000000.0,,,,,
071950,1780.0,182000000.0,1775.0,1824.0,1717.0,104781.0,
580048,12860.0,0.0,,,,,
483570,16050.0,91000000.0,,,,,
0047R0,15550.0,91000000.0,,,,,
002355,3940.0,1000000.0,3940.0,3945.0,3930.0,317.0,
001380,1135.0,103000000.0,1172.0,1181.0,1126.0,90578.0,
496120,33975.0,51000000.0,,,,,
139250,17895.0,511000000.0,,,,,
292500,50730.0,0.0,,,,,
0209Z0,7215.0,805000000.0,,,,,
023150,4065.0,6000000.0,4120.0,4160.0,4045.0,1656.0,
33637K,1490.0,0.0,1495.0,1495.0,1470.0,675.0,
159800,89740.0,1000000.0,,,,,
0115C0,10690.0,74000000.0,,,,,
0152E0,10665.0,85000000.0,,,,,
245360,11920.0,32000000.0,,,,,
0177A0,9615.0,815000000.0,,,,,
414270,11620.0,27000000.0,,,,,
610022,8310.0,0.0,,,,,
292160,49845.0,29000000.0,,,,,
481340,8410.0,353000000.0,,,,,
185680,46585.0,125000000.0,,,,,
510044,16495.0,0.0,,,,,
610069,16450.0,1061000000.0,,,,,
580057,12335.0,0.0,,,,,
003495,22200.0,54000000.0,22200.0,22450.0,21900.0,2457.0,
0238C0,10230.0,19000000.0,,,,,
0097L0,12465.0,29000000.0,,,,,
610001,12120.0,0.0,,,,,
367740,43940.0,10000000.0,,,,,
295020,60815.0,0.0,,,,,
530128,24065.0,188000000.0,,,,,
006490,1355.0,119000000.0,1434.0,1440.0,1313.0,88138.0,
368190,7505.0,3000000.0,,,,,
364690,39965.0,10000000.0,,,,,
0093D0,18440.0,65000000.0,,,,,
700017,23870.0,0.0,,,,,
570081,23765.0,0.0,,,,,
479850,17595.0,653000000.0,,,,,
530106,23735.0,45000000.0,,,,,
195970,16205.0,54000000.0,,,,,
225130,46995.0,108000000.0,,,,,
520093,1956.0,81000000.0,,,,,
030720,5040.0,68000000.0,5220.0,5220.0,5010.0,13368.0,
419430,8335.0,15000000.0,,,,,
009310,5330.0,0.0,0.0,0.0,0.0,0.0,
0103T0,8165.0,204000000.0,,,,,
570115,23225.0,0.0,,,,,
520047,23205.0,0.0,,,,,
0127R0,17115.0,956000000.0,,,,,
138230,15890.0,16000000.0,,,,,
570124,11495.0,0.0,,,,,
500100,11475.0,25000000.0,,,,,
0047P0,14795.0,863000000.0,,,,,
610103,22920.0,0.0,,,,,
442550,14780.0,64000000.0,,,,,
33626L,7670.0,5000000.0,7710.0,7800.0,7590.0,659.0,
0239Z0,11440.0,5838000000.0,,,,,
280930,16310.0,40000000.0,,,,,
388280,6950.0,146000000.0,,,,,
376410,25115.0,1000000.0,,,,,
108590,112755.0,4000000.0,,,,,
0206G0,7750.0,2109000000.0,,,,,
001420,2950.0,183000000.0,3070.0,3070.0,2880.0,62331.0,
375760,24890.0,8000000.0,,,,,
580072,11200.0,0.0,,,,,
760012,32000.0,0.0,,,,,
005360,1177.0,356000000.0,1240.0,1240.0,1157.0,297140.0,
300950,5280.0,79000000.0,,,,,
461600,8320.0,36000000.0,,,,,
580073,21950.0,0.0,,,,,
239660,121815.0,41000000.0,,,,,
0186L0,9525.0,142000000.0,,,,,
261120,5475.0,59000000.0,,,,,
411540,16810.0,29000000.0,,,,,
580067,10910.0,0.0,,,,,
433220,29440.0,6000000.0,,,,,
004870,962.0,130000000.0,1009.0,1060.0,949.0,132711.0,
269420,21075.0,44000000.0,,,,,
371450,13905.0,107000000.0,,,,,
550087,10820.0,0.0,,,,,
610047,10765.0,0.0,,,,,
461450,15355.0,27000000.0,,,,,
447660,13865.0,188000000.0,,,,,
012170,2935.0,64000000.0,2820.0,3000.0,2795.0,22581.0,
530119,21380.0,95000000.0,,,,,
0026E0,11555.0,11000000.0,,,,,
337120,35595.0,964000000.0,,,,,
530138,21305.0,0.0,,,,,
0239Y0,10650.0,1669000000.0,,,,,
0190M0,8870.0,355000000.0,,,,,
204450,2215.0,11000000.0,,,,,
580070,21250.0,11000000.0,,,,,
0192S0,9620.0,944000000.0,,,,,
0231Z0,10505.0,634000000.0,,,,,
471460,45575.0,24000000.0,,,,,
550088,20915.0,0.0,,,,,
456680,5120.0,189000000.0,,,,,
008775,27750.0,6000000.0,27900.0,28150.0,27700.0,223.0,
760008,10425.0,1000000.0,,,,,
477730,7060.0,24000000.0,,,,,
438320,4805.0,393000000.0,,,,,
289040,34555.0,1000000.0,,,,,
550085,10335.0,0.0,,,,,
226980,22920.0,18000000.0,,,,,
152380,64785.0,90000000.0,,,,,
500091,10295.0,0.0,,,,,
289250,36110.0,4000000.0,,,,,
469160,24190.0,646000000.0,,,,,
463300,12840.0,15000000.0,,,,,
464600,22810.0,107000000.0,,,,,
530116,4105.0,247000000.0,,,,,
253290,11400.0,22000000.0,,,,,
520106,10230.0,0.0,,,,,
300640,6295.0,32000000.0,,,,,
416090,12730.0,99000000.0,,,,,
0067V0,9205.0,292000000.0,,,,,
000040,1028.0,31000000.0,1141.0,1141.0,1018.0,29551.0,
417630,19250.0,215000000.0,,,,,
091220,17090.0,328000000.0,,,,,
610085,33560.0,0.0,,,,,
700012,20130.0,4000000.0,,,,,
304770,14150.0,32000000.0,,,,,
530130,6695.0,423000000.0,,,,,
489000,9115.0,1241000000.0,,,,,
520103,10025.0,0.0,,,,,
169950,25000.0,16000000.0,,,,,
0153X0,10805.0,875000000.0,,,,,
364990,4440.0,169000000.0,,,,,
011090,1683.0,103000000.0,1683.0,1750.0,1643.0,61636.0,
760021,28500.0,0.0,,,,,
00499K,24750.0,5000000.0,24850.0,24900.0,24500.0,208.0,
760028,2490.0,7183000000.0,,,,,
437070,57550.0,74000000.0,,,,,
015020,928.0,0.0,0.0,0.0,0.0,0.0,
570122,9935.0,0.0,,,,,
465670,15875.0,307000000.0,,,,,
610018,9920.0,0.0,,,,,
580089,19820.0,0.0,,,,,
570125,19815.0,10000000.0,,,,,
001685,14410.0,22000000.0,14440.0,14440.0,14200.0,1558.0,
520104,9865.0,3000000.0,,,,,
0241R0,9860.0,5268000000.0,,,,,
404120,24635.0,33000000.0,,,,,
379790,17090.0,100000000.0,,,,,
610087,19625.0,0.0,,,,,
580074,9810.0,0.0,,,,,
0198B0,13250.0,290000000.0,,,,,
304760,48820.0,3000000.0,,,,,
520105,9675.0,0.0,,,,,
284980,22495.0,69000000.0,,,,,
530112,19320.0,2000000.0,,,,,
461910,38610.0,14000000.0,,,,,
228820,19190.0,166000000.0,,,,,
183710,95505.0,26000000.0,,,,,
487950,13120.0,81000000.0,,,,,
404260,23775.0,7000000.0,,,,,
229720,38020.0,13000000.0,,,,,
497780,9985.0,221000000.0,,,,,
760022,9470.0,0.0,,,,,
610036,18940.0,64000000.0,,,,,
276000,20900.0,39000000.0,,,,,
108675,18200.0,16000000.0,18500.0,18500.0,17780.0,901.0,
213630,20325.0,28000000.0,,,,,
530132,18625.0,6000000.0,,,,,
580071,9300.0,160000000.0,,,,,
445690,30985.0,0.0,,,,,
0144M0,6735.0,124000000.0,,,,,
0104P0,10875.0,98000000.0,,,,,
0018Z0,18415.0,119000000.0,,,,,
465770,2550.0,779000000.0,2675.0,2850.0,2480.0,301525.0,
461900,22990.0,32000000.0,,,,,
0223A0,11480.0,2401000000.0,,,,,
445910,20400.0,332000000.0,,,,,
580075,18240.0,0.0,,,,,
002070,3785.0,177000000.0,3825.0,3990.0,3610.0,47508.0,
093240,296.0,0.0,0.0,0.0,0.0,0.0,
227830,72640.0,0.0,,,,,
407310,16470.0,52000000.0,,,,,
225060,17085.0,6000000.0,,,,,
391670,30000.0,4000000.0,,,,,
610040,17940.0,0.0,,,,,
570071,17920.0,0.0,,,,,
449580,16285.0,66000000.0,,,,,
381560,17050.0,11000000.0,,,,,
610003,8945.0,0.0,,,,,
006200,1911.0,33000000.0,1935.0,1955.0,1851.0,17466.0,
292050,51075.0,6000000.0,,,,,
0065G0,8305.0,19000000.0,,,,,
289260,29500.0,144000000.0,,,,,
195920,35370.0,250000000.0,,,,,
580066,8830.0,0.0,,,,,
008600,2620.0,0.0,0.0,0.0,0.0,0.0,
415760,12945.0,95000000.0,,,,,
009440,756.0,0.0,0.0,0.0,0.0,0.0,
530123,17475.0,0.0,,,,,
500072,1744.0,79000000.0,,,,,
385600,11525.0,42000000.0,,,,,
468370,10330.0,172000000.0,,,,,
0086C0,9855.0,36000000.0,,,,,
530140,17160.0,14000000.0,,,,,
550097,17145.0,168000000.0,,,,,
0203R0,50400.0,0.0,,,,,
0105D0,8990.0,394000000.0,,,,,
460660,11345.0,24000000.0,,,,,
457690,10480.0,119000000.0,,,,,
0233N0,11305.0,1242000000.0,,,,,
483330,15330.0,109000000.0,,,,,
570121,8425.0,4000000.0,,,,,
477490,18700.0,0.0,,,,,
474920,17900.0,3000000.0,,,,,
610104,16825.0,0.0,,,,,
610025,16785.0,0.0,,,,,
419650,5050.0,54000000.0,,,,,
451600,84690.0,147000000.0,,,,,
250730,9655.0,33000000.0,,,,,
580086,16245.0,170000000.0,,,,,
332620,86765.0,35000000.0,,,,,
002820,1343.0,348000000.0,1485.0,1485.0,1322.0,256767.0,
530120,16190.0,5000000.0,,,,,
0193K0,14010.0,230000000.0,,,,,
700034,10720.0,201000000.0,,,,,
18064K,30150.0,45000000.0,30950.0,31100.0,29750.0,1492.0,
130680,7600.0,338000000.0,,,,,
131890,39790.0,4000000.0,,,,,
005257,18690.0,0.0,18490.0,19200.0,17750.0,25.0,
265690,8535.0,0.0,,,,,
580050,15770.0,0.0,,,,,
0207Z0,7325.0,65000000.0,,,,,
219390,7870.0,244000000.0,,,,,
610081,31405.0,0.0,,,,,
432840,19530.0,30000000.0,,,,,
413930,28385.0,60000000.0,,,,,
494420,8650.0,62000000.0,,,,,
0106J0,20685.0,0.0,20685.0,20685.0,20685.0,31.0,
005725,4300.0,0.0,4300.0,4300.0,4300.0,0.0,
530095,15395.0,0.0,,,,,
520076,6110.0,262000000.0,,,,,
236350,24595.0,27000000.0,,,,,
002025,13090.0,8000000.0,13090.0,13150.0,12850.0,687.0,
760017,21695.0,0.0,,,,,
491510,17740.0,0.0,,,,,
0222F0,13105.0,18000000.0,,,,,
114460,100030.0,62000000.0,,,,,
337150,24995.0,0.0,,,,,
484890,52645.0,491000000.0,,,,,
570126,14930.0,0.0,,,,,
488290,42550.0,460000000.0,,,,,
610039,14860.0,0.0,,,,,
0051A0,24700.0,46000000.0,,,,,
453010,110060.0,1810000000.0,,,,,
580090,14720.0,0.0,,,,,
387280,11580.0,30000000.0,,,,,
244620,20940.0,19000000.0,,,,,
570099,14615.0,0.0,,,,,
0084E0,10040.0,3000000.0,,,,,
104520,14415.0,1000000.0,,,,,
234310,28720.0,0.0,,,,,
453630,11915.0,34000000.0,,,,,
404650,23560.0,2000000.0,,,,,
570105,4690.0,0.0,,,,,
024890,1705.0,73000000.0,1709.0,1709.0,1681.0,43367.0,
485810,11685.0,38000000.0,,,,,
496130,25880.0,0.0,,,,,
438900,10740.0,178000000.0,,,,,
530129,13935.0,0.0,,,,,
000087,12310.0,0.0,12260.0,12310.0,12260.0,70.0,
610024,13905.0,0.0,,,,,
0088N0,11090.0,222000000.0,,,,,
570123,6925.0,0.0,,,,,
0153P0,9530.0,68000000.0,,,,,
487750,34485.0,178000000.0,,,,,
373490,24875.0,2000000.0,,,,,
001795,2105.0,10000000.0,2130.0,2135.0,2090.0,4779.0,
453820,10470.0,12000000.0,,,,,
137610,5890.0,50000000.0,,,,,
580032,27080.0,162000000.0,,,,,
472720,26000.0,6000000.0,,,,,
0127V0,10790.0,6000000.0,,,,,
417450,15825.0,489000000.0,,,,,
0090B0,6885.0,337000000.0,,,,,
500024,6670.0,0.0,,,,,
610035,13290.0,16000000.0,,,,,
102960,13275.0,75000000.0,,,,,
0194R0,9820.0,63000000.0,,,,,
45226K,4560.0,14000000.0,4590.0,4605.0,4550.0,3083.0,
500097,13195.0,0.0,,,,,
610062,65940.0,15000000.0,,,,,
0013P0,11985.0,207000000.0,,,,,
610080,13155.0,0.0,,,,,
610072,26295.0,5000000.0,,,,,
0127T0,10875.0,16000000.0,,,,,
0004G0,8680.0,83000000.0,,,,,
0208N0,7860.0,12000000.0,,,,,
580051,8605.0,12000000.0,,,,,
0028X0,11215.0,23000000.0,,,,,
580083,25790.0,0.0,,,,,
00806K,10590.0,29000000.0,10520.0,10610.0,10450.0,2830.0,
279540,21365.0,2000000.0,,,,,
760015,6405.0,261000000.0,,,,,
363510,112290.0,0.0,,,,,
004105,3875.0,397000000.0,3680.0,3930.0,3590.0,103685.0,
272570,107715.0,3000000.0,,,,,
0015F0,10575.0,41000000.0,,,,,
489860,14900.0,10000000.0,,,,,
166400,25300.0,37000000.0,,,,,
400570,11910.0,11000000.0,,,,,
300610,5360.0,200000000.0,,,,,
140710,6595.0,70000000.0,,,,,
410870,8940.0,43000000.0,,,,,
610030,12495.0,0.0,,,,,
409810,5315.0,196000000.0,,,,,
530137,12485.0,1000000.0,,,,,
760023,12475.0,50000000.0,,,,,
570096,12470.0,0.0,,,,,
610070,24925.0,2000000.0,,,,,
520088,6230.0,2000000.0,,,,,
015260,264.0,232000000.0,261.0,282.0,250.0,874772.0,
570074,12390.0,0.0,,,,,
435550,17585.0,18000000.0,,,,,
453060,111655.0,7000000.0,,,,,
0220A0,8760.0,298000000.0,,,,,
530092,2450.0,39000000.0,,,,,
0104G0,5325.0,459000000.0,,,,,
396510,6800.0,52000000.0,,,,,
360150,2985.0,206000000.0,,,,,
145995,33050.0,1000000.0,33000.0,33050.0,33000.0,50.0,
610071,12165.0,0.0,,,,,
457700,9175.0,4000000.0,,,,,
610020,12070.0,0.0,,,,,
290080,7315.0,338000000.0,,,,,
395760,21910.0,0.0,,,,,
251590,17160.0,6000000.0,,,,,
084695,13150.0,59000000.0,13140.0,13150.0,12900.0,4557.0,
530121,11955.0,0.0,,,,,
140580,23905.0,0.0,,,,,
580043,23810.0,253000000.0,,,,,
520046,11895.0,16000000.0,,,,,
520064,5940.0,3000000.0,,,,,
0203D0,9135.0,402000000.0,,,,,
404540,23730.0,116000000.0,,,,,
580080,11832.0,0.0,,,,,
332610,123250.0,26000000.0,,,,,
580052,23590.0,8000000.0,,,,,
282000,115210.0,0.0,,,,,
610086,58385.0,0.0,,,,,
610093,23255.0,11000000.0,,,,,
530127,11575.0,0.0,,,,,
0000H0,10060.0,5000000.0,,,,,
453660,16405.0,19000000.0,,,,,
266410,9550.0,723000000.0,,,,,
610049,11450.0,0.0,,,,,
0193L0,7525.0,10492000000.0,,,,,
610045,11395.0,0.0,,,,,
269370,16240.0,3000000.0,,,,,
610060,22710.0,0.0,,,,,
435040,18895.0,4000000.0,,,,,
428560,15100.0,29000000.0,,,,,
354240,10280.0,22000000.0,,,,,
269530,18845.0,18000000.0,,,,,
430500,112985.0,57000000.0,,,,,
00781K,14350.0,11000000.0,14300.0,14350.0,13850.0,799.0,
0224D0,11235.0,1284000000.0,,,,,
530139,11230.0,0.0,,,,,
580047,11180.0,13000000.0,,,,,
500086,11145.0,0.0,,,,,
407820,6155.0,507000000.0,,,,,
448490,52740.0,1000000.0,,,,,
252650,18305.0,21000000.0,,,,,
0093B0,12875.0,16000000.0,,,,,
580088,21885.0,101000000.0,,,,,
580065,10930.0,32000000.0,,,,,
0002C0,10110.0,9000000.0,,,,,
610096,10910.0,612000000.0,,,,,
38380K,7440.0,1000000.0,7490.0,7490.0,7340.0,243.0,
610055,21725.0,0.0,,,,,
700032,10840.0,56000000.0,,,,,
610102,10795.0,0.0,,,,,
760032,10745.0,0.0,,,,,
0120X0,10095.0,0.0,10095.0,10095.0,10095.0,0.0,
419420,8915.0,8000000.0,,,,,
610051,10680.0,0.0,,,,,
610058,21345.0,0.0,,,,,
610074,10640.0,0.0,,,,,
446700,10200.0,21000000.0,,,,,
001067,50400.0,0.0,50400.0,50400.0,50400.0,0.0,
0227L0,10575.0,628000000.0,,,,,
310080,9180.0,7000000.0,,,,,
451150,17025.0,0.0,,,,,
0191S0,14260.0,36000000.0,,,,,
0068M0,11710.0,0.0,,,,,
280920,23345.0,1000000.0,,,,,
580064,20955.0,0.0,,,,,
0216Z0,8685.0,263000000.0,,,,,
0219B0,12235.0,1490000000.0,,,,,
610079,51705.0,1000000.0,,,,,
463640,12910.0,36000000.0,,,,,
291130,17200.0,3000000.0,,,,,
0113G0,11465.0,20000000.0,,,,,
700011,10310.0,1000000.0,,,,,
140570,25740.0,2000000.0,,,,,
464610,6635.0,108000000.0,,,,,
610056,20540.0,0.0,,,,,
610057,20480.0,0.0,,,,,
0189Z0,10230.0,4000000.0,,,,,
371870,6375.0,56000000.0,,,,,
580059,10195.0,0.0,,,,,
570085,10190.0,0.0,,,,,
610106,10170.0,5000000.0,,,,,
610076,50745.0,0.0,,,,,
610112,20245.0,0.0,,,,,
237440,10105.0,21000000.0,,,,,
580054,20155.0,1000000.0,,,,,
610111,10065.0,0.0,,,,,
004255,1900.0,2000000.0,1885.0,1900.0,1855.0,1319.0,
460270,12360.0,1000000.0,,,,,
610077,10000.0,0.0,,,,,
610092,9995.0,0.0,,,,,
385710,9990.0,7000000.0,,,,,
610098,9985.0,0.0,,,,,
0194N0,12850.0,206000000.0,,,,,
550100,9935.0,1000000.0,,,,,
003075,13400.0,2000000.0,13320.0,13540.0,13000.0,189.0,
181480,82190.0,8000000.0,,,,,
0094L0,7040.0,12000000.0,,,,,
550099,9855.0,42000000.0,,,,,
463690,17870.0,25000000.0,,,,,
610034,9795.0,15000000.0,,,,,
482030,9255.0,105000000.0,,,,,
610082,9695.0,0.0,,,,,
0174R0,11405.0,33000000.0,,,,,
0242S0,10750.0,3534000000.0,,,,,
610068,9660.0,88000000.0,,,,,
230480,4790.0,38000000.0,,,,,
0001P0,8585.0,10000000.0,,,,,
281990,17480.0,7000000.0,,,,,
487910,8005.0,41000000.0,,,,,
429010,19155.0,15000000.0,,,,,
580060,19095.0,0.0,,,,,
0120J0,7630.0,115000000.0,,,,,
139240,10830.0,565000000.0,,,,,
610105,9495.0,0.0,,,,,
530064,633.0,49000000.0,,,,,
019685,975.0,28000000.0,980.0,990.0,975.0,29059.0,
145210,2240.0,0.0,0.0,0.0,0.0,0.0,
117690,18910.0,26000000.0,,,,,
700036,1890.0,2324000000.0,,,,,
0227K0,9415.0,482000000.0,,,,,
580035,9390.0,0.0,,,,,
610095,9360.0,496000000.0,,,,,
700014,9335.0,1000000.0,,,,,
700031,9320.0,118000000.0,,,,,
461580,15520.0,171000000.0,,,,,
580061,9310.0,0.0,,,,,
399580,9300.0,45000000.0,,,,,
570107,3710.0,1000000.0,,,,,
301400,14250.0,78000000.0,,,,,
354350,17795.0,16000000.0,,,,,
610097,9250.0,0.0,,,,,
341850,4595.0,3000000.0,,,,,
498050,9665.0,34000000.0,,,,,
001755,19400.0,1000000.0,19360.0,19520.0,19230.0,100.0,
760027,4585.0,1478000000.0,,,,,
580087,9165.0,82000000.0,,,,,
456250,7930.0,192000000.0,,,,,
580053,18175.0,0.0,,,,,
0084D0,11350.0,4000000.0,,,,,
494180,12855.0,9000000.0,,,,,
375270,13775.0,281000000.0,,,,,
266390,14875.0,12000000.0,,,,,
0216K0,8925.0,388000000.0,,,,,
500101,8910.0,5000000.0,,,,,
580063,17800.0,0.0,,,,,
580085,8890.0,2000000.0,,,,,
700033,8885.0,0.0,,,,,
497510,12690.0,9000000.0,,,,,
610084,8870.0,0.0,,,,,
610100,8855.0,23000000.0,,,,,
105010,6320.0,58000000.0,,,,,
0133E0,8375.0,5000000.0,,,,,
0184N0,8785.0,223000000.0,,,,,
395150,1823.0,4000000.0,,,,,
217780,5630.0,64000000.0,,,,,
466810,5810.0,228000000.0,,,,,
0226G0,12400.0,10000000.0,,,,,
215620,16065.0,0.0,,,,,
0067Y0,9630.0,76000000.0,,,,,
610059,17250.0,2000000.0,,,,,
700035,8625.0,118000000.0,,,,,
252000,19160.0,386000000.0,,,,,
270800,15670.0,16000000.0,,,,,
610083,17235.0,0.0,,,,,
500068,12310.0,0.0,,,,,
520097,8580.0,115000000.0,,,,,
580079,8565.0,89000000.0,,,,,
0008E0,11410.0,54000000.0,,,,,
0221Z0,8980.0,21000000.0,,,,,
570094,8530.0,0.0,,,,,
550095,17045.0,0.0,,,,,
435540,17010.0,63000000.0,,,,,
429980,16940.0,3000000.0,,,,,
381570,9940.0,53000000.0,,,,,
610090,8425.0,0.0,,,,,
0219Z0,10520.0,604000000.0,,,,,
610094,8415.0,103000000.0,,,,,
530135,8405.0,0.0,,,,,
457930,27950.0,1000000.0,,,,,
395750,20960.0,0.0,,,,,
497520,12885.0,13000000.0,,,,,
33637L,2215.0,6000000.0,2285.0,2285.0,2205.0,2894.0,
449680,9805.0,0.0,,,,,
500036,4165.0,0.0,,,,,
0226D0,10380.0,17000000.0,,,,,
182490,13835.0,1000000.0,,,,,
174350,20695.0,127000000.0,,,,,
000225,3630.0,7000000.0,3670.0,3675.0,3600.0,2205.0,
0215T0,9140.0,178000000.0,,,,,
371150,6315.0,32000000.0,,,,,
462340,16405.0,0.0,,,,,
520085,8070.0,0.0,,,,,
610073,16115.0,0.0,,,,,
530114,7970.0,37000000.0,,,,,
760025,11335.0,1000000.0,,,,,
0214M0,9330.0,3000000.0,,,,,
570097,7885.0,0.0,,,,,
395280,3350.0,18000000.0,,,,,
480460,9240.0,0.0,,,,,
001515,4000.0,14000000.0,4075.0,4075.0,4000.0,3570.0,
189400,26070.0,0.0,,,,,
227550,12145.0,709000000.0,,,,,
700030,1940.0,323000000.0,,,,,
0176P0,14080.0,449000000.0,,,,,
261110,15475.0,129000000.0,,,,,
530141,7700.0,1000000.0,,,,,
580062,15375.0,0.0,,,,,
001065,22250.0,0.0,22100.0,22250.0,22100.0,32.0,
438740,33760.0,0.0,,,,,
494210,10845.0,44000000.0,,,,,
487920,7580.0,12000000.0,,,,,
435530,15090.0,8000000.0,,,,,
285690,21505.0,0.0,,,,,
570109,15000.0,0.0,,,,,
227570,20725.0,89000000.0,,,,,
304670,12410.0,2000000.0,,,,,
139660,8540.0,0.0,,,,,
530142,7420.0,1000000.0,,,,,
570114,7420.0,0.0,,,,,
225800,14515.0,40000000.0,,,,,
0172Y0,9245.0,78000000.0,,,,,
0094X0,8160.0,33000000.0,,,,,
0218K0,10460.0,0.0,,,,,
0138D0,13255.0,33000000.0,,,,,
437370,10400.0,32000000.0,,,,,
0005C0,11200.0,11000000.0,,,,,
256450,14535.0,17000000.0,,,,,
225050,16055.0,1000000.0,,,,,
610099,7180.0,0.0,,,,,
402460,14310.0,6000000.0,,,,,
488480,12850.0,78000000.0,,,,,
253280,11740.0,9000000.0,,,,,
315270,18495.0,4000000.0,,,,,
530122,7000.0,2000000.0,,,,,
530056,1748.0,25000000.0,,,,,
760006,6965.0,0.0,,,,,
530060,6960.0,0.0,,,,,
0082F0,9940.0,13000000.0,,,,,
570111,34640.0,0.0,,,,,
244670,11505.0,0.0,,,,,
610091,13785.0,0.0,,,,,
580078,6885.0,0.0,,,,,
400590,13750.0,1000000.0,,,,,
520084,6830.0,0.0,,,,,
000325,28000.0,5000000.0,28000.0,28000.0,27150.0,201.0,
510043,6750.0,0.0,,,,,
500098,6665.0,0.0,,,,,
500067,9520.0,0.0,,,,,
289670,52020.0,8000000.0,,,,,
570092,6610.0,0.0,,,,,
0036Z0,11945.0,48000000.0,,,,,
450180,10105.0,0.0,,,,,
176950,60695.0,1000000.0,,,,,
0191B0,32590.0,42000000.0,,,,,
0047N0,9305.0,6000000.0,,,,,
138920,13025.0,8000000.0,,,,,
004985,8850.0,7000000.0,9300.0,9300.0,8610.0,915.0,
570101,6500.0,0.0,,,,,
456200,58965.0,69000000.0,,,,,
326230,10805.0,1000000.0,,,,,
250780,2400.0,305000000.0,,,,,
139290,23080.0,414000000.0,,,,,
570095,6375.0,24000000.0,,,,,
550098,6290.0,108000000.0,,,,,
570091,6250.0,0.0,,,,,
429740,6190.0,28000000.0,,,,,
530096,6180.0,0.0,,,,,
316300,12350.0,6000000.0,,,,,
469530,9560.0,10000000.0,,,,,
400580,12200.0,1000000.0,,,,,
451670,12180.0,0.0,,,,,
760010,8610.0,0.0,,,,,
004835,4330.0,21000000.0,4340.0,4435.0,4250.0,4932.0,
368680,7515.0,0.0,,,,,
580084,12010.0,0.0,,,,,
570098,6000.0,1000000.0,,,,,
307510,11985.0,137000000.0,,,,,
0166T0,9215.0,0.0,,,,,
433250,23600.0,0.0,,,,,
012205,4980.0,79000000.0,5100.0,5100.0,4970.0,15901.0,
0053M0,12935.0,0.0,,,,,
483020,8950.0,28000000.0,,,,,
610023,5790.0,1000000.0,,,,,
314700,10520.0,0.0,,,,,
0114X0,8860.0,105000000.0,,,,,
407300,10455.0,0.0,,,,,
0087F0,11390.0,14000000.0,,,,,
291890,12625.0,0.0,,,,,
26490K,7340.0,2000000.0,7420.0,7450.0,7220.0,334.0,
267450,11285.0,0.0,,,,,
044380,405.0,220000000.0,424.0,438.0,405.0,527295.0,
401590,11020.0,0.0,,,,,
0229F0,8005.0,9000000.0,,,,,
432600,55210.0,0.0,,,,,
550096,11025.0,0.0,,,,,
220130,6880.0,35000000.0,,,,,
219900,3925.0,1000000.0,,,,,
0184V0,5200.0,138000000.0,,,,,
530094,5445.0,6000000.0,,,,,
238670,13530.0,32000000.0,,,,,
390400,6765.0,5000000.0,,,,,
470310,18030.0,0.0,,,,,
499150,10800.0,11000000.0,,,,,
570108,10780.0,0.0,,,,,
090355,11570.0,4000000.0,11280.0,11600.0,11280.0,359.0,
570073,5300.0,0.0,,,,,
0102X0,8825.0,32000000.0,,,,,
0174J0,8815.0,253000000.0,,,,,
0015E0,10535.0,30000000.0,,,,,
510027,1751.0,1000000.0,,,,,
413220,4330.0,26000000.0,,,,,
483030,11545.0,28000000.0,,,,,
001770,4275.0,699000000.0,4655.0,5090.0,4200.0,150754.0,
580044,1725.0,155000000.0,,,,,
295000,51295.0,0.0,,,,,
291630,3535.0,261000000.0,,,,,
530062,39.0,14000000.0,,,,,
476310,9205.0,4000000.0,,,,,
0154H0,9040.0,2000000.0,,,,,
0132D0,9030.0,4000000.0,,,,,
002995,16790.0,40000000.0,17150.0,17150.0,16730.0,2406.0,
411860,16285.0,18000000.0,,,,,
0073X0,8805.0,0.0,,,,,
760014,6895.0,1000000.0,,,,,
0015K0,6880.0,0.0,,,,,
490330,13740.0,62000000.0,,,,,
267440,8000.0,9000000.0,,,,,
227560,12445.0,245000000.0,,,,,
498610,7790.0,7000000.0,,,,,
474390,40765.0,3000000.0,,,,,
610029,4560.0,91000000.0,,,,,
391600,10130.0,1000000.0,,,,,
0128D0,6500.0,19000000.0,,,,,
0078V0,9100.0,1000000.0,,,,,
266550,18150.0,0.0,,,,,
550070,4410.0,0.0,,,,,
488200,12550.0,0.0,,,,,
000545,5700.0,0.0,5800.0,5800.0,5700.0,27.0,
205720,1442.0,1000000.0,,,,,
000145,9130.0,1000000.0,9150.0,9150.0,9000.0,215.0,
277650,20935.0,2000000.0,,,,,
530125,4155.0,2000000.0,,,,,
373790,14780.0,7000000.0,,,,,
0050E0,8180.0,33000000.0,,,,,
334690,5840.0,27000000.0,,,,,
009415,6250.0,7000000.0,6270.0,6270.0,6220.0,1156.0,
226380,5635.0,1000000.0,,,,,
0131A0,7165.0,412000000.0,,,,,
005965,17390.0,6000000.0,17300.0,17400.0,17300.0,370.0,
291680,7840.0,0.0,,,,,
243890,8380.0,162000000.0,,,,,
225030,2240.0,7000000.0,,,,,
244660,9185.0,20000000.0,,,,,
014825,13700.0,1000000.0,13600.0,14000.0,13280.0,81.0,
252420,72.0,48000000.0,,,,,
427120,5155.0,62000000.0,,,,,
500041,696.0,1000000.0,,,,,
267490,4930.0,0.0,,,,,
007575,7700.0,0.0,7700.0,7700.0,7700.0,1.0,
570023,663.0,0.0,,,,,
36328K,2790.0,11000000.0,2900.0,2900.0,2615.0,4105.0,
0079X0,9335.0,39000000.0,,,,,
570110,16245.0,0.0,,,,,
005745,5350.0,0.0,5700.0,5700.0,5250.0,85.0,
321410,10560.0,0.0,,,,,
014915,5200.0,3000000.0,4800.0,5200.0,4800.0,760.0,
306530,7035.0,79000000.0,,,,,
014285,5230.0,1000000.0,5520.0,5520.0,5230.0,271.0,
476000,5105.0,0.0,,,,,
491630,4860.0,6000000.0,,,,,
280940,3470.0,8000000.0,,,,,
145670,1231.0,148000000.0,,,,,
252410,1254.0,13000000.0,,,,,
488210,25860.0,0.0,,,,,
000227,7750.0,10000000.0,7690.0,7900.0,7510.0,1363.0,
275750,2425.0,5000000.0,,,,,
253230,68.0,103000000.0,,,,,
500051,1121.0,0.0,,,,,
580033,4465.0,16000000.0,,,,,
008355,7180.0,4000000.0,7300.0,7300.0,7000.0,595.0,
280320,21740.0,2000000.0,,,,,
334700,3335.0,0.0,,,,,
001525,8220.0,28000000.0,8230.0,8290.0,8210.0,3469.0,
291620,4275.0,6000000.0,,,,,
500030,55.0,0.0,,,,,
454180,7330.0,0.0,,,,,
700018,1745.0,10000000.0,,,,,
570070,1608.0,0.0,,,,,
253240,1250.0,7000000.0,,,,,
306520,2275.0,0.0,,,,,
004545,3575.0,3000000.0,3340.0,3640.0,3340.0,1053.0,
253160,140.0,38000000.0,,,,,
011155,5880.0,3000000.0,6300.0,6300.0,5870.0,629.0,
261920,11515.0,4000000.0,,,,,
500038,1100.0,0.0,,,,,
001527,5030.0,11000000.0,5110.0,5140.0,5010.0,2343.0,
412560,1517.0,20000000.0,,,,,
004415,4320.0,1000000.0,4305.0,4320.0,4300.0,455.0,
002785,10110.0,3000000.0,10190.0,10370.0,10080.0,356.0,
465620,6390.0,3000000.0,,,,,
002787,13370.0,14000000.0,14120.0,14120.0,13310.0,1066.0,
196170,250000.0,53309000000.0,250000.0,257500.0,248500.0,212380.0,46316007000.0
086520,80100.0,26125000000.0,80600.0,81500.0,79200.0,325807.0,20762564000.0
247540,105000.0,30087000000.0,104400.0,107600.0,104200.0,285073.0,13162370000.000002
036930,209500.0,164816000000.0,205500.0,210000.0,202000.0,797877.0,
277810,433000.0,19028000000.0,450000.0,452500.0,430500.0,43461.0,17302235000.0
240810,133700.0,342888000000.0,133700.0,144100.0,131000.0,2507600.0,
039030,481500.0,33769000000.0,481500.0,485500.0,467000.0,70836.0,10539878000.0
222800,149500.0,83532000000.0,148200.0,152800.0,144500.0,563513.0,84835844000.0
058470,74300.0,107971000000.0,76700.0,77500.0,71500.0,1463532.0,86291365000.0
403870,55500.0,68830000000.0,55200.0,56100.0,54100.0,1247294.0,
095340,212500.0,24231000000.0,210000.0,213000.0,205500.0,115587.0,10591612000.0
108490,301000.0,61237000000.0,310000.0,313500.0,297000.0,202142.0,78597317000.0
319660,144800.0,77328000000.0,134400.0,144900.0,131100.0,548944.0,36144478000.0
440110,81600.0,101441000000.0,75700.0,84300.0,75400.0,1258515.0,
028300,30550.0,16176000000.0,31300.0,31550.0,30050.0,526779.0,14189766000.0
000250,165700.0,9685000000.0,162000.0,167400.0,162000.0,58812.0,6598983000.0
084370,163600.0,42099000000.0,152100.0,164200.0,151000.0,264651.0,19482275000.0
031980,163200.0,15831000000.0,159500.0,163600.0,158300.0,98241.0,0.0
087010,145500.0,12665000000.0,143400.0,148400.0,142600.0,87191.0,11681550000.0
214450,322500.0,15138000000.0,324000.0,331000.0,320500.0,46629.0,8093219000.000001
064760,286000.0,13588000000.0,277000.0,288500.0,270000.0,48139.0,2993773000.0
131290,289000.0,20682000000.0,280000.0,291500.0,278500.0,72037.0,0.0
095610,161900.0,56437000000.0,152000.0,161900.0,150200.0,357854.0,0.0
067310,46200.0,73771000000.0,46100.0,46850.0,45025.0,1608436.0,
141080,80800.0,9857000000.0,80200.0,83000.0,80000.0,121925.0,5328247000.0
357780,370000.0,20785000000.0,342000.0,373000.0,339000.0,57251.0,7455480000.0
298380,50800.0,23647000000.0,49700.0,51700.0,49350.0,468456.0,33351609000.000004
010170,17700.0,149098000000.0,17950.0,18180.0,17410.0,8381104.0,
310210,147300.0,5812000000.0,145100.0,151300.0,144000.0,39782.0,1909131000.0
080220,77600.0,63233000000.0,77400.0,79200.0,75900.0,816798.0,
257720,38750.0,23502000000.0,39900.0,39950.0,38650.0,600896.0,13913135000.0
140410,82200.0,10913000000.0,78100.0,84000.0,77900.0,132573.0,
005290,46800.0,40606000000.0,44000.0,47100.0,43300.0,891966.0,38369005000.0
145020,187000.0,7655000000.0,189900.0,191300.0,185900.0,40617.0,4139287000.0
226950,102700.0,12267000000.0,102100.0,105600.0,101200.0,119486.0,5744754000.0
319400,20950.0,14243000000.0,21700.0,21900.0,20800.0,674545.0,
032820,12960.0,35586000000.0,13340.0,13340.0,12830.0,2732635.0,
058610,100700.0,34816000000.0,103300.0,105400.0,99600.0,341321.0,65996950000.00001
030530,28300.0,188315000000.0,27100.0,30400.0,26950.0,6477654.0,
214370,40200.0,2218000000.0,39600.0,40500.0,39350.0,55546.0,1379164000.0
263750,33900.0,3953000000.0,34100.0,34400.0,33550.0,116767.0,2090972000.0
178320,32150.0,18386000000.0,31900.0,32350.0,31250.0,575560.0,
347850,44500.0,21604000000.0,43300.0,45550.0,43200.0,486852.0,
214150,30700.0,1889000000.0,30600.0,30900.0,30500.0,61590.0,806166000.0
098460,29150.0,19649000000.0,29350.0,29850.0,28650.0,673480.0,
043260,26200.0,60329000000.0,26950.0,26950.0,25500.0,2325939.0,
237690,91300.0,4251000000.0,91100.0,92800.0,90200.0,46731.0,2503245000.0
041510,82600.0,8240000000.0,81900.0,84200.0,80800.0,99965.0,1504606000.0
083650,59900.0,33154000000.0,63200.0,63200.0,59400.0,547161.0,28585368000.0
140860,264500.0,13482000000.0,253000.0,271000.0,252500.0,50956.0,2676888000.0
089030,49150.0,39646000000.0,48300.0,50500.0,48300.0,805106.0,
131970,93700.0,17708000000.0,95100.0,95500.0,91100.0,190783.0,16792010000.0
060370,33650.0,5364000000.0,32900.0,34150.0,32450.0,161122.0,2538793000.0
036540,10570.0,60807000000.0,10710.0,10900.0,10260.0,5826334.0,
068760,39050.0,1303000000.0,38950.0,39200.0,38700.0,33474.0,418415000.0
437730,51900.0,19079000000.0,55000.0,55500.0,51300.0,360267.0,40171018000.0
089970,62400.0,63091000000.0,61300.0,63500.0,59500.0,1021367.0,62376199000.0
183300,31800.0,11951000000.0,31300.0,32350.0,30900.0,380287.0,4856544000.0
096530,34000.0,5251000000.0,34250.0,34550.0,33800.0,154071.0,2457354000.0
007390,24650.0,2542000000.0,24800.0,25050.0,24500.0,103058.0,2861941000.0
420770,123100.0,13069000000.0,118900.0,125000.0,116400.0,107417.0,0.0
218410,58600.0,17045000000.0,59100.0,59900.0,58000.0,290109.0,24226557000.0
323280,46500.0,10353000000.0,47100.0,47150.0,44300.0,225293.0,6881094000.0
0009K0,21400.0,1777000000.0,21150.0,21700.0,20900.0,83605.0,909496000.0
204270,23800.0,22985000000.0,25050.0,25500.0,23650.0,946419.0,
039200,35800.0,2650000000.0,36100.0,36700.0,35300.0,74211.0,881286000.0
241710,127300.0,8018000000.0,125300.0,128500.0,123500.0,63314.0,1562753000.0
078600,86200.0,5850000000.0,87800.0,87900.0,85500.0,67627.0,5288387000.0
950160,15800.0,10102000000.0,15410.0,16250.0,15350.0,642044.0,
035900,37700.0,3262000000.0,37550.0,38100.0,37300.0,86458.0,1621061999.9999998
290650,47200.0,2744000000.0,46450.0,47800.0,46400.0,58343.0,1291126000.0
082920,27850.0,7573000000.0,29400.0,29850.0,27550.0,270567.0,2717544000.0
003380,11030.0,3304000000.0,10810.0,11190.0,10750.0,299496.0,
950260,24400.0,75800000000.0,23150.0,24750.0,21650.0,3196702.0,
347700,23300.0,41178000000.0,22550.0,24325.0,22400.0,1751325.0,
127120,31800.0,2032000000.0,32350.0,32900.0,31750.0,63076.0,1467114000.0
232140,14250.0,24020000000.0,14450.0,14490.0,14050.0,1683717.0,
166090,58700.0,6844000000.0,57700.0,59100.0,57300.0,117316.0,4414247000.0
195940,38850.0,2762000000.0,38500.0,39150.0,38350.0,71227.0,399567000.0
252990,17930.0,11304000000.0,17480.0,18460.0,17320.0,625781.0,
356860,44600.0,24363000000.0,44300.0,45050.0,43500.0,551368.0,30279383000.0
056190,28000.0,1784000000.0,28100.0,28475.0,27750.0,63554.0,839931000.0
086450,21350.0,17342000000.0,20400.0,22400.0,20150.0,805944.0,8006459000.0
293490,9020.0,2497000000.0,8830.0,9420.0,8830.0,276093.0,
458870,25050.0,2819000000.0,25650.0,26200.0,24900.0,110939.0,2083465000.0
100790,17810.0,8403000000.0,17550.0,18180.0,17210.0,472807.0,
101490,44100.0,7647000000.0,44000.0,44350.0,42900.0,174961.0,7229407999.999999
119850,56100.0,23976000000.0,55000.0,57800.0,53800.0,427520.0,22566586000.0
160190,29400.0,5141000000.0,29700.0,30400.0,28600.0,175003.0,
083450,49250.0,4153000000.0,50000.0,50100.0,48500.0,84277.0,6100468000.0
417200,13380.0,9330000000.0,13640.0,13820.0,13260.0,694486.0,
065350,31450.0,1918000000.0,31100.0,32000.0,30750.0,61481.0,2099625000.0
388210,88500.0,6006000000.0,87000.0,89500.0,85700.0,68189.0,2708934000.0
445680,49600.0,2332000000.0,48100.0,50100.0,47400.0,47843.0,1889252000.0
099320,77900.0,3555000000.0,77500.0,79600.0,76300.0,45708.0,2298013000.0
036830,41500.0,2525000000.0,39400.0,41950.0,38750.0,62350.0,852552000.0
035760,38750.0,2143000000.0,37650.0,39100.0,37650.0,55408.0,490608000.0
115180,22600.0,1050000000.0,22650.0,23000.0,22350.0,46292.0,583287000.0
327260,47050.0,24511000000.0,47500.0,48600.0,46100.0,519885.0,
053800,74300.0,9294000000.0,71500.0,75500.0,71300.0,125789.0,5760528000.0
032500,19560.0,2924000000.0,19640.0,19850.0,19300.0,149833.0,3128497000.0
031330,8240.0,2952000000.0,8350.0,8400.0,8090.0,359206.0,
014620,30700.0,6103000000.0,31850.0,31850.0,30450.0,198190.0,2291621000.0
388720,68900.0,855000000.0,70600.0,70800.0,68300.0,12363.0,1228664000.0
122870,43100.0,4021000000.0,42700.0,43550.0,42400.0,93408.0,911375999.9999999
425420,64300.0,4218000000.0,64500.0,66300.0,64000.0,65211.0,2720536000.0
295310,63100.0,18084000000.0,58900.0,64000.0,57800.0,290931.0,13176058000.0
074600,29450.0,5720000000.0,28900.0,29600.0,28800.0,195599.0,3301624000.0000005
090360,79000.0,5714000000.0,80600.0,81350.0,78100.0,71929.0,9305869000.0
161580,32650.0,5043000000.0,32800.0,33300.0,32250.0,154284.0,7629619000.0
033100,47650.0,2111000000.0,48300.0,48300.0,47150.0,44382.0,2182268000.0
491000,30200.0,4441000000.0,29250.0,30700.0,29050.0,147948.0,
044490,38100.0,6381000000.0,39050.0,39100.0,37600.0,167481.0,10629773000.0
032190,19810.0,812000000.0,19840.0,19990.0,19710.0,40919.0,176146000.0
090710,6330.0,13273000000.0,6520.0,7030.0,6280.0,2019973.0,
059090,22550.0,7810000000.0,22150.0,22800.0,21750.0,348659.0,8466502000.0
189300,69700.0,3907000000.0,68700.0,70600.0,68000.0,56363.0,1793048000.0
085660,7960.0,914000000.0,7830.0,7960.0,7820.0,115747.0,374318000.0
041960,9850.0,4959000000.0,9960.0,10690.0,9790.0,484569.0,
328130,9810.0,6808000000.0,9850.0,10080.0,9750.0,687361.0,15266375000.0
225570,10950.0,1094000000.0,10830.0,11010.0,10710.0,100287.0,232089000.0
213420,29000.0,2724000000.0,29100.0,29300.0,28700.0,93941.0,768736000.0
041830,53200.0,2542000000.0,55200.0,56300.0,52900.0,46899.0,598283000.0
476830,25550.0,5848000000.0,25650.0,27200.0,25350.0,223680.0,4229968000.0
038500,6630.0,1453000000.0,6780.0,6780.0,6570.0,218229.0,
466100,23050.0,5306000000.0,23800.0,23850.0,22800.0,228306.0,16534451999.999998
251970,57500.0,2909000000.0,56700.0,58300.0,56000.0,50765.0,841017000.0000001
064290,54800.0,14160000000.0,56200.0,56500.0,53600.0,259359.0,
281740,10650.0,1970000000.0,10610.0,10780.0,10560.0,184695.0,
171090,68600.0,2223000000.0,69500.0,71200.0,68400.0,31957.0,1693924000.0000002
122640,32000.0,8698000000.0,31600.0,32950.0,31600.0,269986.0,
124500,29750.0,2466000000.0,29700.0,30000.0,29250.0,82966.0,3544736000.0000005
476060,15130.0,5207000000.0,15410.0,15590.0,14940.0,342485.0,11142634000.0
053610,76000.0,3973000000.0,74000.0,78000.0,72800.0,52682.0,2278652000.0
023160,26400.0,2938000000.0,27050.0,27300.0,26400.0,109963.0,1778264000.0
006730,10600.0,2010000000.0,10780.0,10790.0,10520.0,189690.0,
137400,28750.0,1565000000.0,29000.0,29200.0,28500.0,54389.0,1192583000.0
036810,31200.0,4017000000.0,30400.0,31450.0,30100.0,130090.0,2352987000.0
048410,6850.0,3944000000.0,6830.0,7070.0,6740.0,574470.0,
102710,46100.0,3813000000.0,44100.0,46750.0,43200.0,84035.0,2590984000.0
093320,133000.0,2841000000.0,141900.0,142600.0,129100.0,21287.0,649031000.0
033640,27600.0,4616000000.0,27900.0,28250.0,26950.0,168539.0,4297761000.0
121600,51900.0,2231000000.0,51700.0,52600.0,51200.0,43007.0,773192000.0
033790,7600.0,6703000000.0,7550.0,7760.0,7270.0,893871.0,
126340,86800.0,13412000000.0,83000.0,87500.0,81300.0,156678.0,9277049000.0
046890,10520.0,3132000000.0,10800.0,10820.0,10340.0,297037.0,19187407000.0
253450,20350.0,484000000.0,20150.0,20550.0,20150.0,23792.0,192017000.0
253590,13680.0,38320000000.0,13400.0,14730.0,13310.0,2717671.0,
077360,13140.0,9037000000.0,13040.0,13460.0,12800.0,686949.0,
222080,7460.0,1689000000.0,7640.0,7690.0,7440.0,224399.0,
050890,9530.0,12676000000.0,9460.0,9890.0,9320.0,1315265.0,
358570,8870.0,1292000000.0,8810.0,9120.0,8590.0,145476.0,459436999.99999994
094170,27350.0,718000000.0,27450.0,27800.0,27200.0,26145.0,778260000.0
045100,32150.0,1538000000.0,32000.0,32250.0,31650.0,48020.0,1431524000.0
399720,47400.0,8841000000.0,47250.0,47900.0,46600.0,186859.0,18911433000.0
092870,42950.0,48890000000.0,38050.0,45600.0,38050.0,1131452.0,
144960,12790.0,17801000000.0,12200.0,12940.0,12030.0,1404909.0,
079940,41350.0,1117000000.0,41500.0,41500.0,40750.0,27235.0,57045000.0
490470,16210.0,4902000000.0,15950.0,16280.0,15950.0,303867.0,
052020,8010.0,993000000.0,7800.0,8020.0,7520.0,126320.0,
475830,25000.0,16162000000.0,25550.0,26450.0,24800.0,629673.0,22019843000.0
052400,36900.0,1752000000.0,37750.0,38200.0,36600.0,47204.0,985308000.0
060250,13280.0,1343000000.0,13080.0,13330.0,13060.0,101565.0,
456160,32050.0,2589000000.0,31900.0,33400.0,31900.0,79453.0,1832694000.0
468530,47250.0,19398000000.0,41050.0,49000.0,40900.0,416859.0,12950251000.0
080580,24850.0,25583000000.0,23050.0,26000.0,22900.0,1025379.0,
356680,18220.0,314403000000.0,17530.0,19950.0,17500.0,16560756.0,
112040,15190.0,936000000.0,15090.0,15290.0,15010.0,61831.0,593245000.0
219130,80800.0,2996000000.0,77000.0,81500.0,76800.0,37749.0,
101160,30900.0,644000000.0,31100.0,31250.0,30600.0,20892.0,538189000.0
009520,12240.0,918000000.0,12510.0,12590.0,12190.0,74527.0,518131000.0
025980,5220.0,10040000000.0,5400.0,5400.0,5100.0,1930110.0,
214430,68400.0,1703000000.0,68700.0,70400.0,67800.0,24707.0,328888000.0
397030,18110.0,1175000000.0,17810.0,18360.0,17720.0,65268.0,855328000.0000001
037460,30500.0,794000000.0,30700.0,31000.0,30400.0,25907.0,
211050,9990.0,511000000.0,10060.0,10060.0,9860.0,51562.0,104118000.0
086900,67400.0,576000000.0,67700.0,67900.0,66900.0,8556.0,153824000.0
376900,28100.0,1381000000.0,28900.0,29350.0,27950.0,48379.0,3416843000.0
027360,4020.0,15512000000.0,4000.0,4165.0,3915.0,3820946.0,
082270,10680.0,1022000000.0,10460.0,10790.0,10460.0,96166.0,485606000.0
041190,6060.0,11593000000.0,5990.0,6140.0,5810.0,1930213.0,
098120,58000.0,15057000000.0,57000.0,61900.0,57000.0,251216.0,
089890,29050.0,5106000000.0,27600.0,29200.0,27100.0,180512.0,2458289000.0
024850,15140.0,2255000000.0,14300.0,15260.0,14190.0,153176.0,
033500,15930.0,930000000.0,16270.0,16360.0,15870.0,58105.0,634844000.0
035890,2280.0,440000000.0,2330.0,2330.0,2230.0,194032.0,
034950,104000.0,58000000.0,104100.0,104100.0,103100.0,558.0,31672000.0
348340,20050.0,6227000000.0,19900.0,20400.0,19410.0,312786.0,
099190,15860.0,385000000.0,16220.0,16220.0,15700.0,24296.0,285320000.0
104830,36800.0,3209000000.0,35200.0,37300.0,35150.0,87572.0,1700059999.9999998
0010S0,46300.0,1004626000000.0,42750.0,48000.0,33350.0,23806741.0,
015750,5760.0,585000000.0,5840.0,5860.0,5740.0,101115.0,510820999.99999994
460930,12930.0,714000000.0,13150.0,13210.0,12900.0,55016.0,1044891000.0
340570,28400.0,2662000000.0,28500.0,29150.0,28100.0,93190.0,2889039000.0
056080,11930.0,3738000000.0,12530.0,12780.0,11900.0,305836.0,
383310,21650.0,2000000000.0,22050.0,22250.0,21550.0,91817.0,
069540,4020.0,46294000000.0,3935.0,4245.0,3850.0,11349103.0,
019210,12140.0,8628000000.0,12800.0,12880.0,12010.0,702082.0,
290550,22300.0,5069000000.0,21500.0,22450.0,21350.0,230167.0,
013030,37700.0,1444000000.0,38100.0,38250.0,37000.0,38176.0,513100000.0
348370,20200.0,1997000000.0,20200.0,20400.0,19810.0,99838.0,1545622000.0
125490,12110.0,15249000000.0,12600.0,13030.0,12010.0,1226716.0,
365340,34200.0,610000000.0,35150.0,35150.0,34100.0,17688.0,341724000.0
042000,18030.0,16101000000.0,15370.0,18510.0,15370.0,915085.0,11540376000.0
486990,20350.0,48060000000.0,24400.0,25500.0,19760.0,2210766.0,113942508000.0
368770,13180.0,1967000000.0,13570.0,13610.0,13140.0,147672.0,
336570,4845.0,1096000000.0,4915.0,4950.0,4830.0,225194.0,
386380,22950.0,77313000000.0,24400.0,25700.0,22700.0,3215894.0,
278280,34700.0,573000000.0,34550.0,35200.0,34300.0,16535.0,285158000.0
187660,6630.0,3367000000.0,6600.0,6710.0,6460.0,511996.0,
241770,41600.0,545000000.0,40800.0,41600.0,40300.0,13296.0,148395000.0
078340,34950.0,1692000000.0,34800.0,35050.0,34450.0,48723.0,416557000.0
078350,27650.0,9984000000.0,27600.0,28550.0,26300.0,367017.0,0.0
272290,21050.0,1506000000.0,21050.0,21150.0,20650.0,71948.0,816165000.0
067160,36500.0,1112000000.0,36450.0,36850.0,36350.0,30420.0,153141000.0
030520,17230.0,2658000000.0,16620.0,17350.0,16510.0,156923.0,531281000.0
114810,14770.0,6851000000.0,13780.0,14860.0,13540.0,475461.0,3919178999.9999995
170920,38700.0,12327000000.0,36300.0,39800.0,36050.0,323300.0,
204620,5800.0,1837000000.0,5920.0,5930.0,5740.0,316618.0,
033160,16540.0,16997000000.0,16110.0,16690.0,15680.0,1047840.0,
332570,8830.0,10524000000.0,8870.0,9040.0,8670.0,1192875.0,
376300,17040.0,588000000.0,16720.0,17130.0,16680.0,34720.0,389692000.0
079370,12850.0,26840000000.0,11210.0,13240.0,11210.0,2117191.0,
159010,29800.0,26664000000.0,24900.0,30950.0,24550.0,910025.0,
078130,3490.0,325000000.0,3420.0,3595.0,3420.0,92757.0,
089010,23450.0,1571000000.0,23400.0,23550.0,22900.0,67383.0,1628773000.0
417840,17080.0,31862000000.0,16140.0,17310.0,15930.0,1906634.0,
174900,19600.0,1113000000.0,19420.0,20150.0,19400.0,56500.0,
101730,4665.0,722000000.0,4685.0,4695.0,4600.0,155596.0,2312125000.0
018290,11120.0,1392000000.0,11350.0,11420.0,11110.0,124015.0,507148000.0
095660,17930.0,474000000.0,17720.0,18000.0,17720.0,26508.0,65154000.0
236200,55200.0,1907000000.0,52200.0,55900.0,51800.0,34938.0,501337000.0
092730,23650.0,922000000.0,23550.0,23900.0,22900.0,39216.0,414431999.99999994
018000,1290.0,4245000000.0,1240.0,1300.0,1231.0,3335518.0,
215200,36250.0,1005000000.0,36250.0,36950.0,36000.0,27517.0,246141000.0
475960,27850.0,410000000.0,27400.0,28050.0,27250.0,14874.0,305814000.0
477850,21100.0,6681000000.0,22400.0,22450.0,20850.0,310808.0,
439960,11480.0,4168000000.0,11740.0,11850.0,11330.0,360985.0,
441270,8750.0,3600000000.0,8550.0,8800.0,8450.0,415145.0,3496258000.0000005
092190,8010.0,1057000000.0,8030.0,8360.0,7840.0,130765.0,
107640,40250.0,3072000000.0,39400.0,41200.0,39100.0,76131.0,2634008000.0
006910,7420.0,4058000000.0,7600.0,7610.0,7320.0,543634.0,
078020,6530.0,135000000.0,6620.0,6620.0,6510.0,20554.0,
200710,26750.0,1880000000.0,26700.0,27000.0,26000.0,70957.0,2258657000.0
003800,32350.0,101000000.0,32700.0,32700.0,32250.0,3125.0,
200470,8160.0,6760000000.0,7940.0,8210.0,7820.0,835113.0,
330860,29250.0,5295000000.0,28350.0,29400.0,28300.0,182835.0,
393890,10530.0,3502000000.0,10050.0,10820.0,9880.0,333422.0,
052710,18920.0,13163000000.0,19350.0,19500.0,18690.0,693301.0,
078160,8970.0,278000000.0,8950.0,9200.0,8910.0,30679.0,143562000.0
138080,28350.0,8576000000.0,28550.0,29150.0,27600.0,301740.0,
069080,11310.0,659000000.0,11100.0,11430.0,11100.0,58462.0,35216000.0
025320,3790.0,971000000.0,3795.0,3800.0,3745.0,257336.0,458920000.0
348210,33350.0,964000000.0,33400.0,33750.0,32500.0,29151.0,456491000.0
093520,29250.0,1037000000.0,28850.0,30000.0,28050.0,35651.0,410942000.0
046970,7910.0,92792000000.0,7850.0,8720.0,7730.0,11339257.0,
025900,6730.0,173000000.0,6750.0,6900.0,6670.0,25688.0,121368000.00000001
036800,7420.0,765000000.0,7490.0,7790.0,7300.0,103026.0,105790000.0
110990,17730.0,1873000000.0,17520.0,17960.0,17220.0,106267.0,912524000.0
036620,3715.0,519000000.0,3660.0,3735.0,3635.0,140455.0,169074000.0
452430,40250.0,1818000000.0,40850.0,41100.0,39700.0,45101.0,2827353000.0
039440,21400.0,1412000000.0,21300.0,21550.0,20950.0,66352.0,1500907000.0
448900,54500.0,3312000000.0,58000.0,58100.0,53800.0,59367.0,3508386000.0
064260,4370.0,2114000000.0,4400.0,4435.0,4345.0,482090.0,
456010,22600.0,32210000000.0,23800.0,25050.0,22550.0,1354837.0,
455900,21250.0,464000000.0,21700.0,21900.0,21000.0,21806.0,625798000.0
389470,24500.0,1061000000.0,25150.0,25300.0,24450.0,42922.0,1163092000.0
117730,14370.0,7990000000.0,15360.0,15360.0,14040.0,548965.0,41195418000.0
372320,21200.0,278000000.0,21250.0,21300.0,20800.0,13159.0,199300000.0
121440,7530.0,135000000.0,7700.0,7700.0,7500.0,17778.0,
168360,14290.0,1920000000.0,14560.0,14560.0,13870.0,136238.0,783276000.0
060280,7750.0,1210000000.0,8000.0,8100.0,7750.0,154246.0,
067630,2620.0,294000000.0,2625.0,2715.0,2565.0,112402.0,
017890,15390.0,3705000000.0,14400.0,15720.0,14370.0,242296.0,
446540,10900.0,38110000000.0,9480.0,11660.0,9480.0,3446011.0,
0161M0,25800.0,205743000000.0,29950.0,30700.0,24300.0,7583074.0,
234340,22550.0,9011000000.0,21250.0,23000.0,21000.0,405554.0,
900290,3385.0,685000000.0,3550.0,3570.0,3385.0,199316.0,
488900,10730.0,763000000.0,10620.0,10990.0,10010.0,71586.0,600011000.0
215600,2240.0,745000000.0,2240.0,2255.0,2205.0,333666.0,
061970,4400.0,1246000000.0,4410.0,4495.0,4260.0,282068.0,
482630,13980.0,1727000000.0,13990.0,14060.0,13750.0,124304.0,
199800,33750.0,941000000.0,34400.0,34900.0,33200.0,27711.0,319177000.0
206650,8240.0,602000000.0,8370.0,8440.0,8220.0,72491.0,
352480,21950.0,239000000.0,21850.0,22300.0,21850.0,10850.0,49336000.0
025770,7860.0,93000000.0,7980.0,7980.0,7820.0,11857.0,
036200,9580.0,2114000000.0,9480.0,9620.0,9350.0,222225.0,1849289000.0
160980,26850.0,2976000000.0,26400.0,27100.0,25900.0,112548.0,
035810,4530.0,695000000.0,4585.0,4615.0,4490.0,153337.0,
101930,6380.0,66000000.0,6470.0,6470.0,6270.0,10449.0,46852000.0
265520,19160.0,529000000.0,19060.0,19170.0,18950.0,27711.0,337412000.0
071200,11820.0,576000000.0,11990.0,12250.0,11760.0,48365.0,
012210,12440.0,31574000000.0,13100.0,13100.0,12260.0,2508527.0,
389500,43000.0,3629000000.0,44250.0,45075.0,42500.0,83313.0,
049070,18100.0,566000000.0,18260.0,18370.0,18100.0,31123.0,435233000.0
099440,4175.0,332000000.0,4200.0,4240.0,4150.0,79165.0,
203650,2790.0,43597000000.0,2750.0,3045.0,2745.0,14997174.0,
472850,4925.0,184000000.0,4930.0,4985.0,4880.0,37466.0,44541000.0
425040,12890.0,10008000000.0,12540.0,12890.0,12310.0,797250.0,
424870,3080.0,1331000000.0,3125.0,3170.0,3070.0,428792.0,1806562000.0
091580,21100.0,2468000000.0,21150.0,21300.0,20800.0,117606.0,
086390,13300.0,3707000000.0,12540.0,13450.0,12390.0,284649.0,3126141000.0
136480,2640.0,251000000.0,2650.0,2650.0,2635.0,95051.0,
042370,10650.0,16471000000.0,11150.0,11250.0,10500.0,1504306.0,
092460,16300.0,269000000.0,16220.0,16590.0,16000.0,16533.0,257663999.99999997
054950,23000.0,199000000.0,23200.0,23300.0,22900.0,8624.0,113642000.0
448280,9340.0,107000000.0,9240.0,9350.0,9070.0,11676.0,14578000.0
294570,27400.0,4123000000.0,26050.0,27900.0,25700.0,152363.0,4603017000.0
024840,6350.0,11897000000.0,6630.0,6630.0,6250.0,1862606.0,
228760,11000.0,584000000.0,10990.0,11120.0,10730.0,53470.0,437826000.0
484590,6630.0,762000000.0,6500.0,6800.0,6460.0,115247.0,
035600,9910.0,203000000.0,10000.0,10000.0,9910.0,20403.0,79686000.0
200670,24250.0,457000000.0,24400.0,24500.0,23950.0,18878.0,175465000.0
354320,42200.0,11157000000.0,37000.0,42900.0,36400.0,273074.0,
084110,21300.0,391000000.0,21400.0,21700.0,21100.0,18272.0,296522000.0
309710,21000.0,0.0,0.0,0.0,0.0,0.0,
389650,32400.0,2351000000.0,28450.0,33450.0,28150.0,75014.0,1283813000.0
216080,7190.0,766000000.0,7260.0,7350.0,7110.0,105712.0,
098070,23900.0,4299000000.0,25400.0,25500.0,23750.0,176776.0,3277953000.0
068930,9600.0,3322000000.0,9700.0,9950.0,9270.0,343925.0,
182400,3670.0,0.0,0.0,0.0,0.0,0.0,
036890,11970.0,349000000.0,12090.0,12180.0,11830.0,29308.0,196060000.0
287840,17480.0,489000000.0,17540.0,18000.0,17300.0,27810.0,535757999.99999994
493280,17670.0,5252000000.0,15920.0,17800.0,15620.0,305291.0,
091700,5220.0,211000000.0,5210.0,5230.0,5170.0,40645.0,
484120,23800.0,2773000000.0,22750.0,24950.0,22700.0,114799.0,1377876000.0
317330,12690.0,357000000.0,12850.0,12890.0,12580.0,28066.0,237764000.0
043150,17460.0,328000000.0,17760.0,17760.0,17360.0,18749.0,63391000.0
060720,10950.0,689000000.0,11090.0,11090.0,10930.0,62645.0,
394280,9790.0,1345000000.0,9930.0,10030.0,9660.0,136773.0,4701047000.0
452280,13360.0,7894000000.0,13570.0,13740.0,13250.0,585029.0,
051500,21650.0,71000000.0,21850.0,21950.0,21650.0,3262.0,22791000.0
067390,6100.0,536000000.0,5950.0,6170.0,5950.0,88015.0,
151860,5390.0,265000000.0,5520.0,5520.0,5360.0,48917.0,
121800,3320.0,0.0,0.0,0.0,0.0,0.0,
267980,33400.0,173000000.0,33850.0,34000.0,33250.0,5170.0,33310000.0
065680,27550.0,1519000000.0,25900.0,28450.0,25650.0,55673.0,1094882000.0
0011T0,5420.0,569000000.0,5530.0,5580.0,5400.0,104052.0,
378340,11720.0,253000000.0,12020.0,12040.0,11650.0,21413.0,201222000.0
042520,17780.0,1151000000.0,17480.0,17830.0,17330.0,65443.0,178311000.0
377460,4080.0,0.0,0.0,0.0,0.0,0.0,
314130,4835.0,6026000000.0,4230.0,4985.0,4150.0,1318103.0,
439090,15390.0,722000000.0,15550.0,15580.0,15360.0,46790.0,864666000.0000001
304360,20150.0,329000000.0,20100.0,20600.0,19850.0,16362.0,219782000.0
094360,11650.0,417000000.0,11690.0,11830.0,11500.0,35803.0,911311000.0000001
023410,3215.0,464000000.0,3245.0,3260.0,3205.0,144171.0,
461300,18580.0,277000000.0,18850.0,18850.0,18470.0,14889.0,
377450,14250.0,235000000.0,14490.0,14600.0,14210.0,16393.0,
376270,34200.0,197000000.0,34800.0,34900.0,33100.0,5873.0,165746000.0
089980,15330.0,387000000.0,15600.0,15720.0,15320.0,25036.0,360124000.0
011560,24300.0,994000000.0,24100.0,24850.0,23850.0,41098.0,
272110,30300.0,1947000000.0,30150.0,30800.0,29850.0,64178.0,
073490,31950.0,919000000.0,32300.0,32500.0,31700.0,28651.0,
047920,7400.0,1544000000.0,7440.0,7540.0,7220.0,209406.0,2010551999.9999998
254490,16810.0,2963000000.0,17100.0,17400.0,16450.0,175703.0,
036030,4925.0,374000000.0,4895.0,4965.0,4875.0,75589.0,
445090,21750.0,546000000.0,22200.0,22250.0,21050.0,25035.0,531583999.99999994
019010,4920.0,934000000.0,4990.0,4990.0,4870.0,189832.0,
036710,4485.0,4380000000.0,4225.0,4570.0,4165.0,998715.0,
108860,8800.0,1020000000.0,8960.0,9000.0,8760.0,115346.0,1696303000.0
043370,11240.0,184000000.0,11110.0,11540.0,11110.0,16461.0,28492000.0
180400,2385.0,95000000.0,2390.0,2445.0,2320.0,39492.0,
064820,7600.0,394000000.0,7900.0,7900.0,7560.0,51455.0,167173000.0
032580,7020.0,5988000000.0,6460.0,7020.0,6290.0,896716.0,
100120,25850.0,306000000.0,25350.0,26200.0,25350.0,11814.0,
065710,44750.0,234000000.0,45000.0,45350.0,44550.0,5229.0,
085910,16680.0,5249000000.0,16360.0,17000.0,16120.0,317098.0,
389260,12830.0,840000000.0,12820.0,13170.0,12760.0,65069.0,
416180,25200.0,2832000000.0,24900.0,26650.0,24000.0,110682.0,2614749000.0
064850,19880.0,760000000.0,18690.0,20200.0,18690.0,39453.0,
243070,18830.0,220000000.0,19050.0,19070.0,18830.0,11613.0,184072000.0
215000,35750.0,305000000.0,35750.0,36000.0,35550.0,8538.0,134531000.0
462350,6600.0,1761000000.0,6510.0,6950.0,6480.0,263022.0,
045390,3170.0,3185000000.0,3260.0,3270.0,3090.0,1007468.0,
023760,1408.0,81000000.0,1405.0,1408.0,1399.0,58052.0,
144510,14050.0,249000000.0,14260.0,14260.0,13800.0,17959.0,136590000.0
0008Z0,23500.0,723000000.0,23600.0,23600.0,22650.0,31167.0,284502000.0
190510,15690.0,726000000.0,15880.0,16000.0,15660.0,45954.0,1223510000.0
462860,3075.0,8379000000.0,3000.0,3180.0,2960.0,2732158.0,
481070,15370.0,72000000.0,15480.0,15640.0,15200.0,4709.0,63674000.0
200130,7650.0,198000000.0,7700.0,7710.0,7630.0,25849.0,76478000.0
094480,5560.0,805000000.0,5550.0,5620.0,5500.0,145019.0,
114190,8320.0,303000000.0,8480.0,8490.0,8230.0,36470.0,382848000.0
125020,6170.0,3562000000.0,6270.0,6340.0,6140.0,572536.0,
475400,18280.0,1121000000.0,19010.0,19090.0,18210.0,60282.0,8321920000.0
298830,4035.0,528000000.0,4055.0,4115.0,4025.0,130397.0,
241520,8100.0,652000000.0,8170.0,8280.0,8060.0,80006.0,
005710,10740.0,67000000.0,10960.0,10960.0,10610.0,6268.0,30767000.0
237880,11900.0,496000000.0,12020.0,12090.0,11870.0,41519.0,165824000.0
0001A0,8420.0,281000000.0,8540.0,8630.0,8410.0,33175.0,
307180,5780.0,848000000.0,5780.0,5920.0,5630.0,148129.0,
067080,11450.0,999000000.0,11120.0,11550.0,11120.0,87684.0,965180000.0
112290,10520.0,714000000.0,10540.0,10640.0,10250.0,68375.0,
018310,14470.0,174000000.0,14630.0,14660.0,14450.0,11994.0,18950000.0
365270,9570.0,939000000.0,9300.0,9670.0,9160.0,98760.0,
290690,3980.0,1607000000.0,3970.0,4170.0,3965.0,398672.0,
064550,8180.0,883000000.0,8260.0,8350.0,8150.0,107313.0,1042252000.0
382900,24000.0,4097000000.0,23300.0,25000.0,23000.0,170611.0,4899048000.0
243840,5440.0,310000000.0,5510.0,5600.0,5400.0,56407.0,
049430,23100.0,413000000.0,22850.0,23400.0,22500.0,18013.0,
380540,8450.0,0.0,0.0,0.0,0.0,0.0,
417030,35700.0,11574000000.0,34150.0,36500.0,33700.0,327811.0,
950170,4200.0,39000000.0,4210.0,4230.0,4170.0,9326.0,
206640,9350.0,260000000.0,9390.0,9420.0,9260.0,27784.0,77914000.0
199430,18270.0,1131000000.0,18920.0,18960.0,18220.0,61219.0,4327548000.0
353810,6180.0,277000000.0,6260.0,6260.0,6140.0,44867.0,
014940,4470.0,292000000.0,4580.0,4605.0,4450.0,65012.0,
459510,15690.0,507000000.0,16000.0,16090.0,15620.0,32062.0,2658024000.0
036190,33750.0,53000000.0,34400.0,34450.0,33750.0,1551.0,
099430,3285.0,268000000.0,3295.0,3315.0,3265.0,81682.0,
058970,16220.0,202000000.0,16550.0,16850.0,16000.0,12380.0,251144000.0
061090,36650.0,266000000.0,37350.0,37450.0,36400.0,7242.0,86052000.0
053300,5060.0,634000000.0,5080.0,5200.0,5030.0,124250.0,
126730,22700.0,3835000000.0,23500.0,23800.0,22550.0,166368.0,
095500,6410.0,407000000.0,6600.0,6600.0,6360.0,63370.0,302278000.0
314930,6670.0,111000000.0,6710.0,6780.0,6590.0,16636.0,58314000.0
053030,6060.0,200000000.0,6080.0,6100.0,5990.0,33143.0,125108000.0
083310,11100.0,1692000000.0,10680.0,11130.0,10460.0,155223.0,
450950,5220.0,81000000.0,5150.0,5220.0,5080.0,15726.0,89018000.0
217730,2060.0,446000000.0,2060.0,2095.0,2000.0,219508.0,
340450,8180.0,8966000000.0,7300.0,8350.0,7120.0,1132057.0,
452450,5350.0,667000000.0,5260.0,5400.0,5160.0,126136.0,
080720,2410.0,0.0,0.0,0.0,0.0,0.0,
388050,10280.0,6164000000.0,10880.0,10890.0,10170.0,588035.0,
123330,24100.0,3400000000.0,24100.0,25250.0,24000.0,138680.0,
086670,19310.0,1332000000.0,18750.0,19390.0,18300.0,69809.0,
078150,2015.0,1346000000.0,2050.0,2085.0,2010.0,660479.0,
304100,15070.0,552000000.0,15260.0,15310.0,15030.0,36537.0,706721000.0
308430,14700.0,330000000.0,14130.0,14810.0,14000.0,22918.0,155684000.0
036560,12040.0,66000000.0,12090.0,12120.0,11890.0,5528.0,
005160,3495.0,2182000000.0,3500.0,3500.0,3455.0,627977.0,
042420,23250.0,105000000.0,22750.0,23350.0,22750.0,4519.0,
046120,5580.0,3543000000.0,5810.0,5810.0,5500.0,627809.0,
013120,2080.0,90000000.0,2105.0,2105.0,2080.0,43275.0,
126600,3000.0,77000000.0,3030.0,3030.0,2965.0,25905.0,
115450,1987.0,586000000.0,1975.0,1997.0,1923.0,300001.0,
034810,5950.0,19000000.0,5980.0,5980.0,5900.0,3256.0,
016790,994.0,0.0,0.0,0.0,0.0,0.0,
066620,24850.0,85000000.0,24950.0,25800.0,24850.0,3383.0,
051160,12040.0,1798000000.0,11510.0,12440.0,11390.0,149181.0,
192440,29950.0,107000000.0,30000.0,30350.0,29650.0,3568.0,
143240,17320.0,242000000.0,17350.0,17570.0,17100.0,13962.0,
024060,12360.0,6878000000.0,12530.0,12700.0,12360.0,550218.0,
484810,11980.0,1088000000.0,12450.0,12520.0,11930.0,89839.0,
394800,5800.0,19956000000.0,5700.0,6100.0,5280.0,3495635.0,45565672000.0
194700,10100.0,162000000.0,10130.0,10210.0,10070.0,16038.0,96629000.0
084850,8110.0,66000000.0,8040.0,8150.0,8030.0,8214.0,20325000.0
230240,13810.0,2465000000.0,13600.0,14300.0,13500.0,176709.0,
214180,14030.0,355000000.0,13950.0,14100.0,13850.0,25373.0,
102940,13920.0,310000000.0,13810.0,14070.0,13800.0,22272.0,124884000.0
052330,10250.0,248000000.0,10600.0,10600.0,10210.0,24073.0,
293780,6460.0,192000000.0,6270.0,6480.0,6270.0,29947.0,
256840,2635.0,1339000000.0,2715.0,2740.0,2635.0,498184.0,
464080,9990.0,982000000.0,9760.0,10060.0,9670.0,99339.0,
318060,15980.0,464000000.0,15920.0,16270.0,15720.0,29281.0,
176750,6270.0,174000000.0,6310.0,6310.0,6180.0,28009.0,239510999.99999997
274090,12930.0,47798000000.0,12360.0,14250.0,12260.0,3576140.0,
094820,11800.0,917000000.0,12210.0,12210.0,11750.0,76932.0,
083930,12110.0,234000000.0,12150.0,12180.0,12020.0,19375.0,
489460,11960.0,871000000.0,11310.0,12050.0,11310.0,74489.0,
067290,3140.0,8482000000.0,3250.0,3315.0,3125.0,2670372.0,
419530,17220.0,528000000.0,17290.0,17400.0,17000.0,30737.0,252229000.0
108380,18340.0,615000000.0,18910.0,18950.0,18240.0,33319.0,135245000.0
403850,12170.0,460000000.0,12340.0,12360.0,12130.0,37634.0,332876000.0
405100,14210.0,329000000.0,14050.0,14500.0,13980.0,23191.0,
194480,14290.0,284000000.0,14140.0,14400.0,14140.0,19878.0,158953000.0
138610,15280.0,490000000.0,15300.0,15510.0,15100.0,32145.0,1532878000.0
264850,5720.0,1220000000.0,5770.0,5920.0,5680.0,210636.0,
270660,13640.0,316000000.0,13800.0,14000.0,13490.0,23128.0,1258449000.0
488280,15870.0,11952000000.0,15500.0,15950.0,15230.0,763278.0,47849426000.0
092130,14210.0,23000000.0,14240.0,14480.0,14160.0,1622.0,
068790,7700.0,202000000.0,7720.0,7860.0,7570.0,26358.0,
0015G0,14570.0,568000000.0,14210.0,14880.0,14140.0,39014.0,
143160,15910.0,46000000.0,16000.0,16020.0,15640.0,2901.0,
082800,2790.0,282000000.0,2805.0,2865.0,2780.0,100248.0,
032940,9300.0,8626000000.0,9500.0,10050.0,9110.0,890902.0,
199820,7580.0,648000000.0,7710.0,7750.0,7520.0,85223.0,
039830,15610.0,396000000.0,15750.0,16290.0,15410.0,25175.0,
122990,6550.0,186000000.0,6510.0,6620.0,6510.0,28377.0,
038390,10020.0,132000000.0,10070.0,10100.0,9970.0,13150.0,
245620,741.0,0.0,0.0,0.0,0.0,0.0,
382800,5250.0,2317000000.0,5200.0,5260.0,5060.0,448593.0,
118990,6810.0,475000000.0,6840.0,6850.0,6750.0,69759.0,
357550,30600.0,64000000.0,30000.0,30800.0,30000.0,2098.0,16522000.0
263860,18370.0,6367000000.0,18030.0,18770.0,17670.0,347498.0,
012860,2275.0,877000000.0,2300.0,2345.0,2255.0,382223.0,
088800,2205.0,817000000.0,2200.0,2385.0,2180.0,361752.0,
054210,6580.0,1036000000.0,6800.0,6820.0,6500.0,156650.0,
264450,11340.0,5585000000.0,10600.0,11800.0,10480.0,495645.0,
036170,2710.0,442000000.0,2600.0,2710.0,2545.0,166259.0,
355150,21300.0,2820000000.0,20700.0,22250.0,20350.0,130354.0,
204610,2980.0,137000000.0,2970.0,3000.0,2925.0,46078.0,
475040,3080.0,952000000.0,3145.0,3170.0,3045.0,307292.0,
041920,8910.0,485000000.0,8580.0,8930.0,8540.0,55818.0,
086820,6390.0,339000000.0,6460.0,6460.0,6210.0,53768.0,
149950,12120.0,1829000000.0,12600.0,12950.0,11970.0,148968.0,
187870,11940.0,1863000000.0,11330.0,12160.0,11120.0,158457.0,
260970,57200.0,868000000.0,56300.0,59500.0,55900.0,15016.0,
119830,6230.0,482000000.0,6310.0,6410.0,6110.0,77730.0,
478340,14190.0,131521000000.0,12850.0,16420.0,12660.0,8748173.0,
123410,5910.0,216000000.0,5790.0,5930.0,5790.0,36501.0,
119610,14400.0,274000000.0,14600.0,14600.0,14270.0,18942.0,
104480,1803.0,166000000.0,1820.0,1820.0,1783.0,92494.0,
289080,2725.0,1312000000.0,2705.0,2745.0,2655.0,486889.0,
402030,13080.0,125000000.0,13270.0,13270.0,12970.0,9593.0,113167000.0
051370,7000.0,1806000000.0,7150.0,7160.0,6870.0,258268.0,
049630,6960.0,1027000000.0,7140.0,7180.0,6950.0,145893.0,
388790,5290.0,3559000000.0,5250.0,5405.0,5160.0,672063.0,
950140,8150.0,78000000.0,8200.0,8280.0,8120.0,9533.0,
123860,13350.0,174000000.0,13350.0,13510.0,13180.0,13062.0,
163730,12650.0,4323000000.0,12200.0,13200.0,11980.0,343502.0,
234690,8970.0,540000000.0,8900.0,9120.0,8820.0,60194.0,
032620,3070.0,85000000.0,3100.0,3100.0,3030.0,27898.0,
066410,1153.0,0.0,0.0,0.0,0.0,0.0,
039860,4190.0,570000000.0,4175.0,4250.0,4140.0,135441.0,
0082N0,11980.0,331000000.0,11930.0,12450.0,11720.0,27664.0,
396300,6010.0,70772000000.0,4710.0,6010.0,4597.0,12798732.0,
372170,19870.0,83000000.0,20100.0,20100.0,19830.0,4185.0,64205000.0
226590,14740.0,1182000000.0,14840.0,15190.0,14320.0,79991.0,
126700,10570.0,179000000.0,10720.0,10720.0,10500.0,16874.0,
024800,4480.0,91000000.0,4400.0,4690.0,4385.0,20418.0,
023910,26300.0,54000000.0,26250.0,26300.0,26000.0,2083.0,
080160,8310.0,434000000.0,8380.0,8480.0,8250.0,52127.0,
072870,13170.0,220000000.0,13290.0,13290.0,13150.0,16665.0,
134580,3180.0,1150000000.0,3245.0,3280.0,3000.0,363939.0,
013990,4765.0,159000000.0,4800.0,4830.0,4685.0,33593.0,
093640,4765.0,105000000.0,4850.0,4850.0,4615.0,22016.0,
474650,27100.0,338000000.0,27750.0,28350.0,27000.0,12326.0,
413630,4275.0,3050000000.0,4255.0,4350.0,4170.0,715223.0,
222040,7510.0,2082000000.0,7340.0,7590.0,7060.0,286486.0,
445180,9000.0,2372000000.0,8000.0,9200.0,8000.0,270426.0,
093190,8040.0,109000000.0,8270.0,8280.0,7920.0,13488.0,
011040,5020.0,79000000.0,5030.0,5040.0,4985.0,15780.0,
418550,4805.0,170000000.0,4830.0,4850.0,4710.0,35655.0,
067280,25950.0,394000000.0,25800.0,26350.0,25500.0,15268.0,
041520,12590.0,166000000.0,12440.0,12590.0,12170.0,13390.0,
0007C0,19040.0,3244000000.0,20700.0,20700.0,19040.0,164276.0,
054450,10060.0,506000000.0,10100.0,10200.0,9900.0,50461.0,
054800,14680.0,10000000.0,14750.0,15050.0,14590.0,692.0,
432720,10690.0,987000000.0,10800.0,10820.0,10540.0,92640.0,
007330,10020.0,87000000.0,10010.0,10060.0,9980.0,8692.0,
092070,13050.0,248000000.0,13070.0,13070.0,12710.0,19170.0,
041020,3020.0,304000000.0,3025.0,3080.0,3010.0,100134.0,
078070,8770.0,280000000.0,8680.0,8960.0,8510.0,32148.0,
205500,1774.0,157000000.0,1826.0,1826.0,1755.0,88281.0,
046440,4060.0,155000000.0,4060.0,4065.0,4020.0,38320.0,
065660,14700.0,237000000.0,14960.0,14960.0,14240.0,16366.0,33771000.0
042600,11780.0,137000000.0,11620.0,12100.0,11520.0,11609.0,
179290,4520.0,89000000.0,4530.0,4540.0,4470.0,19818.0,
138360,1659.0,605000000.0,1720.0,1730.0,1651.0,361127.0,
489500,22800.0,274000000.0,22700.0,23100.0,22650.0,11982.0,
0015N0,11560.0,5519000000.0,11460.0,12270.0,11100.0,473631.0,
0039P0,7710.0,16534000000.0,7480.0,8290.0,7360.0,2073225.0,
023600,9020.0,36000000.0,9100.0,9100.0,9000.0,3932.0,
387690,18850.0,132393000000.0,15800.0,19630.0,15200.0,7186552.0,
086890,3525.0,126000000.0,3530.0,3585.0,3505.0,35552.0,
005990,10790.0,2000000.0,10880.0,10920.0,10740.0,187.0,
148150,4035.0,237000000.0,3995.0,4055.0,3970.0,59158.0,
047770,3785.0,2652000000.0,3750.0,3805.0,3650.0,713294.0,
069510,13100.0,11000000.0,13050.0,13250.0,13050.0,871.0,
147830,7100.0,452000000.0,7180.0,7180.0,7050.0,63665.0,
115310,9550.0,56000000.0,9520.0,9590.0,9360.0,5886.0,
101970,9550.0,57000000.0,9670.0,9670.0,9390.0,6010.0,
300080,8500.0,183000000.0,8620.0,8700.0,8470.0,21411.0,194860000.0
212560,10410.0,902000000.0,10500.0,10550.0,10230.0,86940.0,
049960,14920.0,129000000.0,15450.0,15450.0,14920.0,8589.0,
089600,12270.0,154000000.0,12500.0,12510.0,12180.0,12574.0,
469610,15630.0,1052000000.0,16150.0,16600.0,15460.0,66459.0,852333000.0
220100,6230.0,773000000.0,5980.0,6320.0,5940.0,125138.0,485279000.0
114840,8370.0,139000000.0,8400.0,8510.0,8330.0,16526.0,33676000.0
035610,5060.0,47000000.0,5180.0,5260.0,5060.0,9135.0,
084990,2995.0,120000000.0,3000.0,3050.0,2975.0,40032.0,
251370,7620.0,443000000.0,7520.0,7790.0,7490.0,58451.0,
451760,8300.0,1370000000.0,8160.0,8700.0,8070.0,164395.0,
101360,7690.0,572000000.0,7410.0,8000.0,7310.0,75336.0,409137000.00000006
102120,7680.0,884000000.0,7770.0,7840.0,7620.0,114646.0,
211270,9030.0,701000000.0,8820.0,9320.0,8750.0,77635.0,
322310,14500.0,1469000000.0,13970.0,14550.0,13850.0,103268.0,
0088M0,13740.0,3370000000.0,13030.0,14180.0,12830.0,244057.0,
146320,10570.0,415000000.0,10450.0,10970.0,10400.0,39230.0,
003100,20400.0,112000000.0,20500.0,20500.0,20200.0,5518.0,
126640,3840.0,2033000000.0,3935.0,3970.0,3800.0,526036.0,
059120,7350.0,2303000000.0,7410.0,7500.0,7260.0,312672.0,
140670,10470.0,235000000.0,10650.0,10720.0,10260.0,22555.0,
158430,5490.0,28970000000.0,5500.0,5920.0,5420.0,5056597.0,
054920,4745.0,23919000000.0,4850.0,5230.0,4725.0,4778649.0,
073010,3325.0,397000000.0,3415.0,3475.0,3310.0,117985.0,
232680,10070.0,956000000.0,10250.0,10455.0,10010.0,93124.0,
321550,4440.0,516000000.0,4550.0,4575.0,4345.0,116552.0,
265740,7450.0,2576000000.0,7530.0,7590.0,7300.0,345357.0,
035080,11900.0,279000000.0,11900.0,11980.0,11760.0,23551.0,
417010,6580.0,4691000000.0,6330.0,7100.0,6330.0,691645.0,
156100,5910.0,1040000000.0,5960.0,6030.0,5700.0,175550.0,
136540,10750.0,55000000.0,10840.0,10840.0,10720.0,5084.0,
228850,7910.0,568000000.0,8200.0,8300.0,7730.0,71945.0,
264660,13490.0,276000000.0,13360.0,13670.0,13280.0,20429.0,
038290,12090.0,157000000.0,11990.0,12220.0,11900.0,13017.0,
255220,1196.0,10870000000.0,1062.0,1223.0,1053.0,9479134.0,
115440,12120.0,79489000000.0,10510.0,12120.0,10130.0,7079810.0,
001540,10000.0,200000000.0,10070.0,10100.0,9980.0,19915.0,
053260,6960.0,2508000000.0,7310.0,7360.0,6930.0,351187.0,
048870,1476.0,381000000.0,1471.0,1515.0,1465.0,255956.0,
417500,3965.0,320000000.0,4000.0,4030.0,3920.0,80829.0,
049720,9070.0,130000000.0,9130.0,9150.0,9050.0,14253.0,
285490,12180.0,229000000.0,12240.0,12270.0,12110.0,18780.0,
361390,13200.0,310000000.0,12840.0,13400.0,12710.0,23688.0,
338840,8340.0,206000000.0,8080.0,8460.0,8010.0,25057.0,74422000.0
037070,6420.0,213000000.0,6420.0,6450.0,6300.0,33355.0,
080420,1608.0,2000000.0,1613.0,1613.0,1590.0,1563.0,
457550,13750.0,862000000.0,14420.0,14440.0,13670.0,61739.0,
142210,6170.0,854000000.0,6210.0,6210.0,6040.0,139990.0,
321370,1801.0,48515000000.0,1727.0,2030.0,1682.0,25731998.0,
418420,4130.0,462000000.0,4100.0,4220.0,4050.0,112248.0,
105330,7930.0,145000000.0,7860.0,8100.0,7770.0,18439.0,
331920,11350.0,1049000000.0,11010.0,13120.0,10870.0,90129.0,
060150,2785.0,41000000.0,2775.0,2795.0,2755.0,14714.0,
240550,6060.0,2247000000.0,6160.0,6410.0,6050.0,360419.0,
039840,9430.0,429000000.0,9740.0,9740.0,9360.0,45248.0,231168000.0
282880,10770.0,216000000.0,11040.0,11080.0,10720.0,19955.0,
220260,3925.0,244000000.0,3870.0,3990.0,3825.0,62795.0,
079960,16660.0,208000000.0,17000.0,17000.0,16610.0,12489.0,
036690,2885.0,0.0,0.0,0.0,0.0,0.0,
950190,9650.0,665000000.0,9880.0,10090.0,9640.0,68114.0,
290740,12450.0,567000000.0,12600.0,12880.0,12310.0,45204.0,
267320,2180.0,308000000.0,2180.0,2205.0,2155.0,141696.0,
408920,2890.0,59000000.0,2895.0,2900.0,2830.0,20761.0,
079650,6240.0,6319000000.0,6000.0,6300.0,5850.0,1038041.0,
027710,1120.0,131000000.0,1123.0,1125.0,1111.0,117218.0,
494120,8170.0,455000000.0,8000.0,8280.0,8000.0,55793.0,219122000.0
095700,2735.0,292000000.0,2730.0,2775.0,2700.0,106949.0,
021320,5790.0,54000000.0,5980.0,5980.0,5750.0,9201.0,
474170,6940.0,668000000.0,7030.0,7240.0,6700.0,94875.0,
094840,12600.0,279000000.0,12100.0,12730.0,11950.0,22374.0,
322510,4800.0,253000000.0,4870.0,5000.0,4780.0,52011.0,
172670,13770.0,1082000000.0,13550.0,14200.0,13130.0,78752.0,
297090,4510.0,341000000.0,4550.0,4610.0,4440.0,75727.0,
056090,1190.0,0.0,0.0,0.0,0.0,0.0,
071280,8030.0,4358000000.0,7320.0,8220.0,7140.0,558738.0,
256940,6070.0,159000000.0,5980.0,6070.0,5900.0,26672.0,
042510,10950.0,7835000000.0,10800.0,11580.0,10800.0,703619.0,
307750,2250.0,143000000.0,2275.0,2300.0,2230.0,63292.0,
052860,6790.0,156000000.0,6840.0,6990.0,6780.0,22754.0,
201490,3705.0,69873000000.0,3740.0,4200.0,3665.0,17685820.0,
293580,1275.0,443000000.0,1226.0,1299.0,1226.0,348118.0,
115500,10080.0,4836000000.0,10060.0,10650.0,10020.0,468485.0,
402490,7140.0,736000000.0,7310.0,7330.0,7050.0,102587.0,
153890,10000.0,2323000000.0,10540.0,10690.0,9950.0,227702.0,
443670,5000.0,3558000000.0,5090.0,5230.0,4920.0,701903.0,
108230,3150.0,391000000.0,3220.0,3250.0,3150.0,122711.0,
052260,3985.0,374000000.0,3880.0,4090.0,3880.0,93184.0,
008830,6230.0,699000000.0,6290.0,6330.0,6160.0,112078.0,
095190,1830.0,112000000.0,1829.0,1865.0,1800.0,60725.0,
041440,6670.0,402000000.0,6820.0,7000.0,6670.0,59793.0,
009780,6740.0,26000000.0,6770.0,6770.0,6720.0,3810.0,
017510,7720.0,652000000.0,7840.0,7880.0,7710.0,83846.0,
308080,5720.0,361000000.0,5590.0,5790.0,5510.0,63504.0,
336680,2995.0,19000000.0,2990.0,3000.0,2955.0,6411.0,
037350,7700.0,989000000.0,7840.0,7840.0,7570.0,128953.0,
290720,3050.0,357000000.0,3095.0,3145.0,2940.0,117316.0,
101170,8600.0,197000000.0,8580.0,8730.0,8470.0,22932.0,
041590,2370.0,0.0,0.0,0.0,0.0,0.0,
122450,2575.0,12000000.0,2625.0,2625.0,2560.0,4788.0,
049520,3730.0,129000000.0,3760.0,3780.0,3715.0,34449.0,
051980,1035.0,0.0,0.0,0.0,0.0,0.0,
047310,3140.0,137000000.0,3200.0,3220.0,3080.0,43857.0,
333430,3740.0,230000000.0,3765.0,3805.0,3695.0,61565.0,
072950,14200.0,173384000000.0,12870.0,15900.0,12650.0,11673132.0,
141000,9420.0,392000000.0,9360.0,9450.0,9160.0,41775.0,
458650,7570.0,41000000.0,7620.0,7620.0,7520.0,5431.0,
091440,3090.0,1697000000.0,2995.0,3120.0,2915.0,558438.0,
351320,3665.0,725000000.0,3655.0,3715.0,3450.0,201516.0,
0011A0,12150.0,1895000000.0,12300.0,12410.0,12000.0,155576.0,
054050,7070.0,147000000.0,7050.0,7070.0,7010.0,20837.0,
950250,3160.0,1254000000.0,3360.0,3440.0,3140.0,387231.0,
297890,1538.0,635000000.0,1587.0,1588.0,1520.0,410632.0,
474610,7800.0,720000000.0,7710.0,8130.0,7620.0,91105.0,
166480,2125.0,208000000.0,2105.0,2155.0,2035.0,98630.0,
452190,4695.0,949000000.0,4715.0,4835.0,4655.0,200642.0,
053080,8620.0,164000000.0,8880.0,8880.0,8600.0,18830.0,
389020,16190.0,982000000.0,16200.0,16440.0,15880.0,60965.0,
051360,11940.0,132000000.0,12150.0,12150.0,11640.0,11147.0,39746000.0
0007J0,14200.0,2202000000.0,13630.0,14200.0,13520.0,160177.0,
086980,1787.0,78000000.0,1776.0,1806.0,1776.0,43276.0,
475230,10180.0,606000000.0,10450.0,10450.0,9960.0,59970.0,
090850,4935.0,106000000.0,4950.0,4985.0,4910.0,21494.0,
419050,1936.0,67544000000.0,1603.0,2030.0,1585.0,35072000.0,
018120,16700.0,3000000.0,16710.0,16750.0,16660.0,196.0,
473980,10140.0,154000000.0,10270.0,10270.0,10030.0,15162.0,72422000.0
259630,9010.0,349000000.0,9110.0,9170.0,8930.0,38794.0,
067990,3765.0,198000000.0,3795.0,3820.0,3755.0,52332.0,
246710,2290.0,109000000.0,2300.0,2325.0,2230.0,48129.0,
396470,6760.0,243000000.0,6780.0,6850.0,6700.0,36035.0,
036630,7770.0,16000000.0,7650.0,7870.0,7650.0,2024.0,
063570,3165.0,84000000.0,3225.0,3242.0,3165.0,26240.0,
217270,2365.0,55000000.0,2385.0,2450.0,2360.0,22923.0,
339950,2400.0,44000000.0,2370.0,2400.0,2360.0,18415.0,
039560,2515.0,255000000.0,2525.0,2525.0,2465.0,101954.0,
209640,3760.0,28324000000.0,3710.0,4325.0,3625.0,6941551.0,
394420,9710.0,607000000.0,9700.0,10000.0,9300.0,62705.0,
217820,2250.0,486000000.0,2265.0,2345.0,2225.0,213849.0,
289930,8120.0,257000000.0,8180.0,8180.0,7950.0,31897.0,
039340,4850.0,10000000.0,4885.0,4885.0,4800.0,1993.0,
299030,13320.0,246000000.0,13450.0,13610.0,13320.0,18306.0,127238999.99999999
366030,4685.0,412000000.0,4410.0,4745.0,4365.0,89255.0,
334970,1364.0,158000000.0,1390.0,1390.0,1300.0,118746.0,
311320,8400.0,173000000.0,8230.0,8550.0,8150.0,20699.0,
067900,5820.0,161000000.0,5910.0,5980.0,5800.0,27622.0,
073560,1529.0,85000000.0,1525.0,1529.0,1515.0,55738.0,
120240,14700.0,47000000.0,14750.0,14750.0,14540.0,3238.0,
189330,11240.0,2455000000.0,11290.0,11725.0,11100.0,214599.0,
038540,1906.0,165000000.0,1884.0,1911.0,1831.0,88715.0,
106190,9880.0,204000000.0,9820.0,10040.0,9810.0,20572.0,
175250,1701.0,135000000.0,1810.0,1811.0,1690.0,78730.0,
357880,1937.0,1432000000.0,1916.0,2005.0,1890.0,735551.0,
242040,3030.0,326000000.0,3045.0,3090.0,2990.0,107397.0,
109740,4075.0,41000000.0,4025.0,4095.0,3920.0,10143.0,
040300,2190.0,188000000.0,2240.0,2250.0,2165.0,85115.0,
130580,6770.0,143000000.0,6770.0,6790.0,6610.0,21350.0,
131030,5840.0,110000000.0,5820.0,5870.0,5750.0,18864.0,
123040,1640.0,52000000.0,1647.0,1659.0,1625.0,31517.0,
053700,3840.0,307000000.0,3870.0,3890.0,3820.0,79636.0,
048550,1060.0,342000000.0,1075.0,1095.0,1047.0,320910.0,
182360,6580.0,82000000.0,6300.0,6610.0,6270.0,12554.0,
261780,3515.0,2386000000.0,3275.0,3615.0,3255.0,688159.0,
475580,7460.0,340000000.0,7640.0,7640.0,7450.0,45418.0,
083500,12200.0,852000000.0,11770.0,12200.0,11730.0,71067.0,
307930,6480.0,182000000.0,6430.0,6590.0,6410.0,28066.0,
125210,6120.0,488000000.0,6150.0,6220.0,6020.0,79971.0,
063170,5650.0,57000000.0,5820.0,5850.0,5650.0,10005.0,
053350,4560.0,191000000.0,4540.0,4570.0,4430.0,42397.0,
309960,4325.0,172000000.0,4290.0,4325.0,4250.0,40224.0,
100700,2290.0,206000000.0,2315.0,2315.0,2280.0,89926.0,
006620,3520.0,135000000.0,3510.0,3520.0,3450.0,38768.0,
310200,1919.0,278000000.0,1925.0,1932.0,1900.0,145827.0,
021080,2085.0,255000000.0,2105.0,2105.0,2065.0,122548.0,
198440,1639.0,706000000.0,1623.0,1651.0,1601.0,432571.0,
453450,12560.0,167000000.0,12820.0,12820.0,12400.0,13308.0,
246720,6070.0,0.0,0.0,0.0,0.0,0.0,
217190,7520.0,904000000.0,7230.0,7640.0,7230.0,120823.0,
036010,7430.0,530000000.0,7380.0,7470.0,7280.0,71993.0,
099750,7230.0,611000000.0,7380.0,7560.0,7100.0,83562.0,
059210,3630.0,391000000.0,3720.0,3725.0,3625.0,107017.0,
129920,6040.0,1879000000.0,5760.0,6480.0,5560.0,306589.0,
173130,7510.0,1492000000.0,7190.0,7600.0,7120.0,199458.0,
323990,4210.0,227000000.0,4245.0,4245.0,4150.0,53868.0,
352090,3640.0,59000000.0,3640.0,3665.0,3580.0,16443.0,
250060,3040.0,343000000.0,3035.0,3100.0,3015.0,112317.0,
317770,2640.0,307000000.0,2635.0,2665.0,2575.0,117717.0,
255440,7460.0,679000000.0,7110.0,7540.0,7110.0,92627.0,
066790,2205.0,0.0,0.0,0.0,0.0,0.0,
411080,6350.0,4057000000.0,6490.0,6620.0,6140.0,632160.0,
298540,6680.0,21000000.0,6630.0,6740.0,6520.0,3101.0,
088130,5530.0,272000000.0,5560.0,5670.0,5480.0,49163.0,
068240,2530.0,0.0,0.0,0.0,0.0,0.0,
306620,2010.0,350000000.0,2040.0,2070.0,2000.0,173000.0,
235980,2805.0,317000000.0,2715.0,2855.0,2705.0,114098.0,
052420,9810.0,160000000.0,9880.0,9950.0,9750.0,16252.0,
074430,1067.0,64000000.0,1005.0,1067.0,1005.0,61468.0,
307870,1279.0,827000000.0,1206.0,1288.0,1161.0,677793.0,
017650,10800.0,0.0,0.0,0.0,0.0,0.0,
330350,7160.0,378000000.0,7180.0,7210.0,7020.0,53125.0,
380550,7740.0,6183000000.0,7470.0,8920.0,7420.0,750680.0,
187790,3060.0,1437000000.0,2995.0,3240.0,2960.0,467489.0,
192410,3700.0,102000000.0,3895.0,3895.0,3605.0,27776.0,
049950,10560.0,159000000.0,10590.0,10680.0,10390.0,15117.0,
205100,1378.0,485000000.0,1375.0,1404.0,1351.0,351870.0,
037030,3645.0,793000000.0,3735.0,3750.0,3585.0,216848.0,
005860,2360.0,326000000.0,2340.0,2360.0,2320.0,139311.0,
042500,4170.0,252000000.0,4260.0,4260.0,4155.0,60356.0,
062970,3080.0,9656000000.0,3030.0,3180.0,2985.0,3143674.0,
246960,2720.0,1160000000.0,2445.0,2805.0,2420.0,442014.0,
109610,1885.0,85000000.0,1929.0,1929.0,1874.0,44873.0,
002230,5000.0,121000000.0,5000.0,5090.0,4960.0,24207.0,
045970,3500.0,202000000.0,3510.0,3545.0,3430.0,58101.0,
439580,2710.0,4840000000.0,3050.0,3050.0,2570.0,1754800.0,
040420,5830.0,20000000.0,5800.0,5830.0,5800.0,3357.0,
036220,6380.0,198000000.0,6500.0,6550.0,6360.0,30770.0,
457370,11290.0,3545000000.0,11710.0,11710.0,11220.0,310010.0,
014950,9040.0,4080000000.0,9400.0,9530.0,8940.0,445258.0,
348350,9290.0,380000000.0,9600.0,9700.0,9200.0,40706.0,
493330,11280.0,497000000.0,11500.0,12180.0,11230.0,42665.0,
162300,2180.0,1194000000.0,2240.0,2255.0,2150.0,544890.0,
093920,4850.0,43000000.0,4845.0,4850.0,4750.0,8893.0,
023900,7130.0,21000000.0,7210.0,7230.0,7130.0,2865.0,
053580,6920.0,52000000.0,6900.0,6970.0,6850.0,7475.0,
303810,2800.0,39679000000.0,3210.0,3275.0,2735.0,13042345.0,
009300,14030.0,9000000.0,14250.0,14250.0,13910.0,622.0,
048910,7090.0,836000000.0,6700.0,7170.0,6530.0,120858.0,
066590,2305.0,128000000.0,2300.0,2310.0,2265.0,56182.0,
282720,7310.0,73000000.0,7740.0,7740.0,7300.0,9845.0,
432470,10090.0,744000000.0,10290.0,10610.0,10070.0,72335.0,
013310,2280.0,84000000.0,2285.0,2305.0,2275.0,36760.0,
362320,4245.0,166000000.0,4395.0,4395.0,4205.0,38885.0,
900260,1908.0,44000000.0,1904.0,2000.0,1903.0,22557.0,
047560,7460.0,173000000.0,7660.0,7780.0,7440.0,22959.0,
052460,5960.0,1192000000.0,5980.0,6370.0,5880.0,194435.0,
086960,2045.0,648000000.0,2085.0,2105.0,2025.0,313102.0,
048530,2815.0,90000000.0,2890.0,2900.0,2780.0,31772.0,
357230,2105.0,21000000.0,2135.0,2155.0,2085.0,10080.0,
322180,4025.0,117000000.0,4065.0,4065.0,3980.0,29174.0,
096240,8440.0,16000000.0,8560.0,8560.0,8350.0,1855.0,
052900,1121.0,941000000.0,1123.0,1157.0,1095.0,839197.0,
065450,2910.0,692000000.0,2920.0,2935.0,2870.0,238437.0,
100590,4995.0,8162000000.0,4920.0,5320.0,4845.0,1592735.0,
004650,9300.0,85000000.0,9280.0,9330.0,9240.0,9199.0,
330730,4670.0,68000000.0,4625.0,4735.0,4620.0,14647.0,
033290,1513.0,11000000.0,1522.0,1526.0,1503.0,7238.0,
054540,6530.0,363000000.0,6700.0,6790.0,6420.0,54836.0,
072020,9150.0,86000000.0,9150.0,9280.0,9100.0,9472.0,
234300,3110.0,358000000.0,3125.0,3165.0,3055.0,115244.0,
089230,2140.0,241000000.0,2060.0,2180.0,2040.0,115106.0,
185490,1950.0,65000000.0,1930.0,1960.0,1925.0,33519.0,
049180,1009.0,0.0,0.0,0.0,0.0,0.0,
183490,990.0,0.0,0.0,0.0,0.0,0.0,
263720,6830.0,64000000.0,6880.0,6900.0,6760.0,9451.0,
044990,10850.0,86000000.0,10890.0,10920.0,10720.0,7972.0,
357580,7040.0,1685000000.0,7050.0,7100.0,6580.0,245361.0,
025950,9880.0,154000000.0,9990.0,9990.0,9840.0,15537.0,
086710,6790.0,14000000.0,6960.0,6960.0,6650.0,2093.0,
091120,4830.0,77000000.0,4770.0,4895.0,4690.0,16087.0,
029480,1385.0,106000000.0,1385.0,1405.0,1380.0,76539.0,
066430,2110.0,603000000.0,2180.0,2205.0,2090.0,284159.0,
215100,4055.0,246000000.0,4120.0,4170.0,4025.0,60517.0,
226400,3980.0,1278000000.0,4130.0,4170.0,3905.0,318942.0,
100130,1438.0,488000000.0,1441.0,1468.0,1425.0,338537.0,
049080,9670.0,3998000000.0,9990.0,10270.0,9590.0,401485.0,
037760,2425.0,121000000.0,2405.0,2430.0,2345.0,50493.0,
036640,5010.0,80000000.0,5040.0,5070.0,4985.0,15921.0,
038110,1990.0,339000000.0,1987.0,2030.0,1971.0,170074.0,
478560,3170.0,47000000.0,3200.0,3200.0,3115.0,15061.0,
078140,7380.0,63000000.0,7330.0,7470.0,7300.0,8564.0,
078890,4440.0,349000000.0,4530.0,4530.0,4405.0,78534.0,
033560,4775.0,67000000.0,4750.0,4795.0,4660.0,14306.0,
058820,551.0,124000000.0,549.0,555.0,543.0,226346.0,
007820,3485.0,148000000.0,3440.0,3505.0,3430.0,42833.0,
140070,2195.0,298000000.0,2145.0,2270.0,2125.0,136720.0,
412540,3935.0,0.0,0.0,0.0,0.0,0.0,
105740,7970.0,271000000.0,8000.0,8070.0,7920.0,33940.0,
223250,3290.0,1813000000.0,3480.0,3565.0,3220.0,532992.0,
418470,9440.0,113000000.0,9450.0,9520.0,9390.0,11970.0,
149980,4670.0,50000000.0,4630.0,4675.0,4500.0,10838.0,
137950,3600.0,188000000.0,3580.0,3735.0,3510.0,52154.0,
101330,3460.0,99000000.0,3550.0,3550.0,3435.0,28376.0,
365330,1593.0,376000000.0,1614.0,1630.0,1568.0,235758.0,
234030,3385.0,227000000.0,3420.0,3495.0,3365.0,66551.0,
294630,3015.0,384000000.0,3090.0,3135.0,3010.0,125847.0,
323350,9970.0,971000000.0,9380.0,9970.0,8920.0,103520.0,
251120,9170.0,121000000.0,8930.0,9250.0,8720.0,13343.0,
381620,6070.0,187000000.0,6150.0,6250.0,5980.0,30825.0,
032540,3800.0,4000000.0,3800.0,3800.0,3760.0,1003.0,
412350,5430.0,1130000000.0,5600.0,5630.0,5370.0,206006.0,
302550,2615.0,94000000.0,2605.0,2645.0,2560.0,36142.0,
047820,3235.0,86000000.0,3160.0,3250.0,3100.0,27167.0,
067000,1131.0,169000000.0,1133.0,1142.0,1105.0,150927.0,
032300,7240.0,33000000.0,7240.0,7370.0,7170.0,4540.0,
066700,2120.0,64000000.0,2105.0,2135.0,2075.0,30203.0,
066980,1464.0,216000000.0,1477.0,1498.0,1456.0,146950.0,
389140,5510.0,162000000.0,5430.0,5560.0,5430.0,29452.0,
0117P0,5540.0,290000000.0,5520.0,5670.0,5480.0,52292.0,
063080,11890.0,136000000.0,11890.0,12190.0,11650.0,11466.0,
030960,4905.0,68000000.0,4850.0,4930.0,4830.0,13978.0,
0015S0,7930.0,724000000.0,7970.0,8410.0,7850.0,89685.0,
004590,5200.0,127000000.0,5370.0,5370.0,5200.0,24119.0,
338220,5570.0,2089000000.0,5700.0,5810.0,5430.0,373539.0,12456231000.0
054670,5420.0,55000000.0,5450.0,5450.0,5340.0,10168.0,
950130,2205.0,45000000.0,2180.0,2270.0,2175.0,20312.0,
000440,12450.0,111000000.0,12390.0,12810.0,12390.0,8877.0,
299660,2620.0,23586000000.0,3000.0,3480.0,2575.0,7684209.0,
040160,6490.0,89000000.0,6700.0,6800.0,6300.0,13537.0,
102370,2970.0,37000000.0,3005.0,3070.0,2960.0,12547.0,
019550,954.0,123000000.0,958.0,980.0,949.0,128458.0,
131370,1442.0,55000000.0,1464.0,1483.0,1441.0,38098.0,
475430,4290.0,377000000.0,4370.0,4400.0,4220.0,88115.0,
041930,5030.0,81000000.0,5010.0,5040.0,4960.0,16149.0,
253840,4565.0,578000000.0,4550.0,4630.0,4505.0,127031.0,
079810,3550.0,156000000.0,3675.0,3675.0,3500.0,43500.0,
389030,1939.0,374000000.0,1961.0,1983.0,1891.0,194424.0,
147760,3810.0,3015000000.0,3695.0,4100.0,3460.0,798518.0,
487400,7420.0,7810000000.0,7370.0,8030.0,7220.0,1025420.0,
073640,654.0,0.0,0.0,0.0,0.0,0.0,
085670,3105.0,891000000.0,3160.0,3270.0,3060.0,283017.0,
088390,8100.0,14000000.0,8010.0,8270.0,7990.0,1745.0,
124560,1960.0,22000000.0,1964.0,1994.0,1939.0,11189.0,
0017J0,2515.0,334000000.0,2575.0,2575.0,2500.0,132330.0,
058400,5720.0,102000000.0,5760.0,5800.0,5640.0,17792.0,
066310,8170.0,605000000.0,8150.0,8390.0,8050.0,73855.0,
142280,3155.0,763000000.0,3200.0,3225.0,3135.0,240766.0,
331380,2045.0,24000000.0,2125.0,2125.0,2020.0,11609.0,
024880,3785.0,180000000.0,3855.0,3855.0,3785.0,47506.0,
225530,2075.0,12000000.0,2070.0,2115.0,2045.0,5990.0,
382840,4935.0,184000000.0,5120.0,5120.0,4865.0,37524.0,
012700,2890.0,25000000.0,2895.0,2910.0,2880.0,8750.0,
168330,2365.0,23000000.0,2365.0,2420.0,2305.0,9972.0,
040910,4130.0,46000000.0,4200.0,4200.0,4055.0,11105.0,
396270,2275.0,417000000.0,2300.0,2360.0,2225.0,183344.0,
011320,3855.0,69000000.0,3870.0,3925.0,3810.0,17913.0,
282620,12700.0,459000000.0,12800.0,12980.0,12660.0,35812.0,
083790,965.0,56000000.0,968.0,968.0,939.0,58450.0,
040350,3735.0,244000000.0,3795.0,3840.0,3620.0,65964.0,
011370,3675.0,52000000.0,3680.0,3740.0,3640.0,14317.0,
080010,7520.0,23000000.0,7400.0,7520.0,7370.0,3114.0,
090470,4230.0,54000000.0,4310.0,4400.0,4230.0,12623.0,
263800,4550.0,370000000.0,4600.0,4670.0,4550.0,80278.0,
017480,4775.0,84000000.0,4835.0,4835.0,4740.0,17580.0,
360070,9000.0,85000000.0,8980.0,9050.0,8830.0,9575.0,
208140,2255.0,20000000.0,2260.0,2260.0,2240.0,8702.0,
039010,8540.0,497000000.0,8560.0,8770.0,8450.0,57549.0,
451250,7200.0,33000000.0,7270.0,7290.0,7190.0,4592.0,
377480,10350.0,1534000000.0,10340.0,10890.0,9960.0,147897.0,
094860,1384.0,138000000.0,1350.0,1435.0,1340.0,101152.0,
320000,10630.0,939000000.0,10490.0,10870.0,10440.0,88307.0,
020710,3660.0,567000000.0,3730.0,3900.0,3655.0,152050.0,
012790,6120.0,31000000.0,6110.0,6140.0,6080.0,5085.0,
107600,12960.0,103000000.0,13150.0,13540.0,12960.0,7800.0,
058630,3900.0,57000000.0,3905.0,3915.0,3835.0,14647.0,
170030,4770.0,45000000.0,4770.0,4800.0,4725.0,9484.0,
487580,2895.0,267000000.0,2915.0,2950.0,2810.0,91826.0,
084730,6560.0,48000000.0,6680.0,6800.0,6560.0,7290.0,
060590,3005.0,139000000.0,3045.0,3045.0,2980.0,46455.0,
347890,4270.0,33000000.0,4260.0,4300.0,4190.0,7850.0,
060570,4900.0,29000000.0,4885.0,5070.0,4815.0,5803.0,
024740,2205.0,160000000.0,2210.0,2255.0,2185.0,72287.0,
371950,3065.0,405000000.0,3125.0,3180.0,2995.0,131478.0,
117670,10800.0,361000000.0,11100.0,11340.0,10610.0,32921.0,
065510,6610.0,105000000.0,6580.0,6670.0,6570.0,15876.0,
234920,5310.0,0.0,0.0,0.0,0.0,0.0,
483350,3240.0,2766000000.0,3100.0,3310.0,3065.0,857084.0,
171120,1995.0,106000000.0,1998.0,1998.0,1975.0,53646.0,
039980,4980.0,463000000.0,5130.0,5180.0,4950.0,92127.0,
041910,5390.0,92000000.0,5420.0,5430.0,5350.0,17096.0,
038680,3590.0,215000000.0,3680.0,3710.0,3570.0,59149.0,
388870,5500.0,171000000.0,5400.0,5580.0,5330.0,31605.0,
104460,6740.0,59000000.0,6680.0,6900.0,6670.0,8695.0,
054040,4410.0,73000000.0,4420.0,4420.0,4360.0,16732.0,
045660,8580.0,43000000.0,8600.0,8680.0,8510.0,5029.0,
417790,6740.0,44000000.0,6480.0,6740.0,6480.0,6744.0,
038460,2790.0,223000000.0,2850.0,2850.0,2755.0,80074.0,
048430,6120.0,296000000.0,6340.0,6340.0,6060.0,47924.0,
053280,2820.0,42000000.0,2775.0,2830.0,2775.0,14901.0,
0155E0,12840.0,7985000000.0,13000.0,13700.0,12780.0,604679.0,
302430,7160.0,307000000.0,7180.0,7460.0,7130.0,42327.0,
110790,2990.0,3000000.0,3030.0,3030.0,2950.0,1014.0,
217330,3025.0,84000000.0,3000.0,3075.0,2960.0,27865.0,
049470,2965.0,1334000000.0,3100.0,3105.0,2820.0,455890.0,
337930,2350.0,119000000.0,2375.0,2415.0,2335.0,50353.0,
347000,1843.0,34000000.0,1838.0,1850.0,1812.0,18608.0,
096350,1890.0,207000000.0,1915.0,1926.0,1875.0,109740.0,
128660,2805.0,84000000.0,2815.0,2830.0,2790.0,30062.0,
091590,5920.0,483000000.0,6000.0,6090.0,5850.0,81235.0,
024830,8310.0,34000000.0,8570.0,8570.0,8240.0,4119.0,
460940,5150.0,192000000.0,5140.0,5310.0,5070.0,37135.0,
265560,6480.0,53000000.0,6460.0,6480.0,6390.0,8241.0,
303360,5360.0,28000000.0,5330.0,5360.0,5250.0,5291.0,
332370,5200.0,18000000.0,5150.0,5280.0,5120.0,3501.0,
228340,3450.0,933000000.0,3510.0,3550.0,3390.0,271132.0,
136150,8220.0,145000000.0,8820.0,8820.0,8190.0,17491.0,
067370,5640.0,46000000.0,5650.0,5700.0,5580.0,8238.0,
0004V0,6250.0,904000000.0,6400.0,6460.0,6120.0,144651.0,
054620,3740.0,33000000.0,3680.0,3790.0,3670.0,9046.0,
104040,2565.0,148000000.0,2450.0,2610.0,2400.0,58205.0,
413390,6090.0,67000000.0,6150.0,6220.0,6090.0,10844.0,
277880,3460.0,32000000.0,3480.0,3495.0,3450.0,9148.0,
061040,7570.0,20000000.0,7430.0,7570.0,7280.0,2690.0,
212710,7050.0,338000000.0,6850.0,7100.0,6800.0,48215.0,
076610,1123.0,648000000.0,1142.0,1168.0,1110.0,573591.0,
026150,3895.0,91000000.0,3975.0,4035.0,3885.0,23365.0,
294140,2740.0,27000000.0,2765.0,2765.0,2680.0,9901.0,
214260,7650.0,45000000.0,7530.0,7650.0,7480.0,5887.0,
262260,4525.0,157000000.0,4510.0,4600.0,4350.0,35277.0,
228670,4350.0,168000000.0,4395.0,4450.0,4315.0,38418.0,
067570,1612.0,137000000.0,1625.0,1649.0,1605.0,85124.0,
123010,3360.0,541000000.0,3345.0,3395.0,3270.0,161668.0,
019540,5010.0,55000000.0,5030.0,5110.0,4955.0,10934.0,
043610,1164.0,26000000.0,1169.0,1170.0,1153.0,22181.0,
049550,3445.0,5000000.0,3530.0,3530.0,3420.0,1428.0,
067170,2455.0,369000000.0,2460.0,2525.0,2385.0,152600.0,
123420,6470.0,128000000.0,6470.0,6560.0,6370.0,19784.0,
002800,4425.0,64000000.0,4405.0,4430.0,4360.0,14518.0,
153710,4575.0,31000000.0,4570.0,4690.0,4515.0,6689.0,
137080,6260.0,34000000.0,6270.0,6270.0,6130.0,5480.0,
204840,4320.0,193000000.0,4460.0,4465.0,4300.0,44436.0,
032850,4025.0,110000000.0,4140.0,4175.0,4025.0,27013.0,
065170,2395.0,4299000000.0,2235.0,2665.0,2235.0,1727388.0,
109860,7320.0,6000000.0,7380.0,7380.0,7300.0,811.0,
010280,5110.0,96000000.0,5070.0,5130.0,5040.0,18894.0,
318160,7120.0,111000000.0,7150.0,7370.0,6960.0,15788.0,
004780,4170.0,114000000.0,4200.0,4230.0,4160.0,27240.0,
097800,2430.0,355000000.0,2555.0,2600.0,2370.0,143929.0,
092040,935.0,323000000.0,898.0,940.0,898.0,347324.0,
048770,4200.0,1834000000.0,4340.0,4580.0,4165.0,426557.0,
417970,10260.0,94000000.0,10480.0,10480.0,10140.0,9245.0,
451220,8320.0,180000000.0,8390.0,8390.0,8050.0,21924.0,
006140,4405.0,97000000.0,4445.0,4540.0,4365.0,22052.0,
111710,3180.0,45000000.0,3245.0,3245.0,3130.0,14244.0,
0218L0,12400.0,50000000.0,12330.0,12590.0,12330.0,4016.0,
100030,19900.0,51000000.0,19680.0,19930.0,19650.0,2595.0,
456070,5920.0,616000000.0,5880.0,6050.0,5800.0,104000.0,
0156T0,8370.0,356000000.0,8410.0,8570.0,8300.0,42272.0,
222110,4805.0,5000000.0,4840.0,4850.0,4665.0,980.0,
014970,4380.0,50000000.0,4370.0,4450.0,4340.0,11330.0,
008370,5380.0,49000000.0,5350.0,5400.0,5350.0,9117.0,
033130,1739.0,50000000.0,1770.0,1770.0,1709.0,28779.0,
950220,1886.0,383000000.0,1862.0,1930.0,1860.0,202204.0,
067920,5860.0,196000000.0,5800.0,5890.0,5730.0,33875.0,
043650,3600.0,96000000.0,3595.0,3620.0,3530.0,26901.0,
096250,5440.0,109000000.0,5450.0,5500.0,5310.0,20162.0,
041460,3380.0,39000000.0,3355.0,3400.0,3335.0,11713.0,
205470,2600.0,92000000.0,2620.0,2680.0,2550.0,35907.0,
214680,3820.0,122000000.0,4045.0,4045.0,3820.0,31619.0,
241790,6350.0,214000000.0,6260.0,6380.0,6120.0,34383.0,
382480,1611.0,86000000.0,1610.0,1617.0,1593.0,53444.0,
393210,4060.0,51299000000.0,3310.0,4305.0,3070.0,12837478.0,
424960,3835.0,17000000.0,3880.0,3970.0,3820.0,4280.0,
081150,2605.0,92000000.0,2620.0,2625.0,2575.0,35302.0,
122350,1637.0,15009000000.0,1583.0,1826.0,1564.0,8867870.0,
001840,2215.0,0.0,0.0,0.0,0.0,0.0,
056360,6370.0,2423000000.0,5920.0,6400.0,5920.0,391282.0,
064240,1797.0,57000000.0,1799.0,1846.0,1763.0,31745.0,
294090,1490.0,0.0,0.0,0.0,0.0,0.0,
036000,2700.0,49000000.0,2740.0,2745.0,2660.0,18156.0,
082210,1777.0,55000000.0,1778.0,1812.0,1730.0,31427.0,
155650,3270.0,83000000.0,3300.0,3300.0,3200.0,25769.0,
460870,3080.0,259000000.0,3090.0,3125.0,2995.0,84091.0,
089790,5990.0,570000000.0,5930.0,6140.0,5880.0,94426.0,
291230,2570.0,46000000.0,2545.0,2600.0,2520.0,17843.0,
214270,1362.0,53000000.0,1329.0,1389.0,1329.0,39320.0,
005670,6160.0,68000000.0,6250.0,6250.0,6120.0,11002.0,
054300,1058.0,134000000.0,1064.0,1065.0,1036.0,128002.0,
066670,3280.0,62000000.0,3145.0,3300.0,3145.0,18884.0,
039610,5880.0,549000000.0,6150.0,6150.0,5870.0,92136.0,
094850,4365.0,24000000.0,4325.0,4385.0,4295.0,5420.0,
010240,5220.0,52000000.0,5220.0,5240.0,5190.0,9933.0,
095270,4250.0,175000000.0,4110.0,4325.0,4080.0,42291.0,
241690,2490.0,40000000.0,2465.0,2530.0,2435.0,16159.0,
039420,2655.0,22000000.0,2665.0,2695.0,2645.0,8361.0,
203400,676.0,0.0,0.0,0.0,0.0,0.0,
352910,4815.0,34000000.0,4800.0,4860.0,4785.0,7061.0,
290660,1419.0,1163000000.0,1500.0,1500.0,1400.0,812428.0,
089850,4125.0,5000000.0,4220.0,4245.0,4110.0,1206.0,
347860,1441.0,115000000.0,1477.0,1485.0,1414.0,79257.0,
463020,6740.0,347000000.0,6730.0,6890.0,6650.0,51318.0,
208370,2345.0,529000000.0,2320.0,2550.0,2315.0,218618.0,
900300,2930.0,117000000.0,3025.0,3090.0,2920.0,39397.0,
216050,4935.0,36000000.0,4915.0,4945.0,4885.0,7307.0,
950200,3115.0,145000000.0,3145.0,3170.0,3055.0,46676.0,
331740,6140.0,195000000.0,6220.0,6400.0,6080.0,31633.0,
016250,11880.0,10000000.0,12100.0,12100.0,11720.0,885.0,
010470,4980.0,13000000.0,4940.0,5000.0,4940.0,2712.0,
457600,4345.0,255000000.0,4360.0,4460.0,4180.0,59026.0,
036090,1398.0,321000000.0,1406.0,1419.0,1380.0,229858.0,
221800,3625.0,87000000.0,3580.0,3680.0,3510.0,24248.0,
049480,1882.0,171000000.0,1912.0,1935.0,1877.0,89915.0,
065530,1236.0,100000000.0,1265.0,1272.0,1225.0,80181.0,
014470,1036.0,50000000.0,1034.0,1057.0,1000.0,48822.0,
126880,2545.0,133000000.0,2650.0,2650.0,2525.0,51726.0,
037440,4230.0,411000000.0,4250.0,4275.0,4165.0,97175.0,
050960,8710.0,10000000.0,8700.0,8770.0,8640.0,1101.0,
045340,6860.0,84000000.0,6770.0,6860.0,6650.0,12493.0,
365660,4350.0,2068000000.0,4410.0,4515.0,4320.0,466180.0,
033320,3060.0,96000000.0,3105.0,3105.0,3050.0,31281.0,
187420,1787.0,326000000.0,1801.0,1809.0,1721.0,182666.0,
053620,6780.0,50000000.0,6800.0,6900.0,6710.0,7350.0,
191420,7190.0,60000000.0,7590.0,7590.0,7000.0,8372.0,
033310,1458.0,50000000.0,1460.0,1473.0,1435.0,34623.0,
099520,1284.0,0.0,0.0,0.0,0.0,0.0,
127710,1317.0,126000000.0,1240.0,1350.0,1240.0,96411.0,
273640,5280.0,64000000.0,5440.0,5440.0,5190.0,12204.0,
225190,821.0,0.0,0.0,0.0,0.0,0.0,
109670,9900.0,8292000000.0,11390.0,11390.0,9000.0,796588.0,
003310,1632.0,290000000.0,1622.0,1651.0,1607.0,177660.0,
039020,2555.0,1839000000.0,2510.0,2920.0,2470.0,702084.0,
175140,2310.0,9000000.0,2340.0,2340.0,2260.0,4040.0,
060310,1084.0,119000000.0,1102.0,1135.0,1064.0,109730.0,
251630,3605.0,50000000.0,3525.0,3665.0,3525.0,13865.0,
238090,1885.0,25000000.0,1867.0,1982.0,1855.0,13042.0,
036120,1635.0,47000000.0,1655.0,1655.0,1623.0,28911.0,
059270,5120.0,147000000.0,5230.0,5250.0,5020.0,28776.0,
263690,5020.0,49000000.0,5000.0,5020.0,4975.0,9723.0,
315640,1935.0,302000000.0,1903.0,2070.0,1873.0,153157.0,
448710,10710.0,180000000.0,11070.0,11180.0,10680.0,16609.0,
299170,1361.0,8854000000.0,1588.0,1588.0,1353.0,6132605.0,
025550,2210.0,55000000.0,2210.0,2235.0,2185.0,24821.0,
291650,1844.0,43000000.0,1759.0,1856.0,1755.0,23894.0,
192250,7960.0,353000000.0,7890.0,8290.0,7890.0,43743.0,
215360,6140.0,18000000.0,6200.0,6200.0,6080.0,3010.0,
053160,9340.0,40000000.0,9370.0,9670.0,9080.0,4403.0,
053050,1868.0,89000000.0,1850.0,1878.0,1844.0,47731.0,
007370,3955.0,24000000.0,3950.0,3965.0,3925.0,5972.0,
288180,7560.0,203000000.0,7500.0,7890.0,7330.0,26896.0,
317530,3180.0,19000000.0,3195.0,3335.0,3120.0,5874.0,
340930,806.0,0.0,0.0,0.0,0.0,0.0,
333620,4990.0,19000000.0,5050.0,5080.0,4890.0,3765.0,
088280,3170.0,255000000.0,3300.0,3300.0,3155.0,79526.0,
217480,499.0,0.0,0.0,0.0,0.0,0.0,
036670,5060.0,20000000.0,5050.0,5090.0,5020.0,4001.0,
054930,18060.0,199000000.0,18690.0,18690.0,18000.0,10892.0,
443250,5000.0,78000000.0,5040.0,5060.0,4915.0,15754.0,
109080,9580.0,246000000.0,9600.0,9740.0,9350.0,25646.0,
420570,9220.0,250000000.0,9220.0,9400.0,9140.0,26956.0,
040610,3155.0,57000000.0,3200.0,3205.0,3140.0,17955.0,
104540,4000.0,42000000.0,3970.0,4000.0,3950.0,10486.0,
435570,7040.0,14000000.0,7040.0,7090.0,6860.0,1964.0,
263600,3365.0,60000000.0,3410.0,3510.0,3315.0,17884.0,
340810,3840.0,2629000000.0,4395.0,4590.0,3560.0,661932.0,
024910,1494.0,91000000.0,1524.0,1524.0,1476.0,60947.0,
061250,6350.0,150000000.0,6450.0,6450.0,6210.0,23881.0,
459100,3965.0,27000000.0,4030.0,4030.0,3935.0,6743.0,
024950,4300.0,61000000.0,4350.0,4390.0,4285.0,14041.0,
064800,2070.0,102000000.0,2115.0,2225.0,2050.0,48535.0,
170790,8270.0,69000000.0,8350.0,8400.0,8170.0,8332.0,
391710,1237.0,208000000.0,1246.0,1294.0,1222.0,166330.0,
348080,4105.0,614000000.0,3985.0,4105.0,3770.0,156084.0,
261520,5120.0,65000000.0,5070.0,5280.0,5030.0,12872.0,
081180,5960.0,174000000.0,6020.0,6140.0,5900.0,28960.0,
053270,1916.0,199000000.0,1923.0,1943.0,1911.0,103243.0,
043710,3015.0,553000000.0,3250.0,3910.0,3000.0,161457.0,
104620,3100.0,173000000.0,3150.0,3150.0,3080.0,55660.0,
408470,4915.0,130000000.0,5070.0,5090.0,4915.0,26113.0,
317850,6230.0,554000000.0,6370.0,6370.0,6170.0,88805.0,
246690,2180.0,103000000.0,2160.0,2190.0,2150.0,47302.0,
348150,2665.0,36000000.0,2615.0,2690.0,2615.0,13624.0,
094940,6180.0,155000000.0,6220.0,6220.0,6090.0,25229.0,
179530,1754.0,126000000.0,1783.0,1844.0,1732.0,71452.0,
370090,6030.0,84000000.0,6100.0,6220.0,6030.0,13811.0,
314140,5950.0,49000000.0,5940.0,6050.0,5830.0,8374.0,
027050,1288.0,102000000.0,1306.0,1306.0,1281.0,78933.0,
070300,1449.0,207000000.0,1447.0,1477.0,1402.0,144943.0,
419080,4730.0,104000000.0,4670.0,4765.0,4580.0,22272.0,
015710,2925.0,10000000.0,2895.0,2945.0,2890.0,3377.0,
347740,1706.0,40000000.0,1730.0,1730.0,1691.0,23477.0,
088910,1990.0,115000000.0,1999.0,2005.0,1978.0,57869.0,
464490,4445.0,43000000.0,4495.0,4525.0,4405.0,9589.0,
452400,5630.0,32000000.0,5600.0,5640.0,5510.0,5725.0,
105760,5010.0,35000000.0,5080.0,5080.0,4975.0,7058.0,
039240,1891.0,71000000.0,1902.0,1905.0,1877.0,37516.0,
459550,2020.0,1338000000.0,2090.0,2180.0,2015.0,645061.0,
019990,5210.0,193000000.0,5430.0,5430.0,5180.0,36766.0,
453860,7880.0,66000000.0,8000.0,8000.0,7760.0,8419.0,
033230,1003.0,72000000.0,999.0,1019.0,998.0,71223.0,
424980,8530.0,106000000.0,8500.0,8820.0,8300.0,12491.0,
393970,2825.0,0.0,0.0,0.0,0.0,0.0,
256630,4340.0,2000000.0,4315.0,4375.0,4280.0,470.0,
376290,2850.0,4000000.0,2890.0,2890.0,2740.0,1471.0,
046210,1102.0,36000000.0,1149.0,1150.0,1102.0,31944.0,
179900,2315.0,347000000.0,2335.0,2340.0,2235.0,152080.0,
163280,3665.0,107000000.0,3650.0,3770.0,3635.0,28894.0,
317830,4625.0,140000000.0,4700.0,4770.0,4570.0,30118.0,
060560,1959.0,14000000.0,1964.0,1966.0,1945.0,7368.0,
063440,1084.0,64000000.0,1083.0,1094.0,1074.0,58862.0,
071670,4905.0,39000000.0,5030.0,5030.0,4860.0,7991.0,
059100,6920.0,69000000.0,6930.0,7030.0,6830.0,9908.0,
340360,923.0,347000000.0,835.0,949.0,802.0,392085.0,
046940,2705.0,202000000.0,2765.0,2765.0,2690.0,74757.0,
463480,3945.0,96000000.0,3985.0,4095.0,3935.0,24000.0,
044340,2725.0,147000000.0,2770.0,2825.0,2725.0,52782.0,
092300,2415.0,124000000.0,2450.0,2480.0,2415.0,51108.0,
311690,3710.0,25000000.0,3795.0,3795.0,3595.0,6900.0,
122310,3330.0,66000000.0,3390.0,3390.0,3300.0,19918.0,
232830,2930.0,8754000000.0,2920.0,3570.0,2730.0,2739345.0,
0013V0,4880.0,203000000.0,4960.0,5000.0,4820.0,41404.0,
199550,3255.0,65000000.0,3270.0,3390.0,3185.0,20075.0,
355690,5030.0,176000000.0,5010.0,5060.0,4915.0,35258.0,
042110,995.0,195000000.0,1001.0,1002.0,981.0,197249.0,
189860,4940.0,842000000.0,5120.0,5150.0,4910.0,168517.0,
219550,1157.0,76000000.0,1102.0,1200.0,1102.0,65586.0,
361570,1665.0,71000000.0,1670.0,1671.0,1600.0,43154.0,
038010,5300.0,21000000.0,5390.0,5390.0,5210.0,3919.0,
418250,6550.0,0.0,0.0,0.0,0.0,0.0,
217500,1497.0,40000000.0,1512.0,1512.0,1476.0,27213.0,
178780,2550.0,71000000.0,2540.0,2670.0,2500.0,27758.0,
033170,2765.0,1258000000.0,2980.0,2985.0,2705.0,445591.0,
321260,1680.0,138000000.0,1700.0,1730.0,1650.0,82106.0,
189980,1180.0,38000000.0,1176.0,1188.0,1142.0,33166.0,
382150,3630.0,202000000.0,3650.0,3820.0,3600.0,55020.0,
440290,1716.0,162000000.0,1730.0,1740.0,1691.0,94950.0,
023440,521.0,0.0,0.0,0.0,0.0,0.0,
270520,2020.0,3400000000.0,2400.0,2415.0,1703.0,1717444.0,
145170,2755.0,2608000000.0,2570.0,3140.0,2570.0,889404.0,
150900,3980.0,484000000.0,4030.0,4125.0,3925.0,120897.0,
277070,3400.0,51000000.0,3370.0,3560.0,3320.0,14624.0,
014190,1315.0,68000000.0,1318.0,1325.0,1285.0,51603.0,
053450,3145.0,169000000.0,2980.0,3200.0,2960.0,54873.0,
384470,2565.0,104000000.0,2550.0,2590.0,2490.0,40738.0,
229000,1957.0,0.0,0.0,0.0,0.0,0.0,
073110,5140.0,6000000.0,5150.0,5190.0,5140.0,1085.0,
051390,4020.0,18000000.0,4145.0,4145.0,3905.0,4599.0,
131400,766.0,0.0,0.0,0.0,0.0,0.0,
321820,2920.0,132000000.0,2945.0,2945.0,2815.0,46129.0,
198080,2110.0,75000000.0,2120.0,2125.0,2080.0,35840.0,
471820,4020.0,1000000.0,4035.0,4150.0,3985.0,350.0,
072470,2395.0,9000000.0,2405.0,2405.0,2360.0,3982.0,
083550,3325.0,12000000.0,3300.0,3340.0,3240.0,3654.0,
053980,2370.0,62000000.0,2400.0,2400.0,2365.0,26308.0,
072990,3095.0,94000000.0,3090.0,3115.0,3010.0,30440.0,
143540,1003.0,85000000.0,1007.0,1009.0,988.0,85199.0,
094970,2665.0,93000000.0,2655.0,2665.0,2630.0,35179.0,
050120,3290.0,8000000.0,3190.0,3290.0,3100.0,2579.0,
033340,460.0,0.0,0.0,0.0,0.0,0.0,
476040,6770.0,284000000.0,6670.0,7140.0,6220.0,42435.0,
260930,2300.0,40000000.0,2390.0,2390.0,2255.0,17638.0,
042040,5110.0,4000000.0,5070.0,5110.0,5070.0,884.0,
037950,2620.0,30000000.0,2700.0,2740.0,2615.0,11228.0,
208860,1303.0,0.0,0.0,0.0,0.0,0.0,
068330,1000.0,38000000.0,1042.0,1042.0,998.0,38116.0,
066130,3450.0,108000000.0,3390.0,3500.0,3390.0,31384.0,
288330,416.0,0.0,0.0,0.0,0.0,0.0,
317690,2190.0,32000000.0,2175.0,2215.0,2160.0,14417.0,
065130,2755.0,25000000.0,2760.0,2780.0,2715.0,9111.0,
222420,910.0,59000000.0,926.0,937.0,902.0,64659.0,
900340,1237.0,58000000.0,1287.0,1287.0,1230.0,46164.0,
114450,2200.0,104000000.0,2220.0,2240.0,2155.0,47659.0,
0010V0,8600.0,38000000.0,8800.0,8890.0,8520.0,4470.0,
466410,8680.0,22000000.0,8640.0,8710.0,8560.0,2588.0,
082850,4510.0,66000000.0,4560.0,4595.0,4480.0,14649.0,
052790,4000.0,25000000.0,4005.0,4020.0,3960.0,6385.0,
258610,1197.0,12000000.0,1192.0,1221.0,1183.0,9727.0,
278650,2500.0,80000000.0,2535.0,2595.0,2500.0,31663.0,
099410,3110.0,127000000.0,3085.0,3125.0,3050.0,41213.0,
900250,1215.0,87000000.0,1275.0,1275.0,1209.0,71395.0,
413640,6030.0,110000000.0,5850.0,6030.0,5810.0,18707.0,
022220,839.0,4000000.0,828.0,840.0,815.0,4722.0,
084650,2925.0,2220000000.0,2500.0,3040.0,2490.0,789484.0,
224110,8540.0,13000000.0,8490.0,8650.0,8440.0,1511.0,
317870,4900.0,34000000.0,5020.0,5020.0,4755.0,7035.0,
373160,3160.0,22000000.0,3080.0,3280.0,3080.0,6742.0,
479960,6020.0,8000000.0,6040.0,6040.0,5960.0,1348.0,
286750,2675.0,133000000.0,2515.0,2680.0,2460.0,51467.0,
263020,3085.0,20000000.0,3140.0,3140.0,3065.0,6482.0,
007680,3225.0,2000000.0,3240.0,3260.0,3210.0,697.0,
307280,5970.0,35000000.0,6070.0,6070.0,5940.0,5792.0,
140520,1999.0,39000000.0,1996.0,2007.0,1985.0,19387.0,
129890,926.0,40000000.0,938.0,938.0,920.0,42794.0,
238120,2965.0,25000000.0,2865.0,2990.0,2860.0,8687.0,
263700,2170.0,111000000.0,2145.0,2185.0,2100.0,51767.0,
373200,1680.0,66000000.0,1696.0,1900.0,1604.0,38481.0,
027830,778.0,48000000.0,793.0,799.0,770.0,62132.0,
227950,1208.0,108000000.0,1228.0,1240.0,1170.0,90526.0,
290670,5300.0,33000000.0,5500.0,5650.0,5270.0,6118.0,
032960,2355.0,117000000.0,2230.0,2385.0,2150.0,51863.0,
159580,2065.0,46000000.0,2040.0,2110.0,2040.0,22358.0,
256150,4920.0,5000000.0,4920.0,4920.0,4855.0,960.0,
452200,1697.0,47000000.0,1745.0,1745.0,1685.0,27844.0,
056700,1416.0,54000000.0,1418.0,1418.0,1400.0,38086.0,
190650,6450.0,38000000.0,6570.0,6590.0,6410.0,5846.0,
261200,2600.0,49000000.0,2615.0,2615.0,2560.0,18735.0,
086060,4765.0,53000000.0,4880.0,5050.0,4755.0,10981.0,
189690,1499.0,21000000.0,1505.0,1505.0,1485.0,14199.0,
199480,4005.0,23000000.0,4040.0,4040.0,3910.0,5676.0,
196300,4300.0,10000000.0,4440.0,4440.0,4175.0,2260.0,
066900,1790.0,11000000.0,1799.0,1800.0,1725.0,6562.0,
263810,2555.0,25000000.0,2580.0,2590.0,2525.0,9752.0,
002290,3270.0,10000000.0,3270.0,3275.0,3250.0,2952.0,
136410,3670.0,49000000.0,3740.0,3740.0,3640.0,13249.0,
450330,4900.0,10000000.0,5170.0,5270.0,4900.0,2000.0,
037230,1344.0,81000000.0,1388.0,1414.0,1334.0,59560.0,
465480,3950.0,24000000.0,3920.0,3970.0,3880.0,6065.0,
007530,1788.0,8000000.0,1834.0,1834.0,1775.0,4551.0,
184230,2110.0,330000000.0,2095.0,2230.0,2055.0,154593.0,
064090,798.0,0.0,0.0,0.0,0.0,0.0,
049830,6470.0,14000000.0,6480.0,6570.0,6310.0,2136.0,
065440,1445.0,292000000.0,1418.0,1545.0,1412.0,196673.0,
461030,2745.0,60000000.0,2665.0,2765.0,2640.0,22083.0,
460470,2600.0,8000000.0,2670.0,2670.0,2570.0,2944.0,
218150,1920.0,83000000.0,1946.0,1946.0,1918.0,43226.0,
203450,2780.0,44000000.0,2725.0,2780.0,2680.0,15939.0,
100660,3100.0,24000000.0,3080.0,3110.0,3045.0,7639.0,
234100,2675.0,26000000.0,2680.0,2710.0,2615.0,9920.0,
221840,2080.0,11000000.0,2080.0,2085.0,2025.0,5437.0,
044960,3070.0,21000000.0,3070.0,3120.0,3065.0,6865.0,
053950,1971.0,136000000.0,2050.0,2050.0,1970.0,67714.0,
221980,9580.0,4000000.0,9590.0,9590.0,9470.0,417.0,
025880,2310.0,57000000.0,2305.0,2320.0,2295.0,24869.0,
263770,1626.0,8000000.0,1650.0,1654.0,1626.0,4668.0,
226340,4590.0,780000000.0,4720.0,4795.0,4530.0,167734.0,
360350,7080.0,113000000.0,7350.0,7450.0,6950.0,15836.0,
215380,2285.0,143000000.0,2170.0,2305.0,2115.0,64391.0,
046310,2340.0,74000000.0,2290.0,2340.0,2275.0,31886.0,
042940,5600.0,93000000.0,5890.0,5890.0,5590.0,16476.0,
250000,5640.0,11000000.0,5720.0,5720.0,5520.0,1889.0,
273060,3870.0,12000000.0,4000.0,4000.0,3855.0,3029.0,
050860,1690.0,6000000.0,1693.0,1699.0,1673.0,3626.0,
352700,1447.0,18000000.0,1444.0,1456.0,1441.0,12623.0,
052220,1653.0,41000000.0,1642.0,1666.0,1625.0,24800.0,
037370,4400.0,57000000.0,4320.0,4410.0,4300.0,12995.0,
101240,3335.0,22000000.0,3390.0,3390.0,3285.0,6605.0,
019770,3205.0,19000000.0,3190.0,3215.0,3190.0,5935.0,
122690,1617.0,39000000.0,1620.0,1629.0,1584.0,24571.0,
026040,2250.0,118000000.0,2265.0,2265.0,2180.0,53243.0,
081580,2375.0,94000000.0,2390.0,2420.0,2335.0,39231.0,
038070,3955.0,37000000.0,3980.0,3980.0,3920.0,9305.0,
219420,3205.0,63000000.0,3235.0,3240.0,3135.0,19745.0,
097870,4320.0,11000000.0,4330.0,4365.0,4295.0,2563.0,
208710,2780.0,1420000000.0,2800.0,3000.0,2745.0,494892.0,
171010,2560.0,44000000.0,2540.0,2595.0,2495.0,17263.0,
035460,2450.0,167000000.0,2465.0,2510.0,2420.0,67721.0,
046390,2115.0,21000000.0,2100.0,2170.0,2015.0,9929.0,
043910,3220.0,95000000.0,3210.0,3230.0,3120.0,29991.0,
051490,2570.0,38000000.0,2635.0,2690.0,2515.0,14837.0,
123570,1637.0,0.0,1650.0,1650.0,1632.0,293.0,
065500,1017.0,47000000.0,1026.0,1042.0,1012.0,46579.0,
121890,2730.0,33000000.0,2730.0,2750.0,2690.0,12124.0,
060540,1385.0,144000000.0,1396.0,1396.0,1351.0,103950.0,
153460,5520.0,6000000.0,5530.0,5540.0,5320.0,1013.0,
284620,1087.0,0.0,0.0,0.0,0.0,0.0,
066360,1497.0,48000000.0,1500.0,1511.0,1478.0,31724.0,
318410,6450.0,7000000.0,6300.0,6480.0,6260.0,1042.0,
060850,4400.0,32000000.0,4400.0,4425.0,4345.0,7244.0,
057540,602.0,0.0,0.0,0.0,0.0,0.0,
086040,2240.0,25000000.0,2295.0,2310.0,2220.0,11054.0,
363250,4200.0,37000000.0,4130.0,4490.0,4110.0,8793.0,
068940,778.0,0.0,0.0,0.0,0.0,0.0,
387570,6300.0,79000000.0,6350.0,6540.0,6230.0,12461.0,
239890,3565.0,52000000.0,3530.0,3685.0,3515.0,14444.0,
045060,2090.0,12000000.0,2090.0,2095.0,2085.0,5953.0,
263050,959.0,0.0,0.0,0.0,0.0,0.0,
196450,3880.0,28000000.0,3875.0,3990.0,3820.0,7288.0,
014570,3195.0,113000000.0,3370.0,3475.0,3165.0,35135.0,
397810,6810.0,302000000.0,6400.0,6900.0,6400.0,44687.0,
024120,3055.0,18000000.0,3045.0,3080.0,3040.0,6010.0,
260660,2290.0,104000000.0,2320.0,2335.0,2245.0,45890.0,
039290,4030.0,19000000.0,4090.0,4090.0,3840.0,4875.0,
075130,2170.0,30000000.0,2170.0,2180.0,2125.0,13854.0,
186230,3200.0,34000000.0,3165.0,3200.0,3090.0,10923.0,
177900,3625.0,59000000.0,3550.0,3705.0,3540.0,16474.0,
258790,6980.0,620000000.0,6910.0,7590.0,6640.0,87300.0,
045510,1108.0,22000000.0,1139.0,1139.0,1101.0,19334.0,
452300,2455.0,147000000.0,2430.0,2525.0,2415.0,59534.0,
332290,4370.0,35000000.0,4370.0,4400.0,4305.0,8082.0,
204020,1774.0,15000000.0,1766.0,1800.0,1753.0,8525.0,
106240,1298.0,20000000.0,1285.0,1340.0,1221.0,15325.0,
434480,2800.0,327000000.0,2865.0,2980.0,2750.0,114150.0,
900270,2765.0,202000000.0,2850.0,2870.0,2600.0,73012.0,
469750,991.0,0.0,0.0,0.0,0.0,0.0,
406820,2410.0,7516000000.0,2335.0,2740.0,2190.0,3006293.0,
057030,2080.0,17000000.0,2065.0,2080.0,2020.0,8203.0,
290090,4560.0,4000000.0,4510.0,4625.0,4455.0,958.0,
432430,2055.0,8000000.0,2140.0,2140.0,2015.0,3662.0,
290120,2140.0,15000000.0,2165.0,2165.0,2080.0,7323.0,
446840,3070.0,32000000.0,3150.0,3210.0,3070.0,10398.0,
215090,1458.0,50000000.0,1510.0,1510.0,1440.0,33983.0,
052600,2900.0,22000000.0,2890.0,2905.0,2865.0,7780.0,
016600,2400.0,26000000.0,2390.0,2405.0,2345.0,11023.0,
220180,1393.0,2000000.0,1400.0,1402.0,1356.0,1587.0,
207760,2005.0,25000000.0,2065.0,2100.0,2000.0,12377.0,
038060,689.0,0.0,0.0,0.0,0.0,0.0,
310870,1511.0,45000000.0,1500.0,1526.0,1483.0,29892.0,
131090,4320.0,105000000.0,4335.0,4335.0,4200.0,24335.0,
006920,3025.0,103000000.0,3025.0,3065.0,2995.0,34029.0,
417860,7000.0,153000000.0,7130.0,7300.0,6850.0,21932.0,
080520,2910.0,52000000.0,2975.0,2990.0,2770.0,18311.0,
335810,1500.0,6000000.0,1503.0,1584.0,1469.0,3747.0,
270870,3645.0,7000000.0,3735.0,3750.0,3630.0,1801.0,
064520,1466.0,3000000.0,1467.0,1467.0,1453.0,2223.0,
431190,4360.0,4842000000.0,3850.0,4860.0,3850.0,1083233.0,
068050,1177.0,17000000.0,1166.0,1189.0,1154.0,14301.0,
065950,1153.0,211000000.0,1112.0,1305.0,1112.0,172063.0,
153490,3160.0,12000000.0,3065.0,3160.0,3055.0,4031.0,
087600,3975.0,9000000.0,4010.0,4010.0,3960.0,2178.0,
109820,1587.0,38000000.0,1588.0,1596.0,1572.0,24169.0,
296640,6250.0,51000000.0,6250.0,6480.0,6000.0,8191.0,
408900,988.0,12000000.0,1000.0,1000.0,970.0,12733.0,
021650,1976.0,7000000.0,1985.0,1985.0,1940.0,3321.0,
430690,2960.0,1365000000.0,2955.0,3300.0,2870.0,439450.0,
089140,2105.0,25000000.0,2120.0,2120.0,2070.0,11814.0,
476080,3985.0,28000000.0,4020.0,4032.0,3900.0,6976.0,
200780,3010.0,9000000.0,3000.0,3070.0,2940.0,3018.0,
031510,1142.0,72000000.0,1142.0,1153.0,1122.0,64081.0,
133750,1366.0,2000000.0,1370.0,1370.0,1354.0,1503.0,
104200,2155.0,203000000.0,2140.0,2210.0,2120.0,94238.0,
025440,3270.0,7000000.0,3275.0,3290.0,3175.0,2227.0,
318020,2590.0,9000000.0,2615.0,2615.0,2530.0,3693.0,
271830,1080.0,117000000.0,1107.0,1107.0,1056.0,108822.0,
043340,669.0,37000000.0,661.0,682.0,636.0,55658.0,
099220,5040.0,75000000.0,5100.0,5320.0,5000.0,14794.0,
033830,1672.0,17000000.0,1720.0,1720.0,1661.0,9927.0,
159910,3020.0,42000000.0,3115.0,3115.0,2925.0,13938.0,
072770,761.0,56000000.0,787.0,810.0,757.0,71923.0,
050110,1079.0,0.0,0.0,0.0,0.0,0.0,
090410,3420.0,26000000.0,3510.0,3510.0,3255.0,7800.0,
064480,2635.0,39000000.0,2630.0,2650.0,2580.0,14972.0,
054780,1597.0,803000000.0,1331.0,1600.0,1331.0,530079.0,
032790,1220.0,116000000.0,1225.0,1225.0,1135.0,98735.0,
226330,1289.0,100000000.0,1293.0,1347.0,1250.0,77540.0,
148930,3070.0,20000000.0,3115.0,3175.0,3065.0,6479.0,
258830,412.0,0.0,0.0,0.0,0.0,0.0,
368970,2775.0,29000000.0,2810.0,2810.0,2680.0,10369.0,
197140,2390.0,28000000.0,2400.0,2415.0,2345.0,11752.0,
099390,3785.0,16000000.0,3795.0,3825.0,3695.0,4300.0,
012620,7060.0,167000000.0,6900.0,7240.0,6830.0,23342.0,
127980,2620.0,10000000.0,2695.0,2700.0,2605.0,3924.0,
263920,3160.0,7000000.0,3200.0,3200.0,3160.0,2106.0,
038950,3035.0,3000000.0,2945.0,3035.0,2895.0,1099.0,
037330,705.0,31000000.0,690.0,710.0,680.0,45236.0,
369370,3095.0,31000000.0,3195.0,3195.0,3010.0,9927.0,
419120,2170.0,59000000.0,2210.0,2230.0,2130.0,27373.0,
173940,2005.0,46000000.0,2030.0,2030.0,1987.0,23316.0,
093380,3120.0,242000000.0,3125.0,3180.0,3065.0,77087.0,
376980,3135.0,11000000.0,3195.0,3200.0,3100.0,3443.0,
188260,2200.0,234000000.0,2005.0,2335.0,2005.0,107906.0,
020180,3975.0,93000000.0,3975.0,4050.0,3940.0,23142.0,
300120,3080.0,245000000.0,3205.0,3240.0,3040.0,78895.0,
462310,3860.0,24000000.0,3800.0,3860.0,3770.0,6201.0,
356890,2545.0,290000000.0,2510.0,2700.0,2510.0,112000.0,
097780,1492.0,6000000.0,1510.0,1539.0,1475.0,4009.0,
246250,1969.0,0.0,0.0,0.0,0.0,0.0,
444530,4685.0,12000000.0,4805.0,4805.0,4610.0,2487.0,
038620,1987.0,12000000.0,1992.0,2010.0,1975.0,6135.0,
464280,5440.0,22000000.0,5490.0,5500.0,5400.0,4117.0,
388610,5640.0,38000000.0,5790.0,5790.0,5300.0,6815.0,
075970,1632.0,10000000.0,1676.0,1676.0,1614.0,5927.0,
169330,1639.0,25000000.0,1490.0,1639.0,1471.0,15837.0,
049120,2830.0,11000000.0,2820.0,2970.0,2715.0,3918.0,
073540,2625.0,35000000.0,2615.0,2670.0,2600.0,13278.0,
311390,2360.0,27000000.0,2315.0,2360.0,2260.0,11746.0,
317240,1021.0,49000000.0,1021.0,1039.0,1009.0,48272.0,
290560,1332.0,181000000.0,1311.0,1395.0,1271.0,136907.0,
071850,1227.0,1000000.0,1200.0,1233.0,1173.0,708.0,
462980,1629.0,35000000.0,1547.0,1632.0,1547.0,22067.0,
079170,5710.0,29000000.0,5900.0,5940.0,5710.0,4948.0,
237820,2295.0,13000000.0,2305.0,2305.0,2255.0,5688.0,
070590,2120.0,38000000.0,2110.0,2150.0,2000.0,18167.0,
078590,2940.0,394000000.0,3025.0,3175.0,2940.0,128612.0,
377030,2050.0,105000000.0,1968.0,2100.0,1923.0,52318.0,
038870,2090.0,44000000.0,2155.0,2170.0,2085.0,20586.0,
088340,6710.0,52000000.0,6980.0,6980.0,6610.0,7617.0,
336060,3035.0,3000000.0,3110.0,3110.0,3015.0,1130.0,
091340,2495.0,29000000.0,2510.0,2540.0,2475.0,11636.0,
160550,1045.0,21000000.0,1038.0,1063.0,1014.0,20185.0,
033540,2780.0,14000000.0,2750.0,2795.0,2710.0,4905.0,
351330,3500.0,136000000.0,3525.0,3605.0,3405.0,38606.0,
236810,1700.0,76000000.0,1682.0,1716.0,1636.0,45619.0,
452160,2995.0,45000000.0,3090.0,3090.0,2920.0,14984.0,
288620,4120.0,47000000.0,4120.0,4235.0,4040.0,11456.0,
031310,966.0,51000000.0,990.0,998.0,935.0,52243.0,
239610,5320.0,5000000.0,5110.0,5320.0,5100.0,985.0,
045300,2715.0,39000000.0,2705.0,2745.0,2690.0,14291.0,
262840,2705.0,13000000.0,2660.0,2720.0,2660.0,4973.0,
187270,2810.0,67000000.0,2910.0,2970.0,2785.0,23709.0,
128540,1067.0,37000000.0,1077.0,1080.0,1066.0,34418.0,
008470,1693.0,25000000.0,1686.0,1702.0,1680.0,14565.0,
069920,1254.0,237000000.0,1206.0,1320.0,1199.0,190287.0,
057680,1800.0,43000000.0,1782.0,1834.0,1745.0,24284.0,
333050,5770.0,44000000.0,5790.0,5790.0,5620.0,7683.0,
0010F0,2545.0,6832000000.0,2300.0,2745.0,2290.0,2638342.0,
297570,4095.0,34000000.0,3940.0,4095.0,3725.0,8802.0,
139670,2005.0,28000000.0,2065.0,2135.0,2005.0,13677.0,
043220,1710.0,0.0,0.0,0.0,0.0,0.0,
450520,1915.0,18000000.0,1900.0,1940.0,1870.0,9540.0,
007770,8020.0,2000000.0,8230.0,8230.0,7900.0,280.0,
119500,2375.0,56000000.0,2410.0,2420.0,2355.0,23481.0,
109960,1854.0,2000000.0,2005.0,2005.0,1852.0,1130.0,
068100,2350.0,8000000.0,2325.0,2370.0,2300.0,3597.0,
254120,910.0,0.0,0.0,0.0,0.0,0.0,
193250,2090.0,97000000.0,1996.0,2100.0,1940.0,48621.0,
089150,1628.0,47000000.0,1662.0,1665.0,1627.0,28524.0,
364950,3350.0,20000000.0,3350.0,3365.0,3320.0,5936.0,
080530,2510.0,16000000.0,2570.0,2570.0,2455.0,6342.0,
096630,1745.0,17000000.0,1785.0,1785.0,1700.0,9859.0,
407400,1886.0,30000000.0,1959.0,1959.0,1864.0,15994.0,
225220,1438.0,28000000.0,1440.0,1440.0,1396.0,19936.0,
464580,1498.0,29000000.0,1486.0,1525.0,1478.0,19255.0,
318010,3470.0,70000000.0,3505.0,3535.0,3320.0,20682.0,
367000,3280.0,91000000.0,3510.0,3600.0,3260.0,26444.0,
048470,2850.0,29000000.0,2920.0,2945.0,2730.0,10333.0,
191410,1773.0,286000000.0,1833.0,1848.0,1717.0,161269.0,
013720,2255.0,9000000.0,2195.0,2260.0,2165.0,4131.0,
215790,681.0,858000000.0,692.0,732.0,680.0,1224642.0,
091970,3640.0,20000000.0,3655.0,3700.0,3640.0,5487.0,
066910,1780.0,46000000.0,1867.0,1867.0,1761.0,25616.0,
195500,1713.0,33000000.0,1707.0,1718.0,1655.0,19289.0,
016920,1064.0,30000000.0,1077.0,1084.0,1051.0,27941.0,
067010,2510.0,97000000.0,2525.0,2535.0,2475.0,38738.0,
114630,1585.0,35000000.0,1584.0,1595.0,1568.0,21889.0,
101670,481.0,119000000.0,487.0,497.0,480.0,246565.0,
373170,1806.0,44000000.0,1838.0,1838.0,1782.0,24242.0,
348030,2840.0,9000000.0,2930.0,2930.0,2835.0,2991.0,
115480,2245.0,10000000.0,2280.0,2375.0,2215.0,4553.0,
123840,1750.0,16000000.0,1773.0,1848.0,1750.0,9123.0,
148250,1999.0,65000000.0,2030.0,2050.0,1982.0,32290.0,
079000,3775.0,73000000.0,3850.0,3850.0,3730.0,19476.0,
140430,2535.0,665000000.0,2535.0,2770.0,2415.0,258759.0,
017000,2320.0,37000000.0,2330.0,2355.0,2295.0,15801.0,
130500,1861.0,17000000.0,1898.0,1935.0,1861.0,8890.0,
322780,1800.0,28000000.0,1872.0,1872.0,1795.0,15723.0,
900310,2105.0,6000000.0,2020.0,2220.0,2020.0,2598.0,
083660,1545.0,22000000.0,1539.0,1569.0,1522.0,14217.0,
290270,2800.0,39000000.0,2815.0,2865.0,2770.0,13711.0,
198940,1351.0,39000000.0,1330.0,1385.0,1316.0,28732.0,
032750,2975.0,1000000.0,2955.0,2980.0,2950.0,365.0,
359090,2335.0,23000000.0,2310.0,2335.0,2250.0,9976.0,
096690,6650.0,79000000.0,6650.0,6980.0,6650.0,11706.0,
131220,3575.0,6000000.0,3555.0,3640.0,3535.0,1798.0,
900070,987.0,5000000.0,981.0,997.0,955.0,5554.0,
138070,1508.0,9000000.0,1501.0,1533.0,1470.0,6291.0,
027040,1895.0,14612000000.0,1735.0,2215.0,1735.0,6945562.0,
363260,4085.0,43000000.0,4375.0,4375.0,4050.0,10408.0,
376180,1412.0,69000000.0,1436.0,1539.0,1350.0,48617.0,
043200,1253.0,160000000.0,1240.0,1270.0,1216.0,129264.0,
047080,1054.0,38000000.0,1059.0,1065.0,1032.0,36366.0,
019570,2740.0,36000000.0,2680.0,2750.0,2680.0,13363.0,
069410,2545.0,25000000.0,2540.0,2570.0,2515.0,9938.0,
053290,1573.0,12000000.0,1576.0,1576.0,1521.0,7604.0,
073570,2155.0,101000000.0,2095.0,2240.0,2000.0,46974.0,
105550,1656.0,73000000.0,1696.0,1724.0,1648.0,44251.0,
103840,1582.0,73000000.0,1582.0,1583.0,1558.0,46673.0,
134060,5400.0,8000000.0,5230.0,5480.0,5150.0,1525.0,
001810,1162.0,83000000.0,1165.0,1214.0,1148.0,70656.0,
458350,2960.0,75000000.0,2995.0,3140.0,2955.0,24961.0,
016670,2520.0,49000000.0,2415.0,2530.0,2410.0,19782.0,
238490,2270.0,12000000.0,2290.0,2295.0,2210.0,5577.0,
069140,1698.0,37000000.0,1727.0,1778.0,1698.0,21727.0,
033050,803.0,14000000.0,815.0,816.0,800.0,17944.0,
076080,1130.0,79000000.0,1100.0,1160.0,1082.0,69690.0,
328380,3715.0,22000000.0,3795.0,3795.0,3610.0,5919.0,
200350,2545.0,43000000.0,2470.0,2565.0,2450.0,17183.0,
052300,1563.0,244000000.0,1621.0,1670.0,1558.0,152787.0,
044780,1371.0,109000000.0,1376.0,1385.0,1349.0,79821.0,
101400,1672.0,450000000.0,1638.0,1687.0,1580.0,277686.0,
146060,1055.0,24000000.0,1069.0,1069.0,1038.0,23370.0,
054090,1004.0,56000000.0,1023.0,1023.0,990.0,55763.0,
351870,2245.0,21000000.0,2235.0,2285.0,2170.0,9600.0,
389680,3005.0,342000000.0,2795.0,3035.0,2680.0,117101.0,
101680,2975.0,18000000.0,2960.0,3005.0,2930.0,5878.0,
060380,1268.0,10000000.0,1285.0,1305.0,1268.0,7871.0,
290520,1580.0,21000000.0,1576.0,1635.0,1552.0,13301.0,
123750,1798.0,11000000.0,1787.0,1838.0,1747.0,6068.0,
355390,1558.0,762000000.0,1392.0,1594.0,1311.0,509120.0,
021880,1165.0,27000000.0,1185.0,1185.0,1162.0,23221.0,
090150,5900.0,36000000.0,6040.0,6040.0,5870.0,6054.0,
083640,5380.0,32000000.0,5500.0,5500.0,5330.0,5951.0,
368600,956.0,0.0,0.0,0.0,0.0,0.0,
206400,657.0,20000000.0,650.0,674.0,634.0,31264.0,
475660,3105.0,13000000.0,3240.0,3240.0,3085.0,4030.0,
415380,2140.0,23000000.0,2140.0,2155.0,2125.0,10603.0,
398120,2065.0,51000000.0,2060.0,2095.0,2020.0,24735.0,
131180,4165.0,3000000.0,4180.0,4180.0,4145.0,753.0,
223310,3000.0,63000000.0,3105.0,3175.0,2955.0,20819.0,
054940,3665.0,200000000.0,3730.0,3770.0,3635.0,54358.0,
115530,2830.0,426000000.0,2955.0,2955.0,2790.0,151164.0,
177830,2140.0,217000000.0,2180.0,2180.0,2000.0,105875.0,
039740,3020.0,26000000.0,3060.0,3085.0,3000.0,8593.0,
318000,2770.0,8000000.0,2800.0,2800.0,2710.0,2992.0,
060230,1233.0,99000000.0,1186.0,1280.0,1160.0,80594.0,
267790,3130.0,5000000.0,3195.0,3195.0,3095.0,1618.0,
405920,1867.0,1000000.0,1911.0,1911.0,1867.0,295.0,
058110,1497.0,23000000.0,1490.0,1519.0,1455.0,15660.0,
462510,2720.0,30000000.0,2660.0,2735.0,2595.0,11285.0,
115160,5550.0,29000000.0,5570.0,5900.0,5300.0,5269.0,
208350,2950.0,23000000.0,2955.0,3120.0,2925.0,7865.0,
038880,3155.0,24000000.0,3020.0,3255.0,3020.0,7724.0,
023770,2645.0,30000000.0,2665.0,2665.0,2560.0,11680.0,
035200,2565.0,145000000.0,2650.0,2675.0,2560.0,55552.0,
148780,3755.0,261000000.0,3860.0,3950.0,3750.0,68334.0,
222980,2140.0,17000000.0,2170.0,2200.0,2135.0,8104.0,
020400,2600.0,41000000.0,2725.0,2725.0,2520.0,15698.0,
378800,510.0,0.0,0.0,0.0,0.0,0.0,
365590,1281.0,73000000.0,1275.0,1312.0,1263.0,56926.0,
298060,2440.0,15000000.0,2550.0,2550.0,2415.0,6257.0,
206560,924.0,108000000.0,918.0,946.0,898.0,118543.0,
352940,2160.0,19000000.0,2140.0,2220.0,2140.0,8566.0,
016100,1229.0,18000000.0,1239.0,1279.0,1210.0,14728.0,
464500,1674.0,49000000.0,1697.0,1720.0,1665.0,28800.0,
188040,4990.0,20000000.0,5040.0,5040.0,4870.0,4075.0,
051380,1519.0,22000000.0,1519.0,1525.0,1480.0,14684.0,
043590,1717.0,78000000.0,1625.0,1720.0,1620.0,46263.0,
032680,999.0,341000000.0,996.0,999.0,954.0,344144.0,
033200,2500.0,6000000.0,2580.0,2580.0,2500.0,2242.0,
036480,6040.0,17000000.0,6170.0,6200.0,6010.0,2778.0,
417180,4010.0,34000000.0,4240.0,4240.0,4000.0,8040.0,
007720,1136.0,28000000.0,1145.0,1145.0,1115.0,25116.0,
154040,1055.0,0.0,0.0,0.0,0.0,0.0,
018680,1948.0,3000000.0,1949.0,1949.0,1927.0,1480.0,
224060,4395.0,3147000000.0,3890.0,4650.0,3850.0,737135.0,
017250,1077.0,45000000.0,1045.0,1090.0,1033.0,42322.0,
187220,1963.0,17000000.0,1970.0,2075.0,1951.0,8418.0,
044480,3400.0,36000000.0,3440.0,3615.0,3345.0,10394.0,
013810,1541.0,30000000.0,1537.0,1552.0,1534.0,19277.0,
276730,954.0,190000000.0,964.0,1055.0,902.0,197146.0,
039310,1239.0,16000000.0,1243.0,1257.0,1239.0,12964.0,
115570,2810.0,16000000.0,2845.0,2870.0,2780.0,5687.0,
257370,1790.0,17000000.0,1860.0,1860.0,1770.0,9529.0,
032860,2770.0,33000000.0,2790.0,2790.0,2685.0,12011.0,
065690,1858.0,38000000.0,1857.0,1860.0,1804.0,20526.0,
192390,1864.0,60000000.0,1896.0,1896.0,1839.0,32381.0,
063760,2385.0,47000000.0,2370.0,2430.0,2365.0,19438.0,
018700,1327.0,12000000.0,1308.0,1329.0,1278.0,9301.0,
303530,3020.0,13000000.0,3150.0,3150.0,2980.0,4211.0,
032800,1463.0,15000000.0,1458.0,1527.0,1458.0,10299.0,
362990,1310.0,34000000.0,1326.0,1331.0,1297.0,25536.0,
331520,2240.0,99000000.0,2280.0,2280.0,2115.0,45561.0,
432980,2555.0,100000000.0,2615.0,2615.0,2440.0,39606.0,
002680,2830.0,310000000.0,2600.0,2875.0,2550.0,115905.0,
317120,1438.0,57000000.0,1416.0,1453.0,1416.0,39995.0,
241840,2300.0,16000000.0,2305.0,2340.0,2260.0,7107.0,
377330,2695.0,17000000.0,2595.0,2790.0,2570.0,6363.0,
065370,2950.0,13000000.0,2915.0,2980.0,2890.0,4330.0,
054220,1729.0,86000000.0,1697.0,1739.0,1680.0,50558.0,
130740,1927.0,23000000.0,1960.0,1965.0,1895.0,12057.0,
372800,3085.0,82000000.0,3050.0,3140.0,2980.0,26666.0,
440320,2175.0,21000000.0,2185.0,2210.0,2125.0,9716.0,
032080,1010.0,0.0,0.0,0.0,0.0,0.0,
237750,3335.0,2000000.0,3395.0,3450.0,3330.0,506.0,
032280,1333.0,13000000.0,1331.0,1337.0,1321.0,10063.0,
027580,1822.0,131000000.0,1882.0,1893.0,1771.0,71803.0,
238200,2635.0,2000000.0,2625.0,2805.0,2565.0,854.0,
277410,5610.0,7000000.0,5630.0,5700.0,5570.0,1258.0,
247660,4115.0,133000000.0,4070.0,4200.0,4025.0,32048.0,
215480,2000.0,17000000.0,1985.0,2005.0,1960.0,8392.0,
340440,756.0,0.0,0.0,0.0,0.0,0.0,
067730,2215.0,7000000.0,2195.0,2220.0,2175.0,3409.0,
424760,2120.0,154000000.0,2030.0,2185.0,2030.0,73077.0,
053060,1211.0,44000000.0,1219.0,1238.0,1205.0,35830.0,
219750,1624.0,8000000.0,1676.0,1676.0,1605.0,4970.0,
043360,2350.0,23000000.0,2480.0,2480.0,2265.0,10177.0,
038530,4070.0,26000000.0,4290.0,4295.0,4060.0,6207.0,
301300,1599.0,92000000.0,1621.0,1662.0,1513.0,57979.0,
019660,1508.0,43000000.0,1509.0,1509.0,1464.0,28859.0,
095910,576.0,60000000.0,595.0,595.0,550.0,104816.0,
344860,1394.0,16000000.0,1397.0,1397.0,1376.0,11323.0,
429270,3235.0,168000000.0,3475.0,3475.0,3150.0,52050.0,
045520,3190.0,163000000.0,3195.0,3240.0,3095.0,51191.0,
200230,2185.0,17000000.0,2205.0,2275.0,2110.0,7929.0,
383930,1618.0,38000000.0,1636.0,1672.0,1614.0,23544.0,
069330,1218.0,10000000.0,1206.0,1220.0,1198.0,8112.0,
438700,1844.0,110000000.0,1822.0,1945.0,1790.0,59487.0,
021040,941.0,11000000.0,976.0,976.0,916.0,12202.0,
361670,3590.0,31000000.0,3435.0,3590.0,3435.0,8677.0,
098660,1624.0,17000000.0,1650.0,1650.0,1610.0,10128.0,
289220,905.0,63000000.0,981.0,988.0,890.0,65619.0,
275630,3840.0,51000000.0,4140.0,4140.0,3720.0,13550.0,
026910,2540.0,3970000000.0,2965.0,2980.0,2130.0,1658825.0,
131100,3120.0,417000000.0,2535.0,3120.0,2535.0,137221.0,
085810,1418.0,28000000.0,1458.0,1458.0,1405.0,19399.0,
900110,5430.0,14000000.0,5440.0,5570.0,5430.0,2481.0,
405000,3725.0,447000000.0,3605.0,3725.0,3300.0,122520.0,
084440,5210.0,28000000.0,5160.0,5210.0,5020.0,5436.0,
024940,1990.0,63000000.0,2005.0,2035.0,1990.0,31165.0,
353190,2520.0,18000000.0,2635.0,2635.0,2520.0,7091.0,
096870,2365.0,32000000.0,2340.0,2435.0,2280.0,13741.0,
227610,1017.0,7000000.0,1032.0,1032.0,1011.0,6426.0,
083470,919.0,42000000.0,890.0,920.0,870.0,47186.0,
080470,2685.0,20000000.0,2735.0,2735.0,2685.0,7524.0,
065150,1225.0,22000000.0,1220.0,1257.0,1211.0,18221.0,
347770,859.0,40000000.0,858.0,899.0,840.0,46777.0,
113810,2980.0,13000000.0,2980.0,3035.0,2975.0,4375.0,
073190,1622.0,0.0,0.0,0.0,0.0,0.0,
274400,2135.0,28000000.0,2240.0,2240.0,2120.0,12922.0,
048830,1035.0,126000000.0,1065.0,1065.0,1030.0,120815.0,
065060,3235.0,52000000.0,3120.0,3240.0,3050.0,16910.0,
050760,1183.0,37000000.0,1171.0,1184.0,1165.0,31191.0,
154030,1600.0,37000000.0,1656.0,1656.0,1592.0,22637.0,
056730,1297.0,4000000.0,1273.0,1297.0,1240.0,2785.0,
403490,2090.0,26000000.0,2225.0,2225.0,2065.0,12056.0,
214610,2290.0,0.0,0.0,0.0,0.0,0.0,
342870,3500.0,37000000.0,3605.0,3870.0,3500.0,10241.0,
018620,2750.0,45000000.0,2880.0,2885.0,2715.0,16241.0,
252500,2290.0,30000000.0,2310.0,2335.0,2265.0,12940.0,
054410,3315.0,3000000.0,3550.0,3630.0,3315.0,741.0,
051780,2485.0,52000000.0,2540.0,2545.0,2320.0,21019.0,
196700,1311.0,10000000.0,1315.0,1331.0,1305.0,7888.0,
110020,2075.0,26000000.0,2030.0,2130.0,1910.0,12626.0,
031860,6930.0,0.0,0.0,0.0,0.0,0.0,
115610,1580.0,77000000.0,1613.0,1620.0,1551.0,48963.0,
455180,1269.0,125000000.0,1258.0,1290.0,1204.0,100711.0,
023790,1428.0,146000000.0,1463.0,1476.0,1428.0,101308.0,
365900,2540.0,26000000.0,2550.0,2645.0,2540.0,9962.0,
195990,1140.0,28000000.0,1149.0,1153.0,1130.0,24496.0,
014100,1573.0,19000000.0,1520.0,1578.0,1503.0,12104.0,
279600,3940.0,10000000.0,3885.0,4065.0,3825.0,2621.0,
210120,1893.0,275000000.0,1848.0,1984.0,1815.0,145614.0,
137940,1868.0,24000000.0,1854.0,1879.0,1835.0,13180.0,
419540,3075.0,67000000.0,3130.0,3187.0,2850.0,21705.0,
060900,2795.0,418000000.0,3060.0,3070.0,2670.0,153520.0,
353590,1408.0,39000000.0,1575.0,1575.0,1408.0,26819.0,
009620,5060.0,102000000.0,5030.0,5200.0,4930.0,20187.0,
037400,3365.0,16000000.0,3500.0,3515.0,3365.0,4834.0,
060480,1570.0,205000000.0,1592.0,1609.0,1500.0,129842.0,
0197V0,1917.0,744000000.0,1921.0,1921.0,1909.0,388688.0,
900120,1040.0,0.0,0.0,0.0,0.0,0.0,
373110,999.0,57000000.0,1000.0,1011.0,991.0,57181.0,
088290,2150.0,16000000.0,2095.0,2150.0,2000.0,7649.0,
482680,2055.0,0.0,0.0,0.0,0.0,0.0,
050090,717.0,186000000.0,847.0,847.0,695.0,249795.0,
241820,6040.0,0.0,0.0,0.0,0.0,0.0,
477380,2065.0,17000000.0,2075.0,2075.0,2065.0,7985.0,
078860,2700.0,468000000.0,3285.0,3290.0,2670.0,165164.0,
291810,1189.0,1179000000.0,1187.0,1242.0,1091.0,1018833.0,
0200G0,1908.0,11513000000.0,1994.0,1995.0,1903.0,5991506.0,
034940,2670.0,92000000.0,2695.0,2750.0,2660.0,34341.0,
309930,856.0,27000000.0,858.0,869.0,831.0,31193.0,
225590,3215.0,99000000.0,3215.0,3285.0,3150.0,30913.0,
289010,1180.0,328000000.0,1161.0,1180.0,1161.0,280530.0,
079950,1164.0,166000000.0,1308.0,1350.0,1164.0,135458.0,
285800,4435.0,375000000.0,4595.0,4780.0,4335.0,83259.0,
376930,1551.0,53000000.0,1583.0,1606.0,1520.0,34620.0,
009730,1962.0,74000000.0,2020.0,2020.0,1950.0,37470.0,
065650,1417.0,24000000.0,1420.0,1442.0,1400.0,16979.0,
0072Z0,1963.0,66000000.0,1965.0,1975.0,1960.0,33684.0,
477340,2060.0,95000000.0,2055.0,2060.0,2055.0,46281.0,
103230,2140.0,66000000.0,2245.0,2355.0,2090.0,31050.0,
0130H0,1991.0,7000000.0,1992.0,1992.0,1975.0,3751.0,
0101C0,1964.0,4000000.0,1970.0,1982.0,1963.0,2210.0,
030350,973.0,0.0,0.0,0.0,0.0,0.0,
177350,1525.0,58000000.0,1540.0,1540.0,1469.0,38540.0,
0044K0,1977.0,10000000.0,1987.0,1987.0,1970.0,5189.0,
092600,2945.0,580000000.0,2765.0,2945.0,2680.0,206514.0,
473050,2100.0,305000000.0,2100.0,2105.0,2100.0,145307.0,
0115H0,1976.0,14000000.0,1995.0,1995.0,1975.0,6873.0,
489480,2200.0,0.0,0.0,0.0,0.0,0.0,
335870,4315.0,43000000.0,5120.0,5120.0,4315.0,9281.0,
306040,1554.0,14000000.0,1582.0,1582.0,1554.0,9034.0,
478440,2060.0,4000000.0,2060.0,2070.0,2055.0,2167.0,
479880,2065.0,19000000.0,2075.0,2075.0,2060.0,9349.0,
475460,2505.0,42000000.0,2590.0,2590.0,2460.0,16517.0,
377220,2485.0,166000000.0,2760.0,2800.0,2485.0,63216.0,
0165X0,1935.0,106000000.0,1933.0,1944.0,1925.0,54648.0,
239340,2580.0,297000000.0,2295.0,2915.0,2250.0,111035.0,
0099W0,1963.0,35000000.0,1962.0,1979.0,1961.0,17621.0,
0209J0,1902.0,6100000000.0,1915.0,1916.0,1895.0,3209674.0,
304840,561.0,0.0,0.0,0.0,0.0,0.0,
352770,5250.0,0.0,0.0,0.0,0.0,0.0,
244460,1651.0,0.0,0.0,0.0,0.0,0.0,
0134X0,1973.0,32000000.0,1967.0,1983.0,1966.0,16111.0,
418620,665.0,184000000.0,655.0,680.0,645.0,276777.0,
303030,1440.0,117000000.0,1463.0,1463.0,1314.0,85668.0,
067770,1570.0,823000000.0,1398.0,1742.0,1252.0,549684.0,
481890,2070.0,25000000.0,2070.0,2070.0,2060.0,12123.0,
0164H0,1945.0,102000000.0,1950.0,1954.0,1942.0,52487.0,
101000,1321.0,639000000.0,1280.0,1510.0,1100.0,506177.0,
0099X0,2180.0,0.0,0.0,0.0,0.0,0.0,
035620,700.0,153000000.0,699.0,700.0,622.0,226707.0,
0096B0,1973.0,10000000.0,1984.0,1987.0,1963.0,4875.0,
478390,2070.0,71000000.0,2075.0,2075.0,2060.0,34573.0,
489730,2030.0,42000000.0,2035.0,2035.0,2015.0,20943.0,
0097F0,1962.0,6000000.0,1961.0,1968.0,1961.0,2950.0,
079190,1329.0,87000000.0,1422.0,1422.0,1283.0,65274.0,
054180,2295.0,0.0,0.0,0.0,0.0,0.0,
028080,5210.0,40000000.0,5120.0,5560.0,5120.0,7764.0,
492220,2030.0,7000000.0,2040.0,2040.0,2020.0,3461.0,
482520,2065.0,0.0,0.0,0.0,0.0,0.0,
0037T0,1985.0,31000000.0,1988.0,1988.0,1975.0,15455.0,
0093G0,1960.0,46000000.0,1975.0,1975.0,1950.0,23376.0,
0054V0,1999.0,5000000.0,1998.0,1999.0,1990.0,2528.0,
0131D0,1962.0,106000000.0,1965.0,1980.0,1950.0,53641.0,
0091W0,2035.0,4000000.0,2035.0,2035.0,2020.0,2042.0,
065570,764.0,0.0,0.0,0.0,0.0,0.0,
006050,3500.0,548000000.0,3960.0,3960.0,3420.0,151736.0,
477760,2065.0,28000000.0,2070.0,2070.0,2060.0,13608.0,
0088D0,2060.0,25000000.0,2050.0,2070.0,2035.0,12108.0,
0041L0,1977.0,12000000.0,1982.0,1983.0,1970.0,5944.0,
0132G0,1990.0,9000000.0,1993.0,1995.0,1981.0,4684.0,
469900,2100.0,163000000.0,2095.0,2100.0,2090.0,77942.0,
482690,2065.0,87000000.0,2065.0,2070.0,2055.0,42259.0,
060260,867.0,13000000.0,867.0,894.0,867.0,14652.0,
474660,2080.0,24000000.0,2080.0,2085.0,2075.0,11464.0,
474490,2075.0,67000000.0,2075.0,2080.0,2075.0,32304.0,
487360,2025.0,12000000.0,2030.0,2030.0,2010.0,6094.0,
354200,1274.0,153000000.0,1309.0,1325.0,1273.0,118691.0,
0071M0,1971.0,6000000.0,1970.0,1981.0,1970.0,3229.0,
477470,2065.0,164000000.0,2080.0,2080.0,2045.0,80082.0,
131760,1302.0,797000000.0,1260.0,1470.0,1256.0,599516.0,
0105P0,1990.0,0.0,1987.0,1999.0,1986.0,98.0,
208640,801.0,220000000.0,880.0,920.0,768.0,268403.0,
496070,1984.0,10000000.0,2000.0,2005.0,1982.0,5258.0,
0129K0,1969.0,5000000.0,1964.0,1972.0,1964.0,2446.0,
486630,2050.0,32000000.0,2040.0,2050.0,2040.0,15537.0,
0096D0,1971.0,4000000.0,1984.0,1984.0,1962.0,2226.0,
0098T0,1983.0,15000000.0,1992.0,1993.0,1983.0,7441.0,
493790,2012.0,4000000.0,2015.0,2020.0,2010.0,2009.0,
0004Y0,1999.0,30000000.0,2000.0,2000.0,1990.0,15145.0,
489210,2035.0,2000000.0,2050.0,2050.0,2030.0,922.0,
043100,520.0,0.0,0.0,0.0,0.0,0.0,
0130D0,1952.0,4000000.0,1957.0,1966.0,1952.0,2088.0,
478110,2060.0,19000000.0,2055.0,2065.0,2050.0,9079.0,
466690,2010.0,11000000.0,2005.0,2010.0,1960.0,5490.0,
305090,538.0,0.0,0.0,0.0,0.0,0.0,
0041B0,2005.0,10000000.0,2015.0,2015.0,2000.0,5065.0,
498390,2035.0,0.0,0.0,0.0,0.0,0.0,
142760,467.0,48000000.0,471.0,509.0,464.0,100069.0,
488060,2040.0,13000000.0,2050.0,2050.0,2030.0,6569.0,
106080,1650.0,0.0,0.0,0.0,0.0,0.0,
065770,900.0,68000000.0,900.0,931.0,868.0,75700.0,
012340,422.0,156000000.0,418.0,437.0,413.0,370093.0,
484130,2020.0,6000000.0,2025.0,2030.0,2015.0,3171.0,
473950,2050.0,11000000.0,2055.0,2055.0,2050.0,5146.0,
240600,1087.0,161000000.0,1125.0,1190.0,963.0,156946.0,
469480,2130.0,0.0,0.0,0.0,0.0,0.0,
288980,246.0,265000000.0,253.0,262.0,240.0,1070802.0,
487830,2030.0,4000000.0,2040.0,2040.0,2020.0,2077.0,
468760,2080.0,0.0,0.0,0.0,0.0,0.0,
472230,2100.0,170000000.0,2105.0,2105.0,2100.0,80792.0,
487720,2035.0,58000000.0,2040.0,2040.0,2030.0,28616.0,
0068Y0,1968.0,85000000.0,1977.0,1977.0,1960.0,43231.0,
001000,1695.0,50000000.0,1709.0,1771.0,1677.0,29464.0,
0041J0,1988.0,0.0,1992.0,1992.0,1974.0,71.0,
03481K,5890.0,2000000.0,5960.0,5960.0,5810.0,273.0,
087260,247.0,0.0,0.0,0.0,0.0,0.0,
475250,2085.0,129000000.0,2085.0,2085.0,2070.0,62035.0,
079970,596.0,0.0,0.0,0.0,0.0,0.0,
474930,2090.0,0.0,2095.0,2095.0,2090.0,65.0,
308100,292.0,917000000.0,277.0,340.0,277.0,2952170.0,
065420,940.0,0.0,0.0,0.0,0.0,0.0,
276040,327.0,0.0,0.0,0.0,0.0,0.0,
473000,2075.0,31000000.0,2080.0,2080.0,2075.0,15137.0,
475240,2090.0,91000000.0,2085.0,2090.0,2080.0,43609.0,
250930,855.0,90000000.0,886.0,999.0,850.0,101129.0,
900100,1041.0,808000000.0,812.0,1041.0,810.0,788638.0,
044180,205.0,0.0,0.0,0.0,0.0,0.0,
313760,468.0,0.0,0.0,0.0,0.0,0.0,
058450,865.0,39000000.0,910.0,910.0,830.0,45654.0,
052770,312.0,0.0,0.0,0.0,0.0,0.0,
225430,698.0,0.0,0.0,0.0,0.0,0.0,
025870,1059.0,0.0,0.0,0.0,0.0,0.0,
084180,217.0,626000000.0,250.0,250.0,206.0,2771015.0,
199730,775.0,228000000.0,795.0,1010.0,750.0,268821.0,
011080,500.0,1981000000.0,501.0,635.0,500.0,3454724.0,
196490,202.0,1063000000.0,450.0,473.0,202.0,3228398.0,
312610,106.0,643000000.0,145.0,145.0,93.0,5442733.0,
035290,384.0,0.0,0.0,0.0,0.0,0.0,
021045,2100.0,8000000.0,2180.0,2180.0,2050.0,3949.0,
032685,6110.0,15000000.0,6530.0,6530.0,6000.0,2366.0,
