종목코드,현재가,거래대금,시가,고가,저가,거래량,NXT거래대금
005930,268500.0,4347472000000.0,269500.0,279500.0,268500.0,15933455.0,1849515000000.0002
000660,1723000.0,4388098000000.0,1728000.0,1779000.0,1723000.0,2519139.0,1778941999999.9998
005935,198000.0,502272000000.0,195000.0,203000.0,194500.0,2522483.0,
402340,1142000.0,623214000000.0,1146000.0,1195000.0,1138000.0,536937.0,173869000000.0
009150,1604000.0,874062000000.0,1675000.0,1699000.0,1601000.0,533078.0,660446000000.0
373220,391000.0,134840000000.0,385500.0,395000.0,378000.0,345525.0,39102000000.0
005380,336000.0,186529000000.0,346500.0,346500.0,335000.0,550053.0,118657000000.0
105560,168500.0,88556000000.0,166800.0,170000.0,166200.0,525847.0,9804000000.0
207940,1277000.0,79008000000.0,1303000.0,1313000.0,1272000.0,61622.0,28049000000.0
032830,281000.0,47435000000.0,281500.0,289500.0,277000.0,167519.0,12857000000.0
028260,336000.0,80949000000.0,340000.0,351000.0,335000.0,237484.0,21743000000.0
034020,80500.0,178558000000.0,83500.0,84300.0,80200.0,2182545.0,243548999999.99997
012450,972000.0,162354000000.0,1014000.0,1021000.0,971000.0,164202.0,58014000000.0
055550,103300.0,68228000000.0,103200.0,105100.0,102200.0,660571.0,5922000000.0
006400,562000.0,185273000000.0,571000.0,575000.0,560000.0,327010.0,147136000000.0
000270,109600.0,80124000000.0,112700.0,112800.0,109300.0,727558.0,20972000000.0
068270,183500.0,45355000000.0,182800.0,184000.0,181200.0,247569.0,11467000000.0
034730,580000.0,56124000000.0,579000.0,597000.0,575000.0,96073.0,10615000000.0
329180,400000.0,130906000000.0,420000.0,420000.0,399500.0,323090.0,41980000000.0
086790,128900.0,56317000000.0,128700.0,129800.0,127500.0,436864.0,3397000000.0
066570,208000.0,383146000000.0,231500.0,238000.0,207000.0,1766041.0,323593000000.0
012330,373500.0,59976000000.0,380000.0,380500.0,373000.0,159901.0,27198000000.0
010120,205500.0,181705000000.0,227000.0,229000.0,205000.0,845575.0,227059000000.0
035420,189000.0,89946000000.0,191300.0,191400.0,189000.0,473776.0,61129999999.99999
000810,629000.0,40730000000.0,631000.0,636000.0,622000.0,64825.0,2269000000.0
096770,159600.0,152291000000.0,156400.0,162700.0,153900.0,954962.0,68401000000.0
069500,108550.0,1927329000000.0,,,,,
042700,264500.0,151951000000.0,273500.0,275000.0,263500.0,565855.0,96236000000.0
316140,33350.0,47962000000.0,33500.0,33750.0,33200.0,1433893.0,6219000000.0
005490,307500.0,63478000000.0,315000.0,315500.0,307000.0,205022.0,29491000000.000004
298040,2588000.0,365771000000.0,2883000.0,2888000.0,2575000.0,137310.0,174801000000.0
042660,74100.0,58911000000.0,77400.0,77400.0,74100.0,781193.0,54623000000.0
000150,1399000.0,84367000000.0,1463000.0,1471000.0,1397000.0,59185.0,45467000000.0
267260,628000.0,148039000000.0,700000.0,701000.0,626000.0,226976.0,94532000000.0
010130,1063000.0,13895000000.0,1096000.0,1096000.0,1061000.0,12996.0,5067000000.0
138040,130400.0,14708000000.0,129700.0,131600.0,129100.0,112641.0,1167000000.0
009540,301500.0,85136000000.0,316500.0,316500.0,300000.0,278948.0,16679000000.0
360750,26025.0,671983000000.0,,,,,
011200,21400.0,11281000000.0,21300.0,21500.0,21200.0,527632.0,5144000000.0
051910,277000.0,47268000000.0,274500.0,280000.0,267000.0,171667.0,13344000000.0
015760,30050.0,26283000000.0,30550.0,30550.0,29900.0,872118.0,15572999999.999998
010950,170600.0,63613000000.0,165200.0,173700.0,162900.0,374614.0,23241000000.0
017670,87400.0,21008000000.0,87900.0,88300.0,87100.0,239903.0,13654000000.0
033780,179600.0,31906000000.0,176100.0,179800.0,176100.0,178438.0,5620000000.0
010140,19540.0,46693000000.0,19760.0,19770.0,19440.0,2383814.0,24692000000.0
003670,191400.0,146727000000.0,203000.0,203000.0,188300.0,760469.0,82132000000.0
003550,110800.0,12321000000.0,113500.0,114900.0,110600.0,110100.0,2265000000.0
006800,30500.0,32224000000.0,31700.0,31700.0,30500.0,1044794.0,15861000000.000002
024110,20100.0,8626000000.0,20150.0,20250.0,20050.0,428530.0,2322000000.0
018260,207000.0,37182000000.0,219000.0,219500.0,205000.0,176414.0,21734000000.0
267250,189500.0,39688000000.0,194200.0,194400.0,187800.0,209526.0,5918000000.0
272210,77600.0,53655000000.0,80400.0,81400.0,77500.0,677088.0,24869000000.0
035720,33050.0,36545000000.0,33550.0,33750.0,33000.0,1096157.0,
079550,659000.0,118643000000.0,699000.0,699000.0,659000.0,177049.0,32369000000.0
278470,379000.0,137568000000.0,364000.0,384500.0,363000.0,364449.0,65835000000.0
086280,188000.0,35510000000.0,200500.0,200500.0,187200.0,184398.0,8786000000.0
011070,591000.0,192929000000.0,645000.0,657000.0,583000.0,314271.0,135084999999.99998
030200,51300.0,9170000000.0,51500.0,51800.0,51100.0,178611.0,2116000000.0
000720,110900.0,47936000000.0,114600.0,114700.0,110600.0,427875.0,38442000000.0
133690,185285.0,602061000000.0,,,,,
005830,186900.0,28933000000.0,183200.0,191800.0,183200.0,153462.0,3670000000.0000005
047810,121800.0,52153000000.0,128600.0,128800.0,121600.0,421330.0,21107000000.0
064350,107900.0,36317000000.0,112600.0,112600.0,107600.0,331802.0,15837000000.0
003490,30850.0,37279000000.0,31000.0,31950.0,30600.0,1199240.0,
379800,23655.0,548990000000.0,,,,,
488770,105750.0,60923000000.0,,,,,
396500,38875.0,261785000000.0,,,,,
307950,374000.0,15912000000.0,389500.0,389500.0,374000.0,41727.0,8212000000.0
078930,109900.0,49707000000.0,105000.0,115800.0,104100.0,453366.0,7238000000.0
102110,108885.0,1198455000000.0,,,,,
379810,27710.0,515235000000.0,,,,,
047050,57200.0,20911000000.0,57100.0,58000.0,56200.0,364710.0,11455000000.0
443060,220000.0,17874000000.0,224000.0,224000.0,216500.0,81097.0,2636000000.0
005940,26550.0,10016000000.0,26650.0,27050.0,26300.0,374454.0,1363000000.0
071050,174400.0,23855000000.0,177100.0,177200.0,173600.0,136036.0,4084000000.0000005
028050,48600.0,87931000000.0,48050.0,49650.0,47350.0,1797380.0,
323410,19860.0,7995000000.0,19990.0,20100.0,19820.0,402095.0,2499000000.0
259960,200500.0,15360000000.0,199800.0,203500.0,198500.0,76265.0,1907000000.0
0126Z0,369000.0,9046000000.0,375500.0,378000.0,367500.0,24304.0,5803000000.0
003230,1217000.0,29244000000.0,1208000.0,1226000.0,1197000.0,24031.0,14638000000.0
000500,306500.0,161728000000.0,351000.0,359500.0,305000.0,485645.0,282836000000.0
007660,122000.0,166568000000.0,131100.0,131200.0,121000.0,1331724.0,69220000000.0
180640,133900.0,4035000000.0,133900.0,134800.0,132100.0,30244.0,792000000.0
006260,280000.0,91890000000.0,307000.0,307000.0,280000.0,320431.0,43034000000.0
009830,36150.0,68850000000.0,37000.0,37150.0,36000.0,1888954.0,
090430,138500.0,33366000000.0,134000.0,142000.0,134000.0,239929.0,11478000000.0
016360,89400.0,21025000000.0,88600.0,90500.0,87700.0,234221.0,6030000000.0
278530,39330.0,27080000000.0,,,,,
161390,60700.0,9019000000.0,60400.0,60800.0,59600.0,149403.0,872000000.0000001
353200,151300.0,124472000000.0,154700.0,156200.0,148100.0,819760.0,
021240,102200.0,11822000000.0,99900.0,103300.0,99900.0,115586.0,455000000.0
352820,167000.0,72766000000.0,157100.0,169200.0,155900.0,438528.0,35241000000.0
047040,17340.0,61184000000.0,17970.0,18030.0,17330.0,3468916.0,
062040,231500.0,96330000000.0,247500.0,247500.0,229500.0,406589.0,110783000000.0
459580,1074240.0,986100000000.0,,,,,
128940,534000.0,73819000000.0,538000.0,551000.0,516000.0,139744.0,46122000000.0
064400,69100.0,45735000000.0,73200.0,73600.0,69100.0,647978.0,
039490,247000.0,19475000000.0,252000.0,254500.0,244500.0,78147.0,4908000000.0
000880,118000.0,11801000000.0,125100.0,126200.0,117600.0,98671.0,3901000000.0
381180,46015.0,55687000000.0,,,,,
032640,14500.0,8302000000.0,14500.0,14650.0,14450.0,571418.0,515000000.00000006
091160,144715.0,195009000000.0,,,,,
005387,174000.0,16531000000.0,179500.0,179500.0,173800.0,94202.0,
326030,76000.0,4908000000.0,77700.0,77800.0,75800.0,64338.0,3597999999.9999995
498400,20285.0,149213000000.0,,,,,
000990,134400.0,71539000000.0,138500.0,141500.0,133900.0,522185.0,41795000000.0
001440,29800.0,114919000000.0,32600.0,32850.0,29800.0,3723914.0,
0167A0,18955.0,153644000000.0,,,,,
122630,107230.0,1420416000000.0,,,,,
000100,75000.0,12389000000.0,76400.0,76800.0,74800.0,164588.0,4129999999.9999995
267270,115300.0,52788000000.0,118200.0,118300.0,111900.0,460564.0,25532000000.0
011790,108200.0,26982000000.0,111600.0,113700.0,108000.0,244114.0,22312000000.0
377300,39600.0,4558000000.0,40250.0,40450.0,39500.0,114590.0,2598000000.0
241560,55000.0,7229000000.0,55400.0,55700.0,54900.0,130942.0,819000000.0
175330,28250.0,7304000000.0,28400.0,28900.0,28100.0,257396.0,463000000.0
229200,15345.0,338973000000.0,,,,,
036570,237500.0,48958000000.0,225500.0,243500.0,224500.0,205959.0,17921000000.0
052690,127800.0,39795000000.0,134500.0,134500.0,127300.0,305439.0,75812000000.0
029780,41750.0,2695000000.0,41750.0,42050.0,41550.0,64480.0,279000000.0
066970,117600.0,48871000000.0,122300.0,124000.0,117500.0,407097.0,37229000000.0
138930,15480.0,13196000000.0,15900.0,16110.0,15420.0,846679.0,2052000000.0
088980,9800.0,6131000000.0,9740.0,9820.0,9730.0,626672.0,
454910,71200.0,21591000000.0,74900.0,75000.0,71100.0,297945.0,
088350,5310.0,8329000000.0,5260.0,5390.0,5250.0,1562379.0,
310970,48690.0,136000000.0,,,,,
010060,240000.0,38202000000.0,245500.0,248500.0,238000.0,156754.0,31802999999.999996
148020,109445.0,201939000000.0,,,,,
103590,88000.0,60349000000.0,91500.0,93000.0,87400.0,671453.0,89751000000.0
271560,106100.0,7132000000.0,106500.0,107000.0,105100.0,67428.0,443000000.0
458730,13975.0,24279000000.0,,,,,
395160,42250.0,126635000000.0,,,,,
0162Z0,13660.0,56601000000.0,,,,,
034220,8250.0,22385000000.0,8580.0,8580.0,8250.0,2679083.0,
001450,48100.0,13664000000.0,46900.0,48750.0,46700.0,283720.0,1773000000.0
051900,271000.0,14280000000.0,264500.0,275500.0,264500.0,52570.0,4082000000.0
002380,467500.0,5844000000.0,474000.0,478500.0,467500.0,12369.0,1273000000.0
360200,26295.0,40401000000.0,,,,,
008930,58100.0,7649000000.0,57800.0,58800.0,56400.0,132333.0,3901000000.0
005385,173400.0,10531000000.0,179300.0,179400.0,173100.0,60271.0,
018880,3855.0,19294000000.0,3905.0,3945.0,3805.0,4992198.0,
381170,31925.0,15523000000.0,,,,,
357870,58190.0,7013000000.0,,,,,
001040,131900.0,8787000000.0,130000.0,133600.0,129100.0,66585.0,2107999999.9999998
004020,28450.0,24230000000.0,29800.0,29800.0,28300.0,844826.0,8862000000.0
082740,45300.0,20875000000.0,47800.0,47800.0,45300.0,451928.0,14772999999.999998
395270,60230.0,76023000000.0,,,,,
411060,24880.0,24452000000.0,,,,,
233740,8180.0,465834000000.0,,,,,
423160,110730.0,16142000000.0,,,,,
367380,31845.0,28910000000.0,,,,,
273130,110445.0,1235000000.0,,,,,
192820,308500.0,61564000000.0,311000.0,320000.0,296000.0,200730.0,21619000000.0
161890,145600.0,72275000000.0,143600.0,150600.0,139800.0,501018.0,54116000000.0
102780,26575.0,8698000000.0,,,,,
036460,36400.0,4048000000.0,35950.0,36400.0,35550.0,112320.0,534999999.99999994
028670,6210.0,25877000000.0,6010.0,6300.0,5990.0,4161797.0,
0043B0,103920.0,17301000000.0,,,,,
022100,21050.0,4153000000.0,21850.0,21850.0,21050.0,194832.0,3546000000.0
012750,83800.0,3969000000.0,85400.0,85800.0,83600.0,47113.0,236000000.0
455890,55665.0,9084000000.0,,,,,
111770,70800.0,4914000000.0,69600.0,72700.0,69200.0,69486.0,1361000000.0
487240,35525.0,206766000000.0,,,,,
035250,14330.0,2183000000.0,14290.0,14370.0,14230.0,152654.0,588000000.0
085620,22650.0,12883000000.0,20400.0,23400.0,20200.0,574760.0,
004170,319500.0,22243000000.0,322500.0,330000.0,317500.0,69413.0,3725000000.0
031210,42800.0,1672000000.0,42100.0,43100.0,41950.0,39151.0,570000000.0
302440,38000.0,3038000000.0,38250.0,38750.0,37500.0,79978.0,2772000000.0
336260,45250.0,20696000000.0,48400.0,48400.0,45200.0,446962.0,28687000000.0
011780,115900.0,6591000000.0,118700.0,118700.0,114200.0,56960.0,932000000.0
014680,269000.0,7144000000.0,272500.0,278500.0,264500.0,26560.0,1099000000.0
251270,34550.0,5164000000.0,34500.0,35100.0,34250.0,148786.0,770000000.0
007340,49050.0,4699000000.0,49700.0,50600.0,48950.0,95058.0,1787000000.0
139130,18000.0,7559000000.0,18670.0,18770.0,17960.0,417845.0,729000000.0
383220,74100.0,3663000000.0,71600.0,74500.0,69300.0,50094.0,1469000000.0
017800,72000.0,4901000000.0,73100.0,73200.0,72000.0,67619.0,1382000000.0
020150,53700.0,17184000000.0,53500.0,55500.0,52300.0,318103.0,11485000000.0
006360,32850.0,21995000000.0,33250.0,33500.0,32600.0,664816.0,
023530,99000.0,16981000000.0,100100.0,101200.0,97000.0,173108.0,1350000000.0
375500,72100.0,13226000000.0,74100.0,74400.0,71900.0,181373.0,
097950,182500.0,11787000000.0,179700.0,183400.0,178000.0,64885.0,2600000000.0
139260,143705.0,47704000000.0,,,,,
472150,19950.0,70299000000.0,,,,,
450080,38250.0,12678000000.0,39550.0,39600.0,38050.0,328501.0,
426030,48605.0,23695000000.0,,,,,
481050,1022475.0,32528000000.0,,,,,
486290,10600.0,12290000000.0,,,,,
026960,26450.0,823000000.0,26700.0,26700.0,26050.0,31254.0,358000000.0
011170,60700.0,5623000000.0,60900.0,61800.0,59000.0,92818.0,2211000000.0
003690,14640.0,1288000000.0,14500.0,14710.0,14440.0,88155.0,328000000.0
004800,152000.0,4254000000.0,159000.0,159200.0,151700.0,27675.0,648000000.0
018670,270500.0,8330000000.0,255000.0,275000.0,255000.0,30860.0,2444000000.0
489790,49400.0,5837000000.0,51700.0,51700.0,49300.0,116730.0,6302000000.0
281820,123000.0,134388000000.0,108500.0,134100.0,108400.0,1086457.0,80432000000.0
004370,400000.0,5956000000.0,395000.0,404000.0,393500.0,14879.0,1678000000.0
000240,25550.0,870000000.0,25450.0,25700.0,25150.0,34175.0,117000000.0
112610,57200.0,14089000000.0,57100.0,58100.0,56500.0,245408.0,
457190,79400.0,16718000000.0,82200.0,82500.0,79000.0,206997.0,20104000000.0
009420,45800.0,8405000000.0,47400.0,47400.0,45750.0,182266.0,5007000000.0
278540,38900.0,900000000.0,,,,,
449170,112090.0,5188000000.0,,,,,
005850,50900.0,1716000000.0,51700.0,52000.0,50700.0,33594.0,562000000.0
161510,24305.0,14364000000.0,,,,,
004990,23300.0,878000000.0,23250.0,23400.0,23100.0,37797.0,364000000.0
001720,139600.0,671000000.0,144000.0,144000.0,138800.0,4794.0,190000000.0
483650,182800.0,23140000000.0,184700.0,190900.0,181100.0,125312.0,14602000000.000002
005440,12280.0,4319000000.0,12510.0,12520.0,12260.0,349541.0,391000000.0
282330,130000.0,5804000000.0,126800.0,130300.0,126600.0,44896.0,342000000.0
009970,170900.0,2518000000.0,162600.0,173000.0,162300.0,14865.0,507000000.0
279570,5420.0,1182000000.0,5510.0,5510.0,5410.0,217056.0,
030000,18960.0,6677000000.0,18640.0,19050.0,18570.0,352726.0,1422000000.0
385540,103555.0,349000000.0,,,,,
204320,45600.0,14860000000.0,47800.0,47800.0,45350.0,322977.0,
007810,88400.0,58533000000.0,85300.0,90000.0,83800.0,672979.0,69318000000.0
229640,69000.0,15914000000.0,70800.0,71000.0,68000.0,228980.0,21610000000.0
456600,58750.0,5959000000.0,,,,,
081660,39200.0,6541000000.0,39000.0,39700.0,38250.0,167498.0,294000000.0
305720,15720.0,68974000000.0,,,,,
0193T0,10130.0,189035000000.0,,,,,
002790,26500.0,3554000000.0,25400.0,26500.0,25300.0,135729.0,931000000.0
051600,44400.0,4165000000.0,46150.0,46150.0,44350.0,92626.0,2373000000.0
139480,71300.0,4652000000.0,71900.0,72000.0,71100.0,65029.0,1024000000.0
284430,20280.0,7022000000.0,,,,,
214980,114610.0,1383000000.0,,,,,
292150,37820.0,11647000000.0,,,,,
073240,6660.0,4081000000.0,6690.0,6770.0,6640.0,610745.0,1966000000.0
103140,68000.0,31068000000.0,75500.0,75900.0,67400.0,447591.0,10999000000.0
007070,22450.0,1338000000.0,22050.0,22500.0,21950.0,59975.0,288000000.0
069960,86800.0,8733000000.0,87700.0,88200.0,85200.0,101123.0,1560000000.0
089860,51300.0,3051000000.0,51000.0,51600.0,50400.0,59574.0,690000000.0
462870,31350.0,902000000.0,31000.0,31500.0,30600.0,28872.0,310000000.0
181710,56900.0,4091000000.0,58300.0,59400.0,56700.0,70982.0,1855000000.0
000155,460000.0,3057000000.0,480000.0,482500.0,460000.0,6504.0,
439260,46600.0,1544000000.0,48000.0,48000.0,46600.0,32841.0,832000000.0
442580,104540.0,63684000000.0,,,,,
294400,142500.0,14984000000.0,,,,,
441640,12180.0,6652000000.0,,,,,
001120,43950.0,4308000000.0,43300.0,44700.0,43000.0,97274.0,1036999999.9999999
020560,8240.0,604000000.0,8270.0,8520.0,8200.0,72870.0,104000000.0
120110,56000.0,6266000000.0,57600.0,58000.0,55700.0,110812.0,3081000000.0
475150,49100.0,21466000000.0,50600.0,50900.0,49000.0,432500.0,
001820,159700.0,116677000000.0,158800.0,166300.0,156400.0,719618.0,
368590,30860.0,4256000000.0,,,,,
093370,15270.0,45513000000.0,16100.0,16200.0,15140.0,2933258.0,
446770,81835.0,8655000000.0,,,,,
023590,37700.0,1790000000.0,38250.0,38250.0,37600.0,47214.0,350000000.0
105190,108790.0,85058000000.0,,,,,
322000,145500.0,32803000000.0,151300.0,152500.0,145000.0,221597.0,
000120,70300.0,2674000000.0,70000.0,70900.0,69500.0,38045.0,1074000000.0
395400,5320.0,762000000.0,5290.0,5320.0,5240.0,144149.0,
001430,44150.0,6425000000.0,46600.0,46650.0,44150.0,142697.0,2708000000.0
329200,4045.0,9187000000.0,,,,,
477080,107815.0,594000000.0,,,,,
487230,20625.0,23061000000.0,,,,,
006040,35150.0,630000000.0,35000.0,35300.0,34750.0,17971.0,138000000.0
008770,39400.0,5877000000.0,39100.0,39600.0,38900.0,149527.0,1802000000.0
610063,55920.0,2000000.0,,,,,
005070,46400.0,5727000000.0,47300.0,47300.0,46150.0,122841.0,5637000000.0
0177N0,14375.0,36021000000.0,,,,,
009155,528000.0,7089000000.0,542000.0,547000.0,528000.0,13177.0,
071970,45000.0,9996000000.0,47700.0,47700.0,44800.0,218723.0,7239000000.0
006280,130500.0,3196000000.0,129200.0,131000.0,127700.0,24546.0,1912000000.0
379780,22695.0,7044000000.0,,,,,
361610,18280.0,8253000000.0,18100.0,18540.0,17720.0,451633.0,3322999999.9999995
091230,153740.0,28362000000.0,,,,,
232080,15620.0,151331000000.0,,,,,
0193W0,12715.0,86183000000.0,,,,,
152100,110155.0,59532000000.0,,,,,
294870,22150.0,1571000000.0,21750.0,22350.0,21650.0,70917.0,269000000.0
011210,52000.0,2982000000.0,53800.0,53800.0,51900.0,56856.0,1141000000.0
226490,70215.0,27695000000.0,,,,,
390390,57615.0,29268000000.0,,,,,
453850,6705.0,5847000000.0,,,,,
001800,22800.0,728000000.0,22650.0,22950.0,22600.0,32064.0,137000000.0
012630,22600.0,1039000000.0,23100.0,23250.0,22550.0,45625.0,284000000.0
097230,14870.0,2781000000.0,15440.0,15470.0,14860.0,184693.0,
0195S0,8615.0,77218000000.0,,,,,
455850,30310.0,143186000000.0,,,,,
466920,24865.0,18786000000.0,,,,,
475630,1079715.0,41354000000.0,,,,,
469150,64420.0,16919000000.0,,,,,
448330,17665.0,12867000000.0,,,,,
700026,107960.0,0.0,,,,,
157450,112870.0,7288000000.0,,,,,
069620,110400.0,1075000000.0,110100.0,111100.0,109400.0,9755.0,881000000.0
001740,6370.0,3486000000.0,6560.0,6560.0,6350.0,543150.0,
436140,106825.0,33000000.0,,,,,
00680K,9980.0,3066000000.0,10190.0,10200.0,9930.0,305848.0,
066575,73700.0,12009000000.0,81400.0,81800.0,73600.0,157281.0,
007310,315000.0,748000000.0,314000.0,317000.0,312500.0,2383.0,187000000.0
465580,24985.0,11283000000.0,,,,,
006120,71900.0,8469000000.0,66300.0,72500.0,64700.0,120852.0,2342000000.0
494310,98400.0,299561000000.0,,,,,
487340,106265.0,1187000000.0,,,,,
438080,13770.0,4739000000.0,,,,,
415640,10040.0,759000000.0,10000.0,10060.0,9890.0,76133.0,
298020,283000.0,3801000000.0,289000.0,289000.0,278000.0,13476.0,969000000.0
192080,57300.0,3201000000.0,56200.0,57500.0,56000.0,56162.0,131000000.0
330590,4155.0,476000000.0,4160.0,4160.0,4055.0,115685.0,
003540,25000.0,712000000.0,25500.0,25500.0,25000.0,28364.0,493000000.0
300720,16180.0,570000000.0,16080.0,16290.0,15900.0,35342.0,339000000.0
153130,113330.0,1713000000.0,,,,,
000815,394000.0,1889000000.0,396000.0,402000.0,391500.0,4779.0,
356540,101770.0,27000000.0,,,,,
530031,2915.0,2586000000.0,,,,,
003160,41550.0,22026000000.0,41400.0,41950.0,40400.0,533914.0,15562000000.0
497570,23355.0,8079000000.0,,,,,
0183J0,7785.0,12342000000.0,,,,,
280360,122700.0,1256000000.0,119700.0,124000.0,119700.0,10228.0,313000000.0
030610,9800.0,341000000.0,9920.0,9950.0,9750.0,34838.0,147000000.0
0072R0,11900.0,11702000000.0,,,,,
0139F0,102450.0,21000000.0,,,,,
004000,42700.0,1444000000.0,42450.0,43000.0,42200.0,33900.0,424000000.0
195870,64700.0,16566000000.0,67600.0,67700.0,63800.0,254117.0,9713000000.0
445290,30920.0,5816000000.0,,,,,
469830,54575.0,7822000000.0,,,,,
494300,8965.0,5647000000.0,,,,,
449180,17470.0,12359000000.0,,,,,
451540,53135.0,130000000.0,,,,,
017960,20250.0,2621000000.0,20700.0,20750.0,20250.0,128095.0,1880000000.0
000080,14860.0,864000000.0,14680.0,14970.0,14680.0,58221.0,119000000.0
000210,49250.0,1763000000.0,49450.0,49900.0,48050.0,35849.0,610000000.0
003240,924000.0,1042000000.0,915000.0,931000.0,899000.0,1130.0,171000000.0
003570,30550.0,1759000000.0,31000.0,31550.0,30400.0,56889.0,867000000.0
006340,12950.0,29215000000.0,13770.0,13830.0,12950.0,2178042.0,
494890,31260.0,10788000000.0,,,,,
295040,40705.0,2147000000.0,,,,,
479520,106705.0,1563000000.0,,,,,
006110,66000.0,11506000000.0,70600.0,70600.0,65400.0,172058.0,6781000000.0
760009,107670.0,514000000.0,,,,,
446720,12810.0,4095000000.0,,,,,
305540,19870.0,16354000000.0,,,,,
0117V0,18545.0,47292000000.0,,,,,
030190,16850.0,1367000000.0,16300.0,17050.0,16150.0,81110.0,273000000.0
192400,27300.0,339000000.0,27050.0,27300.0,26650.0,12545.0,70000000.0
451800,5340.0,228000000.0,5340.0,5430.0,5290.0,42850.0,
003530,4450.0,3672000000.0,4620.0,4620.0,4445.0,812521.0,
009240,40500.0,954000000.0,39650.0,40650.0,39650.0,23598.0,122000000.0
438100,15200.0,3841000000.0,,,,,
0219E0,8240.0,42067000000.0,,,,,
051915,122400.0,4012000000.0,120800.0,122500.0,119000.0,33119.0,
495050,31745.0,20671000000.0,,,,,
315930,77515.0,598000000.0,,,,,
237350,86615.0,11321000000.0,,,,,
0048J0,13365.0,8945000000.0,,,,,
402970,14230.0,2878000000.0,,,,,
449450,47910.0,17877000000.0,,,,,
071320,79000.0,630000000.0,78300.0,79600.0,78300.0,7988.0,383000000.0
185750,66200.0,901000000.0,65700.0,66700.0,65700.0,13640.0,279000000.0
003090,15700.0,1125000000.0,15400.0,15700.0,15330.0,72597.0,281000000.0
034230,9810.0,6776000000.0,9410.0,10040.0,9410.0,687916.0,3076000000.0
032350,11280.0,5883000000.0,10920.0,11490.0,10680.0,526786.0,1479000000.0
009450,61700.0,1301000000.0,61400.0,62400.0,60900.0,21053.0,704000000.0
0195R0,11590.0,65853000000.0,,,,,
285130,51400.0,926000000.0,51700.0,52000.0,51100.0,18000.0,227000000.0
077970,22100.0,2621000000.0,23600.0,23800.0,22100.0,114915.0,2889000000.0
005300,95300.0,804000000.0,94900.0,96300.0,94200.0,8417.0,169000000.0
462330,1150.0,99242000000.0,,,,,
498410,11340.0,9134000000.0,,,,,
479080,53960.0,764000000.0,,,,,
0117L0,10185.0,82000000.0,,,,,
004490,62700.0,2105000000.0,63900.0,64100.0,62500.0,33352.0,1503000000.0
475720,12540.0,9448000000.0,,,,,
000370,7340.0,1951000000.0,7240.0,7450.0,7230.0,265346.0,
490590,14685.0,9732000000.0,,,,,
0177R0,11845.0,19605000000.0,,,,,
248070,17580.0,16275000000.0,16800.0,18440.0,16780.0,909263.0,6484000000.0
079160,5030.0,912000000.0,4910.0,5100.0,4910.0,182275.0,
137310,6850.0,3331000000.0,6880.0,6880.0,6600.0,493270.0,9410000000.0
071055,140000.0,1379000000.0,142800.0,142800.0,139900.0,9805.0,
003470,4255.0,714000000.0,4330.0,4330.0,4255.0,166810.0,
466940,25675.0,9277000000.0,,,,,
700028,230515.0,671000000.0,,,,,
069660,108460.0,27538000000.0,,,,,
272580,57265.0,1090000000.0,,,,,
005180,88600.0,5836000000.0,84000.0,90000.0,83600.0,66246.0,1289000000.0
550082,55910.0,0.0,,,,,
0025N0,11855.0,1485000000.0,,,,,
005690,13020.0,10884000000.0,13260.0,13315.0,12930.0,830648.0,
418660,42080.0,6999000000.0,,,,,
100090,12400.0,5853000000.0,12830.0,12970.0,12370.0,462280.0,
441800,28120.0,3274000000.0,,,,,
495850,31460.0,4902000000.0,,,,,
365550,3130.0,390000000.0,3145.0,3170.0,3090.0,124809.0,
252670,73.0,442563000000.0,,,,,
457480,18260.0,3324000000.0,,,,,
003850,8770.0,1135000000.0,8720.0,8830.0,8650.0,129762.0,3379999999.9999995
499790,37900.0,1842000000.0,37750.0,38600.0,37500.0,48470.0,280000000.0
090460,22200.0,12875000000.0,22000.0,22700.0,21550.0,579631.0,14963999999.999998
000670,40150.0,946000000.0,41350.0,41400.0,40100.0,23387.0,512000000.0
476550,6325.0,4364000000.0,,,,,
456610,58455.0,1564000000.0,,,,,
298050,162700.0,782000000.0,164800.0,165500.0,161700.0,4820.0,364000000.0
364980,10695.0,42230000000.0,,,,,
036530,44650.0,412000000.0,44700.0,44950.0,44550.0,9226.0,142000000.0
329750,12700.0,2011000000.0,,,,,
114800,1008.0,633361000000.0,,,,,
144600,9805.0,3399000000.0,,,,,
367760,63155.0,9513000000.0,,,,,
214320,17960.0,750000000.0,17930.0,18150.0,17890.0,41701.0,122000000.0
481060,6975.0,2812000000.0,,,,,
064960,26650.0,777000000.0,26800.0,26850.0,26550.0,29161.0,484000000.0
002960,541000.0,780000000.0,525000.0,544000.0,523000.0,1460.0,415000000.00000006
580058,53980.0,0.0,,,,,
488080,38605.0,152823000000.0,,,,,
0127P0,10640.0,859000000.0,,,,,
094800,7500.0,616000000.0,7600.0,7710.0,7490.0,81806.0,
000400,2240.0,1432000000.0,2160.0,2295.0,2160.0,639424.0,
093050,23700.0,736000000.0,23950.0,23950.0,23600.0,31103.0,21000000.0
0101N0,21755.0,15494000000.0,,,,,
005090,47450.0,1638000000.0,48350.0,48750.0,46950.0,34366.0,1370000000.0
314250,65340.0,3666000000.0,,,,,
0061Z0,51155.0,32000000.0,,,,,
482730,11530.0,3834000000.0,,,,,
0148J0,9890.0,27291000000.0,,,,,
290130,47620.0,2570000000.0,,,,,
293940,5530.0,310000000.0,5500.0,5530.0,5460.0,56479.0,
005880,2070.0,2205000000.0,2040.0,2100.0,2030.0,1064487.0,
423920,95580.0,10669000000.0,,,,,
0167B0,11610.0,9610000000.0,,,,,
100840,33350.0,4132000000.0,34800.0,34900.0,33300.0,122316.0,5142000000.0
456040,73000.0,1028000000.0,73800.0,74500.0,72900.0,14025.0,641000000.0
491010,25780.0,2525000000.0,,,,,
458760,10135.0,1753000000.0,,,,,
0007F0,10210.0,70000000.0,,,,,
434730,55850.0,15102000000.0,,,,,
069260,15840.0,629000000.0,15910.0,15930.0,15730.0,39688.0,129000000.0
471990,30485.0,78123000000.0,,,,,
001060,27650.0,1383000000.0,27700.0,28100.0,27300.0,49916.0,735000000.0
0015B0,19775.0,6361000000.0,,,,,
102970,17140.0,7000000000.0,,,,,
000640,94700.0,470000000.0,93700.0,95100.0,93100.0,4996.0,59000000.0
434060,16800.0,1250000000.0,,,,,
371460,8880.0,885000000.0,,,,,
001570,9900.0,0.0,0.0,0.0,0.0,0.0,
317450,43350.0,257000000.0,43450.0,44300.0,43350.0,5910.0,175000000.0
268280,126300.0,121000000.0,123800.0,128300.0,122700.0,971.0,22000000.0
002840,139700.0,331000000.0,136400.0,139700.0,134600.0,2409.0,37000000.0
004710,11840.0,8552000000.0,11880.0,12050.0,11490.0,727657.0,
014820,21650.0,291000000.0,21600.0,22000.0,21600.0,13425.0,76000000.0
017940,91400.0,700000000.0,91300.0,92300.0,89600.0,7661.0,42000000.0
336370,8880.0,1056000000.0,9260.0,9320.0,8870.0,116901.0,943000000.0
453340,18990.0,683000000.0,18900.0,19130.0,18840.0,35929.0,45000000.0
466950,32445.0,2760000000.0,,,,,
017900,10570.0,23276000000.0,10470.0,10800.0,10050.0,2236291.0,
108320,37600.0,2026000000.0,38100.0,38250.0,37200.0,53838.0,1036000000.0
383800,8010.0,503000000.0,8040.0,8090.0,7950.0,62801.0,225999999.99999997
001680,17590.0,605000000.0,17560.0,17770.0,17500.0,34323.0,165000000.0
491620,10520.0,5113000000.0,,,,,
192650,9120.0,6125000000.0,9480.0,9530.0,9110.0,661684.0,
0091P0,16550.0,33544000000.0,,,,,
178920,20350.0,970000000.0,20450.0,20600.0,20050.0,47818.0,405999999.99999994
033240,27450.0,1875000000.0,28250.0,28250.0,27250.0,68171.0,927999999.9999999
0019K0,13580.0,3845000000.0,,,,,
489250,12055.0,2447000000.0,,,,,
496020,52665.0,153000000.0,,,,,
006650,90600.0,3645000000.0,89600.0,91200.0,86400.0,40805.0,1719000000.0000002
251600,15150.0,1930000000.0,,,,,
477050,53705.0,900000000.0,,,,,
449190,23465.0,21258000000.0,,,,,
019170,11010.0,33031000000.0,11020.0,11250.0,10300.0,3056349.0,85502000000.0
484790,7730.0,2740000000.0,,,,,
138540,44200.0,9802000000.0,,,,,
079900,39050.0,1021000000.0,40200.0,40300.0,39050.0,25756.0,1049000000.0
451000,107830.0,7000000.0,,,,,
462010,5135.0,21293000000.0,,,,,
002350,5760.0,369000000.0,5780.0,5820.0,5730.0,63847.0,
016380,5600.0,1321000000.0,5720.0,5720.0,5590.0,234292.0,
284740,24900.0,897000000.0,24650.0,25400.0,24550.0,35830.0,263000000.0
075580,9810.0,827000000.0,10030.0,10060.0,9810.0,83667.0,519000000.00000006
277630,71380.0,9737000000.0,,,,,
025540,55000.0,720000000.0,56000.0,56000.0,54700.0,13073.0,570000000.0
365780,82605.0,381000000.0,,,,,
00088K,37250.0,733000000.0,38750.0,39150.0,37250.0,19362.0,
00104K,128000.0,463000000.0,127000.0,128800.0,125800.0,3621.0,
114090,8600.0,1458000000.0,8450.0,8710.0,8320.0,171256.0,675000000.0
484870,19270.0,3682000000.0,19500.0,20500.0,18860.0,187462.0,2334000000.0
455030,11470.0,622000000.0,,,,,
001530,25450.0,404000000.0,25900.0,26300.0,25200.0,15889.0,186000000.0
007700,13470.0,42000000.0,13400.0,13580.0,13380.0,3151.0,14000000.000000002
0163Y0,10815.0,23351000000.0,,,,,
0105E0,12615.0,2628000000.0,,,,,
161000,10820.0,2136000000.0,11120.0,11130.0,10810.0,195053.0,2679000000.0
003300,17070.0,129000000.0,17430.0,17430.0,17070.0,7503.0,20000000.0
003620,2600.0,1142000000.0,2585.0,2640.0,2550.0,438760.0,
001510,2260.0,3768000000.0,2330.0,2330.0,2260.0,1641799.0,
029460,47250.0,2910000000.0,44900.0,47900.0,44550.0,62221.0,1267000000.0
435420,14240.0,3342000000.0,,,,,
009410,1624.0,471000000.0,1628.0,1649.0,1619.0,287983.0,
001270,49800.0,73000000.0,50700.0,51300.0,49800.0,1469.0,22000000.0
058650,126300.0,142000000.0,128800.0,128800.0,125700.0,1125.0,
008060,16330.0,1208000000.0,16250.0,16480.0,16090.0,74085.0,254000000.0
005810,35300.0,826000000.0,36400.0,36500.0,35300.0,23204.0,281000000.0
452260,2625.0,2551000000.0,2640.0,2720.0,2595.0,958488.0,
0220W0,6010.0,11899000000.0,5710.0,6060.0,5560.0,2018509.0,
361580,61705.0,75795000000.0,,,,,
494670,19675.0,8665000000.0,,,,,
114260,61920.0,707000000.0,,,,,
315960,75950.0,4783000000.0,,,,,
371160,6140.0,1128000000.0,,,,,
438330,115875.0,1473000000.0,,,,,
396520,12000.0,1138000000.0,,,,,
448290,18090.0,1997000000.0,,,,,
476800,4200.0,1721000000.0,,,,,
251350,38085.0,812000000.0,,,,,
003545,19910.0,648000000.0,20150.0,20150.0,19850.0,32506.0,
444200,43880.0,619000000.0,,,,,
496080,31590.0,3609000000.0,,,,,
460860,9670.0,1869000000.0,9800.0,9870.0,9660.0,191537.0,1607999999.9999998
377740,4700.0,288000000.0,4670.0,4715.0,4640.0,61659.0,
145990,46100.0,214000000.0,45800.0,46400.0,45550.0,4686.0,15000000.0
001500,7680.0,326000000.0,7800.0,7800.0,7680.0,42200.0,134000000.00000001
483280,11975.0,1597000000.0,,,,,
463250,31725.0,11586000000.0,,,,,
0173Y0,12620.0,27967000000.0,,,,,
249420,14810.0,2859000000.0,15060.0,15130.0,14810.0,191386.0,8270000000.0
005250,9940.0,2445000000.0,9730.0,10150.0,9730.0,244216.0,1308000000.0
039130,30150.0,346000000.0,30400.0,30400.0,30050.0,11479.0,305000000.0
020000,21700.0,1965000000.0,21300.0,21850.0,21300.0,91052.0,424000000.0
471230,103975.0,557000000.0,,,,,
004690,128300.0,617000000.0,128400.0,129000.0,126400.0,4830.0,34000000.0
448730,5080.0,163000000.0,5000.0,5080.0,5000.0,32413.0,
0190C0,7620.0,6021000000.0,,,,,
499660,1000915.0,9486000000.0,,,,,
217590,18890.0,88390000000.0,19400.0,20300.0,18800.0,4512191.0,
243880,355000.0,25262000000.0,,,,,
002240,16720.0,415000000.0,17120.0,17120.0,16720.0,24716.0,314000000.0
490490,10355.0,1563000000.0,,,,,
760013,89250.0,85000000.0,,,,,
009900,8480.0,912000000.0,8630.0,8670.0,8480.0,106712.0,676000000.0
003030,107000.0,1268000000.0,115100.0,115300.0,106400.0,11627.0,380000000.0
003280,1841.0,5806000000.0,1816.0,1861.0,1812.0,3147742.0,
004700,66500.0,116000000.0,66900.0,67900.0,66500.0,1734.0,7000000.000000001
000070,56800.0,711000000.0,56800.0,57300.0,56300.0,12551.0,110000000.00000001
447770,13950.0,1941000000.0,,,,,
005420,11470.0,1242000000.0,11800.0,11820.0,11450.0,107147.0,1307000000.0
451060,34835.0,3114000000.0,,,,,
010780,14750.0,372000000.0,14890.0,14900.0,14730.0,25136.0,89000000.0
403550,11500.0,215000000.0,11230.0,11620.0,11150.0,18817.0,86000000.0
385550,114390.0,2594000000.0,,,,,
448300,24215.0,15281000000.0,,,,,
016610,10150.0,310000000.0,10450.0,10450.0,10090.0,30403.0,119000000.0
002030,209000.0,305000000.0,206500.0,209000.0,201500.0,1486.0,6000000.0
034310,11700.0,170000000.0,11790.0,11900.0,11620.0,14514.0,26000000.0
474220,15065.0,849000000.0,,,,,
475300,26515.0,76167000000.0,,,,,
385560,51720.0,1039000000.0,,,,,
002990,11420.0,8935000000.0,11820.0,11820.0,11400.0,772246.0,
0016X0,51650.0,28000000.0,,,,,
271940,11690.0,255000000.0,11890.0,11900.0,11690.0,21683.0,482000000.0
293180,108810.0,4469000000.0,,,,,
090435,40150.0,1117000000.0,39000.0,40750.0,39000.0,27788.0,
003000,4270.0,10861000000.0,4215.0,4785.0,4155.0,2477962.0,
0210A0,7830.0,13231000000.0,,,,,
306200,148500.0,885000000.0,153300.0,155900.0,148500.0,5869.0,867000000.0
005945,22100.0,681000000.0,22400.0,22400.0,22100.0,30701.0,
072710,88800.0,72000000.0,88800.0,89200.0,88300.0,821.0,15000000.0
0023A0,23155.0,2726000000.0,,,,,
014830,60500.0,311000000.0,60900.0,61400.0,60500.0,5133.0,121000000.0
426020,31915.0,1245000000.0,,,,,
012030,2015.0,797000000.0,2075.0,2075.0,2000.0,391846.0,
241180,36025.0,769000000.0,,,,,
011930,19640.0,5784000000.0,20000.0,20300.0,19370.0,291752.0,
002810,21500.0,309000000.0,21450.0,21700.0,21100.0,14380.0,17000000.0
480260,53965.0,191000000.0,,,,,
130660,12150.0,1983000000.0,12590.0,12610.0,12150.0,160124.0,
357120,4060.0,263000000.0,4095.0,4095.0,4020.0,65125.0,
005389,170000.0,1502000000.0,174800.0,174800.0,170000.0,8768.0,
148070,104770.0,1247000000.0,,,,,
008730,15780.0,789000000.0,15950.0,16060.0,15430.0,50264.0,305000000.0
0060H0,12400.0,580000000.0,,,,,
474590,50375.0,3734000000.0,,,,,
001200,4020.0,815000000.0,4080.0,4100.0,4020.0,201503.0,
385720,25520.0,544000000.0,,,,,
439860,113950.0,1000000.0,,,,,
302450,70905.0,8425000000.0,,,,,
0046A0,9270.0,4050000000.0,,,,,
317400,9910.0,3675000000.0,10410.0,10450.0,9780.0,367941.0,
015360,14610.0,144000000.0,14680.0,14720.0,14560.0,9885.0,45000000.0
344820,24000.0,161000000.0,24150.0,24200.0,23600.0,6771.0,107000000.0
003350,16830.0,96142000000.0,15050.0,17910.0,15050.0,5644171.0,
0094M0,17130.0,38772000000.0,,,,,
476760,8110.0,6179000000.0,,,,,
031430,10810.0,894000000.0,10450.0,10920.0,10450.0,83179.0,405000000.0
092230,95700.0,81000000.0,95200.0,96300.0,94400.0,858.0,27000000.0
002710,14310.0,5637000000.0,15140.0,15150.0,14250.0,387104.0,18430000000.0
0120G0,49900.0,1914000000.0,51000.0,51200.0,49300.0,38071.0,1725000000.0
089590,4585.0,1060000000.0,4455.0,4635.0,4455.0,231586.0,
029530,38050.0,169000000.0,38800.0,38800.0,38000.0,4438.0,14000000.000000002
126560,3375.0,87000000.0,3360.0,3400.0,3360.0,25902.0,
469070,10940.0,2866000000.0,,,,,
006220,9640.0,365000000.0,9680.0,9720.0,9620.0,37807.0,
0040Y0,7875.0,2525000000.0,,,,,
010955,90300.0,2096000000.0,88000.0,90400.0,85000.0,23623.0,
016590,9010.0,41000000.0,9150.0,9220.0,9000.0,4531.0,18000000.0
0167Z0,7795.0,5368000000.0,,,,,
520054,179325.0,156000000.0,,,,,
006405,221500.0,1034000000.0,223500.0,224000.0,218000.0,4663.0,
183190,9960.0,328000000.0,10130.0,10130.0,9870.0,32965.0,104000000.0
027410,3740.0,411000000.0,3720.0,3770.0,3690.0,110121.0,
001940,25250.0,100000000.0,26000.0,26100.0,25250.0,3912.0,18000000.0
007690,38600.0,131000000.0,38700.0,38700.0,37900.0,3433.0,68000000.0
092790,13730.0,3419000000.0,14240.0,14300.0,13700.0,244910.0,
385510,41215.0,4752000000.0,,,,,
950210,5930.0,159000000.0,5880.0,6030.0,5870.0,26911.0,
310960,63415.0,2341000000.0,,,,,
442570,17440.0,1605000000.0,,,,,
005610,41100.0,132000000.0,40950.0,41400.0,40550.0,3226.0,30000000.0
270810,15275.0,2561000000.0,,,,,
091180,25175.0,1715000000.0,,,,,
015860,7160.0,748000000.0,7330.0,7400.0,7100.0,103867.0,
105630,8790.0,174000000.0,8900.0,8910.0,8790.0,19740.0,59000000.0
245710,27045.0,533000000.0,,,,,
458250,30950.0,3528000000.0,,,,,
194370,12000.0,412000000.0,12290.0,12340.0,12000.0,33943.0,181000000.0
0144L0,9535.0,1230000000.0,,,,,
472170,14165.0,1676000000.0,,,,,
462900,13210.0,11787000000.0,,,,,
0131V0,10705.0,564000000.0,,,,,
279530,17310.0,3406000000.0,,,,,
0026S0,12695.0,1362000000.0,,,,,
145720,40000.0,704000000.0,40100.0,40450.0,39700.0,17643.0,328000000.0
0182R0,11160.0,16645000000.0,,,,,
170900,35400.0,215000000.0,35350.0,35900.0,35200.0,6053.0,40000000.0
009290,6900.0,1752000000.0,6840.0,7030.0,6810.0,253029.0,
104700,9380.0,99000000.0,9660.0,9670.0,9380.0,10549.0,88000000.0
484880,21880.0,7147000000.0,,,,,
132030,23130.0,857000000.0,,,,,
060980,37600.0,248000000.0,37800.0,38100.0,37400.0,6591.0,56000000.00000001
570090,55920.0,0.0,,,,,
097520,19170.0,558000000.0,19510.0,19600.0,19100.0,28912.0,177000000.0
017810,8740.0,109000000.0,8870.0,8920.0,8740.0,12419.0,86000000.0
0052D0,15125.0,944000000.0,,,,,
0080G0,9535.0,29436000000.0,,,,,
005720,6290.0,651000000.0,6400.0,6400.0,6240.0,103618.0,
000157,370000.0,126000000.0,382500.0,383000.0,369000.0,337.0,
448630,15310.0,1683000000.0,,,,,
456880,11820.0,447000000.0,,,,,
0098F0,15360.0,19347000000.0,,,,,
011760,24600.0,333000000.0,24550.0,24900.0,24550.0,13519.0,106000000.0
0094K0,99800.0,831000000.0,,,,,
0043Y0,18905.0,502000000.0,,,,,
0162M0,10080.0,25000000.0,,,,,
009160,4915.0,194000000.0,4955.0,5000.0,4900.0,39522.0,
0052S0,11345.0,967000000.0,,,,,
026890,8250.0,532000000.0,7810.0,8300.0,7810.0,64969.0,110000000.00000001
02826K,217500.0,504000000.0,215000.0,221500.0,214000.0,2322.0,
485540,15860.0,3069000000.0,,,,,
024720,9270.0,88000000.0,9270.0,9450.0,9260.0,9460.0,79000000.0
096760,4230.0,204000000.0,4225.0,4300.0,4225.0,48163.0,
001230,2005.0,727000000.0,2030.0,2040.0,2000.0,361862.0,
0111P0,10810.0,959000000.0,,,,,
126720,21750.0,430000000.0,21900.0,22250.0,21600.0,19772.0,961999999.9999999
483320,26610.0,1178000000.0,,,,,
489030,6230.0,2659000000.0,,,,,
471780,39500.0,4143000000.0,,,,,
084010,8940.0,781000000.0,9230.0,9230.0,8900.0,86936.0,1030000000.0000001
381970,6280.0,351000000.0,6320.0,6410.0,6250.0,55360.0,198000000.0
453810,10530.0,827000000.0,,,,,
0232A0,100450.0,0.0,,,,,
272450,5830.0,196000000.0,5840.0,5930.0,5800.0,33577.0,
454780,100180.0,1000000.0,,,,,
005430,95600.0,258000000.0,96800.0,97600.0,94600.0,2690.0,
005950,11450.0,2032000000.0,11830.0,11830.0,11450.0,174814.0,
570022,60125.0,1000000.0,,,,,
497880,50075.0,4089000000.0,,,,,
481190,17345.0,1377000000.0,,,,,
025860,6030.0,630000000.0,6040.0,6130.0,6010.0,104080.0,
433330,21700.0,1248000000.0,,,,,
200880,11050.0,201000000.0,11250.0,11270.0,11040.0,18152.0,138000000.0
0038A0,15620.0,751000000.0,,,,,
136340,104155.0,546000000.0,,,,,
018250,11260.0,208000000.0,11170.0,11350.0,11160.0,18458.0,
002310,7530.0,296000000.0,7600.0,7610.0,7500.0,39215.0,
002020,23000.0,574000000.0,23900.0,23900.0,22900.0,24758.0,300000000.0
078520,11880.0,1758000000.0,11130.0,11960.0,11000.0,151172.0,793000000.0
123890,2415.0,155000000.0,2430.0,2440.0,2400.0,64272.0,
003120,22200.0,96000000.0,22650.0,22650.0,21900.0,4368.0,26000000.0
108670,32650.0,249000000.0,32950.0,33250.0,32550.0,7593.0,87000000.0
010820,6000.0,2318000000.0,6220.0,6240.0,5970.0,381716.0,
0008S0,9215.0,1873000000.0,,,,,
001750,19200.0,132000000.0,19280.0,19280.0,19010.0,6914.0,40000000.0
244920,12670.0,145000000.0,13390.0,13390.0,12340.0,11483.0,
091170,15725.0,9230000000.0,,,,,
033270,17970.0,374000000.0,17720.0,18080.0,17720.0,20923.0,110000000.00000001
475080,7840.0,694000000.0,,,,,
084690,7860.0,230000000.0,7850.0,7980.0,7850.0,29109.0,118000000.0
034830,1118.0,322000000.0,1115.0,1125.0,1101.0,290263.0,
004430,11760.0,1437000000.0,11550.0,11870.0,11390.0,122535.0,
471040,30570.0,1107000000.0,,,,,
0162Y0,8475.0,4232000000.0,,,,,
441680,10640.0,534000000.0,,,,,
001390,4220.0,478000000.0,4220.0,4270.0,4195.0,112930.0,
273140,114750.0,342000000.0,,,,,
461490,14480.0,681000000.0,,,,,
016800,24050.0,4000000.0,24550.0,24800.0,24050.0,178.0,0.0
044450,12230.0,498000000.0,11850.0,12270.0,11850.0,41031.0,
0089D0,13015.0,1374000000.0,,,,,
000430,4440.0,266000000.0,4400.0,4545.0,4340.0,59789.0,
122900,8230.0,362000000.0,8160.0,8260.0,8120.0,44182.0,
002900,6630.0,592000000.0,6600.0,6700.0,6560.0,89139.0,
409820,22225.0,1839000000.0,,,,,
473290,10905.0,59000000.0,,,,,
421320,28665.0,3966000000.0,,,,,
0183V0,11835.0,7177000000.0,,,,,
423170,60195.0,1133000000.0,,,,,
439870,89095.0,335000000.0,,,,,
388420,30725.0,1934000000.0,,,,,
017390,54200.0,101000000.0,54900.0,54900.0,54000.0,1875.0,46000000.0
058430,4470.0,969000000.0,4610.0,4640.0,4470.0,213990.0,
286940,17630.0,239000000.0,17470.0,17740.0,17360.0,13573.0,79000000.0
190620,102305.0,6311000000.0,,,,,
091810,2610.0,122000000.0,2630.0,2660.0,2610.0,46131.0,
0228G0,9935.0,677000000.0,,,,,
213610,22245.0,229000000.0,,,,,
005500,19820.0,742000000.0,19280.0,19830.0,19280.0,37716.0,422000000.0
010690,7550.0,655000000.0,7780.0,7780.0,7550.0,85889.0,
483340,23350.0,1099000000.0,,,,,
473330,7260.0,1556000000.0,,,,,
105840,12970.0,4034000000.0,13600.0,13770.0,12950.0,304059.0,
002320,16860.0,1207000000.0,16040.0,16950.0,15860.0,72742.0,417000000.0
004310,8170.0,8250000000.0,8340.0,8690.0,8160.0,980935.0,
123320,108305.0,15096000000.0,,,,,
196230,117210.0,166000000.0,,,,,
364970,6830.0,4288000000.0,,,,,
453870,10305.0,482000000.0,,,,,
307520,21595.0,6850000000.0,,,,,
226320,11760.0,1125000000.0,11360.0,11930.0,11310.0,95982.0,715000000.0
004360,13490.0,338000000.0,13330.0,13560.0,13300.0,25150.0,28000000.000000004
000650,180300.0,4372000000.0,138700.0,180300.0,138700.0,25158.0,
037710,33650.0,357000000.0,33500.0,33800.0,33450.0,10652.0,248000000.0
472920,98700.0,5000000.0,,,,,
003200,11100.0,463000000.0,10960.0,11200.0,10800.0,42303.0,311000000.0
486830,53470.0,106000000.0,,,,,
001250,3065.0,2880000000.0,3145.0,3260.0,3065.0,904953.0,
334890,3630.0,114000000.0,3595.0,3640.0,3565.0,31884.0,
005680,12500.0,215000000.0,12640.0,12740.0,12440.0,17227.0,
003960,27250.0,48000000.0,27550.0,27550.0,27250.0,1761.0,10000000.0
117700,6640.0,10053000000.0,,,,,
020120,6670.0,6554000000.0,7160.0,7160.0,6590.0,973040.0,
493810,11545.0,1242000000.0,,,,,
298690,1500.0,33000000.0,1500.0,1520.0,1495.0,22404.0,
228790,4290.0,35361000000.0,,,,,
136490,10240.0,397000000.0,10060.0,10270.0,10030.0,39057.0,
432320,1614.0,311000000.0,1636.0,1636.0,1605.0,192400.0,
025000,58600.0,532000000.0,57600.0,59200.0,57100.0,9158.0,
044820,25250.0,2608000000.0,24650.0,26000.0,24550.0,103636.0,
363580,58305.0,2831000000.0,,,,,
008490,20900.0,324000000.0,20300.0,20950.0,20100.0,15673.0,157000000.0
030210,3965.0,427000000.0,3865.0,3980.0,3865.0,108109.0,
001790,2800.0,191000000.0,2780.0,2820.0,2775.0,68680.0,
495230,31005.0,837000000.0,,,,,
010580,2155.0,753000000.0,2225.0,2300.0,2145.0,341929.0,
007160,47900.0,149000000.0,47700.0,48750.0,47550.0,3113.0,74000000.0
0030R0,4005.0,61000000.0,3945.0,4025.0,3870.0,15469.0,
404990,3860.0,145000000.0,3860.0,3915.0,3795.0,37992.0,
003920,41800.0,45000000.0,42250.0,42300.0,41750.0,1080.0,14000000.000000002
001460,37800.0,243000000.0,35550.0,38450.0,35550.0,6481.0,42000000.0
422420,7210.0,989000000.0,,,,,
139230,12050.0,713000000.0,,,,,
0182S0,12650.0,2164000000.0,,,,,
0053L0,8625.0,1214000000.0,,,,,
472160,19995.0,4369000000.0,,,,,
348950,1182.0,0.0,0.0,0.0,0.0,0.0,
000680,2955.0,97000000.0,2975.0,2995.0,2945.0,32991.0,
017860,13140.0,1219000000.0,13000.0,13170.0,12750.0,93871.0,
003070,9080.0,56000000.0,9150.0,9250.0,8980.0,6133.0,
329650,13990.0,475000000.0,,,,,
0092C0,50395.0,201000000.0,,,,,
283580,13975.0,866000000.0,,,,,
011500,14660.0,947000000.0,15100.0,15110.0,14640.0,63961.0,
001340,5070.0,361000000.0,5260.0,5260.0,5050.0,70421.0,
001470,5820.0,0.0,0.0,0.0,0.0,0.0,
363570,87365.0,4000000.0,,,,,
128820,5000.0,32365000000.0,4245.0,5210.0,4200.0,6496308.0,
900140,1169.0,298000000.0,1187.0,1200.0,1162.0,252706.0,
134380,10260.0,6000000.0,10320.0,10320.0,10260.0,679.0,
498270,14800.0,634000000.0,,,,,
053690,20300.0,2151000000.0,20750.0,20900.0,19970.0,106122.0,
0151S0,16060.0,1087000000.0,,,,,
000050,8100.0,1073000000.0,8000.0,8200.0,7910.0,133079.0,
092200,5710.0,944000000.0,5900.0,5900.0,5690.0,163711.0,
005010,3950.0,967000000.0,4060.0,4070.0,3950.0,242786.0,
028100,19770.0,322000000.0,19820.0,19950.0,19200.0,16345.0,
244580,8440.0,4740000000.0,,,,,
000540,3425.0,70000000.0,3490.0,3565.0,3420.0,20487.0,
442320,35120.0,584000000.0,,,,,
025560,7910.0,5219000000.0,8600.0,8700.0,7850.0,641152.0,
003720,6450.0,917000000.0,6610.0,6660.0,6390.0,141875.0,
0119H0,9945.0,231000000.0,,,,,
009680,10010.0,51000000.0,10070.0,10100.0,9960.0,5148.0,23000000.0
034120,11690.0,10000000.0,11780.0,11780.0,11690.0,859.0,14000000.000000002
490090,16360.0,1024000000.0,,,,,
458260,44545.0,119000000.0,,,,,
452360,12880.0,1337000000.0,,,,,
463050,11715.0,4693000000.0,,,,,
433500,55300.0,6144000000.0,,,,,
000490,7480.0,768000000.0,7700.0,7700.0,7480.0,101183.0,
0104N0,20840.0,1865000000.0,,,,,
271050,1772.0,3528000000.0,,,,,
448540,26985.0,2840000000.0,,,,,
437080,93925.0,791000000.0,,,,,
486450,19435.0,2162000000.0,,,,,
003650,122200.0,119000000.0,123700.0,123900.0,120800.0,983.0,
488980,52295.0,3000000.0,,,,,
03473K,374000.0,171000000.0,372500.0,377000.0,371500.0,460.0,
035510,15120.0,981000000.0,15550.0,15740.0,15120.0,63398.0,
077500,9770.0,3436000000.0,10010.0,10100.0,9500.0,351089.0,
305080,11525.0,908000000.0,,,,,
475560,14200.0,150000000.0,14310.0,14410.0,14190.0,10554.0,
530145,12375.0,2575000000.0,,,,,
0233J0,10440.0,3738000000.0,,,,,
480040,15325.0,4006000000.0,,,,,
033920,7300.0,34000000.0,7250.0,7400.0,7250.0,4785.0,
266160,32695.0,1096000000.0,,,,,
000320,15610.0,97000000.0,15880.0,15900.0,15580.0,6226.0,46000000.0
0093A0,37660.0,4115000000.0,,,,,
478150,17400.0,751000000.0,,,,,
0153K0,11955.0,666000000.0,,,,,
332930,142500.0,76000000.0,,,,,
520094,102625.0,2000000000.0,,,,,
035150,10380.0,185000000.0,10600.0,10600.0,10290.0,17740.0,45000000.0
157500,11575.0,2823000000.0,,,,,
0069M0,13850.0,4182000000.0,,,,,
003555,68000.0,161000000.0,68300.0,68600.0,67900.0,2364.0,
0005A0,9135.0,1180000000.0,,,,,
088260,3210.0,53000000.0,3215.0,3240.0,3185.0,16642.0,
000480,4300.0,44000000.0,4280.0,4345.0,4280.0,10383.0,
037270,3155.0,710000000.0,3115.0,3220.0,3105.0,223745.0,
004980,8130.0,404000000.0,8050.0,8200.0,8020.0,49826.0,160000000.0
412570,1304.0,10152000000.0,,,,,
298000,52000.0,381000000.0,52700.0,53400.0,51800.0,7295.0,
051905,94000.0,328000000.0,93000.0,95600.0,93000.0,3479.0,
000390,7220.0,766000000.0,7080.0,7310.0,7040.0,106202.0,
0005G0,56825.0,972000000.0,,,,,
339770,3920.0,75000000.0,3915.0,3930.0,3880.0,19429.0,
302190,50180.0,37000000.0,,,,,
003520,1069.0,339000000.0,1041.0,1072.0,1039.0,319360.0,
261260,5655.0,419000000.0,,,,,
117580,7060.0,435000000.0,7080.0,7130.0,7060.0,61359.0,
095570,4285.0,175000000.0,4260.0,4300.0,4250.0,41169.0,
433980,15755.0,605000000.0,,,,,
233160,9060.0,15448000000.0,,,,,
100250,3020.0,584000000.0,3030.0,3160.0,3005.0,191120.0,
520098,32080.0,332000000.0,,,,,
053210,4050.0,140000000.0,4015.0,4060.0,4005.0,34767.0,
039570,7410.0,35000000.0,7450.0,7470.0,7400.0,4722.0,
102460,10240.0,446000000.0,10020.0,10290.0,9990.0,43941.0,
013580,21300.0,362000000.0,21500.0,21650.0,21150.0,16909.0,
005960,8260.0,130000000.0,8410.0,8500.0,8260.0,15598.0,
001130,11210.0,180000000.0,11200.0,11220.0,10960.0,16271.0,11000000.0
016580,10180.0,51000000.0,10190.0,10190.0,10120.0,5065.0,
0082V0,11220.0,612000000.0,,,,,
267770,82160.0,4562000000.0,,,,,
494330,33125.0,387000000.0,,,,,
0091C0,9210.0,679000000.0,,,,,
001630,37550.0,169000000.0,37700.0,38600.0,37300.0,4504.0,52000000.0
0204D0,5450.0,3634000000.0,,,,,
487570,50300.0,65000000.0,50100.0,50900.0,50000.0,1291.0,
494220,53515.0,3625000000.0,,,,,
102260,3690.0,205000000.0,3700.0,3745.0,3670.0,55364.0,
461950,5220.0,10358000000.0,,,,,
495060,27910.0,1489000000.0,,,,,
473460,24400.0,573000000.0,,,,,
000520,8530.0,357000000.0,8720.0,8800.0,8530.0,41380.0,
003220,8250.0,2727000000.0,8510.0,8880.0,8160.0,323153.0,11279000000.0
495550,32425.0,128000000.0,,,,,
003547,19180.0,98000000.0,19250.0,19250.0,19130.0,5150.0,
500029,18410.0,90000000.0,,,,,
033530,6790.0,168000000.0,6890.0,6900.0,6770.0,24752.0,
476450,52960.0,49000000.0,,,,,
0190G0,10005.0,2943000000.0,,,,,
480020,10180.0,3834000000.0,,,,,
500099,18190.0,103000000.0,,,,,
530104,181595.0,100000000.0,,,,,
0115D0,6845.0,11542000000.0,,,,,
500069,180625.0,3000000.0,,,,,
004560,11930.0,398000000.0,12300.0,12330.0,11870.0,33142.0,
000140,7720.0,8000000.0,7860.0,7860.0,7700.0,1153.0,
466930,23055.0,2861000000.0,,,,,
429000,12400.0,750000000.0,,,,,
009470,26950.0,1051000000.0,27900.0,27900.0,26950.0,38309.0,
414780,12425.0,204000000.0,,,,,
002420,5690.0,52000000.0,5910.0,5910.0,5690.0,9096.0,
015230,6500.0,242000000.0,6520.0,6570.0,6420.0,37274.0,
003610,5490.0,153000000.0,5490.0,5490.0,5430.0,28173.0,
0005D0,16785.0,25285000000.0,,,,,
007860,7490.0,103000000.0,7690.0,7690.0,7460.0,13797.0,
377190,1989.0,160000000.0,1998.0,2005.0,1982.0,80615.0,
002100,9000.0,65000000.0,9070.0,9080.0,9000.0,7252.0,
332500,73125.0,3692000000.0,,,,,
0099L0,99950.0,15000000.0,,,,,
122090,81820.0,1410000000.0,,,,,
000300,4200.0,0.0,0.0,0.0,0.0,0.0,
234080,10940.0,193000000.0,11000.0,11080.0,10890.0,17706.0,
000700,6640.0,129000000.0,6430.0,6700.0,6430.0,19489.0,
016450,4305.0,54000000.0,4295.0,4350.0,4260.0,12827.0,
014710,9960.0,50000000.0,9800.0,10080.0,9800.0,5002.0,
0047A0,11420.0,209000000.0,,,,,
213500,7140.0,72000000.0,7200.0,7220.0,7140.0,10163.0,
483290,9480.0,980000000.0,,,,,
003460,2975.0,78000000.0,2995.0,3000.0,2970.0,26375.0,
403790,57590.0,7000000.0,,,,,
272560,115145.0,425000000.0,,,,,
0040X0,8965.0,585000000.0,,,,,
002150,4970.0,55000000.0,5020.0,5020.0,4960.0,11125.0,
530134,1860.0,2901000000.0,,,,,
090350,8350.0,1282000000.0,8220.0,8380.0,8170.0,154047.0,
354500,15520.0,2816000000.0,,,,,
488720,48905.0,0.0,,,,,
438560,100655.0,144000000.0,,,,,
0192Z0,101155.0,2000000.0,,,,,
000860,12480.0,73000000.0,12200.0,12500.0,12000.0,6071.0,
337160,47710.0,205000000.0,,,,,
241590,2675.0,68000000.0,2655.0,2755.0,2655.0,25189.0,
480030,9620.0,1155000000.0,,,,,
237370,15540.0,6405000000.0,,,,,
001780,1669.0,619000000.0,1656.0,1705.0,1646.0,369595.0,
101530,5530.0,0.0,0.0,0.0,0.0,0.0,
471760,16790.0,30010000000.0,,,,,
004380,7660.0,88000000.0,7900.0,7900.0,7640.0,11478.0,
460850,5300.0,146000000.0,5450.0,5450.0,5300.0,27545.0,
490600,8350.0,940000000.0,,,,,
570051,31520.0,2000000.0,,,,,
000020,5610.0,13327000000.0,5430.0,5950.0,5360.0,2347994.0,
002170,52000.0,177000000.0,52300.0,52500.0,51600.0,3414.0,
491820,42735.0,6822000000.0,,,,,
700023,154710.0,0.0,,,,,
457990,39155.0,22083000000.0,,,,,
400760,2815.0,87000000.0,2815.0,2820.0,2795.0,31361.0,
007570,8100.0,151000000.0,8150.0,8390.0,8100.0,18316.0,
0180V0,8110.0,1860000000.0,,,,,
0193G0,8425.0,3899000000.0,,,,,
0051G0,12440.0,4191000000.0,,,,,
152870,109565.0,35000000.0,,,,,
160580,15900.0,624000000.0,,,,,
00279K,21550.0,164000000.0,21100.0,21550.0,20750.0,7743.0,
200250,19305.0,99000000.0,,,,,
462520,12860.0,471000000.0,13090.0,13090.0,12820.0,36351.0,
394670,10440.0,115000000.0,,,,,
472870,6265.0,977000000.0,,,,,
271980,10330.0,853000000.0,10100.0,11000.0,10050.0,81898.0,
0064K0,11585.0,603000000.0,,,,,
293480,8480.0,86000000.0,8370.0,8560.0,8370.0,10150.0,
001045,66500.0,54000000.0,67300.0,67300.0,66300.0,821.0,
219480,33670.0,168000000.0,,,,,
458210,110960.0,233000000.0,,,,,
004090,11730.0,748000000.0,11840.0,11940.0,11690.0,63422.0,
013890,6780.0,65000000.0,6920.0,6950.0,6700.0,9672.0,37000000.0
000970,6510.0,199000000.0,6540.0,6540.0,6440.0,30850.0,
272550,9850.0,78000000.0,9820.0,9850.0,9770.0,7980.0,
011785,49000.0,136000000.0,49500.0,49500.0,48800.0,2793.0,
0104H0,12070.0,632000000.0,,,,,
006805,10960.0,317000000.0,11200.0,11300.0,10950.0,28538.0,
008970,1414.0,3297000000.0,1469.0,1471.0,1411.0,2298648.0,
760011,9440.0,97000000.0,,,,,
097955,110200.0,297000000.0,109500.0,110900.0,109300.0,2702.0,
0131W0,102445.0,36000000.0,,,,,
491610,105205.0,349000000.0,,,,,
004150,3545.0,115000000.0,3545.0,3560.0,3505.0,32605.0,
138520,35980.0,538000000.0,,,,,
016880,1813.0,101000000.0,1824.0,1839.0,1813.0,55758.0,
481180,16825.0,943000000.0,,,,,
475310,32870.0,35418000000.0,,,,,
570106,57615.0,38000000.0,,,,,
143860,36090.0,391000000.0,,,,,
012610,3440.0,303000000.0,3440.0,3460.0,3385.0,88655.0,
0151P0,14755.0,1333000000.0,,,,,
003830,107700.0,0.0,109900.0,109900.0,107700.0,9.0,
004970,8930.0,64000000.0,9020.0,9020.0,8930.0,7157.0,
0199C0,8865.0,2564000000.0,,,,,
0041E0,16360.0,1487000000.0,,,,,
015890,4835.0,119000000.0,4800.0,4920.0,4785.0,24742.0,
498180,93805.0,0.0,,,,,
0127M0,11875.0,4000000.0,,,,,
0209D0,9105.0,17722000000.0,,,,,
550089,139930.0,1000000.0,,,,,
071840,5910.0,59000000.0,5900.0,6090.0,5900.0,10075.0,
025820,4165.0,525000000.0,4320.0,4320.0,4165.0,124735.0,
476030,17560.0,584000000.0,,,,,
008350,1073.0,632000000.0,1074.0,1074.0,1060.0,591416.0,
003480,4670.0,87000000.0,4665.0,4685.0,4630.0,18740.0,
107590,59200.0,2000000.0,59600.0,59600.0,59200.0,43.0,
011690,3720.0,795000000.0,3850.0,3910.0,3700.0,209134.0,
094280,11810.0,183000000.0,11920.0,11920.0,11700.0,15568.0,
001080,3865.0,132000000.0,4050.0,4050.0,3790.0,33886.0,
0048K0,7560.0,1316000000.0,,,,,
081000,9550.0,69000000.0,9690.0,9690.0,9550.0,7268.0,
495330,31495.0,107000000.0,,,,,
001360,1434.0,1527000000.0,1520.0,1590.0,1425.0,1021507.0,
245340,33540.0,483000000.0,,,,,
014280,4595.0,778000000.0,4565.0,4690.0,4505.0,169194.0,
018470,5300.0,290000000.0,5340.0,5380.0,5230.0,54813.0,
463680,23265.0,543000000.0,,,,,
004080,14330.0,16000000.0,14440.0,14440.0,14330.0,1125.0,
760007,32990.0,0.0,,,,,
570050,26390.0,0.0,,,,,
411420,27740.0,263000000.0,,,,,
214390,5500.0,129000000.0,5400.0,5570.0,5400.0,23408.0,
0091M0,10185.0,77000000.0,,,,,
024090,11350.0,41000000.0,11420.0,11470.0,11320.0,3638.0,
251340,2185.0,75826000000.0,,,,,
139220,7500.0,2000000000.0,,,,,
0092B0,15185.0,1701000000.0,,,,,
0074K0,17450.0,672000000.0,,,,,
013520,2545.0,144000000.0,2590.0,2590.0,2520.0,56517.0,
461500,105560.0,10000000.0,,,,,
0123G0,6110.0,2650000000.0,,,,,
325010,43665.0,20000000.0,,,,,
463290,109620.0,510000000.0,,,,,
004960,10920.0,153000000.0,10960.0,11100.0,10820.0,13995.0,
447620,15965.0,1139000000.0,,,,,
009070,4175.0,1772000000.0,4080.0,4345.0,4070.0,418703.0,
078000,13530.0,3000000.0,13590.0,13590.0,13410.0,270.0,
002210,1293.0,64000000.0,1300.0,1307.0,1279.0,49633.0,
530136,12455.0,1696000000.0,,,,,
006060,2250.0,67000000.0,2255.0,2270.0,2250.0,29920.0,
520066,20705.0,64000000.0,,,,,
092220,3090.0,1236000000.0,3260.0,3260.0,3090.0,392890.0,
0000Y0,102185.0,0.0,,,,,
377990,25225.0,2911000000.0,,,,,
267290,20900.0,88000000.0,20950.0,20950.0,20600.0,4251.0,
0085P0,9175.0,3949000000.0,,,,,
009270,1070.0,116000000.0,1096.0,1096.0,1070.0,107927.0,
210540,11070.0,196000000.0,11070.0,11100.0,11000.0,17812.0,
448100,111110.0,7048000000.0,,,,,
214420,5080.0,364000000.0,4995.0,5200.0,4995.0,71315.0,
089470,3825.0,152000000.0,3800.0,3860.0,3800.0,39824.0,
469170,5955.0,2467000000.0,,,,,
500037,60445.0,25000000.0,,,,,
037560,1560.0,100000000.0,1566.0,1573.0,1545.0,64518.0,
002620,7560.0,62000000.0,7680.0,7760.0,7450.0,8176.0,
001520,1126.0,279000000.0,1118.0,1132.0,1110.0,249887.0,
0181B0,9680.0,4249000000.0,,,,,
0168K0,5770.0,5325000000.0,,,,,
005800,13350.0,95000000.0,13240.0,13510.0,13240.0,7129.0,
304660,6810.0,146000000.0,,,,,
328370,38590.0,1000000.0,,,,,
002390,8650.0,94000000.0,8840.0,9360.0,8650.0,10699.0,
438570,98380.0,12000000.0,,,,,
014530,3400.0,118000000.0,3375.0,3430.0,3375.0,34804.0,
350520,3215.0,32000000.0,3235.0,3235.0,3205.0,10068.0,
0184L0,100815.0,607000000.0,,,,,
004100,3195.0,924000000.0,3285.0,3290.0,3170.0,287553.0,
399110,20530.0,179000000.0,,,,,
192090,11415.0,232000000.0,,,,,
015590,2190.0,263000000.0,2310.0,2320.0,2190.0,118081.0,
332940,48690.0,399000000.0,,,,,
304940,34220.0,797000000.0,,,,,
491230,52665.0,80000000.0,,,,,
016740,4045.0,124000000.0,3945.0,4055.0,3945.0,31251.0,
326240,46300.0,252000000.0,,,,,
227840,12670.0,54000000.0,12650.0,12750.0,12630.0,4288.0,
114820,105300.0,2206000000.0,,,,,
034590,26250.0,21000000.0,26050.0,26300.0,26050.0,807.0,
017550,1835.0,213000000.0,1854.0,1854.0,1825.0,116326.0,
455860,4760.0,4913000000.0,,,,,
266370,73520.0,998000000.0,,,,,
083420,4725.0,92000000.0,4770.0,4790.0,4705.0,19471.0,
0036R0,20220.0,250000000.0,,,,,
002460,11110.0,26000000.0,11030.0,11110.0,10900.0,2400.0,
012320,47650.0,1470000000.0,44550.0,49200.0,44250.0,30879.0,
182480,12745.0,69000000.0,,,,,
0174B0,15245.0,1262000000.0,,,,,
079430,5570.0,53000000.0,5600.0,5650.0,5550.0,9539.0,
319640,24215.0,186000000.0,,,,,
008040,7860.0,239000000.0,7380.0,7890.0,7380.0,31018.0,
001210,8760.0,6037000000.0,9060.0,9090.0,8700.0,683351.0,
016710,6870.0,60000000.0,6870.0,6910.0,6870.0,8773.0,
0000J0,27625.0,2518000000.0,,,,,
023450,31500.0,3000000.0,31550.0,31600.0,31350.0,116.0,
009580,1761.0,575000000.0,1795.0,1829.0,1757.0,323141.0,
0221V0,100805.0,9000000.0,,,,,
013570,4170.0,55000000.0,4210.0,4210.0,4150.0,13377.0,
570019,7310.0,1000000.0,,,,,
014580,3970.0,171000000.0,3955.0,3975.0,3930.0,43393.0,
011810,3530.0,0.0,0.0,0.0,0.0,0.0,
476850,21795.0,1044000000.0,,,,,
011280,1537.0,76000000.0,1519.0,1574.0,1481.0,49830.0,
367770,21300.0,1285000000.0,,,,,
488500,11995.0,359000000.0,,,,,
012200,3060.0,973000000.0,3180.0,3185.0,3050.0,314599.0,
0197X0,6205.0,112368000000.0,,,,,
0132K0,8030.0,1200000000.0,,,,,
309230,29100.0,90000000.0,,,,,
078935,60000.0,189000000.0,59200.0,60300.0,58700.0,3164.0,
0193M0,50480.0,0.0,,,,,
465610,44430.0,151000000.0,,,,,
004250,2900.0,85000000.0,2850.0,2915.0,2850.0,29670.0,
550092,106110.0,5000000.0,,,,,
123690,6590.0,2475000000.0,6340.0,6840.0,6340.0,373360.0,
006660,13030.0,1501000000.0,13510.0,13550.0,13020.0,112934.0,
003010,8320.0,3902000000.0,8920.0,9000.0,8280.0,454906.0,
0137V0,11485.0,1239000000.0,,,,,
500050,52805.0,0.0,,,,,
012800,1150.0,510000000.0,1200.0,1200.0,1150.0,438116.0,
021820,10470.0,61000000.0,10810.0,10810.0,10460.0,5896.0,
496090,31725.0,7000000.0,,,,,
464310,13380.0,115000000.0,,,,,
475050,6810.0,10818000000.0,,,,,
035000,6390.0,823000000.0,6180.0,6410.0,6150.0,130679.0,
267850,9330.0,60000000.0,9340.0,9440.0,9330.0,6472.0,
010100,3400.0,161000000.0,3460.0,3490.0,3395.0,47176.0,
0138Y0,9405.0,491000000.0,,,,,
570116,51535.0,0.0,,,,,
120030,81900.0,15000000.0,82700.0,82800.0,81600.0,192.0,
003580,2030.0,1934000000.0,1997.0,2160.0,1977.0,941701.0,
027970,2700.0,33000000.0,2710.0,2735.0,2685.0,12252.0,
464930,20530.0,51000000.0,,,,,
0191W0,101070.0,0.0,,,,,
0122W0,51160.0,1000000.0,,,,,
203780,33400.0,587000000.0,,,,,
0135Y0,100635.0,0.0,,,,,
0177X0,9815.0,1796000000.0,,,,,
119650,918.0,0.0,0.0,0.0,0.0,0.0,
0142D0,10640.0,2090000000.0,,,,,
372330,6100.0,321000000.0,,,,,
451530,36075.0,1163000000.0,,,,,
458030,55210.0,11000000.0,,,,,
248170,21850.0,195000000.0,22000.0,22050.0,21850.0,8907.0,
025620,5480.0,28000000.0,5370.0,5650.0,5370.0,5168.0,
0176E0,10310.0,1294000000.0,,,,,
394660,15000.0,42000000.0,,,,,
530055,98120.0,16000000.0,,,,,
0162L0,12110.0,897000000.0,,,,,
002450,1083.0,250000000.0,1073.0,1100.0,1070.0,232565.0,
486240,31435.0,52000000.0,,,,,
479620,27755.0,687000000.0,,,,,
37550L,45950.0,54000000.0,47050.0,47050.0,45650.0,1182.0,
067830,2360.0,36000000.0,2390.0,2420.0,2360.0,15452.0,
453080,24195.0,3381000000.0,,,,,
0246X0,9665.0,18955000000.0,,,,,
002780,6640.0,283000000.0,6630.0,6700.0,6520.0,42716.0,
0008T0,17345.0,37288000000.0,,,,,
461460,51410.0,320000000.0,,,,,
610037,6870.0,0.0,,,,,
417310,2380.0,214000000.0,2380.0,2385.0,2375.0,90018.0,
168580,31580.0,42000000.0,,,,,
008700,1244.0,154000000.0,1232.0,1262.0,1232.0,123534.0,
007210,1464.0,140000000.0,1443.0,1464.0,1436.0,96752.0,
264900,7630.0,13000000.0,7640.0,7650.0,7610.0,1815.0,
007540,47000.0,408000000.0,46500.0,47450.0,46000.0,8741.0,
473440,10885.0,2000000.0,,,,,
032560,5570.0,42000000.0,5560.0,5600.0,5510.0,7625.0,
433970,13915.0,321000000.0,,,,,
195980,15400.0,166000000.0,,,,,
014790,2485.0,66000000.0,2480.0,2495.0,2465.0,26994.0,
002720,4430.0,26477000000.0,3605.0,4430.0,3605.0,6108172.0,
0035T0,19510.0,215000000.0,,,,,
096775,74600.0,649000000.0,73000.0,75700.0,71000.0,8729.0,
014440,4650.0,51000000.0,4650.0,4670.0,4620.0,11174.0,
070960,1918.0,126000000.0,1966.0,2075.0,1910.0,64901.0,
002200,2755.0,83000000.0,2760.0,2765.0,2710.0,30748.0,
143850,78545.0,89000000.0,,,,,
0080Y0,6875.0,4783000000.0,,,,,
0198A0,8950.0,5496000000.0,,,,,
269540,30530.0,231000000.0,,,,,
008260,3200.0,148000000.0,3275.0,3285.0,3200.0,45898.0,
058860,2625.0,173000000.0,2610.0,2640.0,2600.0,66377.0,
001275,30450.0,9000000.0,30400.0,30500.0,30400.0,316.0,
530061,30445.0,345000000.0,,,,,
058850,2205.0,94000000.0,2205.0,2230.0,2195.0,42849.0,
363280,2005.0,30000000.0,2050.0,2050.0,2000.0,15123.0,
308620,10835.0,516000000.0,,,,,
036580,2475.0,55000000.0,2450.0,2485.0,2420.0,22474.0,
298770,84830.0,223000000.0,,,,,
001290,4170.0,161000000.0,4295.0,4295.0,4165.0,38283.0,
006840,6790.0,18000000.0,6980.0,6980.0,6790.0,2734.0,
580039,179830.0,176000000.0,,,,,
013700,1503.0,195000000.0,1514.0,1535.0,1490.0,130064.0,
019180,4985.0,240000000.0,5020.0,5050.0,4975.0,47970.0,
114100,106295.0,257000000.0,,,,,
444490,19975.0,246000000.0,,,,,
325020,28650.0,80000000.0,,,,,
139990,2280.0,31000000.0,2295.0,2295.0,2260.0,14054.0,
610064,55180.0,0.0,,,,,
0052T0,50890.0,5000000.0,,,,,
454320,40945.0,240000000.0,,,,,
261270,8350.0,249000000.0,,,,,
0007N0,109115.0,209000000.0,,,,,
023000,2190.0,27000000.0,2215.0,2220.0,2190.0,12515.0,
468380,10305.0,927000000.0,,,,,
004140,1811.0,221000000.0,1820.0,1846.0,1802.0,121358.0,
453330,18470.0,424000000.0,,,,,
329670,21665.0,205000000.0,,,,,
211900,27390.0,747000000.0,,,,,
0066W0,11720.0,657000000.0,,,,,
485690,23445.0,2344000000.0,,,,,
530107,1425.0,41913000000.0,,,,,
495040,31425.0,59000000.0,,,,,
084670,29250.0,2789000000.0,22750.0,29250.0,22500.0,99250.0,
006090,8910.0,29000000.0,8910.0,9040.0,8900.0,3252.0,
011700,2580.0,1643000000.0,2595.0,2850.0,2575.0,611340.0,
007980,1784.0,806000000.0,1797.0,1808.0,1779.0,450441.0,
002600,139000.0,2000000.0,138000.0,139000.0,138000.0,21.0,
469060,37850.0,476000000.0,,,,,
004890,34300.0,7000000.0,34250.0,34700.0,34150.0,214.0,
329660,17660.0,345000000.0,,,,,
063160,15070.0,7673000000.0,13970.0,15980.0,13940.0,504465.0,
33626K,6160.0,37000000.0,6330.0,6330.0,6130.0,5951.0,
0017Y0,94465.0,15000000.0,,,,,
359210,35510.0,81000000.0,,,,,
000590,70700.0,27000000.0,69100.0,70900.0,69100.0,397.0,
449770,20820.0,56000000.0,,,,,
475280,10750.0,34000000.0,,,,,
0057H0,11410.0,257000000.0,,,,,
000850,36800.0,107000000.0,36400.0,37350.0,36300.0,2936.0,
460960,10340.0,344000000.0,,,,,
108450,40085.0,206000000.0,,,,,
337140,36230.0,125000000.0,,,,,
0018C0,10345.0,781000000.0,,,,,
055490,16600.0,133000000.0,16710.0,16800.0,16420.0,8050.0,
023800,5020.0,87000000.0,5120.0,5120.0,5010.0,17412.0,
001260,8060.0,149000000.0,8190.0,8200.0,8060.0,18450.0,
009180,2800.0,22000000.0,2815.0,2815.0,2785.0,8066.0,
111380,12820.0,31000000.0,12990.0,13050.0,12700.0,2486.0,
0225V0,12075.0,5107000000.0,,,,,
570120,15625.0,128000000.0,,,,,
0098N0,12895.0,435000000.0,,,,,
069730,5410.0,68000000.0,5490.0,5490.0,5360.0,12662.0,
138530,12105.0,1479000000.0,,,,,
495750,31670.0,61000000.0,,,,,
005740,5220.0,7000000.0,5270.0,5270.0,5140.0,1378.0,
429760,19360.0,149000000.0,,,,,
002220,2895.0,242000000.0,2865.0,2950.0,2810.0,83734.0,
0049M0,10955.0,169000000.0,,,,,
004840,3985.0,20000000.0,4000.0,4010.0,3960.0,5085.0,
210780,23150.0,213000000.0,,,,,
007610,4240.0,1595000000.0,4500.0,4580.0,4210.0,364787.0,
163560,5490.0,55000000.0,5560.0,5570.0,5490.0,10018.0,
365040,36255.0,339000000.0,,,,,
228810,3095.0,2125000000.0,,,,,
364960,6370.0,87000000.0,,,,,
007590,5540.0,8000000.0,5540.0,5550.0,5540.0,1485.0,
000105,65100.0,19000000.0,64700.0,65400.0,62700.0,307.0,
412770,13060.0,29000000.0,,,,,
109070,7040.0,105000000.0,7160.0,7290.0,7020.0,14760.0,
010960,3080.0,56000000.0,3050.0,3085.0,3050.0,18284.0,
298340,56595.0,172000000.0,,,,,
0080X0,10600.0,351000000.0,,,,,
0240J0,10535.0,7059000000.0,,,,,
272910,106390.0,5000000.0,,,,,
0210E0,7185.0,1532000000.0,,,,,
013360,1347.0,196000000.0,1379.0,1379.0,1342.0,144820.0,
0238F0,10225.0,3837000000.0,,,,,
000230,6270.0,79000000.0,6300.0,6380.0,6170.0,12689.0,
550093,36145.0,101000000.0,,,,,
292770,57920.0,0.0,,,,,
490480,26265.0,868000000.0,,,,,
292190,48150.0,81000000.0,,,,,
465330,12240.0,4226000000.0,,,,,
013870,3775.0,16000000.0,3840.0,3845.0,3775.0,4293.0,
0190Y0,8885.0,518000000.0,,,,,
157490,7750.0,489000000.0,,,,,
002700,1048.0,881000000.0,1030.0,1056.0,1030.0,841948.0,
530115,71765.0,19000000.0,,,,,
214330,6850.0,97000000.0,6860.0,6970.0,6830.0,14188.0,
002795,11220.0,38000000.0,11050.0,11220.0,11050.0,3490.0,
014160,655.0,0.0,0.0,0.0,0.0,0.0,
120115,25650.0,47000000.0,25650.0,25700.0,25300.0,1879.0,
024900,2180.0,163000000.0,2225.0,2225.0,2165.0,74592.0,
475350,13885.0,204000000.0,,,,,
266420,16450.0,402000000.0,,,,,
500071,28280.0,0.0,,,,,
338100,3780.0,568000000.0,3860.0,3860.0,3730.0,150918.0,
0102A0,8560.0,483000000.0,,,,,
005750,4230.0,81000000.0,4280.0,4280.0,4210.0,19212.0,
031820,5780.0,292000000.0,5790.0,5930.0,5725.0,50542.0,
0098Z0,93165.0,0.0,,,,,
071090,3455.0,1262000000.0,3485.0,3565.0,3450.0,360690.0,
418670,19800.0,4203000000.0,,,,,
001560,9160.0,27000000.0,9270.0,9270.0,9010.0,3018.0,
010040,1694.0,87000000.0,1675.0,1697.0,1660.0,52249.0,
009770,27800.0,14000000.0,27900.0,27900.0,27450.0,515.0,
453950,35540.0,292000000.0,,,,,
500096,13835.0,18000000.0,,,,,
0220B0,12445.0,8968000000.0,,,,,
001020,1933.0,38000000.0,1901.0,2050.0,1900.0,20019.0,
211560,34185.0,186000000.0,,,,,
0022T0,11985.0,773000000.0,,,,,
004440,5360.0,126000000.0,5500.0,5550.0,5360.0,23423.0,
480370,2100.0,933000000.0,2225.0,2230.0,2095.0,437095.0,
130730,103335.0,7106000000.0,,,,,
492500,51460.0,2000000.0,,,,,
095720,1197.0,27000000.0,1196.0,1200.0,1184.0,23157.0,
0222D0,10070.0,1566000000.0,,,,,
530131,22620.0,0.0,,,,,
441540,25080.0,246000000.0,,,,,
155660,4225.0,129000000.0,4250.0,4260.0,4175.0,30762.0,
520081,67600.0,1000000.0,,,,,
000180,4830.0,34000000.0,4820.0,4855.0,4795.0,7132.0,
228800,2620.0,162000000.0,,,,,
017370,3675.0,25000000.0,3605.0,3695.0,3560.0,6990.0,
550091,33645.0,199000000.0,,,,,
011150,1872.0,80000000.0,1872.0,1895.0,1870.0,42926.0,
0113D0,11680.0,273000000.0,,,,,
278620,119395.0,8000000.0,,,,,
433880,18295.0,164000000.0,,,,,
079980,1930.0,44000000.0,1940.0,1941.0,1913.0,23047.0,
278240,9255.0,1024000000.0,,,,,
010660,3020.0,81000000.0,3090.0,3130.0,3020.0,26718.0,
610066,55230.0,0.0,,,,,
0233A0,10670.0,464000000.0,,,,,
004720,2920.0,91000000.0,2900.0,2960.0,2880.0,31510.0,
550084,33015.0,0.0,,,,,
530126,32985.0,0.0,,,,,
700022,32955.0,0.0,,,,,
491700,109660.0,566000000.0,,,,,
007815,22150.0,13000000.0,22150.0,22250.0,22100.0,593.0,
085310,8810.0,124000000.0,8850.0,8860.0,8650.0,14288.0,
007280,2265.0,43000000.0,2450.0,2455.0,2265.0,18658.0,
019680,1612.0,17000000.0,1619.0,1619.0,1590.0,11072.0,
100220,4985.0,71000000.0,5040.0,5040.0,4945.0,14378.0,
520080,21420.0,0.0,,,,,
295020,60835.0,0.0,,,,,
084680,2260.0,108000000.0,2265.0,2310.0,2220.0,47693.0,
473640,30505.0,252000000.0,,,,,
277640,37460.0,201000000.0,,,,,
058730,3140.0,514000000.0,3220.0,3230.0,3110.0,163125.0,
0123S0,10215.0,36000000.0,,,,,
009200,1511.0,18000000.0,1504.0,1535.0,1504.0,12028.0,
495940,19940.0,1023000000.0,,,,,
458750,12065.0,195000000.0,,,,,
004770,1765.0,918000000.0,1788.0,1828.0,1765.0,512501.0,
016090,1415.0,74000000.0,1407.0,1419.0,1404.0,52833.0,
580010,10430.0,0.0,,,,,
419890,107765.0,237000000.0,,,,,
520086,24950.0,1000000.0,,,,,
261240,13880.0,621000000.0,,,,,
068290,6230.0,55000000.0,6290.0,6310.0,6180.0,8925.0,
005870,4400.0,171000000.0,4480.0,4530.0,4400.0,38448.0,
570100,20690.0,52000000.0,,,,,
306950,77305.0,101000000.0,,,,,
520095,24720.0,1984000000.0,,,,,
0115E0,14160.0,137000000.0,,,,,
0181L0,7410.0,317000000.0,,,,,
455660,9175.0,104000000.0,,,,,
018500,1311.0,233000000.0,1317.0,1365.0,1309.0,177178.0,
580082,24380.0,72000000.0,,,,,
530067,30465.0,26000000.0,,,,,
000220,3840.0,530000000.0,3785.0,3890.0,3775.0,137817.0,
004450,27900.0,17000000.0,28150.0,28150.0,27500.0,638.0,
275980,24005.0,141000000.0,,,,,
440640,113030.0,948000000.0,,,,,
072130,4700.0,143000000.0,4705.0,4750.0,4675.0,30572.0,
252400,99375.0,151000000.0,,,,,
002760,994.0,47000000.0,995.0,1001.0,994.0,47983.0,
760018,9890.0,1000000.0,,,,,
0040S0,23600.0,1808000000.0,,,,,
140700,20320.0,2333000000.0,,,,,
530124,58800.0,6000000.0,,,,,
520100,11740.0,1411000000.0,,,,,
225040,69750.0,419000000.0,,,,,
372910,2115.0,180000000.0,2135.0,2150.0,2110.0,84972.0,
453640,13565.0,408000000.0,,,,,
35320K,27800.0,221000000.0,28900.0,28900.0,27700.0,7919.0,
001465,26950.0,47000000.0,26750.0,27000.0,26350.0,1789.0,
491220,128950.0,77000000.0,,,,,
014990,3855.0,492000000.0,3970.0,4030.0,3805.0,124939.0,
480310,21825.0,168000000.0,,,,,
442560,16430.0,268000000.0,,,,,
0220WL,2430.0,332000000.0,2370.0,2450.0,2365.0,138326.0,
0172V0,7635.0,636000000.0,,,,,
111110,6310.0,9000000.0,6400.0,6400.0,6310.0,1463.0,
210980,3070.0,514000000.0,3235.0,3260.0,3000.0,165907.0,
261070,11855.0,2414000000.0,,,,,
003925,29900.0,25000000.0,30300.0,30300.0,29750.0,847.0,
129260,1899.0,22000000.0,1902.0,1922.0,1884.0,11791.0,
006890,4850.0,69000000.0,4865.0,4895.0,4830.0,14231.0,
476260,14995.0,7884000000.0,,,,,
580076,28100.0,0.0,,,,,
520056,28050.0,57000000.0,,,,,
580034,111890.0,34000000.0,,,,,
570104,18645.0,0.0,,,,,
37550K,26350.0,47000000.0,26700.0,26900.0,26350.0,1776.0,
020760,902.0,0.0,0.0,0.0,0.0,0.0,
075180,2890.0,27000000.0,2980.0,2985.0,2890.0,9316.0,
007460,2160.0,1365000000.0,2175.0,2335.0,2155.0,612634.0,
0041D0,14340.0,706000000.0,,,,,
003465,3155.0,0.0,3155.0,3155.0,3000.0,36.0,
385590,23970.0,78000000.0,,,,,
0238P0,10060.0,660000000.0,,,,,
476750,6765.0,1074000000.0,,,,,
090080,998.0,96000000.0,1006.0,1007.0,970.0,97405.0,
287180,57595.0,72000000.0,,,,,
434960,109315.0,41000000.0,,,,,
304780,121260.0,57000000.0,,,,,
006125,44200.0,216000000.0,43000.0,44550.0,42550.0,4933.0,
003780,4185.0,6399000000.0,3925.0,4550.0,3925.0,1500000.0,
0226A0,10880.0,1351000000.0,,,,,
150460,7400.0,79000000.0,,,,,
025530,3640.0,12000000.0,3640.0,3665.0,3640.0,3298.0,
092440,1859.0,18000000.0,1841.0,1859.0,1829.0,9993.0,
000725,51400.0,99000000.0,51800.0,51900.0,51000.0,1924.0,
0141S0,8185.0,952000000.0,,,,,
455960,11790.0,63000000.0,,,,,
28513K,25500.0,5000000.0,25600.0,25600.0,25400.0,204.0,
520087,26970.0,1070000000.0,,,,,
004830,3440.0,218000000.0,3400.0,3490.0,3390.0,63566.0,
023810,5380.0,51000000.0,5420.0,5420.0,5230.0,9773.0,
0000D0,8525.0,272000000.0,,,,,
401470,9320.0,72000000.0,,,,,
378850,2815.0,21000000.0,2830.0,2855.0,2795.0,7663.0,
610088,53300.0,335000000.0,,,,,
530113,53255.0,4000000.0,,,,,
021050,1121.0,107000000.0,1147.0,1149.0,1112.0,95584.0,
005320,1556.0,543000000.0,1495.0,1557.0,1447.0,354875.0,
002410,1935.0,0.0,0.0,0.0,0.0,0.0,
003475,4150.0,22000000.0,4200.0,4200.0,4120.0,5332.0,
520089,10605.0,0.0,,,,,
001550,10120.0,104000000.0,10280.0,10280.0,10120.0,10304.0,
396690,1325.0,51000000.0,1319.0,1355.0,1319.0,38610.0,
316670,7655.0,6120000000.0,,,,,
0046Y0,12175.0,66000000.0,,,,,
0118Z0,8795.0,95000000.0,,,,,
101280,30415.0,280000000.0,,,,,
0166S0,11415.0,277000000.0,,,,,
479730,8800.0,89000000.0,,,,,
012690,1418.0,132000000.0,1403.0,1460.0,1403.0,93155.0,
114470,107695.0,7000000.0,,,,,
473490,34450.0,397000000.0,,,,,
010770,3525.0,44000000.0,3535.0,3550.0,3505.0,12754.0,
275300,30300.0,84000000.0,,,,,
006980,16630.0,9000000.0,16940.0,16940.0,16630.0,581.0,
580068,51355.0,374000000.0,,,,,
520072,17100.0,2000000.0,,,,,
0113P0,102755.0,5319000000.0,,,,,
520092,25585.0,509000000.0,,,,,
005305,66000.0,9000000.0,65900.0,66000.0,65700.0,145.0,
101140,5080.0,10000000.0,5190.0,5190.0,4960.0,2137.0,
700029,51010.0,0.0,,,,,
530133,50990.0,323000000.0,,,,,
336160,100060.0,2000000.0,,,,,
123700,3260.0,54000000.0,3285.0,3305.0,3225.0,16602.0,
292560,7820.0,1230000000.0,,,,,
500093,50720.0,101000000.0,,,,,
0111J0,11655.0,344000000.0,,,,,
520101,10085.0,478000000.0,,,,,
011230,2625.0,247000000.0,2690.0,2690.0,2615.0,93550.0,
006880,4250.0,58000000.0,4310.0,4310.0,4180.0,13686.0,
0139P0,13220.0,144000000.0,,,,,
000950,29900.0,6000000.0,30650.0,30650.0,29900.0,213.0,
0000Z0,8570.0,793000000.0,,,,,
445150,26985.0,206000000.0,,,,,
011390,47150.0,72000000.0,46400.0,48200.0,46400.0,1523.0,
475260,10775.0,5000000.0,,,,,
0185L0,7145.0,206000000.0,,,,,
253150,198450.0,104000000.0,,,,,
580056,24785.0,2000000.0,,,,,
610061,24780.0,20000000.0,,,,,
760016,49480.0,29000000.0,,,,,
009320,1003.0,258000000.0,960.0,1025.0,942.0,260534.0,
461340,44950.0,128000000.0,,,,,
0118S0,10845.0,496000000.0,,,,,
218420,20040.0,123000000.0,,,,,
002630,1659.0,39000000.0,1676.0,1699.0,1652.0,23679.0,
011000,2670.0,0.0,0.0,0.0,0.0,0.0,
204480,20390.0,19000000.0,,,,,
001620,2180.0,20000000.0,2165.0,2195.0,2160.0,9431.0,
152500,44110.0,847000000.0,,,,,
009835,19050.0,110000000.0,19300.0,19300.0,18810.0,5816.0,
473590,20185.0,226000000.0,,,,,
0141T0,50410.0,0.0,,,,,
0207G0,8090.0,5974000000.0,,,,,
442090,31980.0,51000000.0,,,,,
004410,1213.0,109000000.0,1210.0,1235.0,1205.0,89458.0,
002140,1917.0,100000000.0,1918.0,1930.0,1912.0,52322.0,
011300,2770.0,87000000.0,2900.0,2900.0,2695.0,31688.0,
140950,85220.0,125000000.0,,,,,
610101,47720.0,0.0,,,,,
520102,23755.0,37773000000.0,,,,,
442260,38200.0,26000000.0,,,,,
440910,21490.0,67000000.0,,,,,
447430,16545.0,102000000.0,,,,,
700027,47065.0,501000000.0,,,,,
0178H0,10220.0,495000000.0,,,,,
123310,1122.0,1608000000.0,,,,,
0194T0,8705.0,317000000.0,,,,,
0020H0,22270.0,193000000.0,,,,,
196030,93370.0,215000000.0,,,,,
0086B0,9510.0,388000000.0,,,,,
002920,1794.0,106000000.0,1780.0,1845.0,1779.0,58866.0,
041650,2160.0,16000000.0,2215.0,2215.0,2160.0,7529.0,
069460,2660.0,0.0,0.0,0.0,0.0,0.0,
357250,1852.0,27000000.0,1865.0,1865.0,1840.0,14894.0,
305050,71085.0,234000000.0,,,,,
000910,2955.0,113000000.0,2960.0,2965.0,2920.0,38661.0,
261220,26340.0,978000000.0,,,,,
238720,51135.0,113000000.0,,,,,
004540,1232.0,16000000.0,1235.0,1244.0,1226.0,13355.0,
481430,98275.0,131000000.0,,,,,
487130,31405.0,258000000.0,,,,,
580081,45520.0,9000000.0,,,,,
0186S0,8815.0,5172000000.0,,,,,
530143,45390.0,3000000.0,,,,,
371470,8585.0,103000000.0,,,,,
276990,25595.0,46000000.0,,,,,
520057,1433.0,15680000000.0,,,,,
084870,2205.0,9000000.0,2185.0,2210.0,2140.0,4444.0,
360140,20445.0,591000000.0,,,,,
003080,2245.0,6000000.0,2235.0,2245.0,2215.0,3014.0,
074610,5110.0,0.0,0.0,0.0,0.0,0.0,
520073,44770.0,0.0,,,,,
200030,39690.0,82000000.0,,,,,
017180,1315.0,295000000.0,1280.0,1327.0,1270.0,225473.0,
375770,24775.0,1000000.0,,,,,
453650,17735.0,154000000.0,,,,,
570119,44235.0,0.0,,,,,
004060,2185.0,1658000000.0,2085.0,2350.0,2050.0,742269.0,
004910,3425.0,34000000.0,3430.0,3450.0,3380.0,10175.0,
092780,3320.0,89000000.0,3385.0,3400.0,3320.0,26567.0,
0132H0,7215.0,954000000.0,,,,,
0112X0,40935.0,290000000.0,,,,,
440650,11265.0,230000000.0,,,,,
0089C0,11265.0,1000000.0,,,,,
014910,1945.0,257000000.0,1983.0,1989.0,1938.0,131558.0,
550041,60670.0,0.0,,,,,
481850,975.0,11000000.0,983.0,984.0,965.0,11983.0,
008420,2065.0,79000000.0,2110.0,2110.0,2060.0,38187.0,
011330,4215.0,366000000.0,4250.0,4420.0,4125.0,85291.0,
760024,9345.0,118000000.0,,,,,
0191M0,100945.0,0.0,,,,,
446070,3935.0,149000000.0,3970.0,3975.0,3900.0,37801.0,
256750,13600.0,16000000.0,,,,,
0194M0,11705.0,638000000.0,,,,,
520078,13840.0,1000000.0,,,,,
570117,1883.0,202000000.0,,,,,
026940,2070.0,228000000.0,2080.0,2090.0,2060.0,110160.0,
019490,541.0,0.0,0.0,0.0,0.0,0.0,
491830,24170.0,485000000.0,,,,,
000215,24300.0,27000000.0,24850.0,24850.0,24150.0,1129.0,
100910,17050.0,27000000.0,,,,,
401170,10655.0,55000000.0,,,,,
023350,3720.0,92000000.0,3760.0,3770.0,3675.0,24926.0,
002870,1164.0,164000000.0,1142.0,1200.0,1104.0,140445.0,
472840,108325.0,62000000.0,,,,,
183700,96710.0,120000000.0,,,,,
469050,35295.0,2717000000.0,,,,,
017040,932.0,0.0,0.0,0.0,0.0,0.0,
448570,29720.0,0.0,,,,,
450910,15015.0,877000000.0,,,,,
520091,9970.0,6000000.0,,,,,
472830,7145.0,251000000.0,,,,,
049800,1981.0,51000000.0,1994.0,2050.0,1970.0,25936.0,
520082,13170.0,0.0,,,,,
520074,13115.0,0.0,,,,,
139280,12195.0,40000000.0,,,,,
275280,43355.0,20000000.0,,,,,
500094,1858.0,438000000.0,,,,,
007110,2505.0,200000000.0,2555.0,2640.0,2500.0,78807.0,
0189B0,7380.0,160000000.0,,,,,
008870,38700.0,1000000.0,39050.0,39050.0,38700.0,43.0,
322410,22100.0,86000000.0,,,,,
570102,19305.0,10000000.0,,,,,
011420,1401.0,36000000.0,1430.0,1434.0,1392.0,25979.0,
139320,17150.0,108000000.0,,,,,
0007G0,12635.0,216000000.0,,,,,
145270,800.0,15000000.0,802.0,803.0,797.0,19741.0,
009810,1882.0,3000000.0,1878.0,1890.0,1878.0,1753.0,
428510,22490.0,76000000.0,,,,,
023960,1003.0,17000000.0,1004.0,1013.0,987.0,17558.0,
365000,3725.0,293000000.0,,,,,
002360,3400.0,210000000.0,3575.0,3575.0,3285.0,61436.0,
494840,11245.0,152000000.0,,,,,
004920,7210.0,52000000.0,7200.0,7410.0,6760.0,7378.0,
500095,6255.0,0.0,,,,,
012280,3780.0,77000000.0,3625.0,3790.0,3625.0,20924.0,
009140,23750.0,457000000.0,24050.0,24200.0,22000.0,19602.0,
276650,49715.0,21000000.0,,,,,
610038,3720.0,6000000.0,,,,,
134790,18560.0,6000000.0,18670.0,18670.0,18400.0,354.0,
0234N0,10420.0,5649000000.0,,,,,
570029,7370.0,1000000.0,,,,,
195930,22910.0,62000000.0,,,,,
0197W0,8470.0,1316000000.0,,,,,
494410,14600.0,24000000.0,,,,,
570118,9120.0,119000000.0,,,,,
051630,1720.0,3097000000.0,1430.0,1815.0,1392.0,1851845.0,
000890,1315.0,97000000.0,1315.0,1321.0,1300.0,74468.0,
400970,7225.0,22000000.0,,,,,
449690,48125.0,6000000.0,,,,,
760005,35995.0,0.0,,,,,
008250,3275.0,183000000.0,3230.0,3295.0,3200.0,56237.0,
133820,966.0,15000000.0,1002.0,1002.0,961.0,16278.0,
0204S0,8240.0,1114000000.0,,,,,
047400,851.0,192000000.0,898.0,898.0,850.0,221769.0,
352540,10500.0,54000000.0,,,,,
027740,1123.0,32000000.0,1150.0,1152.0,1123.0,28645.0,
510045,23770.0,0.0,,,,,
0085N0,9380.0,1323000000.0,,,,,
610089,2095.0,1251000000.0,,,,,
610078,29650.0,180000000.0,,,,,
104530,17245.0,185000000.0,,,,,
276970,7510.0,57000000.0,,,,,
407830,14685.0,3000000.0,,,,,
520099,2710.0,8336000000.0,,,,,
580069,1902.0,64000000.0,,,,,
117460,14740.0,563000000.0,,,,,
385520,16315.0,81000000.0,,,,,
464470,43605.0,456000000.0,,,,,
570103,3505.0,99000000.0,,,,,
530118,11675.0,601000000.0,,,,,
241390,15900.0,38000000.0,,,,,
147970,79020.0,185000000.0,,,,,
013000,1211.0,23000000.0,1252.0,1268.0,1203.0,18969.0,
010640,2075.0,502000000.0,1974.0,2190.0,1965.0,239247.0,
0239Z0,12375.0,4529000000.0,,,,,
000760,12330.0,9000000.0,12340.0,12590.0,12000.0,732.0,
610007,6900.0,0.0,,,,,
459560,22900.0,128000000.0,,,,,
0184E0,11080.0,1035000000.0,,,,,
380340,28600.0,181000000.0,,,,,
266360,9270.0,160000000.0,,,,,
002880,3655.0,16000000.0,3715.0,3755.0,3655.0,4564.0,
449780,18985.0,341000000.0,,,,,
0192L0,8840.0,366000000.0,,,,,
465660,27050.0,364000000.0,,,,,
500085,33640.0,1000000.0,,,,,
004365,9100.0,11000000.0,9110.0,9230.0,9100.0,1222.0,
143210,1199.0,0.0,0.0,0.0,0.0,0.0,
475070,30485.0,306000000.0,,,,,
009460,2715.0,19000000.0,2735.0,2745.0,2695.0,7077.0,
530117,33490.0,82000000.0,,,,,
520096,13370.0,6909000000.0,,,,,
491090,18560.0,241000000.0,,,,,
0023B0,15470.0,210000000.0,,,,,
014130,2810.0,117000000.0,2805.0,2850.0,2760.0,41786.0,
005820,14420.0,25000000.0,14360.0,14600.0,14360.0,1755.0,
138910,9995.0,160000000.0,,,,,
570127,32880.0,48000000.0,,,,,
474800,15620.0,739000000.0,,,,,
252710,80.0,7275000000.0,,,,,
446690,65375.0,310000000.0,,,,,
012160,2090.0,12000000.0,2175.0,2175.0,2085.0,6030.0,
0138T0,9310.0,95000000.0,,,,,
498860,16280.0,66000000.0,,,,,
105780,16275.0,27000000.0,,,,,
0154F0,11825.0,81000000.0,,,,,
0089B0,11195.0,55000000.0,,,,,
520065,16220.0,0.0,,,,,
122260,104410.0,1313000000.0,,,,,
006370,2990.0,155000000.0,3045.0,3145.0,2960.0,51625.0,
494340,21570.0,381000000.0,,,,,
0192T0,7680.0,4957000000.0,,,,,
0100K0,5365.0,7432000000.0,,,,,
0150K0,11705.0,295000000.0,,,,,
0218J0,9320.0,1261000000.0,,,,,
500040,32100.0,1000000.0,,,,,
217770,1118.0,335000000.0,,,,,
520079,32000.0,2000000.0,,,,,
580077,10665.0,0.0,,,,,
452250,4120.0,908000000.0,,,,,
261060,28980.0,1302000000.0,,,,,
261250,15015.0,1086000000.0,,,,,
0166N0,9290.0,629000000.0,,,,,
464920,26290.0,1369000000.0,,,,,
003535,6560.0,44000000.0,6610.0,6610.0,6360.0,6856.0,
395290,4900.0,428000000.0,,,,,
090370,1145.0,31000000.0,1172.0,1220.0,1145.0,26903.0,
322400,9465.0,48000000.0,,,,,
530148,31200.0,23441000000.0,,,,,
156080,51960.0,259000000.0,,,,,
500102,15585.0,34000000.0,,,,,
520077,12450.0,2000000.0,,,,,
261140,24285.0,191000000.0,,,,,
275290,34530.0,228000000.0,,,,,
227540,18440.0,392000000.0,,,,,
174360,22105.0,19000000.0,,,,,
069640,1419.0,30000000.0,1367.0,1419.0,1336.0,22485.0,
387270,26480.0,4000000.0,,,,,
395170,15355.0,156000000.0,,,,,
019175,15400.0,173000000.0,16500.0,16500.0,15020.0,11085.0,
468630,10140.0,324000000.0,,,,,
469790,43550.0,42000000.0,,,,,
459750,17370.0,57000000.0,,,,,
010400,3970.0,133000000.0,4200.0,4300.0,3960.0,33283.0,
099140,19775.0,145000000.0,,,,,
024070,1974.0,7000000.0,2015.0,2015.0,1963.0,4062.0,
459790,20780.0,4000000.0,,,,,
153270,83640.0,207000000.0,,,,,
139270,16355.0,352000000.0,,,,,
025750,1867.0,56000000.0,1899.0,1899.0,1832.0,30500.0,
426150,51605.0,2000000.0,,,,,
0155N0,7695.0,188000000.0,,,,,
570081,30000.0,0.0,,,,,
001070,5640.0,13000000.0,5670.0,5730.0,5610.0,2331.0,
009190,665.0,9310000000.0,585.0,752.0,585.0,12885070.0,
465350,14860.0,1655000000.0,,,,,
036420,1528.0,31000000.0,1564.0,1564.0,1520.0,20178.0,
0083S0,11290.0,1626000000.0,,,,,
570072,29335.0,0.0,,,,,
0192M0,11850.0,710000000.0,,,,,
500023,14615.0,1000000.0,,,,,
450190,48670.0,26000000.0,,,,,
025890,2620.0,31000000.0,2640.0,2640.0,2610.0,12045.0,
700017,29185.0,2000000.0,,,,,
248270,25100.0,25000000.0,,,,,
192720,56960.0,44000000.0,,,,,
0155M0,6375.0,307000000.0,,,,,
145850,115900.0,0.0,,,,,
570082,1447.0,63000000.0,,,,,
289480,13150.0,400000000.0,,,,,
520090,7220.0,274000000.0,,,,,
088790,2315.0,73000000.0,2365.0,2365.0,2265.0,31617.0,
476690,9605.0,78000000.0,,,,,
0223R0,9970.0,361000000.0,,,,,
520075,28660.0,0.0,,,,,
308170,3320.0,10000000.0,3335.0,3395.0,3250.0,3215.0,
256440,4665.0,75000000.0,,,,,
253250,97815.0,134000000.0,,,,,
520083,28220.0,5000000.0,,,,,
245350,17600.0,98000000.0,,,,,
023150,4540.0,49000000.0,4565.0,4570.0,4475.0,11008.0,
500035,14015.0,14000000.0,,,,,
006570,1837.0,13000000.0,1868.0,1868.0,1834.0,7190.0,
530106,27745.0,4256000000.0,,,,,
0224X0,9730.0,593000000.0,,,,,
352560,11310.0,1444000000.0,,,,,
415920,5810.0,190000000.0,,,,,
489290,14875.0,34000000.0,,,,,
570069,27450.0,1000000.0,,,,,
0049K0,10975.0,208000000.0,,,,,
520093,2285.0,11000000.0,,,,,
003680,4415.0,187000000.0,4430.0,4480.0,4405.0,42288.0,
496770,15230.0,74000000.0,,,,,
117680,11850.0,444000000.0,,,,,
223190,27340.0,13000000.0,,,,,
760004,10060.0,0.0,,,,,
007120,980.0,32000000.0,1000.0,1022.0,980.0,33246.0,
002690,1317.0,50000000.0,1320.0,1335.0,1301.0,38788.0,
167860,91980.0,0.0,,,,,
0107F0,10655.0,37000000.0,,,,,
0013R0,7370.0,45000000.0,,,,,
006740,4450.0,207000000.0,4795.0,5100.0,4325.0,44312.0,
271060,8820.0,131000000.0,,,,,
118000,1199.0,27000000.0,1210.0,1220.0,1175.0,23140.0,
0137W0,10167.0,33000000.0,,,,,
415340,12750.0,26000000.0,,,,,
700013,26360.0,0.0,,,,,
610075,43735.0,16000000.0,,,,,
481340,7700.0,416000000.0,,,,,
139250,18430.0,568000000.0,,,,,
33637K,1543.0,5000000.0,1551.0,1600.0,1530.0,3442.0,
006490,1461.0,53000000.0,1499.0,1499.0,1425.0,36936.0,
0047R0,15690.0,54000000.0,,,,,
570047,25870.0,0.0,,,,,
006345,9860.0,303000000.0,9990.0,10100.0,9820.0,30384.0,
277540,32230.0,59000000.0,,,,,
483570,16100.0,29000000.0,,,,,
437350,11705.0,69000000.0,,,,,
002355,3960.0,0.0,3930.0,3970.0,3930.0,101.0,
610028,25720.0,99000000.0,,,,,
580049,12850.0,0.0,,,,,
033250,4005.0,125000000.0,4070.0,4175.0,3995.0,31071.0,
475270,10755.0,0.0,,,,,
004270,5590.0,61000000.0,5730.0,5780.0,5480.0,10924.0,
550069,25485.0,0.0,,,,,
476070,9785.0,72000000.0,,,,,
475380,9600.0,185000000.0,,,,,
440340,11300.0,111000000.0,,,,,
530063,25365.0,31000000.0,,,,,
0152E0,10550.0,84000000.0,,,,,
520047,25200.0,1000000.0,,,,,
570124,12540.0,0.0,,,,,
003060,1540.0,206000000.0,1533.0,1599.0,1510.0,132789.0,
493420,11855.0,185000000.0,,,,,
0203S0,8425.0,175000000.0,,,,,
001380,1105.0,0.0,0.0,0.0,0.0,0.0,
292500,49555.0,0.0,,,,,
530138,24775.0,108000000.0,,,,,
0115C0,10310.0,23000000.0,,,,,
368190,7725.0,20000000.0,,,,,
367740,44840.0,18000000.0,,,,,
496120,32800.0,38000000.0,,,,,
580070,24550.0,50000000.0,,,,,
580057,12260.0,0.0,,,,,
0097L0,12540.0,38000000.0,,,,,
003495,21900.0,28000000.0,21950.0,22000.0,21750.0,1283.0,
0093D0,18710.0,233000000.0,,,,,
610022,8105.0,1000000.0,,,,,
510044,16175.0,0.0,,,,,
610001,12130.0,0.0,,,,,
292160,48500.0,658000000.0,,,,,
580048,12090.0,0.0,,,,,
245360,11480.0,73000000.0,,,,,
159800,86005.0,6000000.0,,,,,
414270,11175.0,297000000.0,,,,,
0209Z0,6950.0,2330000000.0,,,,,
0223A0,11685.0,2954000000.0,,,,,
0177A0,9360.0,429000000.0,,,,,
610069,15885.0,1172000000.0,,,,,
357430,781.0,9000000.0,777.0,784.0,760.0,12754.0,
479850,17635.0,1561000000.0,,,,,
0164G0,11245.0,23000000.0,,,,,
442550,14740.0,80000000.0,,,,,
0127R0,17440.0,276000000.0,,,,,
0103T0,8080.0,1534000000.0,,,,,
364690,38995.0,48000000.0,,,,,
009310,5330.0,0.0,0.0,0.0,0.0,0.0,
530128,23300.0,45000000.0,,,,,
195970,15940.0,142000000.0,,,,,
570115,23265.0,0.0,,,,,
0047P0,14785.0,37000000.0,,,,,
012170,3140.0,245000000.0,2955.0,3660.0,2945.0,74258.0,
0238C0,10180.0,25000000.0,,,,,
300950,5450.0,303000000.0,,,,,
185680,42900.0,66000000.0,,,,,
138230,15720.0,25000000.0,,,,,
469160,26725.0,142000000.0,,,,,
388280,6960.0,61000000.0,,,,,
550085,11250.0,0.0,,,,,
261120,5620.0,27000000.0,,,,,
760008,11205.0,0.0,,,,,
433220,30060.0,5000000.0,,,,,
464600,24660.0,143000000.0,,,,,
0186L0,9625.0,85000000.0,,,,,
33626L,7410.0,8000000.0,7760.0,7760.0,7240.0,1111.0,
376410,24525.0,7000000.0,,,,,
760012,31515.0,0.0,,,,,
447660,13785.0,162000000.0,,,,,
0206G0,7600.0,1829000000.0,,,,,
004870,973.0,56000000.0,960.0,988.0,947.0,59099.0,
419430,7860.0,13000000.0,,,,,
375760,24450.0,1000000.0,,,,,
239660,122025.0,431000000.0,,,,,
700012,21920.0,0.0,,,,,
760026,14550.0,4911000000.0,,,,,
304770,15335.0,76000000.0,,,,,
500100,10830.0,2000000.0,,,,,
108590,108120.0,5000000.0,,,,,
0193L0,8065.0,10035000000.0,,,,,
461450,16625.0,60000000.0,,,,,
0239Y0,10765.0,1737000000.0,,,,,
280930,15935.0,217000000.0,,,,,
580072,10755.0,0.0,,,,,
610047,10750.0,0.0,,,,,
0190M0,8770.0,291000000.0,,,,,
520105,10740.0,1500000000.0,,,,,
225130,42770.0,17000000.0,,,,,
0198D0,9015.0,219000000.0,,,,,
269420,20690.0,58000000.0,,,,,
411540,16365.0,163000000.0,,,,,
0026E0,11485.0,3000000.0,,,,,
471460,46090.0,58000000.0,,,,,
071950,1458.0,180000000.0,1550.0,1559.0,1437.0,122019.0,
300640,6460.0,79000000.0,,,,,
570130,20965.0,0.0,,,,,
364990,4600.0,1132000000.0,,,,,
550087,10455.0,0.0,,,,,
008775,27750.0,22000000.0,28300.0,28300.0,27500.0,810.0,
253290,11580.0,96000000.0,,,,,
371450,13705.0,48000000.0,,,,,
500091,10400.0,0.0,,,,,
570122,10395.0,0.0,,,,,
461600,7845.0,66000000.0,,,,,
030720,4460.0,250000000.0,4610.0,4610.0,4305.0,55698.0,
0192S0,9400.0,1335000000.0,,,,,
0231Z0,10325.0,5400000000.0,,,,,
610103,20645.0,0.0,,,,,
152380,64915.0,135000000.0,,,,,
337120,34375.0,184000000.0,,,,,
580067,10290.0,0.0,,,,,
226980,22800.0,117000000.0,,,,,
404120,25585.0,101000000.0,,,,,
520104,10215.0,2350000000.0,,,,,
550097,20270.0,34000000.0,,,,,
0203R0,50520.0,0.0,,,,,
289040,33635.0,4000000.0,,,,,
580073,20165.0,0.0,,,,,
001685,14670.0,3000000.0,14650.0,14700.0,14550.0,236.0,
760028,2510.0,3679000000.0,,,,,
610018,10015.0,0.0,,,,,
610040,19965.0,0.0,,,,,
001420,2625.0,93000000.0,2910.0,2915.0,2625.0,33056.0,
204450,2100.0,38000000.0,,,,,
015020,928.0,0.0,0.0,0.0,0.0,0.0,
610087,19860.0,100000000.0,,,,,
530116,3960.0,296000000.0,,,,,
610036,19790.0,17000000.0,,,,,
289250,34720.0,0.0,,,,,
417630,18835.0,5000000.0,,,,,
489000,8970.0,432000000.0,,,,,
0241R0,9860.0,4894000000.0,,,,,
463300,12300.0,9000000.0,,,,,
000040,997.0,27000000.0,1025.0,1033.0,969.0,26970.0,
550088,19610.0,0.0,,,,,
477730,6645.0,10000000.0,,,,,
530130,6520.0,68000000.0,,,,,
005360,1034.0,312000000.0,1050.0,1082.0,1030.0,296854.0,
530119,19525.0,5000000.0,,,,,
00499K,24200.0,3000000.0,24850.0,24850.0,24200.0,145.0,
404260,24365.0,10000000.0,,,,,
520103,9740.0,2403000000.0,,,,,
379790,16880.0,112000000.0,,,,,
091220,16445.0,440000000.0,,,,,
461910,38765.0,79000000.0,,,,,
530112,19320.0,0.0,,,,,
437070,55820.0,14000000.0,,,,,
456680,4730.0,19000000.0,,,,,
0067V0,8660.0,5000000.0,,,,,
304760,47595.0,2000000.0,,,,,
497780,9940.0,213000000.0,,,,,
760021,26975.0,0.0,,,,,
228820,18880.0,262000000.0,,,,,
610104,18820.0,1000000.0,,,,,
169950,23510.0,7000000.0,,,,,
580074,9400.0,0.0,,,,,
284980,21795.0,28000000.0,,,,,
0153X0,10390.0,101000000.0,,,,,
530132,18700.0,100000000.0,,,,,
108675,18100.0,21000000.0,18500.0,18500.0,17480.0,1179.0,
183710,93335.0,4000000.0,,,,,
381560,17770.0,101000000.0,,,,,
229720,37290.0,75000000.0,,,,,
465670,15535.0,144000000.0,,,,,
487950,12835.0,85000000.0,,,,,
530123,18610.0,0.0,,,,,
438320,4290.0,91000000.0,,,,,
461900,23110.0,305000000.0,,,,,
520106,9240.0,2609000000.0,,,,,
445910,20505.0,31000000.0,,,,,
276000,20500.0,10000000.0,,,,,
213630,19975.0,26000000.0,,,,,
570129,18370.0,0.0,,,,,
416090,11455.0,106000000.0,,,,,
011090,1539.0,382000000.0,1316.0,1589.0,1260.0,261838.0,
0104P0,10725.0,39000000.0,,,,,
093240,296.0,0.0,0.0,0.0,0.0,0.0,
580071,9075.0,35000000.0,,,,,
385600,12025.0,105000000.0,,,,,
445690,30025.0,0.0,,,,,
0018Z0,18015.0,49000000.0,,,,,
195920,35975.0,22000000.0,,,,,
760022,8945.0,0.0,,,,,
002070,3715.0,70000000.0,3705.0,3915.0,3690.0,18912.0,
449580,16210.0,59000000.0,,,,,
570125,17780.0,0.0,,,,,
227830,71065.0,17000000.0,,,,,
580089,17745.0,99000000.0,,,,,
407310,16035.0,33000000.0,,,,,
008600,2620.0,0.0,0.0,0.0,0.0,0.0,
225060,16615.0,1000000.0,,,,,
610025,17590.0,0.0,,,,,
009440,756.0,0.0,0.0,0.0,0.0,0.0,
610003,8755.0,0.0,,,,,
0144M0,6135.0,107000000.0,,,,,
391670,29075.0,30000000.0,,,,,
292050,49540.0,138000000.0,,,,,
289260,28885.0,0.0,,,,,
0086C0,9825.0,11000000.0,,,,,
570071,17140.0,0.0,,,,,
477490,19000.0,1000000.0,,,,,
457690,10530.0,62000000.0,,,,,
580075,16950.0,0.0,,,,,
580066,8445.0,0.0,,,,,
0065G0,7795.0,42000000.0,,,,,
468370,10035.0,151000000.0,,,,,
0105D0,8815.0,289000000.0,,,,,
176950,60645.0,131000000.0,,,,,
488290,47570.0,43000000.0,,,,,
451600,85720.0,431000000.0,,,,,
460660,10990.0,33000000.0,,,,,
0051A0,25305.0,105000000.0,,,,,
219390,8215.0,188000000.0,,,,,
494420,8645.0,93000000.0,,,,,
580090,16345.0,6000000.0,,,,,
483330,15505.0,255000000.0,,,,,
530120,16275.0,8000000.0,,,,,
250730,9510.0,9000000.0,,,,,
005725,4490.0,0.0,4490.0,4490.0,4450.0,121.0,
474920,17175.0,6000000.0,,,,,
419650,4880.0,32000000.0,,,,,
570126,16095.0,0.0,,,,,
0233N0,10710.0,3244000000.0,,,,,
415760,11795.0,41000000.0,,,,,
570121,7985.0,0.0,,,,,
0198B0,11960.0,179000000.0,,,,,
005257,18750.0,9000000.0,19500.0,19500.0,18200.0,508.0,
131890,39650.0,32000000.0,,,,,
265690,8535.0,0.0,,,,,
18064K,29700.0,35000000.0,30300.0,30300.0,29500.0,1201.0,
610085,26220.0,40000000.0,,,,,
0207Z0,7465.0,240000000.0,,,,,
610039,15635.0,0.0,,,,,
432840,19525.0,11000000.0,,,,,
465770,2155.0,1294000000.0,2110.0,2580.0,2100.0,560733.0,
484890,52705.0,640000000.0,,,,,
580086,15460.0,26000000.0,,,,,
006200,1629.0,71000000.0,1685.0,1685.0,1593.0,43891.0,
387280,11990.0,147000000.0,,,,,
332620,81275.0,54000000.0,,,,,
244620,21575.0,54000000.0,,,,,
491510,17730.0,1000000.0,,,,,
413930,27390.0,143000000.0,,,,,
002025,12980.0,8000000.0,12990.0,13040.0,12890.0,686.0,
530095,15055.0,0.0,,,,,
114460,100330.0,11000000.0,,,,,
130680,7710.0,183000000.0,,,,,
0242S0,10660.0,742000000.0,,,,,
0106J0,19880.0,0.0,20195.0,20225.0,19880.0,3.0,
337150,24760.0,2000000.0,,,,,
520076,5940.0,52000000.0,,,,,
0222F0,12910.0,27000000.0,,,,,
700034,9895.0,176000000.0,,,,,
004105,4495.0,342000000.0,4750.0,4750.0,4420.0,74475.0,
570099,14825.0,0.0,,,,,
453010,110165.0,15000000.0,,,,,
530140,14705.0,44000000.0,,,,,
0088N0,11675.0,43000000.0,,,,,
610086,72615.0,0.0,,,,,
760015,7260.0,140000000.0,,,,,
580050,14490.0,0.0,,,,,
404650,24120.0,28000000.0,,,,,
487750,36165.0,108000000.0,,,,,
104520,14465.0,5000000.0,,,,,
500072,1444.0,121000000.0,,,,,
0084E0,9935.0,0.0,,,,,
610024,14245.0,0.0,,,,,
234310,28440.0,0.0,,,,,
373490,25850.0,4000000.0,,,,,
760017,20245.0,0.0,,,,,
0193K0,12880.0,515000000.0,,,,,
530129,14080.0,0.0,,,,,
0090B0,7205.0,670000000.0,,,,,
438900,10785.0,161000000.0,,,,,
580043,27990.0,103000000.0,,,,,
453630,11640.0,54000000.0,,,,,
610081,27915.0,0.0,,,,,
000087,12310.0,1000000.0,12450.0,12450.0,12310.0,85.0,
360150,3385.0,133000000.0,,,,,
001795,2140.0,7000000.0,2145.0,2145.0,2110.0,3541.0,
0153P0,9405.0,20000000.0,,,,,
236350,21880.0,7000000.0,,,,,
530137,13520.0,100000000.0,,,,,
137610,5865.0,75000000.0,,,,,
500024,6730.0,0.0,,,,,
0127V0,10720.0,7000000.0,,,,,
496130,24765.0,3000000.0,,,,,
0004G0,8330.0,44000000.0,,,,,
570105,4430.0,7000000.0,,,,,
00806K,10950.0,19000000.0,11110.0,11130.0,10910.0,1774.0,
472720,25215.0,12000000.0,,,,,
279540,21715.0,3000000.0,,,,,
102960,13000.0,84000000.0,,,,,
580083,25915.0,1000000.0,,,,,
0127T0,10795.0,10000000.0,,,,,
300610,5500.0,179000000.0,,,,,
610072,25815.0,0.0,,,,,
610070,25785.0,0.0,,,,,
570096,12855.0,0.0,,,,,
0028X0,11155.0,46000000.0,,,,,
45226K,4415.0,26000000.0,4385.0,4415.0,4380.0,5960.0,
363510,112440.0,0.0,,,,,
580032,25630.0,23000000.0,,,,,
290080,7320.0,48000000.0,,,,,
084695,14010.0,36000000.0,14060.0,14060.0,13800.0,2619.0,
580080,12790.0,0.0,,,,,
530092,2555.0,44000000.0,,,,,
610035,12715.0,11000000.0,,,,,
489860,14945.0,56000000.0,,,,,
140710,6680.0,62000000.0,,,,,
417450,15850.0,44000000.0,,,,,
00781K,16120.0,4000000.0,16190.0,16320.0,16020.0,301.0,
0208N0,7630.0,66000000.0,,,,,
485810,11425.0,159000000.0,,,,,
610062,62670.0,2000000.0,,,,,
580051,8355.0,28000000.0,,,,,
0013P0,11365.0,103000000.0,,,,,
500097,12435.0,1000000.0,,,,,
610080,12435.0,0.0,,,,,
570123,6215.0,0.0,,,,,
166400,24750.0,49000000.0,,,,,
0015F0,10280.0,54000000.0,,,,,
453060,111765.0,81000000.0,,,,,
457700,9305.0,7000000.0,,,,,
453820,9445.0,35000000.0,,,,,
520088,6120.0,1000000.0,,,,,
404540,24395.0,19000000.0,,,,,
570074,12195.0,0.0,,,,,
610079,60745.0,0.0,,,,,
610030,12130.0,0.0,,,,,
435550,17290.0,11000000.0,,,,,
0220A0,8615.0,226000000.0,,,,,
251590,17200.0,46000000.0,,,,,
140580,24065.0,13000000.0,,,,,
610071,12030.0,0.0,,,,,
500086,12025.0,0.0,,,,,
610020,11985.0,0.0,,,,,
002820,991.0,65000000.0,1024.0,1049.0,970.0,65891.0,
395760,21650.0,0.0,,,,,
580065,11900.0,3000000.0,,,,,
145995,32150.0,7000000.0,33000.0,33000.0,32000.0,234.0,
580088,23700.0,121000000.0,,,,,
409810,5255.0,226000000.0,,,,,
580052,23585.0,5000000.0,,,,,
396510,6540.0,2000000.0,,,,,
282000,115135.0,0.0,,,,,
610093,23355.0,1000000.0,,,,,
400570,11560.0,13000000.0,,,,,
332610,121405.0,15000000.0,,,,,
0203D0,8940.0,113000000.0,,,,,
266410,9650.0,163000000.0,,,,,
610049,11520.0,0.0,,,,,
0191S0,15530.0,113000000.0,,,,,
610045,11425.0,0.0,,,,,
530121,11405.0,0.0,,,,,
0194R0,8425.0,147000000.0,,,,,
464610,7100.0,119000000.0,,,,,
446700,10910.0,110000000.0,,,,,
530127,11290.0,0.0,,,,,
024890,1368.0,30000000.0,1378.0,1386.0,1347.0,22220.0,
430500,112855.0,9000000.0,,,,,
428560,15040.0,25000000.0,,,,,
453660,16105.0,17000000.0,,,,,
38380K,7670.0,1000000.0,7900.0,7900.0,7500.0,212.0,
269370,16000.0,1000000.0,,,,,
0104G0,4860.0,1032000000.0,,,,,
448490,53085.0,56000000.0,,,,,
269530,18560.0,4000000.0,,,,,
252650,18425.0,8000000.0,,,,,
610060,22100.0,0.0,,,,,
760023,11045.0,65000000.0,,,,,
410870,9160.0,120000000.0,,,,,
407820,6090.0,2000000.0,,,,,
610055,21885.0,0.0,,,,,
0002C0,10025.0,13000000.0,,,,,
0000H0,9380.0,91000000.0,,,,,
0227L0,10780.0,178000000.0,,,,,
610096,10755.0,9000000.0,,,,,
700032,10750.0,21000000.0,,,,,
419420,8945.0,59000000.0,,,,,
610076,53620.0,1000000.0,,,,,
0120X0,10115.0,0.0,10115.0,10115.0,10115.0,0.0,
520046,10705.0,21000000.0,,,,,
354240,9730.0,48000000.0,,,,,
580064,21400.0,0.0,,,,,
760027,5330.0,233000000.0,,,,,
385710,10630.0,20000000.0,,,,,
610051,10625.0,0.0,,,,,
252000,19260.0,2000000.0,,,,,
482030,10080.0,503000000.0,,,,,
760032,10555.0,1000000.0,,,,,
001067,50000.0,0.0,50100.0,50100.0,50000.0,4.0,
610058,20985.0,0.0,,,,,
0068M0,11630.0,3000000.0,,,,,
140570,26065.0,11000000.0,,,,,
610057,20845.0,0.0,,,,,
438740,34680.0,11000000.0,,,,,
0093B0,12990.0,54000000.0,,,,,
451150,16745.0,0.0,,,,,
580047,10375.0,0.0,,,,,
463640,12940.0,114000000.0,,,,,
280920,23000.0,0.0,,,,,
520064,5165.0,0.0,,,,,
530139,10320.0,0.0,,,,,
610074,10300.0,0.0,,,,,
435040,18715.0,9000000.0,,,,,
0216Z0,8575.0,521000000.0,,,,,
610102,10290.0,0.0,,,,,
0219B0,12825.0,2496000000.0,,,,,
0227K0,10230.0,349000000.0,,,,,
610056,20450.0,0.0,,,,,
461580,17040.0,175000000.0,,,,,
580054,20425.0,0.0,,,,,
310080,8875.0,12000000.0,,,,,
0001P0,9055.0,4000000.0,,,,,
237440,10115.0,18000000.0,,,,,
301400,15490.0,38000000.0,,,,,
0189Z0,10065.0,10000000.0,,,,,
610106,9995.0,0.0,,,,,
530064,666.0,2000000.0,,,,,
291130,16650.0,3000000.0,,,,,
460270,12240.0,0.0,,,,,
610092,9895.0,0.0,,,,,
610111,9895.0,0.0,,,,,
580059,9875.0,0.0,,,,,
570085,9870.0,1000000.0,,,,,
610105,9855.0,0.0,,,,,
004255,1865.0,3000000.0,1894.0,1926.0,1860.0,1977.0,
610098,9815.0,9000000.0,,,,,
0113G0,10885.0,83000000.0,,,,,
550100,9760.0,3000000.0,,,,,
570128,9690.0,0.0,,,,,
0224D0,10735.0,665000000.0,,,,,
610112,19235.0,0.0,,,,,
371870,6000.0,1000000.0,,,,,
429010,19140.0,6000000.0,,,,,
019685,985.0,10000000.0,1051.0,1051.0,982.0,10484.0,
700014,9550.0,0.0,,,,,
463690,17320.0,11000000.0,,,,,
181480,79355.0,7000000.0,,,,,
610082,9520.0,0.0,,,,,
466810,6345.0,142000000.0,,,,,
498050,10005.0,26000000.0,,,,,
0120J0,7600.0,91000000.0,,,,,
610068,9495.0,31000000.0,,,,,
145210,2240.0,0.0,0.0,0.0,0.0,0.0,
550099,9455.0,76000000.0,,,,,
0219Z0,10485.0,377000000.0,,,,,
230480,4910.0,23000000.0,,,,,
610034,9375.0,0.0,,,,,
700011,9355.0,6000000.0,,,,,
610077,9320.0,0.0,,,,,
399580,9210.0,49000000.0,,,,,
580035,9195.0,0.0,,,,,
105010,6565.0,331000000.0,,,,,
217780,5930.0,0.0,,,,,
0174R0,11480.0,85000000.0,,,,,
003075,12380.0,1000000.0,12100.0,12390.0,11970.0,107.0,
381570,10755.0,158000000.0,,,,,
341850,4565.0,11000000.0,,,,,
0215T0,10140.0,655000000.0,,,,,
001755,19290.0,1000000.0,19280.0,19300.0,19280.0,101.0,
700035,9115.0,170000000.0,,,,,
0094L0,6505.0,55000000.0,,,,,
0194N0,11750.0,299000000.0,,,,,
610095,9095.0,261000000.0,,,,,
0216K0,9090.0,547000000.0,,,,,
354350,17475.0,42000000.0,,,,,
580087,9070.0,0.0,,,,,
270800,16485.0,86000000.0,,,,,
700031,9060.0,9000000.0,,,,,
261110,15085.0,19000000.0,,,,,
015260,192.0,2142000000.0,168.0,213.0,163.0,10969256.0,
117690,18065.0,14000000.0,,,,,
0084D0,11275.0,2000000.0,,,,,
281990,17985.0,0.0,,,,,
580060,17890.0,0.0,,,,,
487910,7420.0,6000000.0,,,,,
494180,12625.0,2000000.0,,,,,
266390,14720.0,6000000.0,,,,,
580053,17660.0,3000000.0,,,,,
530135,8795.0,0.0,,,,,
395150,1820.0,45000000.0,,,,,
700036,1747.0,2242000000.0,,,,,
580061,8730.0,0.0,,,,,
580085,8725.0,4000000.0,,,,,
500101,8720.0,3000000.0,,,,,
0221Z0,9675.0,426000000.0,,,,,
429980,17390.0,293000000.0,,,,,
215620,16085.0,0.0,,,,,
550095,17335.0,0.0,,,,,
0008E0,11540.0,5000000.0,,,,,
610059,17300.0,3000000.0,,,,,
456250,7510.0,35000000.0,,,,,
500068,12265.0,0.0,,,,,
700033,8580.0,276000000.0,,,,,
33637L,2270.0,1000000.0,2325.0,2325.0,2255.0,642.0,
174350,20395.0,5000000.0,,,,,
500036,4260.0,0.0,,,,,
497510,12155.0,26000000.0,,,,,
580063,17015.0,0.0,,,,,
610097,8415.0,0.0,,,,,
610083,16775.0,0.0,,,,,
0184N0,8380.0,117000000.0,,,,,
570094,8370.0,2000000.0,,,,,
435540,16740.0,26000000.0,,,,,
139240,10200.0,252000000.0,,,,,
449680,9840.0,0.0,,,,,
610094,8360.0,55000000.0,,,,,
457930,27835.0,0.0,,,,,
0133E0,7950.0,18000000.0,,,,,
375270,12820.0,1000000.0,,,,,
610073,16635.0,0.0,,,,,
0214M0,9765.0,8000000.0,,,,,
520097,8260.0,119000000.0,,,,,
610090,8225.0,6000000.0,,,,,
570107,3290.0,6000000.0,,,,,
395750,20545.0,0.0,,,,,
000225,3625.0,18000000.0,3625.0,3650.0,3570.0,5140.0,
182490,13630.0,5000000.0,,,,,
497520,12560.0,5000000.0,,,,,
0226D0,10200.0,30000000.0,,,,,
0067Y0,9035.0,78000000.0,,,,,
395280,3460.0,47000000.0,,,,,
462340,16215.0,0.0,,,,,
0176P0,14700.0,192000000.0,,,,,
0226G0,12225.0,71000000.0,,,,,
304670,13230.0,4000000.0,,,,,
610084,7860.0,0.0,,,,,
570097,7860.0,0.0,,,,,
189400,26195.0,3000000.0,,,,,
530114,7800.0,5000000.0,,,,,
001515,3985.0,19000000.0,4020.0,4020.0,3985.0,4752.0,
530056,1935.0,5000000.0,,,,,
371150,5950.0,2000000.0,,,,,
480460,9100.0,2000000.0,,,,,
227550,11995.0,303000000.0,,,,,
530122,7630.0,0.0,,,,,
227570,20950.0,26000000.0,,,,,
0218K0,10760.0,76000000.0,,,,,
253280,12550.0,8000000.0,,,,,
285690,21410.0,0.0,,,,,
494210,10660.0,40000000.0,,,,,
520085,7445.0,33000000.0,,,,,
700030,1859.0,66000000.0,,,,,
435530,14850.0,1000000.0,,,,,
530141,7390.0,0.0,,,,,
001065,21600.0,12000000.0,21800.0,21900.0,21600.0,578.0,
610100,7365.0,33000000.0,,,,,
272570,108155.0,2000000.0,,,,,
760025,10500.0,14000000.0,,,,,
402460,14600.0,30000000.0,,,,,
570114,7290.0,4000000.0,,,,,
0005C0,11175.0,14000000.0,,,,,
225800,14185.0,12000000.0,,,,,
0138D0,13135.0,176000000.0,,,,,
488480,13080.0,22000000.0,,,,,
0172Y0,8990.0,8000000.0,,,,,
530060,7185.0,0.0,,,,,
437370,10155.0,59000000.0,,,,,
315270,18625.0,1000000.0,,,,,
000325,28950.0,1000000.0,28100.0,28950.0,28100.0,56.0,
225050,15620.0,47000000.0,,,,,
487920,7025.0,6000000.0,,,,,
530142,7005.0,0.0,,,,,
244670,11600.0,2000000.0,,,,,
0191B0,34770.0,258000000.0,,,,,
760006,6940.0,0.0,,,,,
580079,6920.0,59000000.0,,,,,
570092,6890.0,3000000.0,,,,,
004835,4930.0,175000000.0,4505.0,4980.0,4505.0,35988.0,
0094X0,7595.0,23000000.0,,,,,
580062,13620.0,0.0,,,,,
400590,13535.0,2000000.0,,,,,
500098,6740.0,0.0,,,,,
500067,9570.0,0.0,,,,,
139660,8665.0,16000000.0,,,,,
610091,13330.0,0.0,,,,,
256450,13305.0,0.0,,,,,
610099,6650.0,0.0,,,,,
450180,10170.0,0.0,,,,,
760010,9435.0,0.0,,,,,
570109,13150.0,0.0,,,,,
520084,6575.0,0.0,,,,,
0036Z0,11935.0,18000000.0,,,,,
004985,8880.0,7000000.0,9280.0,9280.0,8700.0,872.0,
0082F0,9265.0,19000000.0,,,,,
138920,12915.0,10000000.0,,,,,
307510,12900.0,30000000.0,,,,,
456200,58275.0,18000000.0,,,,,
139290,22845.0,167000000.0,,,,,
570101,6375.0,1000000.0,,,,,
326230,10985.0,0.0,,,,,
570091,6330.0,0.0,,,,,
530096,6325.0,0.0,,,,,
451670,12570.0,11000000.0,,,,,
289670,52220.0,14000000.0,,,,,
580078,6230.0,0.0,,,,,
469530,9715.0,0.0,,,,,
368680,7755.0,0.0,,,,,
570095,6175.0,37000000.0,,,,,
250780,2205.0,611000000.0,,,,,
044380,436.0,0.0,0.0,0.0,0.0,0.0,
429740,6045.0,15000000.0,,,,,
0047N0,8635.0,8000000.0,,,,,
291630,4145.0,678000000.0,,,,,
316300,11965.0,4000000.0,,,,,
530062,46.0,1000000.0,,,,,
267450,11865.0,0.0,,,,,
570098,5930.0,3000000.0,,,,,
400580,11855.0,0.0,,,,,
0053M0,13165.0,56000000.0,,,,,
483020,9070.0,40000000.0,,,,,
580084,11785.0,0.0,,,,,
314700,10655.0,54000000.0,,,,,
26490K,7550.0,0.0,7530.0,7550.0,7370.0,87.0,
0166T0,8975.0,0.0,,,,,
433250,23160.0,0.0,,,,,
012205,4940.0,12000000.0,4980.0,5000.0,4930.0,2627.0,
570111,28725.0,0.0,,,,,
0229F0,8835.0,116000000.0,,,,,
0114X0,8795.0,4000000.0,,,,,
550096,11365.0,0.0,,,,,
090355,12220.0,0.0,12350.0,12350.0,12220.0,4.0,
407300,10230.0,0.0,,,,,
291890,12500.0,1000000.0,,,,,
570108,11215.0,0.0,,,,,
432600,55405.0,0.0,,,,,
401590,10775.0,0.0,,,,,
570073,5485.0,0.0,,,,,
610023,5485.0,1000000.0,,,,,
238670,13635.0,118000000.0,,,,,
470310,18090.0,7000000.0,,,,,
499150,10765.0,14000000.0,,,,,
0174J0,8765.0,152000000.0,,,,,
220130,6550.0,2000000.0,,,,,
390400,6545.0,0.0,,,,,
0087F0,10440.0,21000000.0,,,,,
550098,5195.0,41000000.0,,,,,
760014,7360.0,0.0,,,,,
295000,51415.0,11000000.0,,,,,
0015E0,10270.0,16000000.0,,,,,
490330,12765.0,19000000.0,,,,,
0184V0,5660.0,130000000.0,,,,,
0132D0,9115.0,2000000.0,,,,,
227560,12450.0,10000000.0,,,,,
483030,11065.0,13000000.0,,,,,
530094,4955.0,1000000.0,,,,,
413220,4125.0,0.0,,,,,
219900,3530.0,10000000.0,,,,,
0102X0,8205.0,23000000.0,,,,,
0154H0,8775.0,190000000.0,,,,,
476310,8770.0,2000000.0,,,,,
0015K0,6835.0,16000000.0,,,,,
001770,3925.0,0.0,0.0,0.0,0.0,0.0,
610029,4765.0,15000000.0,,,,,
550070,4755.0,0.0,,,,,
474390,41265.0,209000000.0,,,,,
411860,15620.0,29000000.0,,,,,
267440,7585.0,2000000.0,,,,,
0073X0,8200.0,4000000.0,,,,,
266550,18015.0,0.0,,,,,
391600,9995.0,1000000.0,,,,,
000545,5760.0,0.0,5770.0,5770.0,5650.0,73.0,
498610,7360.0,16000000.0,,,,,
510027,1453.0,58000000.0,,,,,
0078V0,8670.0,7000000.0,,,,,
000145,9140.0,0.0,9140.0,9140.0,9100.0,8.0,
580044,1433.0,303000000.0,,,,,
277650,21285.0,2000000.0,,,,,
0128D0,6055.0,27000000.0,,,,,
205720,1410.0,4000000.0,,,,,
0050E0,8402.0,8000000.0,,,,,
002995,14270.0,71000000.0,14080.0,14290.0,14000.0,5095.0,
252420,78.0,43000000.0,,,,,
373790,14575.0,1000000.0,,,,,
291680,8115.0,0.0,,,,,
226380,5735.0,1000000.0,,,,,
243890,8900.0,285000000.0,,,,,
009415,6010.0,17000000.0,6180.0,6180.0,6000.0,2839.0,
005965,17100.0,0.0,17060.0,17200.0,17060.0,58.0,
0131A0,6900.0,3000000.0,,,,,
244660,9370.0,0.0,,,,,
530125,3725.0,90000000.0,,,,,
225030,2230.0,193000000.0,,,,,
500041,730.0,5000000.0,,,,,
334690,5205.0,10000000.0,,,,,
306530,8225.0,440000000.0,,,,,
014825,13510.0,0.0,14130.0,14130.0,13510.0,65.0,
007575,7890.0,4000000.0,7810.0,7890.0,7800.0,526.0,
014285,5890.0,5000000.0,5500.0,5890.0,5500.0,902.0,
570110,17000.0,0.0,,,,,
36328K,2890.0,3000000.0,2955.0,2955.0,2830.0,1283.0,
427120,5375.0,13000000.0,,,,,
570023,658.0,0.0,,,,,
0079X0,8900.0,65000000.0,,,,,
321410,10340.0,5000000.0,,,,,
267490,4410.0,0.0,,,,,
005745,5000.0,11000000.0,4990.0,5000.0,4990.0,2307.0,
014915,4900.0,0.0,4965.0,4965.0,4900.0,2.0,
280940,3645.0,16000000.0,,,,,
476000,5140.0,2000000.0,,,,,
145670,1281.0,68000000.0,,,,,
252410,1304.0,58000000.0,,,,,
491630,4735.0,10000000.0,,,,,
000227,8120.0,0.0,8200.0,8200.0,7920.0,99.0,
253230,74.0,137000000.0,,,,,
580033,4845.0,15000000.0,,,,,
334700,3695.0,0.0,,,,,
005030,25.0,311000000.0,28.0,30.0,25.0,11488213.0,
500030,66.0,0.0,,,,,
008355,7180.0,2000000.0,7160.0,7180.0,7150.0,288.0,
500051,1102.0,0.0,,,,,
280320,22020.0,0.0,,,,,
275750,2220.0,36000000.0,,,,,
001525,7500.0,14000000.0,7860.0,7890.0,7500.0,1860.0,
570070,1850.0,0.0,,,,,
291620,3895.0,49000000.0,,,,,
253240,1310.0,48000000.0,,,,,
700018,1450.0,40000000.0,,,,,
306520,2375.0,27000000.0,,,,,
253160,148.0,156000000.0,,,,,
004545,3395.0,1000000.0,3550.0,3605.0,3395.0,490.0,
005110,58.0,462000000.0,79.0,88.0,57.0,6981458.0,
500038,1198.0,0.0,,,,,
261920,11115.0,0.0,,,,,
011155,5440.0,4000000.0,5320.0,5550.0,5320.0,870.0,
412560,1645.0,12000000.0,,,,,
001527,4900.0,2000000.0,4750.0,4900.0,4650.0,619.0,
004415,3915.0,5000000.0,3905.0,4250.0,3905.0,1362.0,
465620,6250.0,13000000.0,,,,,
002785,6840.0,11000000.0,6660.0,7280.0,6660.0,1717.0,
002787,9930.0,9000000.0,8790.0,10300.0,8660.0,954.0,
196170,257000.0,55563000000.0,265000.0,265500.0,256500.0,213612.0,66265892000.0
086520,91900.0,57319000000.0,94700.0,95000.0,91700.0,616262.0,78869176000.0
247540,124500.0,49434000000.0,129800.0,130600.0,124200.0,392062.0,57637183000.00001
036930,247500.0,572026000000.0,276500.0,284000.0,246500.0,2170537.0,
277810,447000.0,17683000000.0,462000.0,470000.0,447000.0,38792.0,16428539000.0
222800,170400.0,100680000000.0,170900.0,172600.0,165600.0,593809.0,64659603000.00001
058470,85200.0,90173000000.0,86400.0,88700.0,84300.0,1039193.0,50012543000.0
240810,131100.0,152320000000.0,140300.0,140400.0,131000.0,1129839.0,
039030,518000.0,74160000000.0,526000.0,541000.0,516000.0,141762.0,10452903000.0
028300,45900.0,47317000000.0,46350.0,47850.0,45450.0,1018399.0,63767724999.99999
000250,241000.0,107346000000.0,253000.0,257000.0,233500.0,442136.0,142235525000.0
403870,65500.0,132912000000.0,68100.0,70000.0,65300.0,1987646.0,
108490,305500.0,47626000000.0,317500.0,324000.0,303500.0,152902.0,56312284000.0
031980,204000.0,48056000000.0,193000.0,208500.0,187200.0,239559.0,17099109000.000002
095340,202500.0,31623000000.0,207500.0,208000.0,199900.0,155014.0,11380676000.0
440110,82300.0,36522000000.0,85500.0,86100.0,82000.0,437547.0,
319660,137200.0,71968000000.0,152100.0,152100.0,137100.0,508196.0,0.0
084370,169000.0,43955000000.0,180100.0,180100.0,167700.0,256739.0,18403046000.0
131290,316000.0,80419000000.0,306500.0,336000.0,293500.0,257455.0,10351986000.0
067310,50700.0,64290000000.0,51800.0,52500.0,49850.0,1266012.0,
357780,413500.0,12915000000.0,419500.0,425500.0,409500.0,31152.0,2607569000.0
214450,308500.0,26568000000.0,308000.0,313500.0,307000.0,85706.0,14395771000.0
064760,285000.0,21029000000.0,291500.0,294500.0,283000.0,73268.0,3258384000.0
095610,163100.0,65968000000.0,172300.0,172300.0,162100.0,398122.0,27244220000.0
087010,130600.0,27836000000.0,130800.0,136500.0,125550.0,211628.0,22555748000.0
141080,80500.0,21011000000.0,86200.0,86200.0,80500.0,254855.0,13093210000.0
080220,84700.0,162402000000.0,90500.0,91900.0,84400.0,1869558.0,
298380,51100.0,13876000000.0,53700.0,54200.0,51100.0,265413.0,15677890000.0
226950,122700.0,25952000000.0,124700.0,126900.0,121300.0,210691.0,8934232000.0
010170,17940.0,292917000000.0,18950.0,19870.0,17840.0,15624556.0,
310210,146800.0,7821000000.0,156900.0,158900.0,146100.0,52171.0,4905772000.0
178320,41300.0,32863000000.0,43100.0,43200.0,40850.0,786956.0,
005290,51000.0,21927000000.0,51800.0,52400.0,50900.0,424217.0,14914635999.999998
098460,36200.0,43046000000.0,35850.0,37000.0,35700.0,1181755.0,
043260,32650.0,171900000000.0,32850.0,36100.0,32000.0,5063378.0,
257720,37550.0,26887000000.0,37250.0,38300.0,36800.0,714810.0,21692037000.0
214370,44500.0,4323000000.0,43400.0,45500.0,43400.0,97116.0,1972263999.9999998
145020,183600.0,5747000000.0,182400.0,186100.0,182200.0,31176.0,2985638000.0
319400,20150.0,11053000000.0,21000.0,21150.0,20150.0,540179.0,
030530,29050.0,21170000000.0,30350.0,30900.0,29000.0,714787.0,
058610,99900.0,19380000000.0,105200.0,107200.0,99800.0,188646.0,24068747000.0
140860,308000.0,13654000000.0,301000.0,313500.0,301000.0,44014.0,2290065000.0
032820,12390.0,37951000000.0,13200.0,13420.0,12360.0,2957036.0,
347850,46100.0,33116000000.0,48000.0,48350.0,45000.0,714301.0,
131970,109100.0,46328000000.0,117500.0,117900.0,107900.0,415286.0,41928651000.0
263750,33200.0,3670000000.0,33150.0,33800.0,33150.0,109831.0,1702852000.0
140410,67500.0,5073000000.0,70500.0,72000.0,67500.0,72933.0,
237690,96400.0,8457000000.0,97600.0,98900.0,95400.0,87220.0,5471396000.0
214150,30700.0,3341000000.0,31400.0,31800.0,30650.0,107359.0,1415767000.0
089030,53700.0,29838000000.0,56500.0,57300.0,53600.0,543696.0,
036540,11340.0,45027000000.0,11620.0,11650.0,11100.0,3996264.0,
323280,59700.0,19121000000.0,62800.0,62900.0,59700.0,313518.0,33121621000.0
096530,38900.0,32926000000.0,37950.0,40450.0,37600.0,834550.0,25034113000.0
041510,79000.0,6111000000.0,77400.0,81400.0,77400.0,76535.0,2121928000.0000002
068760,40100.0,1721000000.0,39950.0,40600.0,39700.0,43004.0,1688497000.0
060370,33900.0,7011000000.0,35150.0,35150.0,33400.0,206492.0,2659685000.0
083650,57200.0,14267000000.0,60100.0,60300.0,57000.0,244646.0,21736582000.0
078600,112000.0,21709000000.0,111400.0,113700.0,108800.0,194471.0,19508264000.0
420770,135300.0,18798000000.0,137400.0,141000.0,129900.0,136945.0,0.0
089970,64500.0,43767000000.0,68500.0,69200.0,64300.0,655625.0,32635328000.0
183300,33050.0,11422000000.0,34050.0,35150.0,33050.0,337745.0,7006861000.000001
0009K0,25900.0,2547000000.0,26150.0,26450.0,25550.0,98115.0,2864434000.0
437730,50600.0,17904000000.0,51400.0,54200.0,50500.0,339878.0,21179851000.0
007390,24700.0,2529000000.0,24850.0,25200.0,24500.0,101882.0,2319045000.0
290650,58300.0,22961000000.0,53200.0,59800.0,53200.0,398969.0,13769008000.0
218410,58900.0,24425000000.0,63100.0,63400.0,58600.0,403778.0,29437299000.0
039200,39700.0,5760000000.0,39200.0,40850.0,39200.0,143992.0,2988268000.0
204270,25800.0,106259000000.0,26200.0,27600.0,25550.0,4015196.0,
950160,16810.0,9445000000.0,17320.0,17540.0,16770.0,551721.0,
232140,17190.0,38041000000.0,18120.0,18120.0,16800.0,2198216.0,
950260,27900.0,10746000000.0,29100.0,29900.0,27850.0,375026.0,
035900,38550.0,7555000000.0,38250.0,39100.0,38200.0,195050.0,5263308000.0
347700,26200.0,64338000000.0,26350.0,26850.0,24400.0,2517034.0,
082920,29550.0,5272000000.0,30150.0,30200.0,29250.0,177359.0,2511232000.0
003380,11470.0,7844000000.0,11600.0,11890.0,11470.0,671374.0,
241710,117000.0,21325000000.0,111800.0,118900.0,111200.0,183413.0,8598770000.0
166090,61600.0,6977000000.0,64300.0,64300.0,61400.0,111754.0,4138436000.0
356860,50300.0,32180000000.0,49200.0,51400.0,47700.0,649010.0,30822053000.0
195940,40750.0,3532000000.0,41400.0,41850.0,40150.0,86870.0,987447000.0
252990,19050.0,14197000000.0,19660.0,19890.0,18620.0,748429.0,
101490,53400.0,21051000000.0,53100.0,54300.0,52000.0,395919.0,15301565000.0
056190,31050.0,4326000000.0,31400.0,31700.0,30750.0,139295.0,2167143000.0
293490,10110.0,2792000000.0,9910.0,10250.0,9910.0,276161.0,
417200,15600.0,17532000000.0,15860.0,16080.0,15400.0,1116146.0,
160190,33800.0,8321000000.0,34150.0,34950.0,32800.0,245577.0,
127120,27850.0,4731000000.0,29850.0,29850.0,27800.0,165304.0,2443098000.0
083450,56200.0,7677000000.0,55100.0,56800.0,54500.0,137553.0,5952279000.0
086450,22700.0,14322000000.0,22200.0,23650.0,22050.0,622954.0,11102047000.0
445680,59200.0,3912000000.0,63400.0,63900.0,58900.0,64904.0,3716899999.9999995
458870,26000.0,2465000000.0,27100.0,27100.0,25900.0,93588.0,2262529000.0
161580,41700.0,13321000000.0,43100.0,43100.0,41550.0,315843.0,44215113000.0
036830,47150.0,2469000000.0,48300.0,49000.0,47150.0,51426.0,2269484000.0
491000,38250.0,5718000000.0,38700.0,39050.0,37350.0,149524.0,
327260,53400.0,45369000000.0,58600.0,59900.0,52800.0,812877.0,
115180,24200.0,1724000000.0,24600.0,25500.0,23850.0,70475.0,856012000.0
295310,72000.0,15242000000.0,75000.0,77000.0,71400.0,207714.0,8477857000.0
065350,32500.0,2016000000.0,33450.0,33600.0,32500.0,61238.0,1779938000.0
100790,16810.0,9470000000.0,18240.0,18250.0,16810.0,545641.0,
053800,77700.0,18859000000.0,85500.0,85900.0,77500.0,232879.0,24902006000.0
388210,89300.0,6363000000.0,92300.0,92300.0,89000.0,70518.0,3109183000.0
031330,8600.0,2929000000.0,8890.0,8890.0,8500.0,339174.0,
119850,51700.0,19859000000.0,53800.0,54700.0,51200.0,375778.0,18818955000.0
033790,9880.0,13799000000.0,10110.0,10270.0,9610.0,1393616.0,
038500,7820.0,143871000000.0,6710.0,8450.0,6690.0,18059183.0,
032500,20000.0,3595000000.0,21350.0,21400.0,20000.0,174954.0,5398528000.0
251970,67200.0,12272000000.0,63100.0,69800.0,63000.0,183063.0,5448349000.0
281740,12670.0,4861000000.0,13010.0,13070.0,12620.0,381153.0,
328130,11170.0,5812000000.0,11090.0,11390.0,10990.0,517682.0,6931730000.0
074600,31600.0,4878000000.0,32200.0,32600.0,31350.0,152862.0,2769320000.0
099320,75200.0,10509000000.0,81500.0,83200.0,75100.0,134078.0,6989851000.0
041960,11000.0,7908000000.0,10500.0,11420.0,10440.0,717205.0,
388720,69500.0,1196000000.0,71600.0,72500.0,69500.0,16899.0,1007372000.0
425420,64800.0,12010000000.0,67000.0,67100.0,64800.0,182700.0,4168315000.0
085660,8560.0,1228000000.0,8750.0,8800.0,8510.0,142548.0,570589000.0
476830,28300.0,10519000000.0,30950.0,31150.0,28050.0,361612.0,11299814000.0
033100,49150.0,7626000000.0,51400.0,51800.0,49100.0,151334.0,12012690000.0
014620,29400.0,3635000000.0,29900.0,30150.0,29400.0,122424.0,1729754000.0000002
122870,41500.0,3115000000.0,40800.0,42500.0,40700.0,74646.0,1032385000.0
490470,22750.0,42577000000.0,21550.0,23350.0,20700.0,1924411.0,
035760,35250.0,1713000000.0,34500.0,35650.0,34450.0,48603.0,1051661000.0
121600,62600.0,3237000000.0,63200.0,64000.0,62400.0,51210.0,2566461000.0
137400,32300.0,3515000000.0,33250.0,33250.0,32300.0,107931.0,3637289000.0
059090,22850.0,5284000000.0,24000.0,24050.0,22850.0,227180.0,5281184000.0
090360,78300.0,4191000000.0,81300.0,82500.0,78200.0,52575.0,5183725000.0
064290,58500.0,15364000000.0,60000.0,61900.0,56800.0,260927.0,
006730,11820.0,7843000000.0,11550.0,12070.0,11460.0,662196.0,
090710,6280.0,5667000000.0,6540.0,6660.0,6280.0,882318.0,
036810,34500.0,3966000000.0,35000.0,35400.0,34150.0,114266.0,2806833000.0
456160,44700.0,10368000000.0,44550.0,45150.0,42700.0,235648.0,10374574000.0
213420,29800.0,2092000000.0,30600.0,30600.0,29750.0,69779.0,1307037000.0
189300,68500.0,8043000000.0,74500.0,74500.0,68500.0,114117.0,4974652000.0
044490,36750.0,3544000000.0,38650.0,38800.0,36650.0,94443.0,6766345000.0
171090,72600.0,2986000000.0,74800.0,75300.0,71800.0,40866.0,1725021999.9999998
053610,80700.0,6440000000.0,83500.0,84200.0,80500.0,78628.0,2325169000.0
032190,18930.0,695000000.0,19350.0,19350.0,18930.0,36466.0,275183000.0
033640,31150.0,7525000000.0,32000.0,32400.0,30800.0,241198.0,3581595999.9999995
102710,50200.0,4395000000.0,49400.0,51500.0,49000.0,87142.0,2419278000.0
041830,53100.0,3859000000.0,52800.0,54000.0,51000.0,72904.0,682388000.0
466100,23000.0,3315000000.0,23950.0,24050.0,23000.0,141525.0,4769770000.0
476060,15510.0,2120000000.0,15890.0,15940.0,15380.0,135371.0,3686291000.0
048410,7290.0,8752000000.0,7150.0,7420.0,7080.0,1208187.0,
253590,15940.0,11773000000.0,16130.0,16430.0,15830.0,727748.0,
023160,26700.0,3796000000.0,27050.0,27600.0,26450.0,140889.0,2215266000.0
092870,52900.0,17023000000.0,53900.0,54400.0,50600.0,325415.0,
122640,31800.0,10891000000.0,33700.0,33700.0,31650.0,337126.0,
225570,10440.0,3087000000.0,10690.0,11060.0,10380.0,287806.0,660791000.0
126340,94700.0,9103000000.0,97600.0,97600.0,93500.0,96219.0,10765637000.0
222080,8460.0,5285000000.0,8740.0,8770.0,8430.0,616327.0,
124500,27950.0,5926000000.0,29950.0,29950.0,27900.0,207328.0,4507710000.0
093320,131000.0,848000000.0,132000.0,132800.0,128600.0,6448.0,320656000.0
077360,13780.0,10579000000.0,14490.0,14490.0,13600.0,764779.0,
253450,20700.0,602000000.0,20450.0,21100.0,20450.0,28898.0,210119000.0
024850,17980.0,5754000000.0,17110.0,18170.0,16900.0,326886.0,
219130,98000.0,12153000000.0,92200.0,100300.0,89900.0,124106.0,
050890,10100.0,11278000000.0,10690.0,10760.0,10100.0,1084934.0,
046890,10400.0,1512000000.0,10880.0,10880.0,10400.0,142519.0,1743002999.9999998
080580,28150.0,9961000000.0,27900.0,28600.0,27650.0,354865.0,
045100,33600.0,2003000000.0,33900.0,34200.0,33550.0,59204.0,1274670000.0
069540,5210.0,245727000000.0,5120.0,5990.0,4950.0,45230512.0,
214430,79300.0,1862000000.0,80000.0,81600.0,78000.0,23314.0,1042854000.0
144960,13190.0,16359000000.0,13800.0,13800.0,12830.0,1232958.0,
358570,8910.0,1667000000.0,9100.0,9340.0,8810.0,184882.0,912015000.0000001
078350,36400.0,13594000000.0,36000.0,38200.0,33600.0,369459.0,0.0
399720,46750.0,2994000000.0,47700.0,48000.0,46350.0,63576.0,3548572999.9999995
009520,13200.0,1629000000.0,13410.0,13490.0,13140.0,122328.0,1373662000.0
047920,12570.0,50865000000.0,12330.0,13560.0,12220.0,3958368.0,73330345000.0
089890,32900.0,8419000000.0,35000.0,35250.0,32900.0,248057.0,5910153000.0
042000,22550.0,8520000000.0,22750.0,23400.0,21750.0,376708.0,5538698000.0
060250,13520.0,1992000000.0,13570.0,13700.0,13410.0,147183.0,
356680,18940.0,41978000000.0,20100.0,20750.0,18900.0,2111320.0,
112040,15850.0,3082000000.0,15650.0,16140.0,15580.0,193864.0,1555985000.0
174900,26900.0,4299000000.0,28700.0,28700.0,26800.0,157837.0,
383310,25450.0,3156000000.0,26500.0,26500.0,25250.0,122602.0,
094170,25450.0,1894000000.0,25700.0,26400.0,25200.0,73629.0,1029801000.0
101160,32200.0,1135000000.0,32600.0,32750.0,32100.0,34924.0,618560000.0
052020,7730.0,688000000.0,7960.0,7960.0,7600.0,88665.0,
052400,35950.0,1315000000.0,36800.0,36800.0,35800.0,36380.0,601755000.0
079940,39000.0,487000000.0,38550.0,39250.0,38250.0,12542.0,49218000.0
104830,41000.0,4522000000.0,41100.0,42000.0,40500.0,110170.0,1269928000.0
067630,4185.0,2069000000.0,4120.0,4210.0,4120.0,496949.0,
037460,31250.0,1139000000.0,32750.0,32850.0,31250.0,35691.0,
348370,23200.0,3526000000.0,24050.0,24350.0,23050.0,150453.0,3990878000.0
082270,11090.0,1033000000.0,11300.0,11460.0,10890.0,92759.0,752342000.0
098120,60500.0,7997000000.0,60200.0,63000.0,58600.0,131084.0,
033160,20250.0,33929000000.0,19680.0,20800.0,19300.0,1692949.0,
348340,21150.0,7047000000.0,22550.0,22950.0,21050.0,324573.0,
099190,16700.0,419000000.0,16780.0,17040.0,16660.0,24806.0,126011000.0
086900,67500.0,653000000.0,68300.0,68500.0,67100.0,9622.0,526517000.00000006
211050,9930.0,379000000.0,9630.0,9990.0,9630.0,38391.0,111577000.0
468530,44000.0,13039000000.0,48700.0,48750.0,43600.0,285019.0,9907545000.0
376900,27900.0,2978000000.0,28850.0,30150.0,27800.0,103595.0,4619387000.0
041190,6080.0,8557000000.0,6210.0,6260.0,6010.0,1394983.0,
365340,37500.0,955000000.0,39100.0,39300.0,37450.0,25146.0,911457000.0
025980,4940.0,3178000000.0,5030.0,5110.0,4930.0,633373.0,
018290,13700.0,6575000000.0,12900.0,13960.0,12900.0,485238.0,4428772000.0
089010,28450.0,6493000000.0,28900.0,29900.0,28150.0,225473.0,8622417000.0
015750,5920.0,621000000.0,6030.0,6040.0,5920.0,104039.0,363424000.0
290550,23600.0,6586000000.0,24300.0,24300.0,22050.0,278337.0,
278280,38450.0,621000000.0,39000.0,39350.0,38150.0,16114.0,263845999.99999997
125490,12900.0,13163000000.0,13740.0,13900.0,12890.0,990858.0,
033500,15660.0,1468000000.0,16230.0,16250.0,15660.0,92871.0,552975000.0
034950,103400.0,117000000.0,103600.0,103600.0,102500.0,1139.0,55484000.0
056080,12210.0,4413000000.0,12890.0,13200.0,12210.0,349549.0,
101730,5570.0,20898000000.0,4535.0,5640.0,4535.0,4020861.0,15662968000.0
475960,34500.0,2211000000.0,36450.0,36450.0,33850.0,63877.0,1321085000.0
019210,12500.0,4984000000.0,12760.0,12770.0,12330.0,398311.0,
368770,14020.0,2642000000.0,14560.0,14740.0,14020.0,185045.0,
340570,28550.0,1442000000.0,28750.0,29150.0,28250.0,49979.0,592661000.0
460930,12820.0,806000000.0,13150.0,13180.0,12800.0,62115.0,673620000.0
336570,5090.0,1828000000.0,5180.0,5230.0,5080.0,354840.0,
475830,20600.0,4176000000.0,20700.0,20900.0,20200.0,203131.0,4382140000.0
376300,18870.0,1454000000.0,18690.0,19120.0,18620.0,77076.0,462055000.0
078340,36900.0,1460000000.0,37350.0,37600.0,36750.0,39467.0,299828000.0
035890,2145.0,371000000.0,2200.0,2200.0,2145.0,170769.0,
027360,3630.0,9414000000.0,4020.0,4030.0,3625.0,2481979.0,
272290,22050.0,1520000000.0,22700.0,22750.0,22050.0,68173.0,1293997000.0
200470,9990.0,7191000000.0,10020.0,10130.0,9760.0,721677.0,
170920,41400.0,9266000000.0,43750.0,43750.0,41150.0,220225.0,
079370,14070.0,3932000000.0,14200.0,14450.0,14050.0,277766.0,
159010,32600.0,3803000000.0,32150.0,34000.0,31600.0,114770.0,
397030,15750.0,3124000000.0,16170.0,16290.0,15750.0,195890.0,2616620000.0
187660,6780.0,3638000000.0,7000.0,7020.0,6730.0,532595.0,
486990,20250.0,3027000000.0,20950.0,20950.0,20150.0,147059.0,4514662000.0
417840,18800.0,12950000000.0,19430.0,19590.0,18430.0,688329.0,
078130,3800.0,429000000.0,3880.0,3890.0,3705.0,113442.0,
107640,47050.0,12935000000.0,45650.0,48300.0,45050.0,273813.0,10305834000.0
030520,17530.0,2561000000.0,18150.0,18340.0,17530.0,143212.0,2152606000.0
114810,14630.0,2548000000.0,15050.0,15060.0,14510.0,173281.0,1110797000.0
013030,34800.0,448000000.0,35700.0,35750.0,34750.0,12763.0,231571000.00000003
067160,36400.0,756000000.0,36650.0,37150.0,36350.0,20632.0,200156000.0
052710,21800.0,13986000000.0,22650.0,23150.0,21600.0,625400.0,
372320,26500.0,4754000000.0,24000.0,26750.0,23350.0,188573.0,3345154000.0
204620,5740.0,5064000000.0,5420.0,5850.0,5410.0,883726.0,
332570,8770.0,10284000000.0,9300.0,9380.0,8770.0,1144252.0,
389470,29950.0,12318000000.0,27900.0,34000.0,27600.0,392282.0,10704094000.0
348210,38000.0,2782000000.0,40050.0,40100.0,38000.0,72074.0,1894347000.0000002
241770,39050.0,479000000.0,40400.0,41100.0,39050.0,12044.0,180692000.0
441270,9380.0,3603000000.0,9330.0,9790.0,9210.0,380516.0,2666709000.0
215200,38000.0,957000000.0,37550.0,38550.0,37550.0,25051.0,297532000.0
078160,9990.0,639000000.0,10570.0,10640.0,9970.0,62747.0,590715000.0
095660,18100.0,512000000.0,18110.0,18370.0,17970.0,28266.0,74913000.0
138080,31600.0,8604000000.0,33550.0,34300.0,31300.0,265650.0,
092730,24250.0,1734000000.0,22650.0,24350.0,22400.0,72567.0,1042212999.9999999
330860,31700.0,10802000000.0,33550.0,33800.0,31350.0,338673.0,
200710,28600.0,2322000000.0,29400.0,29400.0,28550.0,80234.0,2396173000.0
236200,54800.0,2510000000.0,58600.0,58700.0,54800.0,44885.0,1875517000.0
477850,21300.0,8018000000.0,22950.0,23100.0,21225.0,363072.0,
039440,24250.0,4594000000.0,25600.0,25650.0,24200.0,186667.0,4389488000.0
069080,12110.0,1334000000.0,11920.0,12260.0,11850.0,110447.0,77227000.0
036800,8180.0,653000000.0,8280.0,8410.0,8170.0,78865.0,102905000.0
025900,7350.0,430000000.0,7640.0,7640.0,7320.0,58040.0,412457000.0
025320,3990.0,692000000.0,4025.0,4025.0,3975.0,172985.0,544854000.0
092190,8000.0,1628000000.0,8500.0,8510.0,7790.0,203651.0,
456010,24950.0,24529000000.0,27300.0,27700.0,24950.0,932881.0,
046970,8220.0,23169000000.0,8700.0,8840.0,8200.0,2732340.0,
078020,6470.0,161000000.0,6490.0,6490.0,6410.0,25047.0,
060280,8680.0,2042000000.0,8980.0,9170.0,8610.0,232084.0,
110990,18900.0,1168000000.0,19220.0,19240.0,18780.0,61497.0,1257349000.0
168360,15890.0,2842000000.0,16470.0,16600.0,15750.0,175961.0,3270319000.0
003800,31950.0,67000000.0,32050.0,32100.0,31950.0,2092.0,
006910,7190.0,6077000000.0,7720.0,7720.0,7190.0,818038.0,
393890,10320.0,3037000000.0,10820.0,11000.0,10310.0,288456.0,
036620,3835.0,731000000.0,3765.0,3855.0,3750.0,192223.0,258095000.0
018000,1174.0,969000000.0,1202.0,1206.0,1170.0,815838.0,
064260,4530.0,2028000000.0,4665.0,4670.0,4530.0,442353.0,
093520,28750.0,492000000.0,29500.0,29600.0,28100.0,16990.0,214902000.00000003
455900,22200.0,1037000000.0,22300.0,22700.0,22050.0,46356.0,680417000.0
017890,16080.0,1334000000.0,15810.0,16290.0,15400.0,83392.0,
117730,14710.0,974000000.0,15040.0,15100.0,14700.0,65466.0,1475881000.0
482630,15140.0,2395000000.0,15600.0,15600.0,15140.0,156069.0,
448900,54400.0,1865000000.0,57200.0,57900.0,54300.0,33346.0,1991688000.0
425040,15060.0,12049000000.0,15300.0,15850.0,15040.0,781359.0,
215600,2380.0,1323000000.0,2340.0,2410.0,2330.0,554733.0,
036200,10720.0,1764000000.0,10850.0,11050.0,10520.0,163642.0,1559116000.0
061970,4690.0,1339000000.0,4845.0,4850.0,4665.0,283428.0,
121440,7660.0,39000000.0,7700.0,7780.0,7650.0,5014.0,
091580,24550.0,8334000000.0,25000.0,25500.0,24350.0,333795.0,
042520,22600.0,2516000000.0,22500.0,23050.0,22100.0,111069.0,1140478000.0
234340,22900.0,4177000000.0,23600.0,23600.0,22900.0,180011.0,
446540,10990.0,4635000000.0,11560.0,11560.0,10900.0,415230.0,
424870,3485.0,1650000000.0,3500.0,3525.0,3440.0,474691.0,2710879000.0
012210,13720.0,231815000000.0,12580.0,14260.0,12300.0,17144247.0,
488900,10900.0,5486000000.0,11760.0,12620.0,10780.0,468579.0,6049834000.0
900290,3400.0,393000000.0,3365.0,3410.0,3275.0,116949.0,
206650,8490.0,627000000.0,8590.0,8730.0,8450.0,73225.0,
354320,48750.0,10393000000.0,50400.0,53600.0,48225.0,204468.0,
086390,14590.0,4269000000.0,15230.0,15390.0,14550.0,289545.0,3567386000.0
084110,23950.0,605000000.0,23250.0,23950.0,23050.0,25488.0,356211000.0
265520,20050.0,582000000.0,20750.0,20800.0,20050.0,28732.0,491772000.0
160980,27550.0,3871000000.0,28850.0,28850.0,27550.0,138599.0,
199800,33200.0,1185000000.0,35450.0,35550.0,33200.0,34760.0,1036805000.0
203650,2935.0,12106000000.0,3060.0,3110.0,2910.0,4038775.0,
228760,11940.0,770000000.0,12100.0,12350.0,11830.0,64117.0,425209000.0
049070,18740.0,662000000.0,19370.0,19430.0,18710.0,34861.0,549336000.0
025770,7870.0,78000000.0,7800.0,7900.0,7790.0,10014.0,
054950,24350.0,286000000.0,24300.0,24550.0,24200.0,11709.0,129414000.0
484590,7120.0,728000000.0,7330.0,7330.0,7120.0,100728.0,
092460,17130.0,210000000.0,16810.0,17170.0,16810.0,12360.0,140049000.0
452430,35500.0,882000000.0,36000.0,36000.0,35100.0,24866.0,875489999.9999999
304360,23450.0,786000000.0,23200.0,23900.0,22750.0,33757.0,527412000.0
386380,15560.0,15838000000.0,17100.0,17230.0,15550.0,975324.0,
468670,25650.0,66837000000.0,29700.0,30850.0,25650.0,2340851.0,
200670,25950.0,403000000.0,26150.0,26400.0,25800.0,15494.0,266671000.0
035810,4485.0,585000000.0,4470.0,4525.0,4440.0,130502.0,
352480,21000.0,350000000.0,20750.0,21100.0,20350.0,16858.0,82002000.0
448280,9640.0,114000000.0,9500.0,9690.0,9300.0,11873.0,99870000.0
389500,42500.0,2377000000.0,44850.0,46100.0,42500.0,54344.0,
136480,2665.0,616000000.0,2665.0,2675.0,2650.0,231313.0,
317330,13750.0,1609000000.0,14020.0,14150.0,13420.0,117172.0,2152938000.0
101930,6150.0,189000000.0,6270.0,6280.0,6080.0,30576.0,135993000.0
042370,10720.0,13602000000.0,11920.0,11920.0,10670.0,1209931.0,
493280,18850.0,3372000000.0,19250.0,19880.0,18700.0,176047.0,
0035S0,27200.0,44533000000.0,30150.0,32050.0,27150.0,1487257.0,
071200,11430.0,1200000000.0,11910.0,12170.0,11350.0,103699.0,
314130,5320.0,4619000000.0,5870.0,5870.0,5180.0,848747.0,
378340,12840.0,392000000.0,13340.0,13370.0,12810.0,30127.0,651501000.0
115450,2930.0,4830000000.0,2750.0,3130.0,2730.0,1641331.0,
060720,11630.0,679000000.0,11690.0,11730.0,11330.0,58426.0,
452280,14300.0,7802000000.0,15070.0,15290.0,14300.0,532217.0,
094360,12860.0,1456000000.0,13120.0,13160.0,12820.0,112765.0,2584119000.0
287840,18240.0,358000000.0,18560.0,18960.0,18170.0,19406.0,183701000.0
394280,10210.0,555000000.0,10540.0,10560.0,10210.0,53795.0,592029000.0
309710,21000.0,0.0,0.0,0.0,0.0,0.0,
294570,26600.0,916000000.0,27300.0,27400.0,26450.0,34080.0,1531734000.0
036710,5080.0,961000000.0,5090.0,5170.0,4950.0,190599.0,
098070,24050.0,1851000000.0,24100.0,24350.0,23800.0,76797.0,2740142000.0
472850,4640.0,218000000.0,4695.0,4700.0,4530.0,47211.0,190511000.0
035600,9670.0,126000000.0,9700.0,9730.0,9650.0,13013.0,51962000.0
267980,34750.0,138000000.0,35300.0,35650.0,34700.0,3947.0,106074000.0
182400,3670.0,0.0,0.0,0.0,0.0,0.0,
024840,6100.0,16468000000.0,6610.0,6820.0,6070.0,2561411.0,
254490,18350.0,1504000000.0,18830.0,18950.0,18240.0,81420.0,
085910,19200.0,3755000000.0,19520.0,19890.0,18620.0,196482.0,
100120,29450.0,713000000.0,29600.0,30200.0,29350.0,23931.0,
439090,16050.0,2478000000.0,15750.0,16130.0,15700.0,155102.0,2542715000.0
272110,32650.0,6478000000.0,32250.0,33950.0,31500.0,198988.0,
089980,16340.0,404000000.0,17000.0,17000.0,16330.0,24227.0,404394000.0
389650,31500.0,198000000.0,31600.0,32050.0,31200.0,6303.0,240081000.0
266690,13790.0,32739000000.0,15860.0,16000.0,13790.0,2181452.0,
099440,3815.0,456000000.0,3870.0,3890.0,3815.0,118705.0,
091700,5190.0,264000000.0,5280.0,5280.0,5160.0,50890.0,
051500,21850.0,74000000.0,21650.0,21900.0,21500.0,3429.0,15357000.000000002
043150,17420.0,329000000.0,17690.0,17720.0,17410.0,18795.0,80656000.0
032580,7750.0,4514000000.0,7800.0,8000.0,7480.0,584207.0,
121800,3320.0,0.0,0.0,0.0,0.0,0.0,
151860,5380.0,150000000.0,5370.0,5430.0,5350.0,27941.0,
484120,23250.0,821000000.0,23050.0,24300.0,22450.0,34954.0,356272000.0
068930,9200.0,263000000.0,9080.0,9270.0,9080.0,28589.0,
073490,33450.0,1669000000.0,35000.0,35500.0,33450.0,48747.0,
377460,4080.0,0.0,0.0,0.0,0.0,0.0,
416180,27850.0,1537000000.0,27350.0,28600.0,26950.0,54854.0,1084116000.0
112290,12420.0,2231000000.0,12580.0,12640.0,12250.0,179191.0,
023410,3235.0,519000000.0,3260.0,3260.0,3225.0,160283.0,
486510,12720.0,24591000000.0,14310.0,14960.0,12710.0,1752402.0,
445090,22750.0,645000000.0,23300.0,23350.0,22700.0,28021.0,866361000.0
0011T0,5280.0,575000000.0,5510.0,5540.0,5260.0,107008.0,
036890,11230.0,421000000.0,11360.0,11430.0,11200.0,37423.0,240240000.0
036030,5040.0,158000000.0,4960.0,5050.0,4955.0,31551.0,
377450,14130.0,93000000.0,14040.0,14220.0,14040.0,6582.0,
376270,33900.0,381000000.0,35750.0,35900.0,31800.0,11734.0,183984000.0
389260,13600.0,825000000.0,13950.0,13950.0,13540.0,60089.0,
064820,7890.0,148000000.0,7920.0,7990.0,7800.0,18885.0,123796000.0
108860,8970.0,1882000000.0,9310.0,9390.0,8970.0,205162.0,2692280000.0
114190,9200.0,990000000.0,9600.0,9600.0,9150.0,106096.0,2577690000.0
340450,10140.0,9989000000.0,9890.0,10380.0,9010.0,1004301.0,
061090,43700.0,1877000000.0,41250.0,44400.0,41150.0,43323.0,1564596000.0
144510,15120.0,871000000.0,15040.0,15480.0,14890.0,57380.0,329691000.0
099430,3870.0,636000000.0,3760.0,3900.0,3705.0,166404.0,
461300,17700.0,232000000.0,18000.0,18000.0,17580.0,13013.0,
011560,23350.0,1381000000.0,24350.0,24350.0,23250.0,58390.0,
067390,5590.0,177000000.0,5820.0,5820.0,5580.0,31331.0,
200130,8170.0,250000000.0,8110.0,8230.0,8100.0,30565.0,301900000.0
243840,6090.0,1599000000.0,6200.0,6200.0,5970.0,263165.0,
064850,20450.0,1028000000.0,20250.0,21050.0,19760.0,50367.0,
419530,22800.0,17117000000.0,18150.0,23300.0,18090.0,790801.0,15111086000.0
243070,19390.0,222000000.0,19610.0,19610.0,19340.0,11448.0,104353999.99999999
043370,11060.0,309000000.0,11250.0,11250.0,10900.0,28055.0,35191000.0
450950,6120.0,435000000.0,6550.0,6550.0,6110.0,69524.0,1423422000.0
083310,12850.0,1282000000.0,13300.0,13450.0,12850.0,97946.0,
298830,4275.0,747000000.0,4500.0,4510.0,4275.0,171132.0,
439960,7010.0,11305000000.0,7710.0,7740.0,7000.0,1567566.0,
180400,2310.0,42000000.0,2340.0,2360.0,2270.0,18214.0,
462350,6710.0,21287000000.0,6590.0,7300.0,6300.0,3126674.0,
067080,12130.0,645000000.0,12230.0,12330.0,12000.0,53055.0,1629016000.0
215000,35900.0,267000000.0,35900.0,36050.0,35550.0,7460.0,217888000.0
0008Z0,23850.0,505000000.0,23800.0,24300.0,23550.0,21172.0,147143000.0
256840,3285.0,30851000000.0,3180.0,3405.0,3165.0,9289986.0,
237880,12430.0,1078000000.0,12130.0,12600.0,12100.0,87055.0,814081000.0
064550,8700.0,1844000000.0,9030.0,9050.0,8700.0,208009.0,3507189000.0000005
216080,5990.0,314000000.0,6150.0,6160.0,5980.0,52046.0,
065710,43350.0,124000000.0,43150.0,43850.0,42800.0,2879.0,
365270,10050.0,284000000.0,10370.0,10370.0,9930.0,28087.0,
176750,7800.0,1390000000.0,7690.0,7910.0,7630.0,179193.0,12639647000.0
293780,7890.0,334000000.0,8190.0,8190.0,7690.0,42610.0,
094480,5650.0,1341000000.0,5870.0,5870.0,5630.0,233831.0,
023760,1403.0,55000000.0,1412.0,1412.0,1400.0,39523.0,
405100,18010.0,1602000000.0,17400.0,18310.0,17110.0,89818.0,
078150,2330.0,3174000000.0,2410.0,2445.0,2330.0,1334526.0,
382900,25150.0,3307000000.0,26450.0,26450.0,25150.0,128370.0,20823726000.0
0001A0,8640.0,378000000.0,8770.0,8810.0,8630.0,43429.0,
190510,15570.0,882000000.0,16000.0,16010.0,15570.0,56164.0,467264000.00000006
126730,25000.0,7075000000.0,25500.0,26000.0,25000.0,279036.0,
095500,7070.0,573000000.0,7150.0,7180.0,7010.0,80759.0,485446000.00000006
018310,14900.0,224000000.0,14980.0,15200.0,14880.0,15025.0,81021000.0
382800,6880.0,15928000000.0,6600.0,7080.0,6570.0,2338953.0,
241520,8180.0,716000000.0,8470.0,8510.0,8170.0,86065.0,
206640,9930.0,583000000.0,9810.0,10190.0,9720.0,58363.0,353459000.0
475400,18310.0,606000000.0,19200.0,19220.0,18310.0,32399.0,617965000.0
125020,6140.0,9511000000.0,6340.0,6630.0,6130.0,1496863.0,
065680,23750.0,199000000.0,24600.0,24750.0,23700.0,8282.0,59817000.0
053300,5380.0,1499000000.0,5580.0,5590.0,5350.0,276329.0,
053030,6510.0,214000000.0,6630.0,6750.0,6510.0,32357.0,150504000.0
045390,3015.0,1156000000.0,3060.0,3070.0,2990.0,383119.0,
452450,5840.0,8254000000.0,5890.0,6460.0,5810.0,1333419.0,
005710,10490.0,199000000.0,10340.0,10490.0,10260.0,19132.0,14105000.0
263860,23050.0,16187000000.0,24150.0,25100.0,22750.0,676275.0,
005160,3850.0,2312000000.0,4150.0,4150.0,3845.0,580199.0,
307180,5650.0,1596000000.0,5860.0,5990.0,5640.0,276033.0,
019010,4325.0,202000000.0,4390.0,4430.0,4285.0,46258.0,
217730,2215.0,510000000.0,2330.0,2350.0,2215.0,225668.0,
380540,8450.0,0.0,0.0,0.0,0.0,0.0,
126600,3280.0,342000000.0,3205.0,3320.0,3180.0,105095.0,
481070,14330.0,124000000.0,13970.0,14880.0,13880.0,8643.0,38978000.0
950170,4205.0,10000000.0,4255.0,4295.0,4205.0,2307.0,
459510,15710.0,443000000.0,16150.0,16150.0,15710.0,27761.0,732814000.0
014940,4450.0,429000000.0,4575.0,4625.0,4450.0,94831.0,
462860,2815.0,1241000000.0,2940.0,2940.0,2800.0,433990.0,
058970,16340.0,302000000.0,17100.0,17250.0,16320.0,18166.0,378368000.0
036190,33450.0,152000000.0,33500.0,33800.0,33250.0,4543.0,
314930,6710.0,66000000.0,6770.0,6920.0,6630.0,9816.0,62478000.0
049430,21900.0,544000000.0,22400.0,22650.0,21650.0,24773.0,
036170,3200.0,603000000.0,3100.0,3250.0,3040.0,192368.0,
119610,17180.0,1358000000.0,16600.0,17250.0,16030.0,80683.0,
234690,10900.0,3707000000.0,10740.0,11300.0,10680.0,338056.0,
353810,5860.0,591000000.0,5890.0,6000.0,5850.0,100094.0,
199430,17280.0,1071000000.0,18200.0,18210.0,17260.0,60704.0,1244082000.0
102940,14740.0,970000000.0,14830.0,14940.0,14650.0,65593.0,390802000.0
194700,10570.0,461000000.0,10690.0,10720.0,10510.0,43475.0,362294000.0
041920,10370.0,693000000.0,10270.0,10420.0,10090.0,67484.0,
080720,2410.0,0.0,0.0,0.0,0.0,0.0,
388050,10250.0,10378000000.0,10920.0,11510.0,10250.0,951356.0,
355150,24550.0,5130000000.0,25000.0,25900.0,23450.0,208650.0,
163730,14920.0,2348000000.0,14830.0,15270.0,14000.0,159464.0,
013120,2080.0,77000000.0,2070.0,2125.0,2060.0,37062.0,
464080,10480.0,966000000.0,10940.0,10960.0,10250.0,91104.0,
143240,17560.0,100000000.0,17440.0,17690.0,17260.0,5700.0,
066620,25100.0,403000000.0,24550.0,25150.0,24550.0,16223.0,
372170,23550.0,2065000000.0,22750.0,26500.0,22400.0,83148.0,1446275000.0
086670,18900.0,715000000.0,19520.0,19600.0,18880.0,37479.0,
036560,11900.0,53000000.0,12050.0,12050.0,11870.0,4465.0,
016790,994.0,0.0,0.0,0.0,0.0,0.0,
304100,14840.0,920000000.0,15290.0,15560.0,14840.0,60652.0,863795000.0
394800,5860.0,3176000000.0,6240.0,6320.0,5860.0,527442.0,3952005000.0
083930,12680.0,362000000.0,12740.0,12770.0,12560.0,28611.0,
051160,13780.0,2962000000.0,13660.0,14280.0,13420.0,213029.0,
052330,10460.0,99000000.0,10540.0,10600.0,10380.0,9456.0,
187870,13400.0,2271000000.0,13050.0,13870.0,12830.0,170454.0,
126700,12430.0,1211000000.0,12280.0,12740.0,12200.0,97279.0,
042510,16710.0,295689000000.0,15480.0,17590.0,14600.0,17931958.0,
034810,5870.0,34000000.0,5900.0,5900.0,5820.0,5774.0,
214180,14240.0,436000000.0,14370.0,14520.0,14200.0,30581.0,
230240,13900.0,1633000000.0,14280.0,14760.0,13900.0,114229.0,
484810,11960.0,689000000.0,12390.0,12410.0,11920.0,56693.0,
082800,3030.0,545000000.0,3020.0,3105.0,2965.0,180225.0,
308430,14160.0,280000000.0,14260.0,14480.0,13810.0,19737.0,290323000.0
138610,16070.0,307000000.0,16520.0,16520.0,16050.0,18807.0,375423000.0
068790,8230.0,562000000.0,8250.0,8360.0,8100.0,68180.0,
024060,12170.0,5451000000.0,12230.0,12320.0,12120.0,446446.0,
403850,12720.0,3745000000.0,12510.0,13950.0,12460.0,280914.0,3993970000.0
251370,10130.0,2763000000.0,9620.0,10410.0,9430.0,275914.0,
094820,12090.0,1283000000.0,12750.0,12830.0,12080.0,103286.0,
220100,7050.0,441000000.0,7380.0,7380.0,7040.0,61668.0,255844000.0
260970,62900.0,1739000000.0,61000.0,64400.0,60500.0,27438.0,
084990,3945.0,1667000000.0,3730.0,4100.0,3730.0,420997.0,
318060,16230.0,1187000000.0,15950.0,16580.0,15870.0,72935.0,
054210,7180.0,888000000.0,7150.0,7230.0,6980.0,125010.0,
012860,2460.0,2151000000.0,2560.0,2585.0,2445.0,858456.0,
488280,16530.0,16958000000.0,17490.0,17660.0,16500.0,989480.0,
0015G0,15270.0,1183000000.0,16100.0,16190.0,15260.0,75082.0,
478340,15290.0,6378000000.0,16420.0,16420.0,15290.0,402140.0,
192440,28550.0,154000000.0,28500.0,28750.0,28100.0,5405.0,
357550,32500.0,47000000.0,33750.0,33750.0,32000.0,1443.0,40545000.0
088800,2345.0,728000000.0,2520.0,2520.0,2320.0,302593.0,
264850,5820.0,1882000000.0,6040.0,6150.0,5820.0,314054.0,
084850,7760.0,238000000.0,7990.0,7990.0,7520.0,30987.0,129182000.0
046120,5180.0,2950000000.0,5690.0,5690.0,5160.0,548655.0,
123330,22000.0,5176000000.0,22000.0,22750.0,21650.0,233265.0,
086820,6760.0,148000000.0,6860.0,6860.0,6680.0,21866.0,
119830,6590.0,748000000.0,6480.0,6650.0,6370.0,114655.0,
039860,4590.0,1584000000.0,4610.0,4780.0,4340.0,339240.0,
0082N0,13140.0,536000000.0,13000.0,13400.0,12930.0,40718.0,
489460,11780.0,1022000000.0,11470.0,11960.0,11440.0,86717.0,
270660,13660.0,204000000.0,13910.0,14030.0,13630.0,14842.0,206163000.0
108380,18080.0,291000000.0,18530.0,18850.0,18080.0,15858.0,161983000.0
013990,5250.0,1034000000.0,5240.0,5350.0,5240.0,195953.0,
149950,12620.0,1539000000.0,12550.0,13120.0,12400.0,120354.0,
199820,7760.0,1489000000.0,8120.0,8220.0,7760.0,185772.0,
042420,21150.0,273000000.0,22000.0,22000.0,21050.0,12757.0,
264450,11740.0,347000000.0,11720.0,11900.0,11610.0,29535.0,
104480,1887.0,408000000.0,1843.0,1901.0,1842.0,216677.0,
274090,12450.0,61204000000.0,13650.0,14650.0,12450.0,4460064.0,
143160,15990.0,39000000.0,15950.0,16020.0,15830.0,2435.0,
158430,6990.0,74223000000.0,7000.0,7240.0,6580.0,10756359.0,
418550,5340.0,468000000.0,5260.0,5480.0,5180.0,87500.0,
092130,14190.0,46000000.0,14200.0,14230.0,14150.0,3276.0,
290690,3200.0,1839000000.0,3095.0,3240.0,3085.0,583736.0,
194480,13920.0,316000000.0,14030.0,14090.0,13860.0,22633.0,102531000.0
032620,3245.0,107000000.0,3265.0,3265.0,3220.0,32888.0,
445180,9830.0,343000000.0,9980.0,10050.0,9760.0,34695.0,
092070,14530.0,625000000.0,15000.0,15000.0,14440.0,42781.0,
245620,741.0,0.0,0.0,0.0,0.0,0.0,
432720,11770.0,1851000000.0,12500.0,12500.0,11770.0,154921.0,
051370,7120.0,1401000000.0,7440.0,7470.0,7120.0,192417.0,
388790,5420.0,4938000000.0,5770.0,6050.0,5220.0,881175.0,
038390,9920.0,38000000.0,10050.0,10050.0,9910.0,3858.0,
086890,4040.0,255000000.0,3955.0,4105.0,3940.0,63138.0,
049630,7050.0,1165000000.0,7480.0,7480.0,7050.0,161313.0,
950140,8260.0,101000000.0,8130.0,8310.0,8130.0,12299.0,
122990,6390.0,150000000.0,6440.0,6500.0,6380.0,23403.0,
255220,1086.0,1931000000.0,1093.0,1148.0,1085.0,1748568.0,
039830,15100.0,525000000.0,15160.0,15300.0,14820.0,34824.0,
065660,16210.0,1415000000.0,14930.0,17800.0,14800.0,86195.0,422058999.99999994
417030,27950.0,6272000000.0,27200.0,28600.0,26400.0,227725.0,
0161M0,13210.0,72293000000.0,13770.0,15230.0,12830.0,5078527.0,
289080,2680.0,1193000000.0,2755.0,2755.0,2675.0,440052.0,
067290,2860.0,22128000000.0,2980.0,3230.0,2855.0,7221070.0,
402030,12790.0,151000000.0,12960.0,13090.0,12770.0,11676.0,189463000.0
066410,1153.0,0.0,0.0,0.0,0.0,0.0,
032940,8760.0,1612000000.0,9300.0,9350.0,8760.0,180533.0,
0010S0,15830.0,9187000000.0,16890.0,17750.0,15770.0,550195.0,
123410,5690.0,232000000.0,5820.0,5850.0,5690.0,40584.0,
204610,2840.0,147000000.0,2880.0,2890.0,2815.0,51452.0,
093190,8220.0,115000000.0,8170.0,8220.0,7930.0,14132.0,
226590,14750.0,494000000.0,15000.0,15110.0,14600.0,33244.0,
078070,9240.0,153000000.0,9240.0,9440.0,9140.0,16579.0,
072870,13170.0,83000000.0,13100.0,13190.0,13090.0,6308.0,
494120,10270.0,517000000.0,10770.0,10770.0,10270.0,49668.0,340425000.0
093640,4760.0,59000000.0,4790.0,4830.0,4650.0,12407.0,
475040,2900.0,821000000.0,3005.0,3020.0,2900.0,278363.0,
041020,3140.0,511000000.0,3250.0,3260.0,3020.0,160727.0,
011040,5060.0,250000000.0,5050.0,5110.0,5030.0,49230.0,
023910,25900.0,146000000.0,25950.0,26150.0,25800.0,5653.0,
041520,12730.0,227000000.0,13050.0,13200.0,12660.0,17709.0,
267320,2700.0,2738000000.0,2865.0,2895.0,2680.0,987446.0,
067280,26150.0,166000000.0,26250.0,26300.0,25950.0,6369.0,
417500,4715.0,2164000000.0,4625.0,4870.0,4600.0,456831.0,
123860,12730.0,83000000.0,12890.0,12890.0,12700.0,6499.0,
413630,4235.0,2551000000.0,4370.0,4450.0,4235.0,589151.0,
474650,26800.0,704000000.0,28450.0,29300.0,26800.0,25442.0,
054450,10160.0,671000000.0,9690.0,10370.0,9690.0,66033.0,
101360,8600.0,534000000.0,8990.0,8990.0,8550.0,60964.0,517678999.99999994
179290,4715.0,62000000.0,4690.0,4725.0,4620.0,13199.0,
102120,8580.0,1491000000.0,8890.0,8890.0,8560.0,171119.0,
118990,6190.0,300000000.0,6320.0,6450.0,6120.0,47601.0,
024800,4310.0,51000000.0,4290.0,4310.0,4220.0,11930.0,
156100,6780.0,1773000000.0,6380.0,6900.0,6300.0,262483.0,
396300,5720.0,7628000000.0,6020.0,6140.0,5670.0,1293264.0,
322310,16140.0,1329000000.0,16610.0,16730.0,16080.0,81080.0,
0039P0,8020.0,4756000000.0,8100.0,8320.0,7940.0,582095.0,
007330,9990.0,62000000.0,10090.0,10090.0,9940.0,6259.0,
080160,7970.0,267000000.0,8160.0,8190.0,7970.0,33139.0,
950250,4210.0,2409000000.0,4315.0,4395.0,4130.0,566819.0,
220260,4685.0,692000000.0,4770.0,4830.0,4685.0,145531.0,
052260,4985.0,2922000000.0,5010.0,5100.0,4840.0,589065.0,
307750,2770.0,41630000000.0,2410.0,3020.0,2405.0,14679645.0,
101970,10090.0,33000000.0,10000.0,10130.0,9890.0,3271.0,
054800,14410.0,90000000.0,14620.0,14620.0,14170.0,6321.0,
054920,5270.0,9273000000.0,5490.0,5580.0,5220.0,1717880.0,
205500,1778.0,230000000.0,1808.0,1808.0,1715.0,131582.0,
146320,11550.0,317000000.0,12040.0,12280.0,11550.0,26967.0,
0088M0,14940.0,2537000000.0,15010.0,15900.0,14800.0,165504.0,
042600,11880.0,257000000.0,11970.0,12100.0,11520.0,21846.0,
0007C0,18370.0,1508000000.0,19470.0,19480.0,18240.0,80069.0,
069510,13510.0,43000000.0,13300.0,13520.0,13260.0,3218.0,
489500,23050.0,350000000.0,24000.0,24250.0,23050.0,14941.0,
256940,7300.0,193000000.0,7420.0,7430.0,7250.0,26451.0,
046440,4020.0,92000000.0,4000.0,4030.0,3985.0,22929.0,
141000,11990.0,1836000000.0,11710.0,12150.0,11520.0,154544.0,
147830,7230.0,1350000000.0,7520.0,7520.0,7200.0,183764.0,
142210,6960.0,2644000000.0,7110.0,7110.0,6880.0,379159.0,
023600,9010.0,37000000.0,9030.0,9080.0,8970.0,4079.0,
105330,8970.0,379000000.0,8850.0,9290.0,8700.0,42525.0,
452190,5990.0,7949000000.0,6450.0,6470.0,5970.0,1266732.0,
115500,11940.0,6327000000.0,12630.0,12660.0,11920.0,517268.0,
049960,15220.0,83000000.0,15250.0,15450.0,15200.0,5412.0,
232680,10790.0,1124000000.0,11270.0,11270.0,10510.0,102969.0,
469610,15950.0,735000000.0,16540.0,16550.0,15870.0,45381.0,969116000.0
264660,14660.0,429000000.0,15330.0,15330.0,14630.0,28734.0,
115310,9580.0,16000000.0,9560.0,9610.0,9390.0,1725.0,
321550,4725.0,441000000.0,4655.0,4865.0,4655.0,93124.0,
212560,10520.0,938000000.0,10960.0,11100.0,10450.0,87462.0,
005990,10660.0,3000000.0,10560.0,10670.0,10470.0,326.0,
089600,12420.0,67000000.0,12550.0,12570.0,12220.0,5382.0,
048870,1605.0,164000000.0,1604.0,1617.0,1581.0,102420.0,
387690,18540.0,13272000000.0,19360.0,20100.0,18520.0,686949.0,
114840,8360.0,163000000.0,8420.0,8570.0,8360.0,19290.0,121192000.00000001
071280,9100.0,1189000000.0,9000.0,9330.0,8890.0,130700.0,
148150,3885.0,328000000.0,3995.0,4005.0,3875.0,84000.0,
059120,7500.0,3226000000.0,8000.0,8130.0,7500.0,414386.0,
095700,3015.0,6830000000.0,2985.0,3625.0,2980.0,2063395.0,
228850,8270.0,179000000.0,8330.0,8360.0,8150.0,21811.0,
265740,7670.0,3481000000.0,7420.0,7800.0,7380.0,455590.0,
0015N0,10870.0,7918000000.0,10070.0,11080.0,9960.0,745522.0,
037070,6810.0,398000000.0,6730.0,6840.0,6620.0,59173.0,
297090,4985.0,170000000.0,5000.0,5090.0,4930.0,33901.0,
322510,5280.0,355000000.0,5380.0,5440.0,5220.0,66681.0,
060150,2980.0,35000000.0,2995.0,3030.0,2965.0,11870.0,
140670,10550.0,340000000.0,10780.0,10850.0,10550.0,31863.0,
038290,12470.0,361000000.0,12450.0,12600.0,12340.0,28920.0,
136540,11000.0,342000000.0,11160.0,11270.0,10900.0,30948.0,
321370,1908.0,8489000000.0,2130.0,2130.0,1901.0,4271810.0,
052860,7520.0,291000000.0,7680.0,7680.0,7400.0,38801.0,
351320,4330.0,1417000000.0,4700.0,4700.0,3905.0,341348.0,
300080,8110.0,897000000.0,8300.0,8430.0,8060.0,108829.0,1078607000.0
003100,20300.0,213000000.0,20350.0,20550.0,20200.0,10464.0,
240550,6380.0,597000000.0,6430.0,6570.0,6360.0,92584.0,
035610,4880.0,35000000.0,4900.0,4995.0,4880.0,7216.0,
451760,8070.0,1879000000.0,8730.0,8780.0,8060.0,223520.0,
001540,10210.0,450000000.0,9990.0,10350.0,9870.0,44328.0,
285490,12590.0,205000000.0,12640.0,12830.0,12480.0,16170.0,
172670,14840.0,732000000.0,15190.0,15340.0,14820.0,48638.0,
039840,9900.0,355000000.0,10040.0,10100.0,9870.0,35647.0,410907000.0
126640,3785.0,1530000000.0,3905.0,3945.0,3775.0,395664.0,
417010,6570.0,855000000.0,6950.0,6950.0,6540.0,127359.0,
047770,3490.0,1015000000.0,3525.0,3615.0,3475.0,286393.0,
457550,14130.0,0.0,0.0,0.0,0.0,0.0,
009780,7480.0,129000000.0,7670.0,7670.0,7270.0,17331.0,
072950,16240.0,30545000000.0,17330.0,18100.0,16190.0,1784384.0,
222040,6330.0,606000000.0,6380.0,6470.0,6250.0,95700.0,
408920,3015.0,8000000.0,3040.0,3040.0,2985.0,2659.0,
049720,9090.0,91000000.0,9050.0,9160.0,9050.0,10063.0,
282880,11110.0,286000000.0,11470.0,11470.0,11110.0,25348.0,
411080,8500.0,69359000000.0,9050.0,9660.0,8240.0,7804187.0,
402490,7640.0,1187000000.0,8090.0,8090.0,7620.0,152434.0,
094840,13170.0,233000000.0,13240.0,13530.0,13000.0,17821.0,
211270,8560.0,4832000000.0,9760.0,9980.0,8540.0,522778.0,
053260,6880.0,1900000000.0,7120.0,7180.0,6840.0,271916.0,
290720,3370.0,274000000.0,3270.0,3390.0,3200.0,82980.0,
035080,11490.0,602000000.0,11420.0,11680.0,11180.0,53184.0,
037350,8370.0,2105000000.0,8500.0,8740.0,8320.0,247957.0,
950190,9770.0,52000000.0,9740.0,9790.0,9690.0,5331.0,
080420,1595.0,0.0,1604.0,1604.0,1577.0,280.0,
259630,10330.0,1905000000.0,10600.0,10790.0,10260.0,181534.0,
338840,8180.0,168000000.0,8680.0,8680.0,8160.0,20190.0,104860000.0
056090,6100.0,853000000.0,5990.0,6245.0,5990.0,139863.0,
036690,2885.0,0.0,0.0,0.0,0.0,0.0,
079960,16580.0,435000000.0,17100.0,17100.0,16570.0,26081.0,
443670,5210.0,6375000000.0,5420.0,5510.0,5210.0,1185432.0,
299030,15580.0,644000000.0,16100.0,16160.0,15180.0,41014.0,519485000.0
166480,2355.0,273000000.0,2327.0,2420.0,2310.0,114792.0,
361390,12770.0,556000000.0,13600.0,13790.0,12700.0,42245.0,
115440,11500.0,6688000000.0,12370.0,12640.0,11400.0,558751.0,
039560,2885.0,1030000000.0,3005.0,3050.0,2865.0,351075.0,
418420,4015.0,529000000.0,4230.0,4280.0,4015.0,128926.0,
073010,3070.0,494000000.0,3230.0,3240.0,3060.0,157924.0,
027710,1107.0,168000000.0,1098.0,1112.0,1090.0,152782.0,
458650,8170.0,236000000.0,7890.0,8640.0,7890.0,28872.0,
108230,3230.0,358000000.0,3300.0,3330.0,3230.0,109172.0,
083500,14770.0,968000000.0,14420.0,14840.0,14140.0,66673.0,
008830,6360.0,1198000000.0,6540.0,6590.0,6360.0,185506.0,
293580,1285.0,374000000.0,1283.0,1327.0,1268.0,286934.0,
474170,6840.0,1050000000.0,7400.0,7550.0,6840.0,147841.0,
101170,9010.0,746000000.0,9550.0,9560.0,8940.0,81381.0,
053080,9320.0,456000000.0,9660.0,9700.0,9260.0,48285.0,
308080,5900.0,392000000.0,5810.0,5990.0,5780.0,66871.0,
095190,1847.0,55000000.0,1869.0,1874.0,1841.0,29394.0,
217190,9130.0,5412000000.0,8290.0,9450.0,8000.0,601902.0,
474610,8330.0,790000000.0,8600.0,8610.0,8270.0,94767.0,
047310,3255.0,237000000.0,3320.0,3325.0,3255.0,71961.0,
021320,5520.0,42000000.0,5690.0,5690.0,5510.0,7412.0,
297890,1615.0,257000000.0,1669.0,1680.0,1609.0,158149.0,
336680,3015.0,78000000.0,3085.0,3085.0,3000.0,25989.0,
067990,4015.0,206000000.0,3970.0,4030.0,3970.0,51571.0,
138360,1330.0,1714000000.0,1353.0,1363.0,1290.0,1295551.0,
017510,7670.0,1297000000.0,8070.0,8120.0,7670.0,164260.0,
134580,2370.0,1513000000.0,2530.0,2530.0,2320.0,625711.0,
331920,10430.0,1774000000.0,10110.0,11000.0,9970.0,170263.0,
041590,2370.0,0.0,0.0,0.0,0.0,0.0,
129920,7140.0,1077000000.0,7270.0,7400.0,6950.0,150815.0,
338220,8250.0,1319000000.0,8400.0,8400.0,8200.0,159655.0,3127556000.0
333430,3755.0,391000000.0,3865.0,3895.0,3745.0,102513.0,
396470,7150.0,553000000.0,7350.0,7360.0,7110.0,76918.0,
105740,11320.0,7981000000.0,11980.0,12000.0,11120.0,685667.0,
049520,3710.0,152000000.0,3745.0,3745.0,3690.0,41037.0,
217820,2405.0,666000000.0,2580.0,2580.0,2395.0,273735.0,
290740,11310.0,535000000.0,11680.0,12390.0,11270.0,45525.0,
054050,7100.0,48000000.0,7110.0,7120.0,7080.0,6731.0,
131030,6420.0,664000000.0,6720.0,6740.0,6380.0,102049.0,
041440,6330.0,481000000.0,6520.0,6580.0,6310.0,74762.0,
473980,10370.0,204000000.0,10250.0,10590.0,10250.0,19519.0,206755999.99999997
209640,3965.0,2512000000.0,4245.0,4245.0,3950.0,614660.0,
311320,8940.0,304000000.0,9030.0,9120.0,8870.0,33881.0,
255440,8630.0,390000000.0,8560.0,8780.0,8430.0,45314.0,
063570,3275.0,17000000.0,3305.0,3320.0,3275.0,5131.0,
389020,16170.0,843000000.0,17490.0,17490.0,16150.0,50727.0,
201490,3405.0,2335000000.0,3515.0,3535.0,3365.0,680262.0,
122450,2485.0,26000000.0,2500.0,2500.0,2475.0,10625.0,
051980,10000.0,555000000.0,9990.0,10190.0,9900.0,55472.0,
217270,2430.0,83000000.0,2500.0,2600.0,2425.0,33146.0,
090850,4915.0,79000000.0,4915.0,4935.0,4890.0,16140.0,
018120,16680.0,9000000.0,16780.0,16850.0,16630.0,557.0,
310200,2100.0,503000000.0,2230.0,2245.0,2095.0,232834.0,
317770,2960.0,396000000.0,2995.0,3100.0,2870.0,132750.0,
051360,11680.0,94000000.0,11710.0,11860.0,11410.0,8136.0,33771000.0
334970,1406.0,28000000.0,1398.0,1412.0,1376.0,19810.0,
242040,3140.0,794000000.0,3400.0,3400.0,3140.0,244215.0,
036630,7750.0,8000000.0,7740.0,7880.0,7740.0,1006.0,
038540,1958.0,53000000.0,2040.0,2040.0,1949.0,27019.0,
136150,12900.0,1377000000.0,13530.0,13560.0,12900.0,103807.0,
079650,5400.0,2828000000.0,5640.0,5650.0,5310.0,518828.0,
036010,8110.0,602000000.0,8370.0,8380.0,8070.0,73924.0,
040300,2260.0,170000000.0,2265.0,2305.0,2250.0,74529.0,
086980,1724.0,73000000.0,1711.0,1762.0,1711.0,41887.0,
123040,1718.0,122000000.0,1692.0,1739.0,1667.0,71719.0,
106190,10060.0,375000000.0,10000.0,10480.0,9960.0,37169.0,
053350,4850.0,516000000.0,4800.0,4925.0,4740.0,107014.0,
067900,5860.0,84000000.0,5940.0,5940.0,5810.0,14373.0,
339950,2365.0,38000000.0,2350.0,2380.0,2350.0,15957.0,
246710,2230.0,98000000.0,2290.0,2290.0,2220.0,43613.0,
261780,3670.0,1623000000.0,3740.0,3795.0,3560.0,442379.0,
120240,14770.0,42000000.0,14880.0,14880.0,14650.0,2885.0,
039340,4815.0,4000000.0,4835.0,4850.0,4780.0,892.0,
153890,8760.0,1268000000.0,9150.0,9150.0,8760.0,142362.0,
130580,6850.0,79000000.0,6950.0,6950.0,6760.0,11491.0,
053700,3940.0,276000000.0,4040.0,4050.0,3930.0,69487.0,
125210,6380.0,953000000.0,6760.0,6760.0,6280.0,146784.0,
289930,8000.0,664000000.0,8440.0,8500.0,7990.0,81938.0,
235980,3065.0,418000000.0,2950.0,3105.0,2945.0,137006.0,
073560,1507.0,35000000.0,1514.0,1517.0,1504.0,23003.0,
366030,4605.0,99000000.0,4625.0,4660.0,4535.0,21550.0,
475230,9570.0,557000000.0,9840.0,10080.0,9550.0,57418.0,
439580,3080.0,12602000000.0,3065.0,3460.0,2995.0,3890658.0,
0011A0,11150.0,1927000000.0,12100.0,12200.0,11040.0,167114.0,
175250,1682.0,258000000.0,1749.0,1749.0,1629.0,155476.0,
173130,7910.0,521000000.0,8120.0,8120.0,7800.0,65557.0,
453450,12990.0,124000000.0,13600.0,13600.0,12910.0,9386.0,
493330,12800.0,372000000.0,13100.0,13400.0,12800.0,28487.0,
109740,3995.0,71000000.0,3925.0,4145.0,3810.0,17618.0,
100700,2345.0,173000000.0,2320.0,2395.0,2315.0,73707.0,
006620,3600.0,240000000.0,3600.0,3650.0,3565.0,66644.0,
091440,2770.0,295000000.0,2770.0,2780.0,2695.0,108134.0,
100590,5950.0,7038000000.0,6500.0,6510.0,5910.0,1142384.0,
306620,2125.0,505000000.0,2245.0,2245.0,2125.0,233242.0,
323990,4370.0,349000000.0,4435.0,4490.0,4350.0,79126.0,
059210,3740.0,110000000.0,3785.0,3790.0,3705.0,29643.0,
307930,6510.0,293000000.0,6500.0,6560.0,6420.0,45235.0,
0017J0,3370.0,3792000000.0,3395.0,3477.0,3220.0,1128786.0,
419050,1774.0,1172000000.0,1821.0,1829.0,1765.0,653545.0,
086960,2370.0,1314000000.0,2450.0,2470.0,2350.0,546961.0,
037030,3950.0,2660000000.0,4165.0,4215.0,3925.0,654164.0,
309960,4335.0,129000000.0,4345.0,4385.0,4290.0,29745.0,
142280,4200.0,81213000000.0,3390.0,4260.0,3360.0,20158098.0,
250060,3115.0,519000000.0,3250.0,3250.0,3115.0,163526.0,
246720,6070.0,0.0,0.0,0.0,0.0,0.0,
091120,5800.0,69000000.0,5720.0,5860.0,5620.0,12035.0,
475580,7280.0,201000000.0,7430.0,7540.0,7280.0,27298.0,
063170,5570.0,63000000.0,5570.0,5650.0,5510.0,11333.0,
357580,8390.0,1674000000.0,8320.0,8530.0,8110.0,200971.0,
357880,1778.0,1121000000.0,1778.0,1839.0,1764.0,622463.0,
182360,6340.0,113000000.0,6340.0,6400.0,5960.0,18109.0,
032300,9030.0,12879000000.0,8680.0,9930.0,8410.0,1362683.0,
045970,3735.0,200000000.0,3895.0,3895.0,3730.0,52916.0,
021080,2045.0,150000000.0,2050.0,2050.0,2015.0,73697.0,
099750,7180.0,330000000.0,7350.0,7420.0,7170.0,45610.0,
352090,3640.0,73000000.0,3675.0,3675.0,3615.0,20129.0,
049950,11080.0,168000000.0,11470.0,11570.0,11050.0,14978.0,
066790,2205.0,0.0,0.0,0.0,0.0,0.0,
036220,6790.0,2210000000.0,6450.0,7330.0,6450.0,319287.0,
097800,3560.0,3204000000.0,3890.0,3890.0,3560.0,866722.0,
042500,4350.0,157000000.0,4355.0,4365.0,4320.0,36115.0,
246960,2850.0,545000000.0,2840.0,2940.0,2810.0,190350.0,
062970,3215.0,21046000000.0,3360.0,3680.0,3105.0,6272565.0,
189330,10320.0,895000000.0,10840.0,10930.0,10300.0,84718.0,
412350,6630.0,2235000000.0,6850.0,6970.0,6570.0,334268.0,
033560,5660.0,120000000.0,5680.0,5720.0,5550.0,21181.0,
088130,5530.0,346000000.0,5750.0,5750.0,5510.0,62218.0,
187790,3135.0,227000000.0,3210.0,3275.0,3100.0,71018.0,
068240,2530.0,0.0,0.0,0.0,0.0,0.0,
322180,4475.0,177000000.0,4660.0,4660.0,4470.0,38904.0,
223250,3875.0,2959000000.0,3690.0,4085.0,3690.0,756070.0,
002230,5170.0,148000000.0,5250.0,5340.0,5140.0,28643.0,
380550,7780.0,512000000.0,8170.0,8210.0,7780.0,64239.0,
017650,10800.0,0.0,0.0,0.0,0.0,0.0,
348350,9680.0,112000000.0,9580.0,9800.0,9560.0,11526.0,
052900,1233.0,735000000.0,1231.0,1249.0,1203.0,600764.0,
052420,9700.0,132000000.0,9700.0,9720.0,9560.0,13687.0,
330350,7140.0,407000000.0,7120.0,7370.0,7090.0,56381.0,
047560,8010.0,269000000.0,8390.0,8390.0,7950.0,33046.0,
282720,7760.0,109000000.0,7830.0,7890.0,7750.0,13898.0,
394420,8540.0,1025000000.0,8880.0,9140.0,8490.0,117874.0,
298540,6480.0,87000000.0,6680.0,6690.0,6450.0,13409.0,
101330,4050.0,459000000.0,4080.0,4140.0,3975.0,113546.0,
109670,16060.0,3215000000.0,15930.0,17400.0,15590.0,194813.0,
123010,4635.0,2179000000.0,4295.0,4690.0,4215.0,482125.0,
205100,1380.0,614000000.0,1356.0,1414.0,1320.0,443501.0,
048550,962.0,1769000000.0,1030.0,1043.0,962.0,1787911.0,
074430,1040.0,99000000.0,1064.0,1064.0,1007.0,96678.0,
048910,7370.0,347000000.0,7300.0,7450.0,7200.0,47164.0,
053580,7150.0,62000000.0,7200.0,7280.0,7100.0,8591.0,
307870,1240.0,327000000.0,1297.0,1297.0,1231.0,261018.0,
085670,3760.0,676000000.0,3820.0,3820.0,3675.0,180685.0,
054540,7070.0,700000000.0,7150.0,7270.0,6910.0,98896.0,
100130,1605.0,377000000.0,1631.0,1636.0,1605.0,233076.0,
040420,5840.0,47000000.0,5830.0,5860.0,5810.0,8070.0,
005860,2310.0,510000000.0,2305.0,2350.0,2300.0,219119.0,
044990,11820.0,132000000.0,12080.0,12400.0,11770.0,11119.0,
109610,1851.0,157000000.0,1870.0,1902.0,1850.0,83566.0,
093920,4845.0,42000000.0,4830.0,4900.0,4755.0,8633.0,
023900,7140.0,44000000.0,7150.0,7180.0,7000.0,6277.0,
013310,2315.0,120000000.0,2340.0,2365.0,2310.0,51378.0,
117670,13400.0,7638000000.0,10230.0,13400.0,10180.0,599090.0,
048530,2885.0,742000000.0,2870.0,2995.0,2815.0,258255.0,
009300,13990.0,8000000.0,14100.0,14100.0,13800.0,560.0,
432470,10130.0,358000000.0,10590.0,10600.0,10120.0,34871.0,
362320,4275.0,178000000.0,4160.0,4295.0,4160.0,41776.0,
234030,3740.0,717000000.0,3900.0,3910.0,3725.0,188577.0,
457370,10940.0,3128000000.0,11400.0,11560.0,10880.0,279775.0,
066590,2275.0,139000000.0,2285.0,2290.0,2240.0,61736.0,
303810,2750.0,2639000000.0,2810.0,2880.0,2745.0,939898.0,
900260,1904.0,19000000.0,1920.0,1950.0,1881.0,9712.0,
357230,2120.0,25000000.0,2130.0,2140.0,2120.0,11661.0,
052460,5980.0,1003000000.0,6250.0,6250.0,5880.0,167600.0,
065450,2960.0,1050000000.0,3010.0,3025.0,2955.0,351813.0,
192410,3455.0,91000000.0,3390.0,3650.0,3360.0,26531.0,
226400,4200.0,235000000.0,4200.0,4285.0,4185.0,55497.0,
004650,9430.0,264000000.0,9380.0,9480.0,9340.0,28026.0,
096240,8460.0,19000000.0,8460.0,8470.0,8390.0,2232.0,
251120,9910.0,81000000.0,9920.0,10050.0,9840.0,8149.0,
086710,7060.0,54000000.0,7050.0,7100.0,7000.0,7590.0,
388870,6650.0,770000000.0,6230.0,6650.0,6000.0,120041.0,
198440,1411.0,885000000.0,1450.0,1499.0,1411.0,610457.0,
478560,3325.0,93000000.0,3340.0,3415.0,3300.0,27639.0,
330730,4700.0,114000000.0,4700.0,4715.0,4665.0,24232.0,
234300,3140.0,107000000.0,3080.0,3170.0,3080.0,34552.0,
033290,1521.0,28000000.0,1525.0,1539.0,1518.0,18441.0,
006140,5740.0,2680000000.0,5960.0,6010.0,5600.0,461673.0,
072020,9210.0,87000000.0,9190.0,9250.0,9150.0,9469.0,
215100,4160.0,230000000.0,4290.0,4305.0,4125.0,54600.0,
278650,4855.0,30039000000.0,3500.0,4855.0,3390.0,6714493.0,
360070,10330.0,111000000.0,10600.0,10600.0,9890.0,10843.0,
037760,2500.0,24000000.0,2500.0,2505.0,2495.0,9450.0,
263720,6900.0,72000000.0,6910.0,6990.0,6810.0,10502.0,
078140,7620.0,100000000.0,7700.0,7770.0,7600.0,13047.0,
066980,1566.0,727000000.0,1632.0,1632.0,1558.0,459622.0,
066700,2265.0,92000000.0,2230.0,2300.0,2230.0,40563.0,
025950,10000.0,192000000.0,9900.0,10180.0,9900.0,19192.0,
049180,1009.0,0.0,0.0,0.0,0.0,0.0,
291650,2750.0,389000000.0,2510.0,2875.0,2510.0,142553.0,
183490,990.0,0.0,0.0,0.0,0.0,0.0,
038110,2035.0,223000000.0,2055.0,2080.0,2030.0,108854.0,
162300,2020.0,476000000.0,2045.0,2065.0,2020.0,233144.0,
078890,4540.0,263000000.0,4685.0,4700.0,4505.0,57483.0,
104040,3115.0,134000000.0,3050.0,3145.0,3030.0,43395.0,
058820,562.0,0.0,0.0,0.0,0.0,0.0,
067000,1189.0,330000000.0,1193.0,1211.0,1177.0,276199.0,
036640,5060.0,309000000.0,5010.0,5080.0,5000.0,61198.0,
950130,2350.0,1159000000.0,2255.0,2480.0,2220.0,491037.0,
094860,1554.0,140000000.0,1593.0,1619.0,1532.0,90158.0,
365330,1640.0,595000000.0,1682.0,1718.0,1640.0,355822.0,
294630,3100.0,359000000.0,3140.0,3145.0,3080.0,115502.0,
253840,4890.0,19037000000.0,4810.0,5290.0,4810.0,3772431.0,
063080,12370.0,174000000.0,12520.0,12670.0,12130.0,14189.0,
014950,8100.0,6836000000.0,8500.0,9080.0,8100.0,790359.0,
389030,2070.0,274000000.0,2090.0,2175.0,2065.0,130071.0,
140070,2200.0,130000000.0,2300.0,2300.0,2150.0,58440.0,
107600,14400.0,376000000.0,14780.0,14780.0,14210.0,26092.0,
185490,1879.0,77000000.0,1897.0,1905.0,1866.0,40909.0,
029480,1360.0,106000000.0,1383.0,1383.0,1340.0,78191.0,
382840,5310.0,254000000.0,5480.0,5500.0,5300.0,47426.0,
412540,3935.0,0.0,0.0,0.0,0.0,0.0,
263600,5070.0,3730000000.0,5400.0,5570.0,5050.0,695841.0,
147760,4035.0,556000000.0,4000.0,4085.0,3860.0,140030.0,
089230,2045.0,2592000000.0,2005.0,2235.0,1999.0,1234228.0,
0015S0,8170.0,416000000.0,8530.0,8590.0,8150.0,49726.0,
007820,3455.0,168000000.0,3565.0,3565.0,3450.0,48042.0,
131370,1512.0,103000000.0,1508.0,1525.0,1500.0,68349.0,
049080,9480.0,2774000000.0,9960.0,10360.0,9420.0,284464.0,
004590,5360.0,104000000.0,5240.0,5370.0,5240.0,19551.0,
054670,5600.0,80000000.0,5450.0,5640.0,5450.0,14355.0,
331380,2165.0,222000000.0,2100.0,2250.0,2095.0,101676.0,
418470,9320.0,84000000.0,9350.0,9400.0,9280.0,9002.0,
066310,8610.0,771000000.0,9150.0,9150.0,8580.0,87909.0,
302550,2635.0,81000000.0,2540.0,2670.0,2540.0,30899.0,
079810,3700.0,162000000.0,3760.0,3840.0,3665.0,43764.0,
381620,6060.0,245000000.0,6330.0,6350.0,6030.0,39811.0,
389140,5560.0,110000000.0,5700.0,5700.0,5490.0,19800.0,
137950,3550.0,58000000.0,3580.0,3590.0,3525.0,16264.0,
0117P0,5570.0,185000000.0,5540.0,5610.0,5500.0,33214.0,
041910,5940.0,481000000.0,5700.0,5970.0,5600.0,81909.0,
032540,3770.0,7000000.0,3710.0,3780.0,3685.0,1757.0,
065510,7240.0,1078000000.0,7060.0,7280.0,7010.0,150672.0,
066430,2005.0,359000000.0,2060.0,2070.0,2005.0,176821.0,
104540,5840.0,1156000000.0,5940.0,6140.0,5710.0,196573.0,
277880,3945.0,454000000.0,4160.0,4160.0,3870.0,114405.0,
012790,6530.0,170000000.0,6350.0,6600.0,6350.0,25976.0,
475430,4385.0,390000000.0,4425.0,4465.0,4355.0,88644.0,
084730,7010.0,78000000.0,6910.0,7010.0,6830.0,11244.0,
058400,5880.0,15000000.0,5990.0,5990.0,5830.0,2556.0,
000440,12500.0,142000000.0,12330.0,12550.0,12270.0,11434.0,
149980,4525.0,56000000.0,4505.0,4645.0,4450.0,12231.0,
047820,3180.0,9000000.0,3185.0,3225.0,3175.0,2935.0,
038680,3900.0,248000000.0,3960.0,3960.0,3885.0,63509.0,
302430,7880.0,515000000.0,8180.0,8200.0,7880.0,64246.0,
088390,8210.0,33000000.0,8470.0,8470.0,8200.0,3983.0,
205470,3120.0,8089000000.0,2660.0,3385.0,2660.0,2499227.0,
0007J0,9780.0,599000000.0,10130.0,10330.0,9730.0,60203.0,
124560,1981.0,20000000.0,1970.0,1982.0,1964.0,10173.0,
225530,2110.0,27000000.0,2075.0,2125.0,2075.0,12654.0,
396270,2330.0,375000000.0,2425.0,2440.0,2325.0,157673.0,
011320,3955.0,73000000.0,3995.0,4060.0,3890.0,18340.0,
299660,2590.0,15649000000.0,2510.0,2900.0,2505.0,5771227.0,
024880,3830.0,170000000.0,3920.0,3920.0,3795.0,44271.0,
040910,4195.0,27000000.0,4245.0,4245.0,4120.0,6510.0,
323350,9510.0,497000000.0,10100.0,10100.0,9490.0,51210.0,
073640,654.0,0.0,0.0,0.0,0.0,0.0,
303360,5900.0,177000000.0,5910.0,6010.0,5850.0,29720.0,
451250,7430.0,128000000.0,7160.0,7500.0,7160.0,17370.0,
011370,3755.0,95000000.0,3785.0,3785.0,3730.0,25325.0,
168330,2385.0,10000000.0,2400.0,2440.0,2380.0,4010.0,
010280,5800.0,711000000.0,5730.0,6150.0,5700.0,120527.0,
263800,4655.0,634000000.0,4760.0,4795.0,4595.0,135407.0,
041930,4965.0,53000000.0,5050.0,5050.0,4940.0,10727.0,
413390,6680.0,81000000.0,6820.0,6820.0,6630.0,12131.0,
102370,2910.0,72000000.0,2865.0,2930.0,2800.0,25406.0,
170030,4910.0,89000000.0,4960.0,5040.0,4820.0,17854.0,
347890,4405.0,38000000.0,4440.0,4470.0,4320.0,8792.0,
012700,2880.0,41000000.0,2915.0,2925.0,2880.0,14200.0,
058630,3980.0,53000000.0,3950.0,4025.0,3950.0,13443.0,
208140,2270.0,20000000.0,2270.0,2275.0,2255.0,9042.0,
060570,4995.0,5000000.0,5030.0,5090.0,4930.0,1030.0,
067170,2670.0,1324000000.0,2860.0,2885.0,2650.0,478668.0,
171120,2040.0,38000000.0,2045.0,2045.0,2020.0,18492.0,
019550,909.0,84000000.0,915.0,925.0,907.0,92530.0,
040160,6150.0,66000000.0,6620.0,6620.0,6150.0,10424.0,
417790,6980.0,130000000.0,6980.0,7090.0,6860.0,18635.0,
039980,5080.0,222000000.0,5220.0,5290.0,5000.0,43527.0,
060590,3020.0,75000000.0,3050.0,3085.0,3000.0,24509.0,
054620,3970.0,83000000.0,3950.0,4050.0,3920.0,20811.0,
080010,7400.0,5000000.0,7420.0,7430.0,7300.0,668.0,
020710,3625.0,117000000.0,3595.0,3650.0,3570.0,32298.0,
212710,7480.0,824000000.0,7400.0,7900.0,7220.0,108918.0,
038460,2870.0,224000000.0,2860.0,2900.0,2845.0,78124.0,
377480,10200.0,260000000.0,10500.0,10500.0,10200.0,25282.0,
451220,9170.0,452000000.0,9650.0,9780.0,9160.0,48090.0,
030960,4510.0,109000000.0,4640.0,4640.0,4495.0,23967.0,
017480,4655.0,166000000.0,4675.0,4685.0,4640.0,35641.0,
234920,5310.0,0.0,0.0,0.0,0.0,0.0,
155650,3770.0,134000000.0,3810.0,3810.0,3700.0,35827.0,
045660,8650.0,179000000.0,8660.0,8670.0,8510.0,20694.0,
371950,3030.0,132000000.0,3040.0,3040.0,2935.0,44130.0,
089790,6920.0,1172000000.0,6690.0,7060.0,6600.0,170534.0,
128660,2870.0,192000000.0,2900.0,2900.0,2820.0,67439.0,
417970,11120.0,72000000.0,11260.0,11330.0,10900.0,6521.0,
024740,2160.0,146000000.0,2175.0,2190.0,2145.0,67552.0,
217330,3070.0,125000000.0,3150.0,3195.0,3060.0,39996.0,
187420,2175.0,933000000.0,2090.0,2225.0,2035.0,433914.0,
104460,6750.0,105000000.0,6710.0,6980.0,6710.0,15276.0,
054040,4415.0,20000000.0,4480.0,4480.0,4385.0,4487.0,
347000,1875.0,155000000.0,1898.0,1910.0,1850.0,82770.0,
347860,1680.0,521000000.0,1721.0,1758.0,1674.0,304147.0,
065530,1480.0,1069000000.0,1519.0,1557.0,1463.0,712316.0,
092040,1000.0,255000000.0,1009.0,1009.0,969.0,257948.0,
039010,8170.0,376000000.0,8120.0,8410.0,8080.0,45417.0,
294140,2820.0,22000000.0,2785.0,2890.0,2785.0,7808.0,
090470,4020.0,60000000.0,4095.0,4095.0,4010.0,14841.0,
002800,4630.0,379000000.0,4470.0,4655.0,4465.0,82648.0,
053280,2805.0,34000000.0,2800.0,2820.0,2790.0,12010.0,
076610,1150.0,651000000.0,1190.0,1190.0,1146.0,561997.0,
067920,6360.0,1041000000.0,6420.0,6520.0,6200.0,164981.0,
083790,909.0,65000000.0,947.0,947.0,909.0,70724.0,
067570,1654.0,77000000.0,1675.0,1675.0,1644.0,46631.0,
110790,2975.0,21000000.0,2950.0,3005.0,2945.0,7063.0,
096350,1890.0,207000000.0,1920.0,1928.0,1879.0,109348.0,
460940,5170.0,151000000.0,5380.0,5380.0,5120.0,28969.0,
320000,9990.0,1301000000.0,10400.0,10750.0,9960.0,126851.0,
487580,2740.0,868000000.0,2825.0,2875.0,2695.0,314372.0,
026150,3925.0,81000000.0,3845.0,3990.0,3845.0,20472.0,
208370,2675.0,554000000.0,2735.0,2800.0,2675.0,203917.0,
900110,6220.0,265000000.0,6270.0,6490.0,5990.0,42235.0,
179530,2210.0,246000000.0,2145.0,2250.0,2055.0,113845.0,
332370,5170.0,3000000.0,5120.0,5180.0,5120.0,550.0,
337930,2360.0,108000000.0,2395.0,2395.0,2340.0,45906.0,
040350,3450.0,213000000.0,3425.0,3550.0,3330.0,61601.0,
109860,7510.0,39000000.0,7600.0,7600.0,7410.0,5163.0,
039610,6560.0,828000000.0,6770.0,6770.0,6500.0,125113.0,
228670,4365.0,114000000.0,4295.0,4400.0,4255.0,26371.0,
0004V0,6200.0,705000000.0,6360.0,6380.0,6150.0,113106.0,
049550,3460.0,48000000.0,3405.0,3520.0,3405.0,13819.0,
331740,6950.0,127000000.0,7380.0,7380.0,6950.0,17791.0,
067370,5520.0,15000000.0,5500.0,5520.0,5450.0,2651.0,
019540,4975.0,71000000.0,5140.0,5200.0,4975.0,13993.0,
024830,8040.0,81000000.0,8180.0,8180.0,8020.0,10004.0,
048430,5810.0,93000000.0,5820.0,5890.0,5810.0,15987.0,
214260,7490.0,52000000.0,7480.0,7700.0,7390.0,6892.0,
265560,6250.0,42000000.0,6270.0,6290.0,6190.0,6786.0,
065170,2390.0,3318000000.0,2250.0,2590.0,2245.0,1366380.0,
004780,4185.0,27000000.0,4140.0,4265.0,4140.0,6395.0,
282620,11330.0,364000000.0,11390.0,11470.0,11310.0,32040.0,
096250,5620.0,165000000.0,5650.0,5820.0,5570.0,29184.0,
123420,6380.0,603000000.0,6250.0,6630.0,6250.0,94401.0,
950220,1939.0,583000000.0,1975.0,2040.0,1935.0,292949.0,
262260,4395.0,183000000.0,4560.0,4560.0,4310.0,41366.0,
456070,6000.0,377000000.0,6220.0,6280.0,5990.0,61832.0,
032850,3975.0,263000000.0,4085.0,4130.0,3975.0,65166.0,
0218L0,12520.0,111000000.0,12600.0,13350.0,12270.0,8846.0,
061040,7280.0,26000000.0,7440.0,7440.0,7170.0,3632.0,
360350,12100.0,480000000.0,13100.0,13100.0,11630.0,39871.0,
091590,5600.0,514000000.0,5800.0,5810.0,5500.0,90573.0,
153710,4480.0,11000000.0,4455.0,4565.0,4400.0,2550.0,
291230,2735.0,61000000.0,2700.0,2735.0,2675.0,22576.0,
225190,4655.0,1433000000.0,5010.0,5050.0,4625.0,297989.0,
192250,9280.0,2531000000.0,9530.0,9780.0,9060.0,268312.0,
424960,3940.0,54000000.0,3920.0,3980.0,3850.0,13994.0,
137080,6060.0,25000000.0,6260.0,6260.0,6060.0,4059.0,
111710,3150.0,58000000.0,3135.0,3210.0,3135.0,18204.0,
241790,6480.0,496000000.0,6530.0,6690.0,6440.0,75119.0,
014970,4370.0,53000000.0,4420.0,4420.0,4315.0,12158.0,
0156T0,8290.0,357000000.0,8300.0,8460.0,8200.0,43017.0,
095270,4480.0,133000000.0,4695.0,4695.0,4420.0,29535.0,
204840,4140.0,83000000.0,4150.0,4195.0,4035.0,20268.0,
382480,1631.0,62000000.0,1644.0,1644.0,1609.0,38373.0,
315640,2185.0,172000000.0,2210.0,2240.0,2165.0,78006.0,
228340,3205.0,643000000.0,3200.0,3260.0,3115.0,201099.0,
222110,4735.0,15000000.0,4740.0,4745.0,4700.0,3129.0,
318160,6840.0,62000000.0,6680.0,6960.0,6630.0,9121.0,
273640,5820.0,99000000.0,6000.0,6020.0,5730.0,16896.0,
126880,2750.0,43000000.0,2785.0,2790.0,2720.0,15502.0,
241690,2600.0,24000000.0,2650.0,2650.0,2555.0,9123.0,
214680,3810.0,90000000.0,3890.0,3900.0,3810.0,23318.0,
082210,1816.0,82000000.0,1813.0,1820.0,1768.0,45657.0,
081150,2610.0,122000000.0,2635.0,2635.0,2565.0,47042.0,
251630,3970.0,222000000.0,4095.0,4095.0,3870.0,55798.0,
056360,6460.0,1109000000.0,6960.0,7040.0,6440.0,166298.0,
008370,5270.0,94000000.0,5160.0,5300.0,5160.0,17959.0,
089850,4290.0,19000000.0,4325.0,4380.0,4210.0,4475.0,
060310,1188.0,120000000.0,1185.0,1210.0,1164.0,101367.0,
048770,4010.0,1123000000.0,4165.0,4190.0,4000.0,275322.0,
033130,1693.0,26000000.0,1704.0,1721.0,1683.0,15024.0,
0155E0,11450.0,1448000000.0,11990.0,11990.0,11450.0,124572.0,
487400,6120.0,581000000.0,6250.0,6310.0,6050.0,94512.0,
001840,2215.0,0.0,0.0,0.0,0.0,0.0,
127710,1420.0,154000000.0,1399.0,1465.0,1399.0,108050.0,
221800,3830.0,97000000.0,3870.0,3990.0,3805.0,25174.0,
460870,3110.0,134000000.0,3020.0,3135.0,2990.0,43532.0,
043650,3495.0,69000000.0,3480.0,3505.0,3480.0,19722.0,
049480,1985.0,431000000.0,2025.0,2050.0,1985.0,214244.0,
294090,1490.0,0.0,0.0,0.0,0.0,0.0,
321820,3995.0,543000000.0,4220.0,4300.0,3985.0,131193.0,
100030,18940.0,163000000.0,18630.0,19100.0,18130.0,8726.0,
046210,1365.0,489000000.0,1350.0,1410.0,1325.0,359045.0,
041460,3365.0,132000000.0,3445.0,3445.0,3350.0,39023.0,
214270,1370.0,34000000.0,1395.0,1396.0,1355.0,25164.0,
036000,2690.0,41000000.0,2730.0,2750.0,2660.0,15018.0,
066670,3295.0,75000000.0,3310.0,3310.0,3230.0,22915.0,
122350,1605.0,436000000.0,1630.0,1630.0,1580.0,272917.0,
005670,6150.0,17000000.0,6190.0,6190.0,6110.0,2717.0,
049470,2610.0,53000000.0,2640.0,2745.0,2570.0,20098.0,
043610,1055.0,0.0,0.0,0.0,0.0,0.0,
216050,5010.0,32000000.0,4990.0,5020.0,4985.0,6437.0,
299170,1472.0,1085000000.0,1508.0,1516.0,1465.0,730774.0,
010470,5090.0,17000000.0,5100.0,5150.0,5030.0,3392.0,
203400,676.0,0.0,0.0,0.0,0.0,0.0,
039420,2650.0,86000000.0,2675.0,2680.0,2595.0,32832.0,
010240,5190.0,110000000.0,5230.0,5230.0,5150.0,21293.0,
261520,5900.0,589000000.0,5560.0,6040.0,5560.0,100200.0,
448710,11440.0,254000000.0,11500.0,11590.0,11310.0,22284.0,
003310,1708.0,320000000.0,1697.0,1733.0,1686.0,187206.0,
025550,2365.0,140000000.0,2365.0,2410.0,2320.0,59274.0,
014470,1057.0,89000000.0,1075.0,1080.0,1035.0,83638.0,
016250,11950.0,15000000.0,12000.0,12030.0,11880.0,1289.0,
050960,8900.0,16000000.0,8990.0,8990.0,8800.0,1776.0,
036090,1410.0,248000000.0,1445.0,1445.0,1371.0,177170.0,
900300,2915.0,212000000.0,3120.0,3120.0,2905.0,70573.0,
033320,3135.0,108000000.0,3210.0,3225.0,3110.0,34384.0,
263690,5290.0,115000000.0,5220.0,5340.0,5160.0,21883.0,
215360,6550.0,69000000.0,6500.0,6660.0,6480.0,10556.0,
463020,6630.0,325000000.0,6810.0,6890.0,6630.0,48345.0,
424980,10060.0,300000000.0,9920.0,10410.0,9830.0,29800.0,
352910,4705.0,18000000.0,4820.0,4820.0,4675.0,3747.0,
483350,2655.0,518000000.0,2750.0,2750.0,2645.0,193595.0,
064240,1699.0,122000000.0,1780.0,1780.0,1696.0,70784.0,
039020,2605.0,237000000.0,2615.0,2650.0,2595.0,90815.0,
175140,2345.0,35000000.0,2325.0,2415.0,2300.0,15079.0,
420570,9950.0,610000000.0,9160.0,9990.0,9150.0,63159.0,
099520,1284.0,0.0,0.0,0.0,0.0,0.0,
059270,5200.0,118000000.0,5500.0,5520.0,5200.0,22086.0,
464490,5040.0,144000000.0,5290.0,5290.0,4950.0,28643.0,
045340,6740.0,54000000.0,6780.0,6810.0,6730.0,7918.0,
333620,5240.0,92000000.0,5200.0,5290.0,5150.0,17712.0,
443250,5330.0,54000000.0,5030.0,5500.0,5030.0,10450.0,
094850,4115.0,63000000.0,4215.0,4215.0,4110.0,15219.0,
191420,7100.0,8000000.0,7480.0,7480.0,7100.0,1122.0,
081180,6520.0,644000000.0,7100.0,7100.0,6510.0,94978.0,
033310,1439.0,30000000.0,1414.0,1448.0,1414.0,21087.0,
457600,4175.0,223000000.0,4160.0,4225.0,3950.0,54077.0,
053620,6650.0,269000000.0,6550.0,6720.0,6510.0,40399.0,
033170,3335.0,540000000.0,3350.0,3575.0,3130.0,162892.0,
950200,2965.0,99000000.0,3000.0,3010.0,2965.0,33207.0,
054300,970.0,311000000.0,1019.0,1019.0,950.0,314462.0,
007370,4015.0,85000000.0,3960.0,4040.0,3960.0,21200.0,
317530,3240.0,27000000.0,3180.0,3250.0,3100.0,8321.0,
288180,7660.0,138000000.0,7710.0,7960.0,7390.0,18256.0,
053050,1888.0,66000000.0,1891.0,1892.0,1876.0,34873.0,
037440,4065.0,275000000.0,4085.0,4115.0,4045.0,67585.0,
033230,1119.0,121000000.0,1152.0,1160.0,1108.0,106945.0,
348150,2875.0,57000000.0,2980.0,2980.0,2875.0,19467.0,
109080,9900.0,216000000.0,9900.0,10100.0,9810.0,21789.0,
019990,5710.0,2869000000.0,5470.0,6210.0,5430.0,488660.0,
459100,4130.0,38000000.0,4070.0,4190.0,4055.0,9323.0,
0013V0,5600.0,585000000.0,5350.0,5680.0,5350.0,105499.0,
340930,806.0,0.0,0.0,0.0,0.0,0.0,
290660,1294.0,421000000.0,1281.0,1305.0,1261.0,326943.0,
393210,3550.0,1325000000.0,3505.0,3640.0,3480.0,373102.0,
092300,2750.0,373000000.0,2815.0,2835.0,2675.0,136172.0,
900120,4885.0,35000000.0,4990.0,4990.0,4740.0,7315.0,
145170,3270.0,509000000.0,3350.0,3470.0,3270.0,151241.0,
071670,5500.0,82000000.0,5480.0,5540.0,5390.0,15115.0,
040610,3225.0,46000000.0,3225.0,3235.0,3190.0,14199.0,
355690,5730.0,1154000000.0,5500.0,5920.0,5490.0,200323.0,
170790,8570.0,270000000.0,8810.0,8820.0,8430.0,31528.0,
217480,499.0,0.0,0.0,0.0,0.0,0.0,
064800,2140.0,110000000.0,2190.0,2230.0,2080.0,50992.0,
088280,3160.0,322000000.0,3300.0,3350.0,3100.0,99267.0,
036670,5060.0,122000000.0,5030.0,5060.0,5000.0,24404.0,
061250,6440.0,69000000.0,6470.0,6550.0,6400.0,10695.0,
226340,6460.0,2900000000.0,6360.0,6890.0,6220.0,442853.0,
435570,7100.0,19000000.0,7000.0,7220.0,6980.0,2619.0,
419080,4960.0,76000000.0,5100.0,5100.0,4870.0,15412.0,
036120,1530.0,89000000.0,1550.0,1551.0,1522.0,57943.0,
024910,1500.0,43000000.0,1529.0,1529.0,1487.0,28671.0,
043710,3070.0,14000000.0,3035.0,3145.0,2990.0,4620.0,
370090,6210.0,82000000.0,6100.0,6330.0,6100.0,13230.0,
179900,2460.0,530000000.0,2590.0,2590.0,2375.0,217586.0,
039240,1963.0,34000000.0,1980.0,1984.0,1925.0,17310.0,
238090,1736.0,48000000.0,1795.0,1823.0,1714.0,27348.0,
053270,1928.0,23000000.0,1983.0,1983.0,1923.0,11685.0,
163280,3880.0,136000000.0,3895.0,3905.0,3855.0,35030.0,
317830,4885.0,123000000.0,5080.0,5080.0,4845.0,24868.0,
105760,5160.0,41000000.0,5160.0,5190.0,5130.0,7999.0,
391710,1233.0,141000000.0,1293.0,1299.0,1232.0,112353.0,
054930,17460.0,92000000.0,17990.0,17990.0,17230.0,5222.0,
027050,1307.0,136000000.0,1297.0,1324.0,1282.0,103756.0,
042110,1081.0,279000000.0,1029.0,1088.0,1029.0,261990.0,
104620,3100.0,120000000.0,3170.0,3170.0,3090.0,38511.0,
015710,2950.0,28000000.0,2900.0,2970.0,2900.0,9370.0,
024950,4170.0,47000000.0,4195.0,4230.0,4150.0,11160.0,
053160,8600.0,73000000.0,8780.0,8990.0,8540.0,8350.0,
094940,6140.0,135000000.0,6280.0,6280.0,6120.0,21848.0,
052790,4695.0,184000000.0,4750.0,4910.0,4680.0,38632.0,
114450,2560.0,14895000000.0,2335.0,2890.0,2320.0,5668159.0,
340810,3645.0,334000000.0,3605.0,3730.0,3600.0,91296.0,
314140,5850.0,17000000.0,5770.0,5950.0,5770.0,2884.0,
150900,4330.0,954000000.0,4490.0,4490.0,4200.0,218059.0,
256630,4355.0,71000000.0,4305.0,4355.0,4265.0,16524.0,
348080,3935.0,502000000.0,3890.0,4250.0,3710.0,125826.0,
393970,2825.0,0.0,0.0,0.0,0.0,0.0,
347740,1680.0,10000000.0,1677.0,1690.0,1664.0,6063.0,
459550,1999.0,536000000.0,2045.0,2065.0,1992.0,266505.0,
463480,4065.0,109000000.0,3935.0,4140.0,3930.0,26988.0,
088910,1957.0,306000000.0,1970.0,1971.0,1937.0,156943.0,
317850,6040.0,346000000.0,6250.0,6250.0,6030.0,56499.0,
217500,1579.0,134000000.0,1643.0,1643.0,1570.0,83894.0,
232830,3030.0,1007000000.0,3135.0,3400.0,3020.0,319703.0,
246690,2100.0,104000000.0,2130.0,2150.0,2080.0,49445.0,
311690,3820.0,20000000.0,3715.0,3835.0,3695.0,5251.0,
046940,2745.0,95000000.0,2775.0,2775.0,2715.0,34787.0,
219550,1197.0,14000000.0,1202.0,1220.0,1190.0,11763.0,
038010,5500.0,28000000.0,5460.0,5500.0,5420.0,5089.0,
376290,2800.0,13000000.0,2780.0,2850.0,2735.0,4584.0,
365660,3670.0,1274000000.0,3870.0,3880.0,3660.0,339802.0,
900340,1386.0,86000000.0,1452.0,1457.0,1345.0,62373.0,
063440,1084.0,62000000.0,1101.0,1101.0,1084.0,57396.0,
060560,1934.0,13000000.0,1953.0,1953.0,1902.0,6623.0,
452400,5400.0,15000000.0,5410.0,5420.0,5340.0,2786.0,
189860,5040.0,666000000.0,5340.0,5340.0,5020.0,129351.0,
408470,4620.0,107000000.0,4615.0,4735.0,4575.0,23170.0,
321260,1732.0,156000000.0,1793.0,1829.0,1712.0,89448.0,
065130,3050.0,186000000.0,3145.0,3180.0,3035.0,60211.0,
044340,2725.0,131000000.0,2735.0,2785.0,2715.0,47867.0,
053450,3280.0,126000000.0,3395.0,3405.0,3280.0,37671.0,
122310,3315.0,71000000.0,3300.0,3415.0,3270.0,21693.0,
382150,3665.0,105000000.0,3705.0,3790.0,3660.0,28367.0,
476040,7260.0,124000000.0,7460.0,7460.0,7100.0,17109.0,
418250,6550.0,0.0,0.0,0.0,0.0,0.0,
460470,3150.0,45000000.0,3160.0,3180.0,3100.0,14215.0,
317690,2365.0,169000000.0,2355.0,2440.0,2330.0,70251.0,
384470,2650.0,75000000.0,2645.0,2650.0,2570.0,28926.0,
131400,7960.0,1669000000.0,8500.0,9330.0,7850.0,203029.0,
199550,3195.0,33000000.0,3360.0,3360.0,3150.0,10389.0,
196300,4990.0,203000000.0,5010.0,5380.0,4900.0,40380.0,
317870,5320.0,49000000.0,5460.0,5460.0,5170.0,9240.0,
023440,521.0,0.0,0.0,0.0,0.0,0.0,
277070,3430.0,4000000.0,3450.0,3500.0,3385.0,1081.0,
440290,1706.0,15000000.0,1734.0,1734.0,1701.0,8809.0,
032960,2660.0,72000000.0,2665.0,2735.0,2620.0,27150.0,
143540,1047.0,188000000.0,1043.0,1076.0,1040.0,178594.0,
373200,1858.0,97000000.0,1950.0,1980.0,1853.0,51385.0,
189980,1159.0,27000000.0,1160.0,1162.0,1147.0,23308.0,
053980,2450.0,135000000.0,2420.0,2525.0,2420.0,54943.0,
0010V0,9060.0,78000000.0,8740.0,9200.0,8740.0,8768.0,
361570,1609.0,2000000.0,1620.0,1620.0,1600.0,998.0,
479960,6490.0,119000000.0,6390.0,6680.0,6330.0,18267.0,
094970,2760.0,122000000.0,2830.0,2830.0,2745.0,44111.0,
260930,2385.0,58000000.0,2360.0,2400.0,2265.0,24576.0,
471820,4080.0,4000000.0,4065.0,4100.0,4065.0,1008.0,
059100,6500.0,147000000.0,6640.0,6740.0,6450.0,22483.0,
073110,5160.0,17000000.0,5320.0,5320.0,5160.0,3227.0,
037950,2715.0,33000000.0,2720.0,2795.0,2705.0,12165.0,
229000,1957.0,0.0,0.0,0.0,0.0,0.0,
051390,4025.0,92000000.0,4020.0,4065.0,3980.0,23028.0,
453860,7090.0,163000000.0,7110.0,7230.0,7040.0,22900.0,
340360,850.0,111000000.0,860.0,881.0,827.0,130806.0,
222420,941.0,76000000.0,973.0,979.0,931.0,79110.0,
072990,3130.0,37000000.0,3120.0,3170.0,3120.0,11646.0,
373160,3335.0,10000000.0,3350.0,3350.0,3230.0,3122.0,
068330,1021.0,35000000.0,1021.0,1042.0,1021.0,33712.0,
198080,2095.0,160000000.0,2100.0,2110.0,2075.0,76134.0,
159580,2240.0,612000000.0,2110.0,2425.0,2110.0,269137.0,
014190,1266.0,89000000.0,1288.0,1304.0,1252.0,69505.0,
072470,2370.0,6000000.0,2350.0,2375.0,2345.0,2359.0,
050120,3300.0,5000000.0,3330.0,3380.0,3235.0,1646.0,
178780,2400.0,14000000.0,2405.0,2430.0,2360.0,5733.0,
066130,3490.0,45000000.0,3530.0,3530.0,3455.0,12803.0,
033340,460.0,0.0,0.0,0.0,0.0,0.0,
083550,3285.0,189000000.0,3345.0,3490.0,3190.0,57102.0,
082850,4575.0,69000000.0,4635.0,4655.0,4575.0,14943.0,
900250,1236.0,46000000.0,1237.0,1246.0,1229.0,37419.0,
288330,416.0,0.0,0.0,0.0,0.0,0.0,
466410,8750.0,34000000.0,8890.0,8910.0,8650.0,3821.0,
042040,5080.0,40000000.0,5030.0,5120.0,5010.0,7837.0,
065440,1602.0,643000000.0,1649.0,1666.0,1570.0,397609.0,
227950,1260.0,61000000.0,1302.0,1302.0,1260.0,47985.0,
129890,950.0,64000000.0,940.0,966.0,940.0,67147.0,
290670,5500.0,41000000.0,5690.0,5760.0,5320.0,7401.0,
258610,1184.0,23000000.0,1220.0,1220.0,1184.0,19356.0,
263020,3120.0,110000000.0,3165.0,3165.0,3090.0,35381.0,
054780,2195.0,193000000.0,2160.0,2260.0,2130.0,88266.0,
084650,2885.0,1628000000.0,2740.0,3190.0,2725.0,542954.0,
184230,2270.0,927000000.0,2585.0,2585.0,2240.0,388718.0,
022220,823.0,6000000.0,820.0,826.0,820.0,7682.0,
086060,4950.0,65000000.0,4960.0,5030.0,4950.0,13077.0,
140520,2015.0,7000000.0,2010.0,2015.0,1995.0,3655.0,
307280,5990.0,39000000.0,6100.0,6100.0,5880.0,6590.0,
199480,4165.0,140000000.0,4140.0,4290.0,4110.0,33089.0,
461030,2960.0,35000000.0,3060.0,3060.0,2955.0,11632.0,
200350,4240.0,2262000000.0,4610.0,4610.0,4050.0,525864.0,
413640,5870.0,42000000.0,5850.0,5930.0,5790.0,7204.0,
256150,5010.0,7000000.0,5020.0,5020.0,4985.0,1313.0,
263700,2165.0,20000000.0,2205.0,2205.0,2150.0,8967.0,
189690,1534.0,99000000.0,1512.0,1550.0,1512.0,65064.0,
261200,2625.0,78000000.0,2660.0,2675.0,2610.0,29641.0,
002290,3345.0,14000000.0,3340.0,3350.0,3315.0,4099.0,
190650,6480.0,12000000.0,6510.0,6530.0,6470.0,1788.0,
450330,5050.0,32000000.0,5160.0,5160.0,5030.0,6259.0,
099410,2950.0,204000000.0,3085.0,3085.0,2950.0,68175.0,
100660,3270.0,76000000.0,3320.0,3320.0,3265.0,23123.0,
263810,2585.0,90000000.0,2590.0,2590.0,2530.0,35189.0,
056700,1410.0,48000000.0,1419.0,1419.0,1401.0,33877.0,
215380,2435.0,2572000000.0,2550.0,2855.0,2370.0,993091.0,
053950,2085.0,515000000.0,2075.0,2200.0,2045.0,243374.0,
452200,1679.0,85000000.0,1690.0,1699.0,1601.0,51014.0,
136410,3695.0,33000000.0,3770.0,3770.0,3660.0,9044.0,
469750,5900.0,710000000.0,6020.0,6100.0,5580.0,123319.0,
286750,2535.0,11000000.0,2550.0,2585.0,2520.0,4422.0,
066900,1784.0,7000000.0,1711.0,1799.0,1711.0,4077.0,
007530,1813.0,38000000.0,1780.0,1867.0,1750.0,20939.0,
044960,3190.0,1233000000.0,3200.0,3395.0,3125.0,377687.0,
104200,2710.0,154000000.0,2660.0,2795.0,2555.0,56709.0,
027830,742.0,58000000.0,740.0,750.0,735.0,78592.0,
263770,1689.0,7000000.0,1677.0,1698.0,1659.0,4129.0,
203450,2830.0,465000000.0,2945.0,2945.0,2765.0,165037.0,
007680,3005.0,61000000.0,3070.0,3070.0,2995.0,20254.0,
064090,798.0,0.0,0.0,0.0,0.0,0.0,
037230,1330.0,25000000.0,1323.0,1370.0,1315.0,18640.0,
223310,2905.0,55000000.0,2925.0,2975.0,2835.0,18756.0,
049830,6450.0,1000000.0,6470.0,6560.0,6370.0,113.0,
171010,2750.0,91000000.0,2780.0,2780.0,2720.0,33029.0,
025880,2345.0,22000000.0,2310.0,2345.0,2310.0,9570.0,
446840,3555.0,37000000.0,3710.0,3710.0,3465.0,10478.0,
045510,1244.0,94000000.0,1249.0,1249.0,1189.0,76304.0,
238120,2750.0,72000000.0,2700.0,2840.0,2670.0,25892.0,
035460,2620.0,236000000.0,2675.0,2675.0,2590.0,90406.0,
221840,2085.0,119000000.0,2075.0,2100.0,2010.0,58627.0,
273060,3965.0,16000000.0,3920.0,3970.0,3860.0,3990.0,
224110,7630.0,10000000.0,7760.0,7760.0,7610.0,1331.0,
046310,2360.0,21000000.0,2355.0,2360.0,2330.0,8859.0,
218150,1893.0,114000000.0,1895.0,1919.0,1891.0,59664.0,
050860,1704.0,9000000.0,1706.0,1708.0,1685.0,5347.0,
465480,3780.0,53000000.0,4005.0,4005.0,3705.0,13698.0,
038070,4115.0,57000000.0,4095.0,4190.0,4080.0,13932.0,
121890,2875.0,229000000.0,2855.0,2910.0,2845.0,79362.0,
352700,1453.0,15000000.0,1465.0,1475.0,1450.0,10254.0,
109820,1871.0,6453000000.0,1645.0,2000.0,1629.0,3409043.0,
019770,3270.0,17000000.0,3295.0,3295.0,3245.0,5300.0,
221980,9420.0,7000000.0,9200.0,9430.0,9190.0,744.0,
051490,2660.0,26000000.0,2650.0,2670.0,2620.0,9971.0,
052220,1640.0,28000000.0,1631.0,1670.0,1627.0,17180.0,
234100,2580.0,20000000.0,2635.0,2635.0,2520.0,7801.0,
239890,3790.0,40000000.0,3790.0,3870.0,3775.0,10547.0,
208710,2840.0,148000000.0,2865.0,2900.0,2805.0,52223.0,
177900,3880.0,89000000.0,3760.0,3950.0,3705.0,23025.0,
037370,4330.0,35000000.0,4265.0,4330.0,4215.0,8190.0,
434480,3025.0,1436000000.0,3220.0,3235.0,2985.0,461706.0,
081580,2400.0,194000000.0,2450.0,2485.0,2400.0,79533.0,
101240,3270.0,55000000.0,3325.0,3445.0,3255.0,16830.0,
250000,5490.0,15000000.0,5410.0,5490.0,5380.0,2767.0,
258790,7400.0,412000000.0,7450.0,7640.0,7300.0,55046.0,
097870,4350.0,14000000.0,4340.0,4415.0,4320.0,3326.0,
046390,2135.0,21000000.0,2170.0,2170.0,2020.0,10040.0,
049120,2900.0,27000000.0,2780.0,2950.0,2780.0,9447.0,
042940,5380.0,146000000.0,5280.0,5400.0,5180.0,27661.0,
122690,1591.0,35000000.0,1619.0,1619.0,1581.0,22080.0,
065500,1027.0,190000000.0,1015.0,1068.0,1010.0,182651.0,
086040,2285.0,11000000.0,2285.0,2300.0,2255.0,4806.0,
219420,3175.0,72000000.0,3170.0,3250.0,3140.0,22760.0,
043910,3210.0,46000000.0,3185.0,3255.0,3165.0,14294.0,
207760,2190.0,22000000.0,2170.0,2230.0,2110.0,10019.0,
260660,2365.0,83000000.0,2290.0,2385.0,2280.0,35226.0,
123570,1627.0,3000000.0,1629.0,1629.0,1611.0,1645.0,
039290,4150.0,7000000.0,4125.0,4190.0,4065.0,1657.0,
430690,3310.0,1746000000.0,3420.0,3560.0,3140.0,515967.0,
089140,2350.0,321000000.0,2310.0,2385.0,2300.0,137606.0,
153460,5510.0,11000000.0,5350.0,5510.0,5350.0,2104.0,
406820,2545.0,2362000000.0,2425.0,2625.0,2415.0,928857.0,
284620,1087.0,0.0,0.0,0.0,0.0,0.0,
026040,2175.0,95000000.0,2255.0,2255.0,2105.0,44383.0,
057540,602.0,0.0,0.0,0.0,0.0,0.0,
068940,778.0,0.0,0.0,0.0,0.0,0.0,
045060,2105.0,128000000.0,2095.0,2140.0,2090.0,60661.0,
363250,4190.0,16000000.0,4070.0,4190.0,3950.0,3945.0,
332290,4450.0,14000000.0,4420.0,4550.0,4420.0,3243.0,
263050,959.0,0.0,0.0,0.0,0.0,0.0,
014570,3210.0,82000000.0,3290.0,3335.0,3180.0,25215.0,
270520,881.0,603000000.0,873.0,887.0,860.0,692504.0,
452300,2485.0,64000000.0,2535.0,2560.0,2460.0,25619.0,
024120,3060.0,11000000.0,3055.0,3075.0,3045.0,3704.0,
079190,1724.0,191000000.0,1715.0,1745.0,1559.0,112676.0,
186230,3205.0,29000000.0,3285.0,3285.0,3095.0,9151.0,
204020,1794.0,21000000.0,1845.0,1845.0,1767.0,11735.0,
387570,6200.0,59000000.0,6190.0,6290.0,6020.0,9648.0,
066360,1453.0,32000000.0,1490.0,1490.0,1430.0,21677.0,
318410,6270.0,10000000.0,6250.0,6270.0,6180.0,1660.0,
060540,1331.0,18000000.0,1345.0,1345.0,1317.0,13917.0,
127980,2935.0,40000000.0,2810.0,3025.0,2810.0,13873.0,
290090,4670.0,18000000.0,4590.0,4790.0,4575.0,3885.0,
060850,4265.0,72000000.0,4385.0,4410.0,4265.0,16801.0,
348030,3610.0,1875000000.0,3540.0,3850.0,3310.0,524036.0,
377030,2420.0,160000000.0,2370.0,2540.0,2325.0,66007.0,
065950,1220.0,578000000.0,1137.0,1360.0,1135.0,471776.0,
290120,2175.0,7000000.0,2175.0,2215.0,2145.0,3106.0,
417860,7300.0,51000000.0,7340.0,7440.0,7250.0,7035.0,
075130,2130.0,20000000.0,2140.0,2145.0,2110.0,9359.0,
310870,1560.0,152000000.0,1573.0,1580.0,1520.0,98098.0,
057030,2085.0,14000000.0,2115.0,2115.0,2060.0,6702.0,
106240,1273.0,28000000.0,1379.0,1379.0,1269.0,21917.0,
069920,1399.0,397000000.0,1372.0,1470.0,1350.0,281586.0,
476080,4165.0,54000000.0,4055.0,4165.0,4055.0,13123.0,
064520,1499.0,15000000.0,1490.0,1502.0,1434.0,9943.0,
432430,2025.0,73000000.0,2055.0,2055.0,2010.0,36091.0,
131090,4360.0,97000000.0,4375.0,4390.0,4200.0,22244.0,
099220,5300.0,56000000.0,5270.0,5360.0,5180.0,10753.0,
296640,6440.0,93000000.0,6500.0,6600.0,6200.0,14436.0,
397810,6460.0,5000000.0,6770.0,6770.0,6340.0,710.0,
270870,3700.0,3000000.0,3740.0,3740.0,3680.0,773.0,
196450,3665.0,31000000.0,3900.0,3900.0,3660.0,8303.0,
038060,689.0,0.0,0.0,0.0,0.0,0.0,
006920,3005.0,47000000.0,3010.0,3050.0,2980.0,15641.0,
335810,1492.0,10000000.0,1500.0,1523.0,1479.0,6451.0,
215090,1409.0,209000000.0,1409.0,1450.0,1385.0,147772.0,
408900,996.0,26000000.0,1002.0,1012.0,972.0,26561.0,
169330,1779.0,44000000.0,1842.0,1844.0,1762.0,24624.0,
419120,2290.0,38000000.0,2350.0,2355.0,2265.0,16691.0,
052600,2815.0,33000000.0,2910.0,2910.0,2795.0,11416.0,
200780,3040.0,13000000.0,3055.0,3065.0,3030.0,4360.0,
073570,2690.0,250000000.0,2955.0,3010.0,2665.0,89831.0,
220180,1353.0,8000000.0,1358.0,1358.0,1332.0,5985.0,
148930,3180.0,27000000.0,3130.0,3185.0,3080.0,8437.0,
153490,3140.0,60000000.0,3100.0,3300.0,3050.0,19093.0,
133750,1381.0,20000000.0,1351.0,1445.0,1348.0,14505.0,
271830,1095.0,70000000.0,1101.0,1137.0,1095.0,62883.0,
900270,2590.0,109000000.0,2630.0,2765.0,2540.0,41627.0,
045300,3055.0,120000000.0,3045.0,3090.0,2980.0,39588.0,
033830,1704.0,4000000.0,1700.0,1716.0,1676.0,2557.0,
431190,4300.0,113000000.0,4505.0,4505.0,4275.0,25860.0,
038620,2120.0,19000000.0,2125.0,2150.0,2085.0,9020.0,
087600,3930.0,1000000.0,3980.0,3980.0,3885.0,255.0,
356890,2680.0,241000000.0,2780.0,2805.0,2635.0,88538.0,
364950,3860.0,124000000.0,3835.0,3895.0,3720.0,32490.0,
080520,2825.0,43000000.0,2920.0,2940.0,2825.0,15065.0,
462980,1754.0,65000000.0,1700.0,1764.0,1692.0,37661.0,
037330,726.0,31000000.0,725.0,728.0,707.0,42936.0,
159910,3040.0,73000000.0,3070.0,3090.0,2975.0,24267.0,
318020,2580.0,11000000.0,2580.0,2595.0,2525.0,4199.0,
021650,1936.0,3000000.0,1932.0,1946.0,1922.0,1365.0,
031510,1129.0,58000000.0,1123.0,1140.0,1115.0,51619.0,
208860,9300.0,10000000.0,9660.0,9660.0,9300.0,1115.0,
073540,2755.0,62000000.0,2755.0,2795.0,2720.0,22518.0,
263920,3200.0,15000000.0,3250.0,3250.0,3120.0,4578.0,
012620,7130.0,14000000.0,7200.0,7200.0,7040.0,1932.0,
311390,2470.0,101000000.0,2465.0,2540.0,2460.0,40348.0,
258830,412.0,0.0,0.0,0.0,0.0,0.0,
025440,3195.0,3000000.0,3195.0,3290.0,3155.0,895.0,
032790,1210.0,166000000.0,1250.0,1250.0,1195.0,136715.0,
376980,3180.0,10000000.0,3185.0,3220.0,3150.0,3076.0,
0010F0,2785.0,769000000.0,2935.0,2935.0,2740.0,273162.0,
464280,5600.0,90000000.0,5410.0,5690.0,5400.0,16271.0,
197140,2370.0,30000000.0,2380.0,2380.0,2320.0,12614.0,
064480,2580.0,43000000.0,2575.0,2605.0,2565.0,16600.0,
075970,1673.0,5000000.0,1672.0,1676.0,1666.0,3220.0,
090410,3325.0,8000000.0,3490.0,3490.0,3325.0,2332.0,
173940,1990.0,49000000.0,1990.0,1993.0,1970.0,24699.0,
091340,2610.0,67000000.0,2730.0,2770.0,2550.0,24568.0,
452160,3170.0,18000000.0,3095.0,3190.0,3095.0,5683.0,
002680,3925.0,855000000.0,3495.0,4100.0,3290.0,218024.0,
407400,2080.0,71000000.0,2045.0,2140.0,2005.0,34380.0,
016600,2180.0,104000000.0,2265.0,2305.0,2160.0,47341.0,
246250,1969.0,0.0,0.0,0.0,0.0,0.0,
462510,3430.0,174000000.0,3570.0,3735.0,3415.0,49128.0,
101670,530.0,383000000.0,546.0,582.0,526.0,697502.0,
099390,3655.0,6000000.0,3735.0,3735.0,3640.0,1754.0,
336060,3115.0,15000000.0,3120.0,3120.0,3085.0,4842.0,
462310,3795.0,66000000.0,3835.0,3895.0,3795.0,17291.0,
367000,3570.0,7000000.0,3550.0,3585.0,3435.0,1869.0,
369370,2990.0,43000000.0,2990.0,3005.0,2900.0,14409.0,
464580,1620.0,6000000.0,1632.0,1639.0,1600.0,3632.0,
444530,4635.0,25000000.0,4865.0,4865.0,4605.0,5321.0,
388610,5590.0,69000000.0,5520.0,5790.0,5500.0,12358.0,
300120,3005.0,41000000.0,3080.0,3080.0,3000.0,13684.0,
262840,2900.0,74000000.0,2930.0,2935.0,2800.0,25553.0,
020180,3855.0,26000000.0,3870.0,3930.0,3845.0,6679.0,
031310,996.0,52000000.0,1002.0,1008.0,984.0,52722.0,
226330,1220.0,160000000.0,1297.0,1364.0,1205.0,125231.0,
038870,2110.0,16000000.0,2190.0,2190.0,2025.0,7738.0,
070590,2130.0,15000000.0,2110.0,2155.0,2110.0,7197.0,
900070,1100.0,105000000.0,1119.0,1134.0,1094.0,94512.0,
071850,1218.0,1000000.0,1230.0,1230.0,1205.0,426.0,
128540,1107.0,42000000.0,1089.0,1114.0,1080.0,38141.0,
033540,2820.0,54000000.0,2765.0,2830.0,2710.0,19418.0,
050110,5040.0,553000000.0,5750.0,5750.0,4950.0,106119.0,
237820,2295.0,67000000.0,2335.0,2335.0,2280.0,29151.0,
317240,1006.0,184000000.0,999.0,1021.0,970.0,185832.0,
097780,1439.0,13000000.0,1456.0,1492.0,1439.0,8798.0,
188260,2100.0,5000000.0,2155.0,2155.0,2075.0,2293.0,
079170,5600.0,8000000.0,5510.0,5600.0,5460.0,1425.0,
038950,2840.0,2000000.0,2845.0,2925.0,2835.0,642.0,
373170,1917.0,54000000.0,1999.0,1999.0,1834.0,28724.0,
351330,3475.0,52000000.0,3585.0,3625.0,3475.0,14717.0,
333050,5830.0,27000000.0,5840.0,5840.0,5690.0,4593.0,
318010,3605.0,10000000.0,3445.0,3660.0,3445.0,2681.0,
109960,1875.0,1000000.0,1875.0,1876.0,1845.0,654.0,
130500,1949.0,62000000.0,1907.0,1981.0,1907.0,31560.0,
019570,2970.0,45000000.0,2855.0,3045.0,2820.0,15196.0,
068050,1022.0,107000000.0,1030.0,1069.0,970.0,106050.0,
187270,2790.0,88000000.0,2895.0,2900.0,2610.0,32034.0,
043220,1710.0,0.0,0.0,0.0,0.0,0.0,
068100,2360.0,2000000.0,2360.0,2365.0,2315.0,971.0,
088340,6440.0,41000000.0,6470.0,6470.0,6270.0,6499.0,
027040,2015.0,606000000.0,2015.0,2150.0,1964.0,294453.0,
239610,5200.0,7000000.0,5200.0,5230.0,5100.0,1269.0,
119500,2365.0,78000000.0,2375.0,2375.0,2335.0,33237.0,
093380,2835.0,4000000.0,2830.0,2975.0,2830.0,1312.0,
254120,910.0,0.0,0.0,0.0,0.0,0.0,
089150,1631.0,27000000.0,1638.0,1644.0,1626.0,16444.0,
131220,3750.0,15000000.0,3725.0,3790.0,3700.0,4072.0,
043340,588.0,18000000.0,618.0,618.0,582.0,30443.0,
355390,1750.0,1073000000.0,1561.0,1825.0,1561.0,622612.0,
160550,995.0,30000000.0,1000.0,1007.0,990.0,29768.0,
067010,2545.0,72000000.0,2510.0,2555.0,2490.0,28375.0,
290560,1239.0,260000000.0,1329.0,1329.0,1232.0,202622.0,
101400,1824.0,82000000.0,1669.0,1830.0,1640.0,46763.0,
007770,7870.0,2000000.0,7950.0,7950.0,7750.0,296.0,
288620,3955.0,42000000.0,4080.0,4095.0,3945.0,10416.0,
376180,1485.0,34000000.0,1513.0,1518.0,1471.0,22851.0,
383930,2155.0,824000000.0,1942.0,2350.0,1910.0,377277.0,
017000,2355.0,71000000.0,2280.0,2355.0,2250.0,30959.0,
195500,1718.0,16000000.0,1742.0,1742.0,1705.0,9133.0,
114630,1590.0,9000000.0,1630.0,1630.0,1569.0,5919.0,
008470,1630.0,16000000.0,1677.0,1680.0,1620.0,9607.0,
475660,3455.0,83000000.0,3000.0,3525.0,3000.0,24721.0,
290270,2850.0,92000000.0,2930.0,2970.0,2825.0,31686.0,
078590,2740.0,61000000.0,2720.0,2805.0,2680.0,22258.0,
450520,1861.0,37000000.0,1903.0,1903.0,1825.0,19814.0,
148250,2010.0,45000000.0,1980.0,2045.0,1963.0,22185.0,
038880,3630.0,63000000.0,3505.0,3740.0,3450.0,17503.0,
398120,2300.0,82000000.0,2280.0,2345.0,2260.0,35325.0,
048470,2820.0,60000000.0,2905.0,2905.0,2820.0,20885.0,
058110,1690.0,1238000000.0,1573.0,1849.0,1565.0,717279.0,
139670,1921.0,3000000.0,1919.0,1930.0,1890.0,1602.0,
236810,1595.0,27000000.0,1642.0,1642.0,1561.0,16819.0,
016670,2655.0,23000000.0,2655.0,2695.0,2645.0,8731.0,
368970,2405.0,36000000.0,2430.0,2430.0,2340.0,15058.0,
359090,2350.0,29000000.0,2390.0,2390.0,2210.0,12567.0,
091970,3575.0,39000000.0,3575.0,3680.0,3455.0,11041.0,
198940,1349.0,40000000.0,1428.0,1428.0,1349.0,29441.0,
225220,1401.0,82000000.0,1469.0,1469.0,1401.0,57297.0,
047080,1083.0,24000000.0,1100.0,1110.0,1078.0,21824.0,
140430,2510.0,399000000.0,2660.0,2790.0,2500.0,154219.0,
215790,666.0,2252000000.0,640.0,738.0,640.0,3277843.0,
080530,2420.0,19000000.0,2485.0,2485.0,2390.0,7863.0,
365590,1450.0,164000000.0,1538.0,1539.0,1385.0,112682.0,
191410,1720.0,134000000.0,1749.0,1749.0,1701.0,77860.0,
297570,3850.0,11000000.0,3910.0,4085.0,3850.0,2698.0,
115480,2190.0,48000000.0,2370.0,2370.0,2150.0,21993.0,
043200,1270.0,129000000.0,1250.0,1275.0,1200.0,103587.0,
351870,2375.0,96000000.0,2430.0,2620.0,2245.0,39217.0,
066910,1720.0,62000000.0,1750.0,1773.0,1712.0,35645.0,
069140,1751.0,13000000.0,1780.0,1791.0,1740.0,7491.0,
032750,2910.0,6000000.0,2915.0,2915.0,2900.0,1962.0,
060230,1344.0,63000000.0,1300.0,1358.0,1270.0,47887.0,
016920,1020.0,99000000.0,1020.0,1020.0,993.0,99293.0,
069410,2555.0,37000000.0,2510.0,2595.0,2510.0,14617.0,
013720,2150.0,37000000.0,2080.0,2150.0,2080.0,17470.0,
363260,4055.0,9000000.0,4030.0,4150.0,4000.0,2332.0,
290520,1656.0,13000000.0,1591.0,1689.0,1591.0,7626.0,
458350,3000.0,36000000.0,3100.0,3100.0,2985.0,11924.0,
096630,1629.0,28000000.0,1661.0,1661.0,1616.0,17178.0,
123840,1660.0,12000000.0,1966.0,1966.0,1654.0,6903.0,
146060,1072.0,18000000.0,1085.0,1085.0,1055.0,16526.0,
238490,2275.0,14000000.0,2345.0,2350.0,2275.0,6216.0,
105550,1643.0,18000000.0,1652.0,1664.0,1642.0,10656.0,
033050,806.0,5000000.0,812.0,812.0,803.0,6659.0,
134060,5380.0,28000000.0,5570.0,5570.0,5270.0,5082.0,
060380,1298.0,6000000.0,1333.0,1333.0,1298.0,4528.0,
103840,1560.0,49000000.0,1590.0,1599.0,1548.0,31192.0,
079000,3545.0,19000000.0,3570.0,3585.0,3510.0,5472.0,
052300,1567.0,51000000.0,1573.0,1586.0,1552.0,32396.0,
032860,3150.0,84000000.0,3045.0,3195.0,3045.0,26762.0,
057680,1611.0,48000000.0,1680.0,1729.0,1611.0,28840.0,
072770,612.0,0.0,0.0,0.0,0.0,0.0,
900310,1983.0,5000000.0,2005.0,2035.0,1980.0,2450.0,
206400,676.0,120000000.0,711.0,742.0,666.0,170652.0,
054090,1008.0,85000000.0,1016.0,1016.0,981.0,84566.0,
378800,2720.0,95000000.0,2685.0,2780.0,2675.0,34863.0,
415380,2195.0,32000000.0,2140.0,2200.0,2130.0,14483.0,
148780,3990.0,110000000.0,4075.0,4075.0,3915.0,27684.0,
090150,5990.0,19000000.0,6010.0,6010.0,5900.0,3257.0,
138070,1431.0,5000000.0,1455.0,1484.0,1430.0,3570.0,
096690,6200.0,18000000.0,6600.0,6600.0,6120.0,2852.0,
328380,3635.0,40000000.0,3700.0,3875.0,3620.0,10964.0,
322780,1635.0,36000000.0,1617.0,1682.0,1586.0,22447.0,
115530,2890.0,66000000.0,2875.0,3000.0,2780.0,22683.0,
083660,1422.0,34000000.0,1425.0,1429.0,1390.0,23797.0,
001810,1118.0,21000000.0,1100.0,1127.0,1099.0,18592.0,
021880,1163.0,10000000.0,1166.0,1178.0,1153.0,8246.0,
368600,956.0,0.0,0.0,0.0,0.0,0.0,
016100,1289.0,10000000.0,1270.0,1325.0,1261.0,8037.0,
317120,1606.0,172000000.0,1544.0,1621.0,1495.0,109761.0,
115160,5680.0,42000000.0,5440.0,5910.0,5440.0,7349.0,
177830,2155.0,27000000.0,2180.0,2180.0,2080.0,12760.0,
318000,2790.0,22000000.0,2695.0,2800.0,2695.0,8172.0,
053290,1475.0,18000000.0,1493.0,1530.0,1449.0,12422.0,
131180,4150.0,20000000.0,4165.0,4205.0,4055.0,4856.0,
193250,1821.0,71000000.0,1997.0,1997.0,1795.0,38023.0,
044780,1311.0,15000000.0,1350.0,1350.0,1309.0,11329.0,
389680,2890.0,167000000.0,2900.0,2960.0,2820.0,58209.0,
464500,1718.0,43000000.0,1770.0,1798.0,1703.0,25280.0,
123750,1733.0,13000000.0,1730.0,1750.0,1723.0,7527.0,
083640,5210.0,17000000.0,5240.0,5240.0,5130.0,3251.0,
101680,2840.0,17000000.0,2935.0,2935.0,2770.0,6057.0,
267790,3095.0,8000000.0,3110.0,3110.0,3000.0,2717.0,
219750,1809.0,24000000.0,1750.0,1840.0,1750.0,13483.0,
301300,1796.0,97000000.0,1735.0,1890.0,1689.0,54720.0,
023770,2635.0,32000000.0,2700.0,2730.0,2615.0,12136.0,
070300,661.0,6458000000.0,598.0,747.0,587.0,9308366.0,
208350,2895.0,42000000.0,3000.0,3020.0,2865.0,14168.0,
039740,2920.0,35000000.0,2960.0,2965.0,2860.0,11919.0,
065370,3170.0,47000000.0,3040.0,3170.0,3020.0,15150.0,
065690,1937.0,32000000.0,1900.0,1940.0,1900.0,16575.0,
035200,2520.0,28000000.0,2530.0,2550.0,2515.0,11002.0,
405920,1804.0,28000000.0,1944.0,1944.0,1804.0,15283.0,
020400,2560.0,19000000.0,2605.0,2605.0,2550.0,7379.0,
206560,912.0,34000000.0,894.0,929.0,889.0,37153.0,
429270,3220.0,874000000.0,3565.0,3565.0,3205.0,260581.0,
051380,1503.0,10000000.0,1490.0,1513.0,1490.0,6881.0,
187220,1999.0,35000000.0,2005.0,2040.0,1971.0,17541.0,
032680,999.0,25000000.0,995.0,1015.0,989.0,25022.0,
417180,4010.0,7000000.0,4085.0,4085.0,3985.0,1651.0,
036480,6030.0,23000000.0,5900.0,6090.0,5880.0,3846.0,
131100,3550.0,114000000.0,3405.0,3560.0,3355.0,32594.0,
076080,1013.0,40000000.0,1039.0,1052.0,1000.0,38816.0,
188040,4875.0,30000000.0,4865.0,5000.0,4785.0,6155.0,
377330,2795.0,2000000.0,2850.0,2850.0,2745.0,545.0,
027580,1921.0,19000000.0,1979.0,1979.0,1918.0,9893.0,
115610,1923.0,568000000.0,1929.0,2095.0,1862.0,286807.0,
200230,2395.0,53000000.0,2285.0,2400.0,2285.0,22363.0,
257370,1811.0,41000000.0,1967.0,1969.0,1800.0,22151.0,
032800,1496.0,3000000.0,1519.0,1519.0,1482.0,1931.0,
054940,3400.0,85000000.0,3505.0,3505.0,3370.0,24836.0,
018680,1934.0,11000000.0,1928.0,1951.0,1928.0,5627.0,
237750,3465.0,26000000.0,3495.0,3570.0,3455.0,7335.0,
298060,2335.0,11000000.0,2380.0,2385.0,2310.0,4662.0,
432980,2610.0,15000000.0,2610.0,2700.0,2610.0,5663.0,
033200,2435.0,3000000.0,2435.0,2470.0,2400.0,1314.0,
154040,10340.0,24000000.0,10080.0,10390.0,10010.0,2355.0,
013810,1524.0,27000000.0,1540.0,1560.0,1511.0,17504.0,
192390,1865.0,17000000.0,1927.0,1927.0,1828.0,8985.0,
238200,2725.0,5000000.0,2630.0,2750.0,2625.0,1956.0,
215480,2070.0,50000000.0,2075.0,2085.0,1992.0,24787.0,
017250,1056.0,9000000.0,1074.0,1074.0,1050.0,8881.0,
424760,2200.0,59000000.0,2335.0,2350.0,2195.0,26852.0,
007720,1102.0,20000000.0,1123.0,1123.0,1085.0,17620.0,
352940,2040.0,10000000.0,2120.0,2120.0,1981.0,4911.0,
303530,3020.0,17000000.0,3055.0,3100.0,2955.0,5645.0,
361670,3900.0,16000000.0,3920.0,3960.0,3845.0,4097.0,
043590,1625.0,99000000.0,1711.0,1711.0,1488.0,63046.0,
222980,1990.0,21000000.0,2095.0,2095.0,1988.0,10246.0,
098660,1743.0,9000000.0,1705.0,1750.0,1700.0,5476.0,
039310,1199.0,41000000.0,1165.0,1234.0,1150.0,35131.0,
053060,1230.0,46000000.0,1234.0,1238.0,1228.0,37030.0,
032080,1010.0,0.0,0.0,0.0,0.0,0.0,
115570,2700.0,13000000.0,2665.0,2725.0,2660.0,4682.0,
018700,1288.0,10000000.0,1291.0,1291.0,1266.0,7741.0,
331520,2195.0,22000000.0,2215.0,2290.0,2185.0,10065.0,
032280,1321.0,5000000.0,1334.0,1334.0,1306.0,3856.0,
054220,1700.0,61000000.0,1723.0,1723.0,1670.0,35952.0,
347770,943.0,64000000.0,901.0,969.0,891.0,68207.0,
095910,583.0,0.0,0.0,0.0,0.0,0.0,
083470,994.0,224000000.0,978.0,996.0,918.0,230765.0,
277410,5520.0,24000000.0,5700.0,5700.0,5500.0,4315.0,
340440,3735.0,255000000.0,4095.0,4100.0,3595.0,67463.0,
045520,3255.0,25000000.0,3335.0,3335.0,3210.0,7677.0,
342870,3850.0,32000000.0,3695.0,4090.0,3695.0,8282.0,
044480,3145.0,31000000.0,3135.0,3325.0,3090.0,9836.0,
067730,2155.0,20000000.0,2225.0,2225.0,2155.0,8978.0,
241840,2180.0,30000000.0,2165.0,2230.0,2165.0,13703.0,
440320,2075.0,65000000.0,2075.0,2160.0,2005.0,31048.0,
043360,2300.0,9000000.0,2350.0,2350.0,2230.0,4008.0,
024940,2065.0,53000000.0,2105.0,2110.0,2040.0,25676.0,
362990,1229.0,34000000.0,1203.0,1230.0,1185.0,27854.0,
023790,1573.0,349000000.0,1614.0,1626.0,1542.0,223274.0,
353190,2610.0,10000000.0,2610.0,2612.0,2570.0,3973.0,
274400,2260.0,111000000.0,2220.0,2475.0,2220.0,48036.0,
079950,1487.0,51000000.0,1500.0,1500.0,1448.0,34775.0,
113810,3140.0,123000000.0,3420.0,3420.0,3130.0,38513.0,
130740,1817.0,13000000.0,1844.0,1852.0,1805.0,7026.0,
372800,2905.0,88000000.0,2910.0,3060.0,2900.0,30137.0,
065060,3400.0,107000000.0,3390.0,3450.0,3160.0,31718.0,
247660,3890.0,836000000.0,3830.0,4095.0,3700.0,217463.0,
252500,2450.0,88000000.0,2285.0,2470.0,2240.0,37351.0,
275630,3860.0,8000000.0,3995.0,3995.0,3765.0,2003.0,
069330,1193.0,32000000.0,1171.0,1228.0,1149.0,27048.0,
438700,1808.0,31000000.0,1839.0,1857.0,1808.0,17117.0,
276730,853.0,24000000.0,865.0,865.0,829.0,28543.0,
405000,3745.0,34000000.0,3850.0,3880.0,3715.0,9083.0,
289220,901.0,125000000.0,943.0,978.0,901.0,135785.0,
065150,1261.0,114000000.0,1276.0,1286.0,1240.0,90630.0,
038530,3880.0,20000000.0,3930.0,3930.0,3745.0,5267.0,
088290,2515.0,10000000.0,2515.0,2580.0,2500.0,4092.0,
063760,2150.0,113000000.0,2170.0,2190.0,2145.0,52323.0,
096870,2400.0,155000000.0,2485.0,2485.0,2400.0,63982.0,
056730,1350.0,177000000.0,1224.0,1358.0,1212.0,135433.0,
353590,1552.0,13000000.0,1557.0,1568.0,1521.0,8494.0,
019660,1430.0,32000000.0,1436.0,1479.0,1393.0,22782.0,
021040,917.0,17000000.0,947.0,947.0,917.0,17877.0,
050760,1209.0,107000000.0,1224.0,1231.0,1188.0,87615.0,
080470,2705.0,60000000.0,2670.0,2887.0,2670.0,21863.0,
085810,1393.0,10000000.0,1412.0,1420.0,1391.0,6794.0,
154030,1620.0,11000000.0,1609.0,1650.0,1609.0,7057.0,
344860,1298.0,24000000.0,1284.0,1301.0,1283.0,18943.0,
073190,1622.0,0.0,0.0,0.0,0.0,0.0,
048830,1029.0,51000000.0,1045.0,1045.0,1004.0,49713.0,
227610,994.0,17000000.0,1030.0,1030.0,975.0,17330.0,
214610,2290.0,0.0,0.0,0.0,0.0,0.0,
084440,5010.0,33000000.0,4985.0,5220.0,4985.0,6590.0,
455180,1291.0,19000000.0,1290.0,1299.0,1273.0,15020.0,
403490,2055.0,28000000.0,2095.0,2095.0,2035.0,13639.0,
031860,6930.0,0.0,0.0,0.0,0.0,0.0,
018620,2695.0,20000000.0,2665.0,2765.0,2655.0,7547.0,
110020,2055.0,17000000.0,2010.0,2100.0,2005.0,8366.0,
026910,2330.0,441000000.0,2395.0,2440.0,2225.0,189349.0,
365900,2515.0,14000000.0,2495.0,2530.0,2475.0,5441.0,
196700,1277.0,23000000.0,1273.0,1287.0,1266.0,18153.0,
051780,2410.0,79000000.0,2490.0,2490.0,2385.0,32962.0,
014100,1550.0,87000000.0,1535.0,1575.0,1514.0,56962.0,
137940,1853.0,110000000.0,1854.0,1924.0,1823.0,58970.0,
078860,2930.0,40000000.0,2840.0,3000.0,2805.0,13749.0,
309930,939.0,51000000.0,944.0,954.0,924.0,53785.0,
195990,1100.0,8000000.0,1126.0,1126.0,1100.0,6782.0,
373110,1035.0,64000000.0,1047.0,1068.0,1034.0,61427.0,
279600,3780.0,5000000.0,3975.0,3975.0,3700.0,1228.0,
210120,1806.0,190000000.0,1769.0,1872.0,1725.0,104605.0,
037400,3335.0,32000000.0,3330.0,3365.0,3285.0,9578.0,
224060,3365.0,2781000000.0,3320.0,3700.0,3190.0,805387.0,
0197V0,1917.0,126000000.0,1917.0,1919.0,1911.0,65873.0,
418620,555.0,1143000000.0,450.0,555.0,439.0,2293614.0,
419540,2850.0,103000000.0,2805.0,2885.0,2775.0,36517.0,
482680,2055.0,0.0,0.0,0.0,0.0,0.0,
477380,2080.0,20000000.0,2080.0,2080.0,2075.0,9558.0,
241820,6040.0,0.0,0.0,0.0,0.0,0.0,
0200G0,1907.0,259000000.0,1909.0,1918.0,1905.0,135632.0,
034940,2675.0,266000000.0,2540.0,2785.0,2540.0,99843.0,
306040,1767.0,289000000.0,1816.0,1878.0,1740.0,162150.0,
050090,696.0,0.0,0.0,0.0,0.0,0.0,
469480,3840.0,909000000.0,3610.0,3850.0,3565.0,245309.0,
009620,4635.0,122000000.0,4740.0,4850.0,4600.0,25803.0,
065650,1474.0,64000000.0,1373.0,1474.0,1361.0,44789.0,
475460,2855.0,103000000.0,2955.0,2990.0,2855.0,35247.0,
009730,1993.0,93000000.0,1975.0,2000.0,1942.0,47472.0,
101000,1586.0,129000000.0,1518.0,1646.0,1420.0,82459.0,
0072Z0,1978.0,10000000.0,1982.0,1985.0,1978.0,5254.0,
477340,2065.0,4000000.0,2065.0,2070.0,2065.0,1810.0,
0101C0,1987.0,28000000.0,1996.0,1996.0,1977.0,14007.0,
285800,4275.0,69000000.0,4360.0,4400.0,4240.0,16050.0,
0130H0,1995.0,2000000.0,1995.0,1995.0,1989.0,1115.0,
376930,1487.0,51000000.0,1429.0,1497.0,1424.0,34912.0,
030350,973.0,0.0,0.0,0.0,0.0,0.0,
0044K0,1993.0,2000000.0,1997.0,1997.0,1990.0,1063.0,
225590,2915.0,20000000.0,2885.0,2935.0,2860.0,6968.0,
473050,2110.0,94000000.0,2105.0,2110.0,2105.0,44641.0,
0115H0,1996.0,10000000.0,1995.0,1999.0,1993.0,5245.0,
489480,2200.0,0.0,0.0,0.0,0.0,0.0,
054410,2505.0,130000000.0,2625.0,2625.0,2370.0,52278.0,
478440,2067.0,1000000.0,2065.0,2070.0,2065.0,248.0,
479880,2070.0,7000000.0,2065.0,2070.0,2065.0,3244.0,
0165X0,1940.0,20000000.0,1934.0,1943.0,1933.0,10516.0,
0099W0,1982.0,1000000.0,1984.0,1984.0,1980.0,545.0,
498390,2795.0,393000000.0,2775.0,2820.0,2735.0,141006.0,
0209J0,1905.0,197000000.0,1905.0,1908.0,1901.0,103343.0,
304840,561.0,0.0,0.0,0.0,0.0,0.0,
352770,5250.0,0.0,0.0,0.0,0.0,0.0,
244460,1651.0,0.0,0.0,0.0,0.0,0.0,
177350,1350.0,66000000.0,1341.0,1405.0,1328.0,48357.0,
0134X0,1985.0,18000000.0,1981.0,1985.0,1980.0,8988.0,
0099X0,2215.0,112000000.0,2225.0,2240.0,2190.0,50867.0,
0164H0,1953.0,12000000.0,1952.0,1955.0,1945.0,6225.0,
481890,2070.0,4000000.0,2070.0,2070.0,2060.0,2014.0,
239340,2425.0,28000000.0,2375.0,2495.0,2335.0,11612.0,
0096B0,1982.0,8000000.0,1989.0,1989.0,1981.0,3851.0,
489730,2045.0,13000000.0,2040.0,2045.0,2035.0,6489.0,
0097F0,1990.0,7000000.0,1985.0,1991.0,1979.0,3422.0,
478390,2065.0,24000000.0,2070.0,2075.0,2065.0,11409.0,
092600,2560.0,122000000.0,2775.0,2775.0,2450.0,48397.0,
335870,3810.0,21000000.0,4085.0,4085.0,3800.0,5269.0,
0093G0,1988.0,24000000.0,1987.0,1993.0,1987.0,11919.0,
054180,2295.0,0.0,0.0,0.0,0.0,0.0,
492220,2035.0,13000000.0,2035.0,2035.0,2025.0,6604.0,
0037T0,1993.0,11000000.0,1997.0,1997.0,1987.0,5523.0,
482520,2065.0,0.0,0.0,0.0,0.0,0.0,
028080,5170.0,0.0,0.0,0.0,0.0,0.0,
0091W0,2050.0,0.0,2040.0,2050.0,2040.0,185.0,
0131D0,1970.0,32000000.0,1962.0,1976.0,1962.0,16167.0,
0054V0,1997.0,9000000.0,1999.0,2005.0,1997.0,4634.0,
060480,1117.0,440000000.0,1104.0,1243.0,955.0,409284.0,
065570,764.0,0.0,0.0,0.0,0.0,0.0,
477760,2070.0,4000000.0,2085.0,2085.0,2067.0,1758.0,
0041L0,2000.0,100000000.0,1999.0,2000.0,1999.0,49790.0,
0088D0,2075.0,0.0,2080.0,2080.0,2055.0,174.0,
0132G0,1995.0,0.0,1997.0,1997.0,1991.0,57.0,
469900,2095.0,596000000.0,2100.0,2100.0,2095.0,284208.0,
482690,2085.0,0.0,2085.0,2085.0,2085.0,60.0,
474660,2090.0,178000000.0,2090.0,2095.0,2090.0,85306.0,
060900,1763.0,547000000.0,1730.0,1870.0,1639.0,312183.0,
0071M0,1997.0,15000000.0,1998.0,2000.0,1997.0,7544.0,
487360,2035.0,1000000.0,2020.0,2035.0,2020.0,305.0,
474490,2080.0,9000000.0,2080.0,2085.0,2080.0,4225.0,
0105P0,2005.0,1000000.0,1998.0,2005.0,1997.0,253.0,
477470,2070.0,5000000.0,2060.0,2070.0,2060.0,2203.0,
354200,704.0,403000000.0,708.0,777.0,698.0,554357.0,
496070,2005.0,23000000.0,2010.0,2010.0,1998.0,11710.0,
131760,1285.0,90000000.0,1284.0,1322.0,1258.0,70134.0,
035620,599.0,95000000.0,603.0,622.0,564.0,160651.0,
060260,835.0,99000000.0,792.0,855.0,777.0,121873.0,
0129K0,1979.0,2000000.0,1987.0,1987.0,1970.0,830.0,
103230,1535.0,77000000.0,1473.0,1580.0,1440.0,51456.0,
377220,1950.0,66000000.0,1910.0,2050.0,1909.0,33473.0,
486630,2055.0,74000000.0,2050.0,2055.0,2045.0,36145.0,
0096D0,1983.0,2000000.0,1984.0,1993.0,1981.0,762.0,
0098T0,2005.0,21000000.0,2010.0,2010.0,2000.0,10374.0,
493790,2020.0,4000000.0,2025.0,2025.0,2020.0,1916.0,
489210,2060.0,11000000.0,2045.0,2060.0,2040.0,5286.0,
0004Y0,2000.0,36000000.0,2000.0,2010.0,2000.0,18031.0,
289010,762.0,113000000.0,789.0,800.0,711.0,149774.0,
0130D0,1964.0,9000000.0,1970.0,1977.0,1963.0,4344.0,
043100,520.0,0.0,0.0,0.0,0.0,0.0,
478110,2062.0,1000000.0,2060.0,2065.0,2060.0,685.0,
466690,2015.0,23000000.0,2015.0,2020.0,2005.0,11473.0,
303030,1115.0,29000000.0,1091.0,1210.0,1089.0,25283.0,
305090,538.0,0.0,0.0,0.0,0.0,0.0,
0041B0,2007.0,1000000.0,2015.0,2015.0,2005.0,737.0,
142760,476.0,68000000.0,477.0,487.0,467.0,143793.0,
488060,2050.0,10000000.0,2045.0,2050.0,2045.0,4698.0,
006050,2750.0,88000000.0,2950.0,2950.0,2750.0,31556.0,
106080,1650.0,0.0,0.0,0.0,0.0,0.0,
208640,666.0,121000000.0,735.0,735.0,650.0,179459.0,
065770,881.0,143000000.0,944.0,944.0,850.0,162758.0,
484130,2040.0,0.0,2035.0,2045.0,2035.0,191.0,
473950,2060.0,0.0,2055.0,2060.0,2055.0,148.0,
487720,2135.0,57000000.0,2070.0,2160.0,2070.0,26957.0,
487830,2040.0,6000000.0,2040.0,2040.0,2035.0,3083.0,
468760,2080.0,0.0,0.0,0.0,0.0,0.0,
472230,2110.0,101000000.0,2105.0,2110.0,2105.0,47756.0,
067770,1031.0,0.0,0.0,0.0,0.0,0.0,
0068Y0,1992.0,4000000.0,1990.0,1992.0,1990.0,2005.0,
001000,1729.0,28000000.0,1784.0,1784.0,1680.0,16051.0,
012340,374.0,191000000.0,393.0,400.0,370.0,506958.0,
0041J0,1993.0,3000000.0,1991.0,1998.0,1991.0,1689.0,
03481K,5860.0,0.0,5800.0,5860.0,5790.0,33.0,
087260,247.0,0.0,0.0,0.0,0.0,0.0,
475250,2090.0,2000000.0,2090.0,2095.0,2090.0,1008.0,
079970,596.0,0.0,0.0,0.0,0.0,0.0,
474930,2090.0,25000000.0,2090.0,2090.0,2085.0,11917.0,
240600,900.0,66000000.0,882.0,948.0,882.0,72161.0,
288980,203.0,127000000.0,211.0,212.0,202.0,615535.0,
065420,940.0,0.0,0.0,0.0,0.0,0.0,
276040,327.0,0.0,0.0,0.0,0.0,0.0,
473000,2080.0,1000000.0,2080.0,2085.0,2080.0,313.0,
475240,2095.0,77000000.0,2090.0,2095.0,2090.0,36889.0,
308100,251.0,78000000.0,260.0,261.0,247.0,305190.0,
250930,893.0,146000000.0,893.0,893.0,893.0,164045.0,
900100,1096.0,0.0,0.0,0.0,0.0,0.0,
291810,409.0,0.0,0.0,0.0,0.0,0.0,
044180,205.0,0.0,0.0,0.0,0.0,0.0,
313760,468.0,0.0,0.0,0.0,0.0,0.0,
052770,312.0,0.0,0.0,0.0,0.0,0.0,
225430,698.0,0.0,0.0,0.0,0.0,0.0,
025870,1059.0,0.0,0.0,0.0,0.0,0.0,
199730,695.0,372000000.0,608.0,798.0,608.0,503314.0,
058450,599.0,147000000.0,570.0,670.0,561.0,242638.0,
011080,430.0,79000000.0,404.0,447.0,404.0,183674.0,
035290,384.0,0.0,0.0,0.0,0.0,0.0,
021045,2000.0,4000000.0,2005.0,2005.0,1958.0,2056.0,
312610,37.0,0.0,0.0,0.0,0.0,0.0,
032685,6230.0,52000000.0,6440.0,6890.0,6230.0,7881.0,
