종목코드,현재가,거래대금,시가,고가,저가,거래량,NXT거래대금
005930,276000.0,3066483000000.0,273500.0,277000.0,271500.0,11135011.0,1233795000000.0
000660,1841000.0,3568592000000.0,1830000.0,1855000.0,1825000.0,1938754.0,1261977000000.0
005935,201000.0,477866000000.0,200500.0,204500.0,199500.0,2381646.0,
402340,1160000.0,388967000000.0,1151000.0,1164000.0,1142000.0,337423.0,141895000000.0
009150,1581000.0,724183000000.0,1545000.0,1582000.0,1532000.0,463166.0,464689999999.99994
373220,371000.0,75475000000.0,360500.0,372000.0,357500.0,205928.0,26477999999.999996
005380,346500.0,151993000000.0,346500.0,348000.0,343500.0,440216.0,64735000000.0
207940,1354000.0,67876000000.0,1428000.0,1429000.0,1350000.0,49665.0,18414000000.0
105560,167400.0,93019000000.0,167000.0,170100.0,166400.0,556080.0,13963000000.0
032830,289000.0,51672000000.0,283000.0,289000.0,281000.0,181002.0,7815000000.000001
028260,346000.0,74681000000.0,342500.0,347000.0,338000.0,217375.0,15052000000.000002
012450,1072000.0,108102000000.0,1038000.0,1079000.0,1025000.0,102284.0,31687000000.0
034020,81100.0,140979000000.0,82100.0,82300.0,80400.0,1739088.0,120011999999.99998
055550,104800.0,74540000000.0,103700.0,105300.0,103700.0,712680.0,8984000000.0
329180,426000.0,87403000000.0,429500.0,431500.0,420500.0,205653.0,25648000000.0
000270,112900.0,86406000000.0,111800.0,113000.0,110600.0,770187.0,16316999999.999998
006400,529000.0,119561000000.0,512000.0,530000.0,508000.0,227950.0,97013000000.0
068270,182600.0,53853000000.0,183000.0,183750.0,180600.0,295810.0,16402000000.000002
034730,584000.0,49240000000.0,585000.0,585000.0,567000.0,85495.0,12806000000.0
066570,216000.0,82404000000.0,211500.0,216500.0,208500.0,386348.0,73903000000.0
086790,129100.0,50458000000.0,128800.0,130000.0,127200.0,391772.0,5224000000.0
012330,383500.0,59923000000.0,379000.0,384500.0,375000.0,157075.0,31358999999.999996
010120,209500.0,58133000000.0,208500.0,210500.0,205500.0,279069.0,67580999999.99999
035420,192200.0,79896000000.0,192800.0,193100.0,191000.0,416570.0,48240000000.0
000810,626000.0,25622000000.0,628000.0,631000.0,619000.0,41029.0,2494000000.0
096770,154000.0,171987000000.0,142100.0,154700.0,140700.0,1152533.0,108059999999.99998
298040,2785000.0,65861000000.0,2802000.0,2810000.0,2765000.0,23691.0,27474000000.0
042700,272000.0,174288000000.0,274500.0,281000.0,267500.0,634134.0,250373000000.0
069500,112060.0,2743361000000.0,,,,,
316140,33500.0,97235000000.0,33350.0,33750.0,33050.0,2901988.0,16988000000.0
005490,311000.0,50350000000.0,306500.0,311500.0,304500.0,162956.0,25551000000.0
267260,678000.0,69181000000.0,664000.0,679000.0,659000.0,103147.0,20069000000.0
042660,78800.0,40268000000.0,78600.0,78800.0,77800.0,514790.0,30593000000.0
009540,326000.0,31050000000.0,324500.0,326500.0,317000.0,95987.0,5466000000.0
010130,1080000.0,9711000000.0,1069000.0,1087000.0,1066000.0,8997.0,5350000000.0
000150,1341000.0,197043000000.0,1384000.0,1384000.0,1286000.0,149738.0,82445000000.0
138040,128800.0,11997000000.0,127800.0,129900.0,127200.0,93430.0,1065000000.0
360750,25780.0,924930000000.0,,,,,
011200,21500.0,16095000000.0,21100.0,21550.0,21100.0,754080.0,8441000000.0
015760,30050.0,18671000000.0,30200.0,30250.0,29800.0,624005.0,13069999999.999998
017670,88400.0,49704000000.0,88200.0,89600.0,87500.0,562191.0,41448000000.0
010950,166200.0,73330000000.0,153900.0,166800.0,153500.0,451419.0,41224000000.0
051910,262500.0,33129000000.0,255500.0,263000.0,252500.0,127597.0,7681000000.0
033780,176900.0,25507000000.0,175200.0,176900.0,174300.0,144835.0,2426000000.0
010140,19960.0,36097000000.0,19760.0,19980.0,19640.0,1821057.0,24431000000.0
006800,31650.0,19682000000.0,31750.0,31750.0,31050.0,626641.0,9364000000.0
018260,219500.0,23279000000.0,221000.0,221500.0,215500.0,106757.0,13724000000.0
003550,111100.0,11127000000.0,110500.0,111100.0,108800.0,101063.0,2105000000.0
079550,762000.0,69476000000.0,724000.0,765000.0,717000.0,92580.0,32291000000.000004
003670,186900.0,41387000000.0,182400.0,188500.0,180900.0,223210.0,21383000000.0
024110,20200.0,11576000000.0,20200.0,20350.0,20150.0,572309.0,1830999999.9999998
267250,201000.0,29347000000.0,198700.0,201500.0,198000.0,147152.0,4862000000.0
272210,82900.0,74199000000.0,78000.0,83000.0,77100.0,918274.0,35143000000.0
086280,201500.0,17820000000.0,198400.0,201500.0,196700.0,89246.0,4651000000.0
035720,33450.0,36455000000.0,33550.0,33600.0,33050.0,1096997.0,
278470,366000.0,63267000000.0,370500.0,376000.0,363500.0,172196.0,26097000000.000004
011070,574000.0,85486000000.0,580000.0,580000.0,560000.0,150429.0,49074000000.0
030200,51900.0,7903000000.0,51700.0,52200.0,51600.0,152439.0,1723000000.0
047810,133500.0,32905000000.0,127300.0,133500.0,126800.0,250571.0,14133000000.000002
000720,114400.0,77208000000.0,116100.0,116200.0,113000.0,675651.0,40758000000.0
064350,116500.0,49273000000.0,112600.0,116500.0,112300.0,428160.0,14869000000.0
133690,183055.0,1021176000000.0,,,,,
005830,182800.0,16904000000.0,184400.0,184500.0,179600.0,93284.0,1104000000.0
003490,30600.0,52883000000.0,30900.0,31150.0,30250.0,1733926.0,
396500,39900.0,264723000000.0,,,,,
307950,382500.0,12756000000.0,379000.0,385500.0,374000.0,33519.0,9667000000.0
102110,112235.0,1435516000000.0,,,,,
443060,233500.0,14325000000.0,236500.0,238500.0,231000.0,61449.0,1994000000.0000002
379800,23430.0,762505000000.0,,,,,
071050,181200.0,24384000000.0,179400.0,181200.0,176100.0,135962.0,4420000000.0
047050,56600.0,22643000000.0,55800.0,57300.0,55500.0,400077.0,15800000000.0
005940,26950.0,8935000000.0,26700.0,26950.0,26350.0,335164.0,1142000000.0
379810,27385.0,805578000000.0,,,,,
078930,106400.0,40160000000.0,103700.0,107000.0,103300.0,381834.0,10394000000.0
488770,105725.0,64211000000.0,,,,,
000500,329000.0,61098000000.0,326500.0,334000.0,317000.0,187241.0,90429000000.0
323410,19700.0,12051000000.0,19810.0,19830.0,19610.0,612275.0,2986000000.0
028050,47750.0,47841000000.0,47500.0,47950.0,47150.0,1006600.0,
006260,298500.0,30930000000.0,297500.0,300500.0,293000.0,104265.0,21231000000.0
259960,199100.0,13114000000.0,200000.0,200000.0,195800.0,66398.0,2039999999.9999998
003230,1211000.0,28550000000.0,1233000.0,1245000.0,1205000.0,23475.0,10962000000.0
0126Z0,365000.0,9092000000.0,367500.0,380000.0,364000.0,24477.0,7137000000.0
007660,121200.0,54323000000.0,122800.0,123700.0,119000.0,447461.0,50453000000.0
180640,132300.0,6829000000.0,133100.0,133200.0,129500.0,52178.0,2028000000.0
009830,36100.0,186958000000.0,34250.0,36400.0,33700.0,5237956.0,
016360,90400.0,15574000000.0,90100.0,91000.0,89100.0,172985.0,4738000000.0
278530,40585.0,18331000000.0,,,,,
090430,132700.0,25049000000.0,136000.0,136800.0,129300.0,189997.0,6175000000.0
161390,59900.0,7488000000.0,58800.0,60100.0,58200.0,125651.0,1335000000.0
353200,147800.0,154996000000.0,149400.0,154200.0,143500.0,1044944.0,
047040,17610.0,50635000000.0,17760.0,17760.0,17450.0,2878932.0,
021240,101600.0,10758000000.0,99200.0,102300.0,98400.0,106380.0,821000000.0000001
459580,1073765.0,1152897000000.0,,,,,
064400,71900.0,23084000000.0,70200.0,71900.0,69500.0,324920.0,
062040,227000.0,92828000000.0,217500.0,227000.0,211500.0,418353.0,84494000000.0
000880,128900.0,8982000000.0,124500.0,129500.0,123400.0,70675.0,2064000000.0
039490,259500.0,15080000000.0,262000.0,262000.0,254500.0,58634.0,2266000000.0
352820,155300.0,21983000000.0,157200.0,157600.0,153300.0,142143.0,10755000000.0
128940,506000.0,27162000000.0,501000.0,507000.0,492500.0,54265.0,15594000000.0
091160,148780.0,318847000000.0,,,,,
032640,14550.0,5413000000.0,14460.0,14630.0,14450.0,372610.0,765000000.0
001440,31500.0,102264000000.0,30500.0,31800.0,30050.0,3290629.0,
381180,45260.0,71051000000.0,,,,,
000990,140800.0,43590000000.0,142000.0,144500.0,139100.0,308078.0,43142000000.0
498400,20855.0,99747000000.0,,,,,
005387,175000.0,13762000000.0,176600.0,176700.0,174200.0,78723.0,
0167A0,19385.0,188180000000.0,,,,,
326030,75800.0,4608000000.0,76700.0,76800.0,75100.0,60996.0,1869000000.0000002
122630,114395.0,1570462000000.0,,,,,
267270,117900.0,39919000000.0,118700.0,118900.0,116000.0,340890.0,11402000000.0
000100,74100.0,8701000000.0,75200.0,75200.0,73300.0,117908.0,4593000000.0
377300,40150.0,3765000000.0,40200.0,40450.0,39700.0,94021.0,2801000000.0
175330,29000.0,7702000000.0,28350.0,29200.0,28350.0,266921.0,1231000000.0
241560,55200.0,4485000000.0,54900.0,55400.0,54500.0,81636.0,877999999.9999999
011790,106500.0,66927000000.0,104100.0,113800.0,103500.0,618862.0,37622000000.0
036570,241000.0,44576000000.0,232000.0,242500.0,229000.0,186638.0,13502000000.000002
229200,15180.0,407965000000.0,,,,,
138930,15940.0,8181000000.0,15860.0,16180.0,15790.0,511301.0,942000000.0
029780,41950.0,1763000000.0,41850.0,42000.0,41600.0,42174.0,470000000.0
052690,127100.0,28867000000.0,125300.0,128400.0,124200.0,228734.0,29572000000.000004
454910,73100.0,24679000000.0,71500.0,73400.0,70700.0,339647.0,
088980,9790.0,4001000000.0,9750.0,9830.0,9750.0,408337.0,
310970,50130.0,629000000.0,,,,,
066970,113900.0,39442000000.0,111900.0,115800.0,110100.0,348531.0,32686000000.0
088350,5330.0,10360000000.0,5270.0,5330.0,5190.0,1971723.0,
148020,112965.0,69980000000.0,,,,,
010060,236500.0,88278000000.0,222000.0,239500.0,219500.0,377708.0,70538000000.0
034220,8570.0,17623000000.0,8510.0,8640.0,8480.0,2064047.0,
395160,43220.0,125800000000.0,,,,,
0162Z0,13940.0,51825000000.0,,,,,
458730,14055.0,22598000000.0,,,,,
271560,105300.0,10979000000.0,105900.0,107500.0,104550.0,104463.0,965000000.0
103590,86200.0,54719000000.0,88500.0,88500.0,85100.0,632694.0,116656000000.0
001450,47750.0,13872000000.0,47250.0,47850.0,46500.0,293814.0,1406000000.0
051900,271000.0,14935000000.0,273000.0,274000.0,263500.0,55968.0,3946000000.0
002380,472000.0,4814000000.0,472000.0,473000.0,465000.0,10278.0,816000000.0
082740,48600.0,17379000000.0,48750.0,49350.0,48000.0,357917.0,11645000000.0
005385,175400.0,5366000000.0,175700.0,175700.0,173000.0,30757.0,
004020,30000.0,13513000000.0,30100.0,30350.0,29700.0,451951.0,5653000000.0
360200,26055.0,19071000000.0,,,,,
357870,58165.0,8740000000.0,,,,,
018880,3830.0,68127000000.0,3650.0,3867.0,3610.0,17925988.0,
381170,31325.0,39158000000.0,,,,,
001040,131500.0,6287000000.0,131700.0,132000.0,130000.0,47969.0,948000000.0
395270,61600.0,63259000000.0,,,,,
411060,25515.0,13715000000.0,,,,,
008930,55300.0,8609000000.0,52600.0,55700.0,51000.0,158543.0,4587000000.0
233740,8035.0,539048000000.0,,,,,
367380,31500.0,11660000000.0,,,,,
273130,110440.0,2090000000.0,,,,,
423160,110715.0,18111000000.0,,,,,
102780,26730.0,5691000000.0,,,,,
028670,6240.0,28956000000.0,5940.0,6250.0,5930.0,4710881.0,
036460,36000.0,6906000000.0,35050.0,36100.0,34800.0,192992.0,1850000000.0
487240,36900.0,75717000000.0,,,,,
0043B0,103860.0,16249000000.0,,,,,
161890,136600.0,92208000000.0,146600.0,148700.0,132000.0,673689.0,37322000000.0
022100,20850.0,4152000000.0,20550.0,21150.0,20350.0,199737.0,2671000000.0
012750,83100.0,2911000000.0,83000.0,83700.0,82200.0,35125.0,194000000.0
004170,332000.0,16134000000.0,332500.0,333000.0,327000.0,48982.0,3663000000.0000005
192820,270000.0,34076000000.0,280500.0,285000.0,257000.0,127276.0,7770000000.0
035250,14290.0,2527000000.0,14300.0,14680.0,14200.0,176955.0,686000000.0
336260,45850.0,17394000000.0,44800.0,46000.0,44250.0,382580.0,16787000000.0
111770,66800.0,4160000000.0,69600.0,69700.0,66100.0,62013.0,908000000.0
014680,274000.0,18691000000.0,276000.0,284000.0,269000.0,68113.0,2638000000.0
011780,117400.0,3480000000.0,117100.0,117900.0,115700.0,29801.0,1039000000.0
139130,18640.0,4053000000.0,18400.0,18700.0,18290.0,218306.0,522000000.0
251270,35350.0,5084000000.0,35250.0,35400.0,34550.0,145063.0,899000000.0
031210,42050.0,1209000000.0,42650.0,42650.0,39800.0,28868.0,379000000.0
007340,50000.0,5115000000.0,49650.0,51700.0,49300.0,101411.0,1988000000.0
375500,75000.0,17049000000.0,75700.0,75800.0,73700.0,228035.0,
023530,102100.0,6039000000.0,101200.0,102500.0,100000.0,59612.0,690000000.0
302440,36500.0,1645000000.0,37100.0,37150.0,36050.0,45268.0,500000000.0
017800,72800.0,5071000000.0,72400.0,73400.0,71900.0,69906.0,1294000000.0
472150,20500.0,57369000000.0,,,,,
006360,33050.0,35399000000.0,33000.0,33300.0,31750.0,1082334.0,
455890,55640.0,6854000000.0,,,,,
139260,145880.0,46983000000.0,,,,,
026960,27700.0,6328000000.0,26100.0,27850.0,26050.0,231051.0,3624000000.0
097950,179300.0,3796000000.0,179100.0,179400.0,177100.0,21279.0,736000000.0
450080,38000.0,19085000000.0,36700.0,39100.0,36350.0,503584.0,
383220,69700.0,1676000000.0,69200.0,69800.0,68600.0,24217.0,93000000.0
481050,1021990.0,29977000000.0,,,,,
020150,50800.0,66074000000.0,43500.0,51800.0,43200.0,1331276.0,34772000000.0
004800,158300.0,1464000000.0,158200.0,158500.0,153000.0,9371.0,351000000.0
426030,48085.0,34944000000.0,,,,,
085620,19500.0,924000000.0,19250.0,19680.0,19050.0,47537.0,
486290,10505.0,16065000000.0,,,,,
011170,61000.0,7906000000.0,62000.0,62100.0,58800.0,131401.0,3929000000.0
489790,51000.0,10592000000.0,52400.0,53000.0,50600.0,204383.0,8930000000.0
003690,14390.0,1826000000.0,14400.0,14400.0,14120.0,127716.0,389000000.0
004370,404000.0,4840000000.0,404000.0,404500.0,394500.0,12090.0,982000000.0
278540,39860.0,1302000000.0,,,,,
457190,81100.0,27090000000.0,79300.0,81700.0,77400.0,338528.0,37522000000.0
005850,52100.0,2014000000.0,52100.0,52500.0,50900.0,38818.0,865000000.0
000240,25450.0,804000000.0,25250.0,25550.0,25050.0,31700.0,202000000.0
009420,46100.0,11786000000.0,48050.0,48850.0,45500.0,254660.0,5064000000.0
449170,112060.0,6402000000.0,,,,,
004990,23800.0,980000000.0,23750.0,23900.0,23550.0,41256.0,199000000.0
161510,24490.0,8963000000.0,,,,,
112610,55400.0,22385000000.0,54500.0,56800.0,54300.0,402763.0,
0193T0,11555.0,139161000000.0,,,,,
005440,12690.0,5811000000.0,12600.0,12910.0,12440.0,457254.0,729000000.0
001720,139800.0,1894000000.0,139300.0,139900.0,136300.0,13765.0,299000000.0
483650,183100.0,10178000000.0,184700.0,186200.0,181000.0,55602.0,6441000000.0
103140,79800.0,6485000000.0,78000.0,79800.0,77100.0,82468.0,2450000000.0
204320,47150.0,6318000000.0,46300.0,47300.0,46150.0,134566.0,
282330,127900.0,4204000000.0,127300.0,130500.0,125500.0,32977.0,408000000.0
018670,238000.0,1723000000.0,240500.0,244500.0,238000.0,7179.0,272000000.0
385540,103480.0,264000000.0,,,,,
279570,5390.0,1800000000.0,5400.0,5510.0,5370.0,333537.0,
030000,18700.0,3914000000.0,18780.0,18990.0,18650.0,208799.0,719000000.0
456600,59185.0,7507000000.0,,,,,
009970,160900.0,1397000000.0,162300.0,172800.0,158200.0,8643.0,219000000.0
081660,38950.0,4253000000.0,37750.0,39700.0,37350.0,110151.0,474000000.0
229640,66400.0,14816000000.0,66500.0,67400.0,64600.0,223840.0,35084000000.0
051600,44950.0,3633000000.0,44300.0,45100.0,44000.0,81302.0,1698000000.0
284430,20715.0,6822000000.0,,,,,
139480,71900.0,4789000000.0,71200.0,72000.0,70500.0,66942.0,1497000000.0
007810,82400.0,75665000000.0,82600.0,87800.0,79000.0,911589.0,87718000000.0
073240,6870.0,3241000000.0,6860.0,6980.0,6860.0,468834.0,2694000000.0
305720,15080.0,73663000000.0,,,,,
214980,114580.0,10035000000.0,,,,,
002790,25300.0,3931000000.0,25850.0,26000.0,24600.0,157165.0,645000000.0
292150,38960.0,13711000000.0,,,,,
069960,88800.0,4702000000.0,89000.0,89800.0,88000.0,53000.0,796000000.0
089860,51600.0,5618000000.0,50900.0,51800.0,49800.0,111275.0,2082000000.0
007070,22150.0,1496000000.0,22200.0,22300.0,21750.0,67982.0,359000000.0
181710,57100.0,7451000000.0,57000.0,58000.0,56100.0,130335.0,1702000000.0
442580,109600.0,70492000000.0,,,,,
294400,147190.0,13731000000.0,,,,,
281820,92000.0,13874000000.0,91500.0,93000.0,88100.0,152230.0,8159999999.999999
462870,31000.0,742000000.0,31150.0,31300.0,30650.0,23912.0,191000000.0
000155,452500.0,5966000000.0,471000.0,471000.0,435500.0,13340.0,
093370,16390.0,84269000000.0,15650.0,16470.0,15390.0,5217218.0,
439260,45850.0,847000000.0,46000.0,46450.0,45600.0,18458.0,703000000.0
001120,44100.0,6248000000.0,42050.0,44100.0,41750.0,143880.0,1523000000.0
475150,49700.0,26307000000.0,49450.0,50300.0,49100.0,529127.0,
441640,12120.0,11786000000.0,,,,,
105190,112325.0,11394000000.0,,,,,
120110,56200.0,4652000000.0,55100.0,56400.0,54600.0,83465.0,2988000000.0
020560,8170.0,459000000.0,8350.0,8350.0,8140.0,56103.0,154000000.0
001430,46650.0,2876000000.0,46950.0,47450.0,46200.0,61712.0,1759000000.0
071970,49100.0,4396000000.0,48600.0,49200.0,48050.0,90380.0,2768000000.0
023590,37950.0,1131000000.0,38500.0,38700.0,37650.0,29872.0,299000000.0
446770,81730.0,12457000000.0,,,,,
368590,30515.0,4907000000.0,,,,,
001820,156500.0,88306000000.0,158100.0,159900.0,154800.0,561287.0,
000120,70700.0,2270000000.0,70400.0,70800.0,69600.0,32387.0,544000000.0
395400,5330.0,890000000.0,5260.0,5330.0,5220.0,168548.0,
329200,4045.0,7845000000.0,,,,,
0177N0,14705.0,32386000000.0,,,,,
005070,47200.0,13121000000.0,44750.0,47300.0,44400.0,282443.0,10257000000.0
006040,35350.0,572000000.0,35400.0,35450.0,34900.0,16290.0,175000000.0
322000,139300.0,53383000000.0,131400.0,141600.0,130300.0,384969.0,
0193W0,13330.0,74646000000.0,,,,,
610063,55905.0,45000000.0,,,,,
008770,39300.0,4424000000.0,39200.0,39350.0,38900.0,112976.0,1364000000.0
091230,157370.0,33800000000.0,,,,,
0195S0,9840.0,55522000000.0,,,,,
152100,113730.0,17522000000.0,,,,,
009155,525000.0,4618000000.0,522000.0,527000.0,515000.0,8833.0,
477080,107780.0,785000000.0,,,,,
232080,15480.0,194980000000.0,,,,,
379780,22485.0,3882000000.0,,,,,
294870,22350.0,1407000000.0,22700.0,22700.0,22200.0,63043.0,429000000.0
487230,19665.0,25789000000.0,,,,,
006280,125800.0,1825000000.0,129100.0,129800.0,124300.0,14508.0,455000000.0
011210,53200.0,1771000000.0,52600.0,53200.0,51800.0,33599.0,882000000.0
361610,17680.0,10920000000.0,16400.0,17790.0,16340.0,634724.0,5800000000.0
226490,72150.0,10694000000.0,,,,,
453850,6780.0,8269000000.0,,,,,
012630,23500.0,2854000000.0,24550.0,24750.0,23350.0,119948.0,714000000.0
097230,15320.0,3132000000.0,15000.0,15400.0,14920.0,205950.0,
466920,26135.0,12808000000.0,,,,,
001800,22900.0,985000000.0,22900.0,23150.0,22750.0,43124.0,277000000.0
390390,56900.0,23447000000.0,,,,,
469150,66545.0,46519000000.0,,,,,
475630,1079240.0,83681000000.0,,,,,
494310,104040.0,465767000000.0,,,,,
001740,6550.0,5844000000.0,6460.0,6610.0,6360.0,901474.0,
448330,17700.0,7369000000.0,,,,,
00680K,10200.0,3373000000.0,10240.0,10250.0,9940.0,335341.0,
700026,107945.0,0.0,,,,,
455850,30500.0,223568000000.0,,,,,
157450,112795.0,1216000000.0,,,,,
066575,74900.0,2870000000.0,73000.0,75000.0,73000.0,38711.0,
436140,106815.0,128000000.0,,,,,
007310,316000.0,653000000.0,314500.0,328000.0,312500.0,2048.0,227999999.99999997
069620,109000.0,1614000000.0,110900.0,110900.0,106900.0,14926.0,260000000.0
530031,3080.0,929000000.0,,,,,
192080,58500.0,1137000000.0,58500.0,59000.0,57600.0,19526.0,66000000.0
415640,10100.0,387000000.0,10050.0,10100.0,9990.0,38592.0,
438080,13770.0,4943000000.0,,,,,
465580,24210.0,32386000000.0,,,,,
487340,106200.0,989000000.0,,,,,
003540,25500.0,379000000.0,25450.0,25550.0,25200.0,14948.0,294000000.0
003160,42800.0,53378000000.0,41200.0,43900.0,40850.0,1248860.0,56482000000.00001
298020,273500.0,5703000000.0,275000.0,276000.0,270000.0,20982.0,1269000000.0
006120,67800.0,3138000000.0,65700.0,68200.0,65400.0,46675.0,926000000.0
300720,16050.0,394000000.0,16200.0,16200.0,16020.0,24566.0,178000000.0
356540,101740.0,75000000.0,,,,,
330590,4065.0,598000000.0,4000.0,4065.0,3960.0,149231.0,
000815,390500.0,3301000000.0,395000.0,395000.0,386500.0,8487.0,
0072R0,12195.0,7113000000.0,,,,,
497570,22755.0,10803000000.0,,,,,
030610,9910.0,112000000.0,9970.0,10000.0,9880.0,11284.0,73000000.0
195870,65300.0,12064000000.0,67100.0,69200.0,63900.0,182153.0,8963000000.0
004000,42850.0,981000000.0,42700.0,43000.0,42350.0,23038.0,378000000.0
0139F0,102395.0,15000000.0,,,,,
280360,119400.0,1612000000.0,121100.0,122400.0,118200.0,13557.0,171000000.0
445290,31580.0,24265000000.0,,,,,
0183J0,7360.0,11424000000.0,,,,,
003570,32600.0,6805000000.0,30450.0,33100.0,30000.0,211587.0,2898000000.0
494890,32320.0,5531000000.0,,,,,
451540,53120.0,360000000.0,,,,,
017960,20550.0,2227000000.0,20350.0,20800.0,20250.0,108449.0,1677000000.0
494300,8855.0,10414000000.0,,,,,
469830,54545.0,7233000000.0,,,,,
006340,13370.0,23870000000.0,13250.0,13500.0,13130.0,1787473.0,
295040,42040.0,3800000000.0,,,,,
000080,14770.0,443000000.0,14760.0,14820.0,14680.0,30069.0,231999999.99999997
449180,17160.0,4782000000.0,,,,,
000210,48850.0,1391000000.0,48600.0,48900.0,47700.0,28827.0,358000000.0
0117V0,19275.0,14621000000.0,,,,,
479520,106670.0,226000000.0,,,,,
449450,52250.0,19131000000.0,,,,,
003530,4665.0,4042000000.0,4630.0,4750.0,4605.0,864069.0,
760009,107600.0,0.0,,,,,
446720,12875.0,4588000000.0,,,,,
003240,889000.0,1383000000.0,905000.0,905000.0,877000.0,1564.0,244000000.0
153130,113265.0,1838000000.0,,,,,
0219E0,8435.0,37753000000.0,,,,,
451800,5370.0,384000000.0,5230.0,5640.0,5230.0,71701.0,
495050,32640.0,2680000000.0,,,,,
192400,26900.0,166000000.0,26950.0,27150.0,26750.0,6174.0,43000000.0
315930,79680.0,1546000000.0,,,,,
237350,89275.0,8979000000.0,,,,,
305540,19175.0,8894000000.0,,,,,
438100,15160.0,5084000000.0,,,,,
030190,16270.0,1397000000.0,16230.0,16500.0,16160.0,85652.0,79000000.0
006110,62600.0,16097000000.0,60000.0,65300.0,59400.0,255898.0,7930000000.0
0195R0,12180.0,51847000000.0,,,,,
009240,39750.0,887000000.0,39200.0,39750.0,38700.0,22579.0,124000000.0
402970,14330.0,2572000000.0,,,,,
0048J0,13445.0,9580000000.0,,,,,
071320,79500.0,793000000.0,78500.0,79500.0,78300.0,10062.0,272000000.0
077970,22650.0,1637000000.0,22600.0,22900.0,22350.0,72340.0,1509000000.0
185750,65200.0,763000000.0,65500.0,65500.0,64500.0,11753.0,182000000.0
285130,51800.0,1440000000.0,50900.0,52000.0,50600.0,28001.0,222000000.00000003
051915,116200.0,1300000000.0,114400.0,116200.0,113600.0,11340.0,
009450,61300.0,1511000000.0,61900.0,61900.0,60700.0,24752.0,266000000.0
003090,15340.0,840000000.0,15590.0,15780.0,15160.0,54869.0,182000000.0
005300,95500.0,626000000.0,95500.0,95700.0,94500.0,6578.0,114999999.99999999
475720,12755.0,6900000000.0,,,,,
0117L0,10185.0,145000000.0,,,,,
479080,53930.0,586000000.0,,,,,
032350,10880.0,14060000000.0,11590.0,11600.0,10610.0,1285008.0,3889000000.0
034230,9330.0,2664000000.0,9440.0,9580.0,9260.0,285798.0,1261000000.0
0177R0,12195.0,17138000000.0,,,,,
004490,62200.0,2264000000.0,61900.0,62600.0,61200.0,36560.0,1069000000.0
000370,7330.0,1915000000.0,7260.0,7360.0,7140.0,263846.0,
700028,243460.0,573000000.0,,,,,
069660,112045.0,3486000000.0,,,,,
498410,11350.0,13233000000.0,,,,,
003470,4350.0,768000000.0,4360.0,4380.0,4305.0,177175.0,
071055,142400.0,1024000000.0,142300.0,142400.0,141100.0,7233.0,
490590,14405.0,9506000000.0,,,,,
079160,4985.0,1025000000.0,5020.0,5040.0,4940.0,206512.0,
462330,1071.0,101991000000.0,,,,,
466940,25900.0,9345000000.0,,,,,
248070,16700.0,20521000000.0,15730.0,17290.0,15520.0,1225738.0,9773000000.0
495850,32525.0,1418000000.0,,,,,
272580,57240.0,2070000000.0,,,,,
441800,28650.0,3349000000.0,,,,,
550082,55910.0,0.0,,,,,
0025N0,11775.0,2033000000.0,,,,,
329750,12775.0,2500000000.0,,,,,
137310,6340.0,384000000.0,6260.0,6340.0,6230.0,61116.0,117000000.0
365550,3100.0,371000000.0,3095.0,3105.0,3060.0,120288.0,
499790,38150.0,2539000000.0,38250.0,38250.0,37100.0,67107.0,445000000.0
418660,41110.0,7978000000.0,,,,,
100090,11990.0,3602000000.0,12070.0,12120.0,11880.0,299985.0,
000670,40550.0,777000000.0,40300.0,40550.0,39900.0,19299.0,373000000.0
005690,12400.0,11336000000.0,12630.0,12710.0,12180.0,914266.0,
488080,40520.0,189867000000.0,,,,,
476550,6380.0,4859000000.0,,,,,
036530,45300.0,218000000.0,45550.0,45650.0,45200.0,4821.0,88000000.0
456610,58815.0,1223000000.0,,,,,
005180,83200.0,3640000000.0,83900.0,85300.0,82750.0,43562.0,562000000.0
252670,69.0,287308000000.0,,,,,
367760,63745.0,35826000000.0,,,,,
094800,7870.0,240000000.0,7780.0,7880.0,7780.0,30704.0,
298050,162800.0,904000000.0,161600.0,162900.0,160500.0,5591.0,223000000.0
144600,9920.0,3599000000.0,,,,,
457480,17610.0,3285000000.0,,,,,
214320,18110.0,636000000.0,18290.0,18290.0,18090.0,35089.0,77000000.0
003850,8420.0,276000000.0,8420.0,8460.0,8340.0,32952.0,65000000.0
114800,975.0,494141000000.0,,,,,
100840,36300.0,3621000000.0,36650.0,36700.0,35750.0,100321.0,4047999999.9999995
064960,26950.0,993000000.0,26900.0,27150.0,26650.0,36830.0,532000000.0
481060,7025.0,2833000000.0,,,,,
093050,24200.0,1095000000.0,23700.0,24300.0,23550.0,45731.0,142000000.0
580058,53975.0,539000000.0,,,,,
090460,20800.0,10296000000.0,20550.0,21050.0,20300.0,496109.0,10816000000.0
364980,10270.0,32269000000.0,,,,,
0101N0,22000.0,6224000000.0,,,,,
005880,2150.0,3494000000.0,2100.0,2155.0,2090.0,1637273.0,
0127P0,10550.0,180000000.0,,,,,
290130,49060.0,1652000000.0,,,,,
005090,47700.0,2755000000.0,47300.0,49000.0,47150.0,57702.0,859000000.0
000400,2205.0,2256000000.0,2135.0,2285.0,2130.0,1015565.0,
0167B0,11940.0,9482000000.0,,,,,
0148J0,9930.0,39101000000.0,,,,,
002960,518000.0,137000000.0,516000.0,520000.0,516000.0,266.0,53000000.0
293940,5540.0,578000000.0,5610.0,5610.0,5490.0,104646.0,
482730,11440.0,5779000000.0,,,,,
434730,57365.0,7195000000.0,,,,,
314250,64245.0,3346000000.0,,,,,
456040,74000.0,2518000000.0,73600.0,74600.0,72700.0,34247.0,1203000000.0
458760,10260.0,2290000000.0,,,,,
102970,17600.0,6843000000.0,,,,,
069260,15990.0,455000000.0,15830.0,15990.0,15730.0,28609.0,92000000.0
0007F0,10200.0,251000000.0,,,,,
004710,12120.0,16081000000.0,11780.0,12390.0,11620.0,1336444.0,
423920,92625.0,13157000000.0,,,,,
371460,8915.0,2209000000.0,,,,,
268280,127600.0,103000000.0,126100.0,127700.0,124500.0,825.0,7000000.000000001
491010,25180.0,976000000.0,,,,,
317450,43650.0,398000000.0,44750.0,45500.0,43600.0,9003.0,272000000.0
000640,94600.0,1195000000.0,94300.0,96000.0,93800.0,12627.0,157000000.0
0015B0,19660.0,12326000000.0,,,,,
001570,9900.0,0.0,0.0,0.0,0.0,0.0,
434060,16685.0,1189000000.0,,,,,
0061Z0,51140.0,73000000.0,,,,,
001060,26750.0,552000000.0,27000.0,27400.0,26600.0,20603.0,278000000.0
471990,30300.0,86579000000.0,,,,,
192650,9380.0,11162000000.0,9090.0,9470.0,8980.0,1200702.0,
001680,17830.0,703000000.0,17740.0,17830.0,17560.0,39774.0,159000000.0
014820,21300.0,321000000.0,21050.0,21450.0,21050.0,15137.0,151000000.0
383800,8080.0,488000000.0,8040.0,8090.0,8000.0,60751.0,148000000.0
453340,18910.0,404000000.0,18820.0,19040.0,18650.0,21454.0,34000000.0
336370,8740.0,2836000000.0,8140.0,8880.0,8090.0,328306.0,1689000000.0
017940,88700.0,744000000.0,87500.0,88900.0,86600.0,8445.0,94000000.0
108320,37400.0,1385000000.0,38300.0,38350.0,37250.0,36781.0,1053999999.9999999
033240,28050.0,2405000000.0,27750.0,28300.0,27100.0,86359.0,1492000000.0
466950,32065.0,2027000000.0,,,,,
0091P0,16840.0,17680000000.0,,,,,
002840,134300.0,128000000.0,132800.0,134600.0,132800.0,957.0,6000000.0
138540,45820.0,4646000000.0,,,,,
491620,10415.0,5497000000.0,,,,,
006650,91500.0,3259000000.0,90600.0,91500.0,88900.0,36078.0,2014999999.9999998
178920,20250.0,1327000000.0,19480.0,20400.0,19350.0,66140.0,686000000.0
489250,12115.0,3609000000.0,,,,,
251600,15210.0,1794000000.0,,,,,
0019K0,13515.0,3593000000.0,,,,,
079900,40200.0,857000000.0,40100.0,40700.0,39950.0,21288.0,1036000000.0
477050,53665.0,808000000.0,,,,,
00088K,39500.0,552000000.0,38700.0,39600.0,38000.0,14251.0,
277630,73395.0,3600000000.0,,,,,
016380,5750.0,2418000000.0,5640.0,5750.0,5550.0,427122.0,
484790,7810.0,3822000000.0,,,,,
075580,10020.0,1069000000.0,9980.0,10060.0,9910.0,107036.0,591000000.0
017900,9820.0,16498000000.0,9820.0,10000.0,9730.0,1674617.0,
025540,56100.0,360000000.0,55700.0,56300.0,55500.0,6452.0,158000000.0
002350,5800.0,430000000.0,5690.0,5820.0,5680.0,74408.0,
451000,107820.0,4000000.0,,,,,
449190,23035.0,4998000000.0,,,,,
284740,24700.0,242000000.0,24900.0,25000.0,24400.0,9839.0,20000000.0
496020,52630.0,292000000.0,,,,,
001510,2365.0,3539000000.0,2315.0,2380.0,2315.0,1506393.0,
462010,4995.0,22561000000.0,,,,,
00104K,128800.0,399000000.0,127300.0,129100.0,126700.0,3120.0,
003300,17330.0,52000000.0,17400.0,17510.0,17330.0,3025.0,24000000.0
455030,11580.0,1151000000.0,,,,,
005810,36800.0,288000000.0,37750.0,37750.0,36250.0,7834.0,77000000.0
161000,10890.0,4453000000.0,10880.0,11040.0,10680.0,410692.0,19018000000.0
0163Y0,10845.0,17400000000.0,,,,,
365780,82655.0,568000000.0,,,,,
494670,20790.0,5435000000.0,,,,,
114090,8500.0,1314000000.0,8720.0,8730.0,8480.0,153918.0,556000000.0
0105E0,12615.0,3643000000.0,,,,,
007700,13340.0,37000000.0,13360.0,13430.0,13330.0,2818.0,5000000.0
315960,78490.0,2717000000.0,,,,,
001270,49950.0,85000000.0,50500.0,51100.0,49900.0,1700.0,33000000.0
001530,25000.0,325000000.0,25350.0,26100.0,24850.0,12906.0,126000000.0
435420,14150.0,4023000000.0,,,,,
058650,127600.0,71000000.0,130000.0,130200.0,126200.0,564.0,
361580,63700.0,7113000000.0,,,,,
463250,34735.0,10175000000.0,,,,,
009410,1613.0,305000000.0,1645.0,1648.0,1607.0,188219.0,
003620,2535.0,616000000.0,2510.0,2555.0,2500.0,242869.0,
484870,18650.0,3122000000.0,17300.0,18890.0,17260.0,170297.0,1800000000.0
444200,45745.0,1524000000.0,,,,,
008060,16100.0,1986000000.0,15940.0,16350.0,15500.0,123616.0,625000000.0
452260,2595.0,2768000000.0,2635.0,2655.0,2545.0,1065418.0,
496080,32575.0,3646000000.0,,,,,
114260,61915.0,742000000.0,,,,,
371160,6135.0,3949000000.0,,,,,
396520,12010.0,1898000000.0,,,,,
460860,9880.0,3811000000.0,9740.0,9990.0,9540.0,387800.0,3915000000.0
003545,20100.0,481000000.0,20100.0,20100.0,19930.0,24060.0,
476800,4205.0,1891000000.0,,,,,
251350,37945.0,736000000.0,,,,,
029460,44000.0,1496000000.0,44900.0,45350.0,43400.0,33779.0,405000000.0
019170,9250.0,991000000.0,9350.0,9470.0,9220.0,106633.0,708000000.0
448290,17785.0,1277000000.0,,,,,
001500,7800.0,103000000.0,7740.0,7830.0,7740.0,13359.0,68000000.0
377740,4700.0,124000000.0,4695.0,4720.0,4640.0,26619.0,
0220W0,5660.0,4759000000.0,5600.0,5760.0,5560.0,842523.0,
003030,115300.0,2520000000.0,110100.0,117200.0,109000.0,22000.0,458000000.0
145990,46300.0,163000000.0,46000.0,46400.0,45550.0,3541.0,34000000.0
243880,363950.0,20048000000.0,,,,,
020000,21950.0,4624000000.0,21300.0,22200.0,20900.0,213228.0,916000000.0
438330,115850.0,638000000.0,,,,,
760013,93720.0,281000000.0,,,,,
0190C0,7760.0,3186000000.0,,,,,
004690,128700.0,352000000.0,128600.0,128700.0,126100.0,2779.0,85000000.0
471230,104125.0,1504000000.0,,,,,
039130,29900.0,445000000.0,29950.0,30100.0,29800.0,14908.0,215000000.0
483280,11715.0,1695000000.0,,,,,
249420,14510.0,1894000000.0,14630.0,14970.0,14430.0,129642.0,1752000000.0
448730,5030.0,155000000.0,5040.0,5040.0,4965.0,31053.0,
499660,1000470.0,16416000000.0,,,,,
005250,9680.0,285000000.0,9740.0,9800.0,9650.0,29471.0,82000000.0
002240,16860.0,712000000.0,17090.0,17160.0,16810.0,42099.0,715000000.0
002990,12200.0,10317000000.0,12340.0,12570.0,12160.0,835498.0,
451060,35915.0,1189000000.0,,,,,
490490,10450.0,2218000000.0,,,,,
009900,8530.0,1206000000.0,8460.0,8600.0,8460.0,141362.0,738000000.0
000070,57500.0,1190000000.0,57600.0,57800.0,56000.0,21038.0,247000000.00000003
003280,1855.0,4726000000.0,1834.0,1865.0,1832.0,2553178.0,
016610,10500.0,278000000.0,10420.0,10510.0,10350.0,26593.0,77000000.0
217590,18440.0,99440000000.0,14570.0,18440.0,14310.0,5817109.0,
004700,66600.0,35000000.0,66300.0,67900.0,66300.0,533.0,3000000.0
306200,154600.0,3118000000.0,147400.0,156000.0,146400.0,20387.0,1788000000.0
293180,112395.0,1994000000.0,,,,,
0173Y0,11680.0,17356000000.0,,,,,
010780,14580.0,1324000000.0,15000.0,15000.0,14560.0,90569.0,218000000.00000003
447770,13710.0,1642000000.0,,,,,
034310,11740.0,76000000.0,11770.0,11950.0,11730.0,6477.0,5000000.0
005420,11190.0,1687000000.0,10560.0,11240.0,10540.0,153290.0,1147000000.0
0210A0,7935.0,27765000000.0,,,,,
403550,11300.0,394000000.0,10880.0,11630.0,10880.0,34957.0,104000000.0
271940,11740.0,531000000.0,11420.0,11760.0,11250.0,46028.0,478000000.0
385560,51675.0,1325000000.0,,,,,
005945,22500.0,549000000.0,22400.0,22500.0,22250.0,24547.0,
0016X0,51610.0,836000000.0,,,,,
448300,23760.0,2081000000.0,,,,,
090435,40000.0,638000000.0,40950.0,40950.0,39500.0,15947.0,
474220,14925.0,1709000000.0,,,,,
0023A0,23745.0,2628000000.0,,,,,
002030,201000.0,249000000.0,206000.0,208000.0,201000.0,1229.0,16000000.0
072710,89100.0,64000000.0,89100.0,89700.0,88700.0,723.0,35000000.0
014830,60500.0,460000000.0,60200.0,61500.0,59800.0,7557.0,212000000.0
012030,2035.0,1754000000.0,2020.0,2080.0,1989.0,865153.0,
003000,4100.0,821000000.0,4165.0,4230.0,4080.0,198655.0,
011930,19890.0,12521000000.0,18890.0,20250.0,18740.0,632642.0,
130660,12350.0,1686000000.0,12350.0,12490.0,12250.0,136534.0,
426020,31630.0,1700000000.0,,,,,
357120,4130.0,162000000.0,4095.0,4130.0,4055.0,39775.0,
005389,172800.0,324000000.0,173300.0,173500.0,171900.0,1884.0,
302450,72755.0,2150000000.0,,,,,
385550,114210.0,1161000000.0,,,,,
476760,8270.0,8743000000.0,,,,,
241180,35485.0,2672000000.0,,,,,
001200,4090.0,713000000.0,4085.0,4110.0,4055.0,174727.0,
385720,25965.0,922000000.0,,,,,
148070,104855.0,989000000.0,,,,,
474590,51085.0,3413000000.0,,,,,
0046A0,9340.0,6412000000.0,,,,,
439860,113945.0,62000000.0,,,,,
317400,10020.0,5212000000.0,9730.0,10030.0,9570.0,527319.0,
480260,53925.0,1654000000.0,,,,,
002810,21000.0,270000000.0,21650.0,21650.0,20900.0,12813.0,45000000.0
015360,14770.0,144000000.0,14700.0,14860.0,14690.0,9805.0,56000000.00000001
0060H0,12345.0,599000000.0,,,,,
344820,24250.0,198000000.0,23700.0,24300.0,23550.0,8245.0,171000000.0
520054,190645.0,328000000.0,,,,,
092230,96100.0,96000000.0,95800.0,96500.0,94200.0,1007.0,5000000.0
029530,38950.0,115000000.0,39100.0,39200.0,38450.0,2988.0,27000000.0
469070,11200.0,2623000000.0,,,,,
194370,12830.0,643000000.0,12560.0,13080.0,12510.0,49790.0,179000000.0
008730,14930.0,429000000.0,14810.0,14970.0,14640.0,28968.0,227999999.99999997
016590,9180.0,88000000.0,9360.0,9360.0,9050.0,9671.0,61000000.0
126560,3385.0,117000000.0,3395.0,3415.0,3370.0,34514.0,
0080G0,10575.0,18325000000.0,,,,,
0094M0,17480.0,20983000000.0,,,,,
950210,6100.0,95000000.0,6100.0,6180.0,6000.0,15712.0,
310960,65450.0,1391000000.0,,,,,
006220,9690.0,909000000.0,9550.0,9720.0,9510.0,94122.0,
092790,14080.0,5348000000.0,13890.0,14160.0,13790.0,381997.0,
031430,10450.0,1253000000.0,10660.0,10660.0,10300.0,120560.0,241000000.0
0040Y0,7885.0,2227000000.0,,,,,
015860,7370.0,799000000.0,7220.0,7380.0,7220.0,109274.0,
001940,25650.0,102000000.0,25750.0,25750.0,24900.0,4081.0,12000000.0
183190,10100.0,213000000.0,10210.0,10220.0,10070.0,21101.0,60000000.0
089590,4485.0,677000000.0,4575.0,4575.0,4475.0,150650.0,
005610,41850.0,224000000.0,41200.0,42450.0,41150.0,5355.0,108000000.0
475300,27080.0,108552000000.0,,,,,
0120G0,48400.0,1064000000.0,49400.0,49700.0,47500.0,22092.0,1056000000.0
091180,25600.0,2772000000.0,,,,,
027410,3720.0,150000000.0,3690.0,3745.0,3675.0,40564.0,
010955,88400.0,2779000000.0,82900.0,89500.0,81700.0,31778.0,
007690,38350.0,439000000.0,37800.0,38800.0,37750.0,11504.0,72000000.0
385510,40915.0,4834000000.0,,,,,
0182R0,11410.0,16256000000.0,,,,,
002710,13460.0,6285000000.0,13600.0,13900.0,13210.0,463573.0,7822000000.0
105630,8810.0,296000000.0,8700.0,8830.0,8700.0,33845.0,233000000.0
442570,17365.0,1761000000.0,,,,,
003350,15510.0,13607000000.0,16700.0,16880.0,15210.0,865747.0,
245710,27185.0,873000000.0,,,,,
270810,15110.0,2666000000.0,,,,,
458250,31550.0,5218000000.0,,,,,
484880,22055.0,6110000000.0,,,,,
0131V0,10625.0,1208000000.0,,,,,
279530,17310.0,3845000000.0,,,,,
0144L0,9460.0,1518000000.0,,,,,
132030,23440.0,1274000000.0,,,,,
060980,38400.0,359000000.0,38300.0,38500.0,37950.0,9420.0,32000000.0
104700,9350.0,264000000.0,9490.0,9490.0,9320.0,28246.0,174000000.0
472170,14025.0,2187000000.0,,,,,
006405,210500.0,307000000.0,206000.0,211500.0,205500.0,1468.0,
005720,6480.0,985000000.0,6140.0,6490.0,6100.0,154619.0,
170900,34950.0,131000000.0,35350.0,35500.0,34700.0,3747.0,27000000.0
0026S0,12570.0,1067000000.0,,,,,
097520,19410.0,706000000.0,19500.0,19770.0,19290.0,36165.0,150000000.0
462900,12900.0,10646000000.0,,,,,
0167Z0,7310.0,5912000000.0,,,,,
570090,55885.0,0.0,,,,,
0052D0,15230.0,1855000000.0,,,,,
145720,38750.0,910000000.0,38250.0,39100.0,37850.0,23471.0,1001000000.0
011760,25100.0,438000000.0,25200.0,25400.0,24850.0,17500.0,105000000.0
017810,8700.0,134000000.0,8780.0,8800.0,8700.0,15389.0,59000000.0
448630,15345.0,988000000.0,,,,,
456880,11905.0,537000000.0,,,,,
009290,6550.0,845000000.0,6570.0,6640.0,6480.0,129060.0,
009160,4965.0,125000000.0,4990.0,4990.0,4875.0,25582.0,
02826K,221000.0,690000000.0,225500.0,225500.0,219000.0,3133.0,
0043Y0,18765.0,1650000000.0,,,,,
0162M0,10070.0,43000000.0,,,,,
000157,358000.0,88000000.0,369000.0,370000.0,353000.0,246.0,
0052S0,11330.0,1142000000.0,,,,,
024720,9290.0,215000000.0,9420.0,9430.0,9150.0,23397.0,59000000.0
010820,6520.0,3385000000.0,6430.0,6630.0,6400.0,518404.0,
096760,4285.0,191000000.0,4370.0,4395.0,4255.0,44735.0,
471780,40550.0,8058000000.0,,,,,
001230,2025.0,712000000.0,2020.0,2070.0,2000.0,351402.0,
002310,7890.0,201000000.0,7860.0,7890.0,7770.0,25703.0,
485540,15470.0,8014000000.0,,,,,
005430,97600.0,533000000.0,100700.0,100700.0,97000.0,5437.0,
381970,6320.0,75000000.0,6250.0,6320.0,6220.0,12127.0,87000000.0
0111P0,10775.0,1380000000.0,,,,,
453810,10630.0,1118000000.0,,,,,
020120,8290.0,2172000000.0,8540.0,8750.0,8120.0,262208.0,
126720,21500.0,276000000.0,21400.0,21750.0,21400.0,12854.0,222000000.00000003
272450,5870.0,291000000.0,5900.0,5960.0,5830.0,49747.0,
489030,6175.0,2425000000.0,,,,,
483320,26165.0,17779000000.0,,,,,
026890,7860.0,269000000.0,7890.0,8140.0,7810.0,34189.0,72000000.0
002020,23550.0,552000000.0,24000.0,24150.0,23400.0,23454.0,249000000.00000003
200880,11240.0,297000000.0,11050.0,11280.0,10950.0,26728.0,212000000.0
454780,100065.0,0.0,,,,,
005950,11520.0,4133000000.0,11380.0,11880.0,11290.0,355435.0,
084010,8760.0,2071000000.0,8760.0,8930.0,8620.0,236708.0,2721000000.0
497880,50045.0,5899000000.0,,,,,
108670,33300.0,718000000.0,33250.0,33650.0,32700.0,21728.0,199000000.0
025860,6000.0,731000000.0,6040.0,6070.0,5980.0,121720.0,
433330,21500.0,2539000000.0,,,,,
018250,11210.0,239000000.0,11170.0,11290.0,11170.0,21292.0,
003120,22050.0,101000000.0,22050.0,22300.0,21950.0,4625.0,26000000.0
0008S0,9300.0,1996000000.0,,,,,
123890,2390.0,287000000.0,2420.0,2430.0,2385.0,120116.0,
481190,17030.0,1365000000.0,,,,,
0038A0,15340.0,6937000000.0,,,,,
136340,104140.0,370000000.0,,,,,
421320,30300.0,3753000000.0,,,,,
570022,58005.0,0.0,,,,,
001750,19190.0,39000000.0,19100.0,19220.0,19070.0,2044.0,19000000.0
0162Y0,8575.0,5880000000.0,,,,,
034830,1124.0,225000000.0,1130.0,1132.0,1116.0,201061.0,
084690,7830.0,104000000.0,7860.0,7910.0,7770.0,13354.0,49000000.0
475080,7770.0,1293000000.0,,,,,
441680,10705.0,925000000.0,,,,,
0098F0,15600.0,10501000000.0,,,,,
091170,15755.0,9091000000.0,,,,,
001390,4220.0,228000000.0,4220.0,4250.0,4190.0,54062.0,
273140,114690.0,258000000.0,,,,,
033270,17530.0,312000000.0,17640.0,17790.0,17510.0,17733.0,117000000.0
461490,14495.0,514000000.0,,,,,
000430,4485.0,452000000.0,4660.0,4660.0,4480.0,99510.0,
004430,11570.0,1041000000.0,11210.0,11580.0,11150.0,91189.0,
016800,24000.0,36000000.0,24750.0,24800.0,23850.0,1499.0,10000000.0
244920,12200.0,232000000.0,12350.0,12550.0,12060.0,18990.0,
0183V0,12085.0,6834000000.0,,,,,
058430,4585.0,1196000000.0,4600.0,4655.0,4535.0,260601.0,
423170,61105.0,741000000.0,,,,,
0228G0,10270.0,1147000000.0,,,,,
471040,30485.0,1892000000.0,,,,,
473290,10905.0,1649000000.0,,,,,
122900,8200.0,432000000.0,8160.0,8230.0,8120.0,52941.0,
388420,31200.0,7965000000.0,,,,,
105840,13560.0,3236000000.0,13500.0,13720.0,13260.0,239537.0,
078520,10900.0,651000000.0,11230.0,11350.0,10890.0,59054.0,346000000.0
439870,88880.0,754000000.0,,,,,
196230,117175.0,147000000.0,,,,,
044450,11910.0,1138000000.0,12000.0,12170.0,11760.0,95818.0,
010690,7660.0,1415000000.0,7550.0,7800.0,7550.0,184174.0,
473330,7400.0,2307000000.0,,,,,
213610,22430.0,126000000.0,,,,,
004310,8340.0,3887000000.0,8510.0,8560.0,8320.0,462330.0,
002900,6440.0,1639000000.0,6430.0,6500.0,6330.0,255771.0,
409820,21390.0,1165000000.0,,,,,
017390,53700.0,234000000.0,54400.0,54400.0,53600.0,4362.0,86000000.0
123320,115400.0,12991000000.0,,,,,
091810,2585.0,70000000.0,2610.0,2615.0,2575.0,27152.0,
286940,17290.0,110000000.0,17390.0,17390.0,17270.0,6379.0,16000000.0
190620,102235.0,153000000.0,,,,,
037710,34200.0,433000000.0,34000.0,34200.0,33650.0,12786.0,293000000.0
453870,10410.0,548000000.0,,,,,
307520,21710.0,3760000000.0,,,,,
0232A0,100390.0,0.0,,,,,
364970,6840.0,4057000000.0,,,,,
004360,13450.0,223000000.0,13250.0,13450.0,13160.0,16683.0,41000000.0
483340,22655.0,1714000000.0,,,,,
472920,98505.0,0.0,,,,,
486830,53445.0,125000000.0,,,,,
005500,19080.0,774000000.0,19490.0,19490.0,18970.0,40388.0,209000000.0
334890,3635.0,115000000.0,3625.0,3645.0,3605.0,31893.0,
005680,12570.0,189000000.0,12500.0,12740.0,12450.0,15131.0,
010580,2255.0,640000000.0,2310.0,2310.0,2230.0,282846.0,
495230,31910.0,1319000000.0,,,,,
003960,27200.0,55000000.0,27450.0,27450.0,26900.0,2055.0,26000000.0
003200,10800.0,227000000.0,10660.0,10800.0,10660.0,21220.0,132000000.0
432320,1644.0,350000000.0,1634.0,1677.0,1622.0,213592.0,
001250,2990.0,3718000000.0,2835.0,3030.0,2780.0,1251157.0,
117700,6705.0,9650000000.0,,,,,
363580,59155.0,3759000000.0,,,,,
298690,1502.0,62000000.0,1513.0,1515.0,1501.0,41465.0,
139230,12490.0,679000000.0,,,,,
002320,15600.0,360000000.0,15310.0,15600.0,15210.0,23318.0,45000000.0
001790,2795.0,162000000.0,2790.0,2800.0,2765.0,58316.0,
136490,10110.0,244000000.0,10050.0,10110.0,9960.0,24326.0,
0182S0,12895.0,2232000000.0,,,,,
404990,3890.0,170000000.0,3925.0,3935.0,3840.0,43930.0,
003920,42200.0,202000000.0,42100.0,43400.0,41950.0,4799.0,23000000.0
007160,47800.0,58000000.0,48000.0,48200.0,46850.0,1232.0,66000000.0
493810,11310.0,1900000000.0,,,,,
044820,24800.0,821000000.0,25500.0,26000.0,23550.0,33374.0,
030210,3885.0,125000000.0,3835.0,3885.0,3805.0,32778.0,
008490,20400.0,161000000.0,20200.0,20500.0,19990.0,8039.0,96000000.0
001340,5230.0,728000000.0,5150.0,5290.0,5110.0,139816.0,
025000,56600.0,269000000.0,56100.0,56800.0,55700.0,4803.0,
226320,10690.0,108000000.0,10650.0,10720.0,10580.0,10158.0,30000000.0
0030R0,3920.0,63000000.0,3845.0,4080.0,3760.0,16135.0,
348950,1182.0,0.0,0.0,0.0,0.0,0.0,
000680,2960.0,241000000.0,2975.0,2980.0,2930.0,81673.0,
025560,8350.0,3862000000.0,8300.0,8640.0,8110.0,466424.0,
422420,7080.0,1131000000.0,,,,,
003070,9110.0,99000000.0,9160.0,9280.0,9060.0,10943.0,
228790,4075.0,19270000000.0,,,,,
0053L0,8560.0,3347000000.0,,,,,
011500,14760.0,2137000000.0,14550.0,15150.0,14400.0,144016.0,
329650,13980.0,306000000.0,,,,,
0092C0,50360.0,57000000.0,,,,,
017860,13020.0,2133000000.0,12450.0,13120.0,12450.0,164909.0,
283580,14020.0,3990000000.0,,,,,
900140,1186.0,333000000.0,1188.0,1199.0,1175.0,281734.0,
363570,87175.0,1796000000.0,,,,,
001470,5820.0,0.0,0.0,0.0,0.0,0.0,
472160,19505.0,3013000000.0,,,,,
005010,4030.0,1357000000.0,3980.0,4095.0,3930.0,336199.0,
053690,20650.0,2295000000.0,21600.0,21600.0,20500.0,110741.0,
498270,14955.0,668000000.0,,,,,
077500,10400.0,3013000000.0,10680.0,10720.0,10220.0,289567.0,
001460,35900.0,27000000.0,35400.0,35900.0,35250.0,773.0,4000000.0
092200,5740.0,880000000.0,5710.0,5810.0,5620.0,153319.0,
134380,10130.0,69000000.0,10060.0,10130.0,10060.0,6860.0,
0089D0,13020.0,2092000000.0,,,,,
028100,19780.0,321000000.0,19760.0,19900.0,19630.0,16303.0,
0104N0,21505.0,696000000.0,,,,,
000490,7650.0,476000000.0,7550.0,7670.0,7550.0,62574.0,
003720,6460.0,1001000000.0,6430.0,6660.0,6400.0,153639.0,
433500,56275.0,3501000000.0,,,,,
437080,94195.0,634000000.0,,,,,
000050,7960.0,61000000.0,7950.0,7960.0,7870.0,7715.0,
000540,3395.0,158000000.0,3385.0,3695.0,3335.0,45863.0,
009680,10030.0,80000000.0,10050.0,10090.0,10030.0,8014.0,12000000.0
244580,8305.0,4529000000.0,,,,,
0151S0,15900.0,4828000000.0,,,,,
458260,44580.0,135000000.0,,,,,
035510,15460.0,1088000000.0,15350.0,15640.0,15300.0,70206.0,
452360,12850.0,1272000000.0,,,,,
488980,52260.0,23000000.0,,,,,
0119H0,9940.0,463000000.0,,,,,
442320,34130.0,295000000.0,,,,,
034120,11570.0,84000000.0,11710.0,11710.0,11500.0,7250.0,28999999.999999996
271050,1746.0,6435000000.0,,,,,
003650,123000.0,237000000.0,123000.0,123000.0,121000.0,1947.0,
0233J0,10680.0,937000000.0,,,,,
266160,33590.0,489000000.0,,,,,
332930,147060.0,169000000.0,,,,,
475560,14290.0,179000000.0,14310.0,14400.0,14260.0,12529.0,
03473K,374000.0,60000000.0,374000.0,374500.0,372000.0,162.0,
157500,11945.0,2090000000.0,,,,,
305080,11675.0,1119000000.0,,,,,
0093A0,38725.0,8694000000.0,,,,,
478150,17450.0,9954000000.0,,,,,
463050,11640.0,7914000000.0,,,,,
033920,7330.0,113000000.0,7460.0,7460.0,7300.0,15520.0,
490090,16000.0,1567000000.0,,,,,
448540,26765.0,1046000000.0,,,,,
035150,10470.0,125000000.0,10360.0,10560.0,10360.0,11917.0,60000000.0
0153K0,11965.0,1441000000.0,,,,,
088260,3245.0,94000000.0,3245.0,3285.0,3185.0,29111.0,
480040,15110.0,5317000000.0,,,,,
520094,102575.0,1747000000.0,,,,,
000320,15410.0,74000000.0,15530.0,15990.0,15410.0,4769.0,51000000.0
486450,18650.0,1261000000.0,,,,,
298000,53800.0,648000000.0,53100.0,54300.0,52700.0,12168.0,
520098,33965.0,580000000.0,,,,,
003555,67500.0,109000000.0,67600.0,67600.0,66700.0,1640.0,
267770,88100.0,2869000000.0,,,,,
0005A0,9050.0,2066000000.0,,,,,
000480,4300.0,38000000.0,4295.0,4305.0,4260.0,9104.0,
000650,140700.0,194000000.0,141600.0,144600.0,139800.0,1376.0,
004980,8150.0,557000000.0,8220.0,8290.0,8120.0,68140.0,181000000.0
0005G0,57710.0,1204000000.0,,,,,
0069M0,13685.0,1092000000.0,,,,,
037270,3100.0,232000000.0,3110.0,3120.0,3060.0,75184.0,
051905,93700.0,677000000.0,93300.0,94400.0,92100.0,7308.0,
100250,3060.0,68000000.0,3075.0,3075.0,3030.0,22564.0,
302190,50185.0,131000000.0,,,,,
117580,7080.0,383000000.0,7020.0,7130.0,7020.0,54031.0,
005960,8480.0,210000000.0,8230.0,8480.0,8160.0,25252.0,
039570,7490.0,9000000.0,7400.0,7490.0,7380.0,1291.0,
095570,4290.0,195000000.0,4285.0,4300.0,4240.0,45902.0,
530104,193975.0,141000000.0,,,,,
339770,3860.0,87000000.0,3865.0,3880.0,3840.0,22701.0,
013580,21550.0,703000000.0,21400.0,21550.0,21200.0,32895.0,
0190G0,10230.0,7042000000.0,,,,,
495060,28685.0,1196000000.0,,,,,
0204D0,5600.0,2214000000.0,,,,,
433980,15650.0,840000000.0,,,,,
494220,54720.0,3761000000.0,,,,,
233160,8905.0,17364000000.0,,,,,
500069,191450.0,30000000.0,,,,,
000390,7030.0,187000000.0,7100.0,7170.0,7010.0,26532.0,
495550,33255.0,413000000.0,,,,,
003520,1043.0,259000000.0,1050.0,1077.0,1039.0,246797.0,
016580,10250.0,285000000.0,10110.0,10250.0,10040.0,28175.0,
500099,18965.0,1000000.0,,,,,
053210,3990.0,66000000.0,4000.0,4030.0,3970.0,16715.0,
102260,3740.0,238000000.0,3715.0,3750.0,3690.0,64164.0,
0082V0,11230.0,858000000.0,,,,,
128820,4180.0,229000000.0,4090.0,4220.0,4085.0,55013.0,
500029,18890.0,72000000.0,,,,,
494330,33105.0,824000000.0,,,,,
0115D0,7215.0,7318000000.0,,,,,
002420,6040.0,22000000.0,6300.0,6300.0,6000.0,3728.0,
102460,10120.0,303000000.0,10230.0,10230.0,9960.0,30161.0,
004560,12410.0,182000000.0,12440.0,12540.0,12340.0,14708.0,
001630,37350.0,57000000.0,37450.0,37450.0,37100.0,1539.0,24000000.0
000520,8600.0,769000000.0,8230.0,8600.0,8150.0,91553.0,
001130,11020.0,62000000.0,11070.0,11150.0,10980.0,5640.0,34000000.0
0091C0,9250.0,923000000.0,,,,,
487570,49800.0,128000000.0,50500.0,50800.0,49250.0,2586.0,
003547,19220.0,26000000.0,19340.0,19340.0,19170.0,1360.0,
466930,23505.0,2170000000.0,,,,,
033530,6820.0,166000000.0,6750.0,6840.0,6700.0,24468.0,
261260,5575.0,1282000000.0,,,,,
0094K0,99800.0,1017000000.0,,,,,
009470,27650.0,1199000000.0,27250.0,27650.0,27100.0,43681.0,
530145,10755.0,3261000000.0,,,,,
412570,1203.0,8336000000.0,,,,,
473460,24030.0,728000000.0,,,,,
000140,7800.0,11000000.0,7810.0,7890.0,7790.0,1437.0,
332500,75345.0,397000000.0,,,,,
007860,7680.0,94000000.0,7750.0,7780.0,7550.0,12354.0,
414780,12585.0,704000000.0,,,,,
122090,84260.0,1838000000.0,,,,,
429000,12455.0,427000000.0,,,,,
461950,5055.0,7395000000.0,,,,,
015230,6540.0,160000000.0,6460.0,6570.0,6420.0,24597.0,
002100,9080.0,158000000.0,9000.0,9130.0,8970.0,17570.0,
480020,9900.0,4577000000.0,,,,,
003220,7890.0,53000000.0,7840.0,7900.0,7820.0,6856.0,97000000.0
377190,1995.0,204000000.0,1997.0,1997.0,1979.0,103227.0,
003610,5490.0,130000000.0,5450.0,5550.0,5440.0,23861.0,
0099L0,99835.0,11000000.0,,,,,
234080,11030.0,35000000.0,11090.0,11100.0,10950.0,3179.0,
000700,6690.0,274000000.0,6660.0,6780.0,6520.0,41088.0,
000300,4200.0,0.0,0.0,0.0,0.0,0.0,
403790,59050.0,28000000.0,,,,,
016450,4305.0,27000000.0,4330.0,4340.0,4300.0,6285.0,
213500,7220.0,192000000.0,7290.0,7290.0,7190.0,26704.0,
483290,9595.0,1272000000.0,,,,,
476450,52925.0,80000000.0,,,,,
0047A0,11380.0,1167000000.0,,,,,
0040X0,9030.0,988000000.0,,,,,
003460,2985.0,14000000.0,2990.0,3000.0,2970.0,4865.0,
0005D0,16070.0,15468000000.0,,,,,
002150,4955.0,179000000.0,5010.0,5010.0,4915.0,36234.0,
014710,9690.0,42000000.0,10010.0,10010.0,9580.0,4373.0,
337160,49000.0,241000000.0,,,,,
272560,115035.0,2649000000.0,,,,,
241590,2720.0,54000000.0,2745.0,2745.0,2640.0,20172.0,
0192Z0,101145.0,0.0,,,,,
354500,15345.0,2237000000.0,,,,,
090350,8100.0,411000000.0,8000.0,8150.0,7990.0,50877.0,
491820,44350.0,2149000000.0,,,,,
530134,1797.0,5170000000.0,,,,,
490600,8420.0,1157000000.0,,,,,
237370,15535.0,470000000.0,,,,,
0193G0,8610.0,1317000000.0,,,,,
460850,5390.0,99000000.0,5320.0,5430.0,5290.0,18583.0,
004380,7780.0,136000000.0,7700.0,7940.0,7610.0,17453.0,
101530,5530.0,0.0,0.0,0.0,0.0,0.0,
480030,9545.0,1531000000.0,,,,,
488720,48870.0,18000000.0,,,,,
152870,113165.0,43000000.0,,,,,
438560,100665.0,33000000.0,,,,,
001780,1620.0,448000000.0,1599.0,1635.0,1593.0,277250.0,
471760,16685.0,16094000000.0,,,,,
570051,31340.0,1000000.0,,,,,
000860,12050.0,104000000.0,12060.0,12270.0,11920.0,8722.0,
002170,51800.0,43000000.0,52600.0,52800.0,51400.0,838.0,
472870,6400.0,1079000000.0,,,,,
400760,2815.0,158000000.0,2820.0,2820.0,2795.0,56561.0,
007570,8080.0,121000000.0,8050.0,8150.0,7980.0,15102.0,
200250,19455.0,101000000.0,,,,,
160580,15885.0,975000000.0,,,,,
0064K0,11850.0,1146000000.0,,,,,
004090,12000.0,1662000000.0,11840.0,12040.0,11800.0,139086.0,
462520,12820.0,18000000.0,12770.0,12840.0,12740.0,1415.0,
700023,151715.0,0.0,,,,,
013890,6890.0,93000000.0,6830.0,6910.0,6730.0,13620.0,46000000.0
457990,38140.0,19380000000.0,,,,,
001045,66600.0,61000000.0,66500.0,66900.0,66100.0,927.0,
0151P0,15320.0,3118000000.0,,,,,
011785,49550.0,185000000.0,50200.0,50200.0,49200.0,3746.0,
004150,3650.0,328000000.0,3610.0,3665.0,3590.0,90752.0,
000970,6560.0,17000000.0,6600.0,6610.0,6550.0,2722.0,
550089,149345.0,1000000.0,,,,,
293480,8400.0,119000000.0,8320.0,8410.0,8280.0,14335.0,
394670,10210.0,96000000.0,,,,,
458210,110925.0,106000000.0,,,,,
006805,11070.0,281000000.0,11390.0,11390.0,11000.0,25369.0,
00279K,21000.0,133000000.0,21150.0,21325.0,20600.0,6402.0,
272550,9870.0,102000000.0,9790.0,9870.0,9730.0,10443.0,
219480,33105.0,533000000.0,,,,,
016880,1842.0,82000000.0,1835.0,1852.0,1804.0,45242.0,
271980,10000.0,74000000.0,10090.0,10090.0,9890.0,7519.0,
138520,36375.0,739000000.0,,,,,
0104H0,11995.0,417000000.0,,,,,
0180V0,7680.0,1126000000.0,,,,,
530136,14580.0,530000000.0,,,,,
491610,105150.0,256000000.0,,,,,
097955,109400.0,360000000.0,109900.0,109900.0,108500.0,3306.0,
004970,9070.0,46000000.0,9020.0,9070.0,8930.0,5240.0,
025820,4320.0,352000000.0,4260.0,4390.0,4260.0,81364.0,
003830,108100.0,14000000.0,109700.0,109700.0,106000.0,134.0,
0199C0,8925.0,3572000000.0,,,,,
000020,5120.0,116000000.0,5150.0,5180.0,5080.0,22811.0,
481180,16775.0,1520000000.0,,,,,
0051G0,11540.0,676000000.0,,,,,
0127M0,11815.0,870000000.0,,,,,
143860,35620.0,284000000.0,,,,,
071840,5980.0,33000000.0,5950.0,6000.0,5910.0,5691.0,
012610,3390.0,793000000.0,3360.0,3510.0,3345.0,231768.0,
498180,93500.0,0.0,,,,,
001080,4000.0,120000000.0,3855.0,4090.0,3855.0,30376.0,
0041E0,16125.0,1262000000.0,,,,,
0131W0,102380.0,616000000.0,,,,,
015890,4785.0,92000000.0,4745.0,4805.0,4730.0,19366.0,
008970,1340.0,7227000000.0,1417.0,1438.0,1323.0,5244208.0,
495330,32305.0,196000000.0,,,,,
107590,59700.0,6000000.0,60300.0,60300.0,59700.0,110.0,
008350,1071.0,378000000.0,1071.0,1074.0,1059.0,354850.0,
003480,4680.0,142000000.0,4735.0,4750.0,4650.0,30332.0,
0085P0,9295.0,4746000000.0,,,,,
094280,11900.0,18000000.0,12000.0,12000.0,11900.0,1560.0,
011690,3740.0,1214000000.0,3590.0,3865.0,3590.0,322626.0,
476030,17355.0,680000000.0,,,,,
760007,34195.0,11000000.0,,,,,
0048K0,7600.0,3535000000.0,,,,,
570106,54460.0,0.0,,,,,
014280,4630.0,749000000.0,4690.0,4700.0,4570.0,161985.0,
245340,33550.0,309000000.0,,,,,
760011,8715.0,31000000.0,,,,,
001360,1433.0,1013000000.0,1466.0,1500.0,1410.0,698122.0,
004080,14460.0,52000000.0,14500.0,14500.0,14300.0,3614.0,
081000,9460.0,198000000.0,9290.0,9480.0,9190.0,21233.0,
0209D0,8665.0,8867000000.0,,,,,
451530,35930.0,1070000000.0,,,,,
018470,5230.0,246000000.0,5190.0,5280.0,5110.0,47130.0,
463680,23000.0,4884000000.0,,,,,
570050,26285.0,0.0,,,,,
0074K0,17880.0,789000000.0,,,,,
024090,11480.0,15000000.0,11470.0,11500.0,11420.0,1392.0,
0091M0,10180.0,5000000.0,,,,,
325010,44895.0,78000000.0,,,,,
0181B0,10425.0,2426000000.0,,,,,
411420,27290.0,329000000.0,,,,,
214390,5420.0,121000000.0,5440.0,5500.0,5370.0,22333.0,
139220,7600.0,1644000000.0,,,,,
0092B0,15485.0,1332000000.0,,,,,
092220,3215.0,1380000000.0,3220.0,3340.0,3180.0,423698.0,
015590,2395.0,321000000.0,2425.0,2440.0,2350.0,134148.0,
013520,2555.0,155000000.0,2530.0,2615.0,2510.0,60541.0,
461500,105680.0,11000000.0,,,,,
520066,21185.0,125000000.0,,,,,
550092,126775.0,5000000.0,,,,,
500037,63225.0,9000000.0,,,,,
009270,1101.0,211000000.0,1095.0,1111.0,1085.0,193075.0,
463290,109545.0,826000000.0,,,,,
004960,10900.0,201000000.0,10980.0,11060.0,10800.0,18596.0,
448100,114595.0,794000000.0,,,,,
267290,21300.0,70000000.0,21000.0,21400.0,20850.0,3377.0,
447620,15885.0,648000000.0,,,,,
078000,13510.0,8000000.0,13520.0,13700.0,13380.0,626.0,
377990,25415.0,1864000000.0,,,,,
006060,2240.0,62000000.0,2220.0,2250.0,2205.0,28252.0,
009070,4120.0,375000000.0,4085.0,4155.0,4085.0,91111.0,
0000Y0,102120.0,1000000.0,,,,,
002210,1278.0,38000000.0,1297.0,1305.0,1277.0,29875.0,
210540,11120.0,172000000.0,11090.0,11160.0,11090.0,15558.0,
328370,39425.0,2000000.0,,,,,
001520,1137.0,198000000.0,1120.0,1139.0,1116.0,175755.0,
005800,13520.0,14000000.0,13580.0,13580.0,13360.0,1074.0,
214420,5050.0,156000000.0,5100.0,5160.0,5050.0,30794.0,
438570,98485.0,17000000.0,,,,,
089470,3800.0,202000000.0,3790.0,3815.0,3735.0,53818.0,
304660,6880.0,608000000.0,,,,,
469170,5915.0,2896000000.0,,,,,
332940,50270.0,184000000.0,,,,,
0123G0,5800.0,866000000.0,,,,,
350520,3260.0,73000000.0,3325.0,3325.0,3250.0,22496.0,
003010,9450.0,3212000000.0,10020.0,10030.0,9440.0,333932.0,
004100,3270.0,1067000000.0,3165.0,3280.0,3160.0,332174.0,
002620,7450.0,26000000.0,7300.0,7500.0,7300.0,3535.0,
037560,1532.0,195000000.0,1521.0,1541.0,1505.0,128193.0,
0168K0,5730.0,5102000000.0,,,,,
001210,9350.0,37308000000.0,9480.0,10420.0,9210.0,3761621.0,
014530,3385.0,232000000.0,3365.0,3405.0,3335.0,69117.0,
114820,105300.0,607000000.0,,,,,
002390,8560.0,12000000.0,8540.0,8700.0,8520.0,1447.0,
0184L0,100825.0,237000000.0,,,,,
192090,11405.0,1133000000.0,,,,,
399110,20460.0,316000000.0,,,,,
326240,46645.0,450000000.0,,,,,
0000J0,29060.0,2211000000.0,,,,,
017550,1862.0,281000000.0,1840.0,1870.0,1840.0,151460.0,
491230,52645.0,302000000.0,,,,,
227840,12750.0,124000000.0,12730.0,12950.0,12600.0,9828.0,
0174B0,15835.0,1363000000.0,,,,,
034590,26300.0,102000000.0,26350.0,26350.0,25950.0,3934.0,
266370,74000.0,1280000000.0,,,,,
475310,32750.0,53672000000.0,,,,,
304940,33600.0,54000000.0,,,,,
016740,3965.0,44000000.0,4030.0,4030.0,3960.0,11185.0,
367770,21960.0,570000000.0,,,,,
319640,24575.0,379000000.0,,,,,
079430,5610.0,68000000.0,5630.0,5660.0,5550.0,12125.0,
083420,4700.0,92000000.0,4675.0,4730.0,4610.0,19779.0,
002460,11070.0,42000000.0,10910.0,11070.0,10850.0,3882.0,
182480,12755.0,196000000.0,,,,,
023450,32000.0,20000000.0,32200.0,32350.0,32000.0,633.0,
455860,4640.0,2984000000.0,,,,,
0036R0,19875.0,675000000.0,,,,,
013570,4190.0,106000000.0,4200.0,4200.0,4135.0,25470.0,
476850,22050.0,1430000000.0,,,,,
012200,3110.0,1593000000.0,3140.0,3200.0,3080.0,506995.0,
016710,6840.0,70000000.0,6930.0,6930.0,6830.0,10301.0,
0221V0,100770.0,109000000.0,,,,,
011810,3530.0,0.0,0.0,0.0,0.0,0.0,
570019,7295.0,0.0,,,,,
012800,1200.0,364000000.0,1194.0,1221.0,1194.0,301524.0,
009580,1753.0,263000000.0,1713.0,1769.0,1713.0,150937.0,
570116,54405.0,2000000.0,,,,,
488500,11950.0,384000000.0,,,,,
014580,3900.0,450000000.0,3740.0,3910.0,3740.0,116914.0,
496090,32570.0,249000000.0,,,,,
006660,13150.0,1685000000.0,13090.0,13310.0,13010.0,128122.0,
0193M0,50410.0,15000000.0,,,,,
0137V0,11580.0,1116000000.0,,,,,
0132K0,7915.0,1118000000.0,,,,,
008040,7540.0,82000000.0,7630.0,7650.0,7320.0,11100.0,
021820,10620.0,84000000.0,11130.0,11130.0,10500.0,7992.0,
309230,28775.0,228000000.0,,,,,
010100,3460.0,144000000.0,3430.0,3500.0,3405.0,41929.0,
078935,59100.0,155000000.0,58500.0,59200.0,57700.0,2649.0,
004250,2850.0,14000000.0,2870.0,2880.0,2850.0,4965.0,
0138Y0,9510.0,601000000.0,,,,,
464310,13390.0,169000000.0,,,,,
203780,34310.0,470000000.0,,,,,
123690,6490.0,266000000.0,6510.0,6530.0,6410.0,41289.0,
120030,82800.0,23000000.0,83300.0,83300.0,81800.0,285.0,
500050,51845.0,100000000.0,,,,,
251340,2215.0,106847000000.0,,,,,
011280,1460.0,99000000.0,1395.0,1460.0,1395.0,69320.0,
0177X0,10025.0,5845000000.0,,,,,
027970,2710.0,8000000.0,2690.0,2725.0,2685.0,3198.0,
267850,9260.0,24000000.0,9360.0,9360.0,9210.0,2596.0,
012320,43450.0,83000000.0,44300.0,44300.0,42500.0,1926.0,
0191W0,101055.0,4000000.0,,,,,
0122W0,51135.0,1000000.0,,,,,
464930,20290.0,76000000.0,,,,,
0135Y0,100550.0,9000000.0,,,,,
0080Y0,7610.0,2388000000.0,,,,,
372330,6115.0,1542000000.0,,,,,
119650,918.0,0.0,0.0,0.0,0.0,0.0,
465610,41960.0,168000000.0,,,,,
37550L,47500.0,48000000.0,48150.0,48150.0,47500.0,1017.0,
248170,21900.0,325000000.0,21700.0,22000.0,21700.0,14859.0,
530055,99955.0,8000000.0,,,,,
035000,6160.0,1575000000.0,6120.0,6180.0,6080.0,258101.0,
458030,55190.0,0.0,,,,,
168580,31895.0,28000000.0,,,,,
002450,1097.0,79000000.0,1079.0,1099.0,1079.0,72762.0,
475050,6620.0,3952000000.0,,,,,
486240,31705.0,203000000.0,,,,,
0162L0,12175.0,2997000000.0,,,,,
0142D0,10405.0,1357000000.0,,,,,
394660,14830.0,30000000.0,,,,,
610037,6935.0,0.0,,,,,
070960,2005.0,19000000.0,2020.0,2030.0,1998.0,9711.0,
0198A0,8970.0,8792000000.0,,,,,
461460,51495.0,1364000000.0,,,,,
417310,2375.0,163000000.0,2385.0,2385.0,2370.0,68823.0,
580039,191410.0,24000000.0,,,,,
008700,1240.0,91000000.0,1239.0,1253.0,1236.0,73575.0,
025620,5240.0,57000000.0,5230.0,5240.0,5080.0,11188.0,
002780,6540.0,244000000.0,6500.0,6550.0,6470.0,37595.0,
008260,3325.0,110000000.0,3320.0,3350.0,3300.0,33175.0,
453080,23765.0,396000000.0,,,,,
264900,7590.0,44000000.0,7670.0,7670.0,7580.0,5914.0,
014790,2500.0,61000000.0,2520.0,2520.0,2485.0,24651.0,
473440,10865.0,39000000.0,,,,,
433970,13895.0,190000000.0,,,,,
007210,1442.0,70000000.0,1429.0,1442.0,1422.0,48992.0,
007540,46700.0,313000000.0,46500.0,46900.0,46250.0,6738.0,
0008T0,16500.0,21757000000.0,,,,,
0176E0,9890.0,128000000.0,,,,,
195980,15300.0,1719000000.0,,,,,
530061,31280.0,495000000.0,,,,,
001290,4330.0,186000000.0,4140.0,4360.0,4140.0,43645.0,
067830,2285.0,93000000.0,2280.0,2310.0,2270.0,40904.0,
013700,1569.0,108000000.0,1575.0,1588.0,1560.0,69008.0,
0035T0,19530.0,355000000.0,,,,,
363280,2060.0,7000000.0,2030.0,2080.0,2025.0,3830.0,
032560,5500.0,89000000.0,5500.0,5530.0,5470.0,16242.0,
014440,4665.0,47000000.0,4660.0,4665.0,4635.0,10179.0,
479620,26975.0,1717000000.0,,,,,
006840,7000.0,32000000.0,6990.0,7060.0,6900.0,4625.0,
002200,2765.0,48000000.0,2785.0,2785.0,2720.0,17622.0,
308620,10965.0,509000000.0,,,,,
0197X0,5495.0,41677000000.0,,,,,
019180,5070.0,259000000.0,5020.0,5120.0,5010.0,51325.0,
058850,2200.0,89000000.0,2200.0,2220.0,2190.0,40531.0,
036580,2480.0,54000000.0,2510.0,2510.0,2465.0,22116.0,
001275,30300.0,2000000.0,30250.0,30300.0,30100.0,97.0,
143850,77275.0,60000000.0,,,,,
298770,84775.0,490000000.0,,,,,
139990,2330.0,40000000.0,2310.0,2335.0,2290.0,17489.0,
0007N0,112775.0,9000000.0,,,,,
0052T0,50855.0,2036000000.0,,,,,
096775,72100.0,378000000.0,69500.0,73400.0,69400.0,5318.0,
269540,30000.0,129000000.0,,,,,
325020,28990.0,95000000.0,,,,,
003580,1771.0,528000000.0,1846.0,1846.0,1760.0,293468.0,
058860,2575.0,274000000.0,2570.0,2605.0,2565.0,106355.0,
454320,41600.0,70000000.0,,,,,
114100,106290.0,807000000.0,,,,,
610064,55165.0,0.0,,,,,
0066W0,11980.0,417000000.0,,,,,
444490,19785.0,238000000.0,,,,,
530107,1464.0,48630000000.0,,,,,
023000,2210.0,6000000.0,2220.0,2225.0,2195.0,3161.0,
261270,8290.0,59000000.0,,,,,
468380,10365.0,362000000.0,,,,,
004140,1812.0,155000000.0,1800.0,1819.0,1790.0,86396.0,
495040,32145.0,143000000.0,,,,,
211900,27340.0,158000000.0,,,,,
329670,21505.0,110000000.0,,,,,
453330,18175.0,238000000.0,,,,,
006090,9040.0,21000000.0,8890.0,9070.0,8870.0,2413.0,
475280,10755.0,265000000.0,,,,,
359210,36520.0,158000000.0,,,,,
007980,1787.0,311000000.0,1800.0,1800.0,1779.0,174018.0,
004890,34450.0,17000000.0,35350.0,35350.0,34450.0,498.0,
485690,22885.0,321000000.0,,,,,
002600,139000.0,0.0,139300.0,139300.0,139000.0,4.0,
33626K,6210.0,29000000.0,6180.0,6290.0,6110.0,4692.0,
011700,2555.0,361000000.0,2525.0,2585.0,2515.0,141621.0,
329660,17585.0,112000000.0,,,,,
0017Y0,94565.0,1000000.0,,,,,
460960,10395.0,342000000.0,,,,,
000850,37250.0,56000000.0,37600.0,37600.0,36850.0,1530.0,
337140,37200.0,468000000.0,,,,,
000590,70300.0,16000000.0,70200.0,70400.0,69400.0,238.0,
108450,40420.0,133000000.0,,,,,
500096,16165.0,2000000.0,,,,,
429760,19165.0,1563000000.0,,,,,
449770,20575.0,72000000.0,,,,,
055490,16700.0,353000000.0,16390.0,16950.0,16300.0,21206.0,
001260,8120.0,502000000.0,8000.0,8300.0,8000.0,61539.0,
023800,5050.0,80000000.0,5040.0,5060.0,5010.0,16021.0,
495750,32570.0,133000000.0,,,,,
0018C0,10360.0,440000000.0,,,,,
111380,12920.0,36000000.0,12920.0,12920.0,12550.0,2828.0,
009180,2810.0,88000000.0,2780.0,2815.0,2770.0,31760.0,
109070,7490.0,203000000.0,7450.0,7730.0,7230.0,27264.0,
490480,28720.0,633000000.0,,,,,
0057H0,11415.0,918000000.0,,,,,
469060,37485.0,836000000.0,,,,,
069730,5450.0,94000000.0,5490.0,5570.0,5410.0,17385.0,
365040,37250.0,731000000.0,,,,,
0225V0,12000.0,8680000000.0,,,,,
005740,5240.0,45000000.0,5170.0,5250.0,5140.0,8739.0,
138530,12065.0,751000000.0,,,,,
163560,5570.0,40000000.0,5550.0,5590.0,5500.0,7270.0,
0049M0,10955.0,382000000.0,,,,,
004840,3990.0,30000000.0,3935.0,3995.0,3925.0,7677.0,
007610,4270.0,2719000000.0,4450.0,4480.0,4255.0,623367.0,
0098N0,12810.0,363000000.0,,,,,
007590,5600.0,26000000.0,5580.0,5600.0,5550.0,4807.0,
210780,23095.0,117000000.0,,,,,
0238F0,10965.0,1981000000.0,,,,,
550093,38095.0,101000000.0,,,,,
364960,6355.0,64000000.0,,,,,
0240J0,10720.0,4189000000.0,,,,,
002220,2810.0,119000000.0,2815.0,2865.0,2750.0,42607.0,
010960,3095.0,86000000.0,3050.0,3095.0,3050.0,27965.0,
0210E0,7375.0,5505000000.0,,,,,
013360,1375.0,122000000.0,1392.0,1392.0,1366.0,89402.0,
412770,12975.0,22000000.0,,,,,
000105,64500.0,29000000.0,64800.0,66900.0,63800.0,451.0,
292190,49370.0,115000000.0,,,,,
214330,7070.0,163000000.0,7050.0,7080.0,6900.0,23349.0,
0080X0,10555.0,534000000.0,,,,,
228810,3000.0,1182000000.0,,,,,
298340,56635.0,1567000000.0,,,,,
157490,7910.0,306000000.0,,,,,
272910,106315.0,4000000.0,,,,,
013870,3820.0,12000000.0,3890.0,3890.0,3800.0,3297.0,
550091,36245.0,263000000.0,,,,,
292770,58040.0,0.0,,,,,
338100,3870.0,169000000.0,3835.0,3880.0,3835.0,43988.0,
024900,2210.0,165000000.0,2220.0,2265.0,2190.0,74211.0,
0098Z0,95725.0,0.0,,,,,
000230,6190.0,83000000.0,6150.0,6210.0,6020.0,13617.0,
475350,13975.0,311000000.0,,,,,
014160,655.0,0.0,0.0,0.0,0.0,0.0,
441540,26070.0,234000000.0,,,,,
0102A0,8735.0,783000000.0,,,,,
005750,4235.0,74000000.0,4280.0,4280.0,4200.0,17672.0,
002795,11010.0,70000000.0,11230.0,11230.0,10910.0,6430.0,
063160,12790.0,70000000.0,13120.0,13130.0,12650.0,5529.0,
120115,25250.0,14000000.0,25100.0,25250.0,24900.0,575.0,
0190Y0,8615.0,292000000.0,,,,,
001020,1960.0,7000000.0,1950.0,1964.0,1947.0,3907.0,
0022T0,12235.0,412000000.0,,,,,
266420,16210.0,356000000.0,,,,,
071090,3445.0,2644000000.0,3550.0,3610.0,3410.0,755134.0,
530115,69530.0,3000000.0,,,,,
002720,3280.0,90000000.0,3290.0,3325.0,3275.0,27581.0,
010660,3150.0,293000000.0,3065.0,3185.0,3060.0,93571.0,
004440,5440.0,119000000.0,5530.0,5530.0,5400.0,21947.0,
0233A0,10820.0,441000000.0,,,,,
031820,5720.0,39000000.0,5670.0,5730.0,5650.0,6963.0,
002700,1010.0,584000000.0,1005.0,1012.0,999.0,581140.0,
211560,34350.0,141000000.0,,,,,
465330,11745.0,2108000000.0,,,,,
453950,35360.0,712000000.0,,,,,
500071,27555.0,4000000.0,,,,,
009770,27500.0,108000000.0,28250.0,28500.0,27300.0,3955.0,
095720,1206.0,38000000.0,1200.0,1217.0,1189.0,31561.0,
130730,103235.0,94000000.0,,,,,
001560,8950.0,12000000.0,9060.0,9180.0,8950.0,1421.0,
155660,4250.0,143000000.0,4330.0,4330.0,4220.0,33663.0,
492500,51435.0,7000000.0,,,,,
550084,33990.0,0.0,,,,,
011150,1887.0,39000000.0,1901.0,1905.0,1882.0,20666.0,
570120,13555.0,189000000.0,,,,,
491700,112615.0,0.0,,,,,
010040,1640.0,55000000.0,1720.0,1720.0,1639.0,33585.0,
530126,33655.0,0.0,,,,,
278620,119265.0,68000000.0,,,,,
530131,22330.0,3000000.0,,,,,
228800,2600.0,456000000.0,,,,,
418670,19175.0,1807000000.0,,,,,
084670,23000.0,113000000.0,23550.0,24000.0,23000.0,4864.0,
000180,4770.0,152000000.0,4815.0,4815.0,4735.0,31880.0,
433880,18230.0,310000000.0,,,,,
079980,1926.0,63000000.0,1922.0,1935.0,1913.0,33203.0,
0222D0,10060.0,1312000000.0,,,,,
084680,2340.0,374000000.0,2690.0,2750.0,2320.0,153178.0,
610066,55220.0,0.0,,,,,
0113D0,11605.0,124000000.0,,,,,
017370,3595.0,26000000.0,3550.0,3595.0,3490.0,7420.0,
085310,8870.0,25000000.0,8930.0,8930.0,8810.0,2912.0,
520095,26305.0,3274000000.0,,,,,
277640,38510.0,277000000.0,,,,,
473640,31095.0,426000000.0,,,,,
019680,1623.0,21000000.0,1629.0,1637.0,1600.0,13387.0,
700022,32625.0,0.0,,,,,
004770,1837.0,2522000000.0,1945.0,1970.0,1829.0,1339413.0,
007280,2275.0,21000000.0,2335.0,2335.0,2210.0,9644.0,
278240,9045.0,1289000000.0,,,,,
100220,4995.0,63000000.0,5110.0,5110.0,4945.0,12709.0,
005870,4585.0,245000000.0,4550.0,4605.0,4410.0,53858.0,
004720,2850.0,28000000.0,2880.0,2900.0,2825.0,9911.0,
058730,3180.0,444000000.0,3155.0,3235.0,3110.0,139205.0,
018500,1377.0,50000000.0,1377.0,1390.0,1341.0,36773.0,
306950,80415.0,29000000.0,,,,,
520081,64115.0,0.0,,,,,
580082,25580.0,149000000.0,,,,,
252400,106200.0,88000000.0,,,,,
458750,12190.0,140000000.0,,,,,
0123S0,10210.0,11000000.0,,,,,
009200,1520.0,59000000.0,1507.0,1526.0,1500.0,39339.0,
580010,10505.0,0.0,,,,,
007815,21250.0,10000000.0,20900.0,21400.0,20900.0,503.0,
570100,20955.0,104000000.0,,,,,
0115E0,14410.0,195000000.0,,,,,
261240,13965.0,2170000000.0,,,,,
210980,3355.0,299000000.0,3560.0,3560.0,3345.0,88401.0,
016090,1410.0,17000000.0,1407.0,1410.0,1398.0,12523.0,
419890,107645.0,2000000.0,,,,,
520080,20795.0,0.0,,,,,
530067,31125.0,21000000.0,,,,,
480370,1916.0,284000000.0,1993.0,2045.0,1892.0,145173.0,
520100,12380.0,1148000000.0,,,,,
495940,19610.0,145000000.0,,,,,
004450,28500.0,21000000.0,27800.0,28500.0,27650.0,755.0,
455660,9145.0,208000000.0,,,,,
068290,6100.0,68000000.0,6160.0,6200.0,6040.0,11205.0,
520086,24390.0,1000000.0,,,,,
0220B0,12660.0,18957000000.0,,,,,
014990,4040.0,761000000.0,3935.0,4085.0,3810.0,191501.0,
072130,4780.0,65000000.0,4850.0,4850.0,4770.0,13715.0,
491220,133155.0,704000000.0,,,,,
002760,1000.0,42000000.0,1000.0,1000.0,995.0,42268.0,
760018,9960.0,0.0,,,,,
440640,112950.0,44000000.0,,,,,
275980,23855.0,3000000.0,,,,,
000220,3780.0,82000000.0,3815.0,3815.0,3745.0,21796.0,
372910,2140.0,293000000.0,2135.0,2195.0,2125.0,136134.0,
0040S0,23590.0,242000000.0,,,,,
480310,21795.0,433000000.0,,,,,
140700,20165.0,1246000000.0,,,,,
453640,13580.0,257000000.0,,,,,
0172V0,7785.0,620000000.0,,,,,
304780,129425.0,20000000.0,,,,,
111110,6400.0,9000000.0,6440.0,6440.0,6370.0,1482.0,
003925,30650.0,126000000.0,30300.0,30650.0,30150.0,4164.0,
0181L0,6960.0,512000000.0,,,,,
35320K,27500.0,286000000.0,27750.0,27875.0,27100.0,10404.0,
520101,11515.0,314000000.0,,,,,
129260,1922.0,25000000.0,1888.0,1980.0,1888.0,13248.0,
0226A0,11390.0,1101000000.0,,,,,
225040,67500.0,229000000.0,,,,,
37550K,26800.0,51000000.0,26800.0,26800.0,26300.0,1926.0,
001465,26300.0,109000000.0,25800.0,26300.0,25500.0,4262.0,
434960,112940.0,0.0,,,,,
442560,16365.0,174000000.0,,,,,
520087,28175.0,1137000000.0,,,,,
006890,4855.0,51000000.0,4880.0,4880.0,4820.0,10645.0,
385590,24465.0,9000000.0,,,,,
610088,56250.0,267000000.0,,,,,
476750,6915.0,401000000.0,,,,,
0141S0,8545.0,539000000.0,,,,,
075180,2915.0,9000000.0,2945.0,2945.0,2890.0,3284.0,
530124,55930.0,119000000.0,,,,,
020760,902.0,0.0,0.0,0.0,0.0,0.0,
090080,1008.0,60000000.0,1027.0,1027.0,1006.0,59713.0,
003465,3165.0,0.0,3160.0,3165.0,3025.0,272.0,
760016,55195.0,10000000.0,,,,,
570104,18380.0,0.0,,,,,
0238P0,10095.0,1132000000.0,,,,,
500093,55010.0,2000000.0,,,,,
007460,2140.0,751000000.0,1976.0,2195.0,1976.0,355271.0,
0220WL,2320.0,254000000.0,2310.0,2370.0,2305.0,108915.0,
455960,11965.0,5000000.0,,,,,
261070,11460.0,2357000000.0,,,,,
700029,54705.0,0.0,,,,,
580076,27330.0,1000000.0,,,,,
476260,15385.0,10323000000.0,,,,,
520056,27265.0,44000000.0,,,,,
000725,51600.0,180000000.0,53000.0,53000.0,51000.0,3484.0,
025530,3630.0,8000000.0,3625.0,3640.0,3590.0,2429.0,
580068,54180.0,410000000.0,,,,,
378850,2850.0,51000000.0,2850.0,2880.0,2800.0,18090.0,
0000D0,8580.0,339000000.0,,,,,
28513K,25550.0,20000000.0,25450.0,25700.0,25350.0,818.0,
023810,5390.0,41000000.0,5310.0,5400.0,5140.0,8029.0,
580034,107560.0,2000000.0,,,,,
003780,4135.0,145000000.0,4165.0,4170.0,4115.0,35058.0,
396690,1355.0,51000000.0,1351.0,1455.0,1341.0,37601.0,
530133,53645.0,69000000.0,,,,,
401470,9325.0,45000000.0,,,,,
0166S0,11755.0,403000000.0,,,,,
006125,43400.0,153000000.0,42300.0,44050.0,42150.0,3518.0,
092440,1830.0,74000000.0,1835.0,1856.0,1826.0,40651.0,
021050,1125.0,108000000.0,1117.0,1130.0,1100.0,96768.0,
0194T0,9875.0,305000000.0,,,,,
003475,4155.0,15000000.0,4165.0,4170.0,4140.0,3678.0,
002410,1935.0,0.0,0.0,0.0,0.0,0.0,
520089,10630.0,5000000.0,,,,,
0041D0,14350.0,1167000000.0,,,,,
253150,212015.0,43000000.0,,,,,
520092,26485.0,604000000.0,,,,,
150460,7205.0,309000000.0,,,,,
001550,10190.0,73000000.0,10190.0,10280.0,10120.0,7257.0,
0111J0,11985.0,232000000.0,,,,,
275300,30995.0,309000000.0,,,,,
479730,8875.0,73000000.0,,,,,
530113,52235.0,0.0,,,,,
101280,30315.0,86000000.0,,,,,
0046Y0,12125.0,102000000.0,,,,,
004830,3325.0,59000000.0,3320.0,3340.0,3270.0,18023.0,
006980,16840.0,9000000.0,16910.0,16910.0,16710.0,587.0,
012690,1421.0,45000000.0,1419.0,1430.0,1407.0,32128.0,
114470,107700.0,32000000.0,,,,,
152500,46995.0,592000000.0,,,,,
287180,57315.0,432000000.0,,,,,
292560,7925.0,564000000.0,,,,,
011230,2680.0,363000000.0,2670.0,2710.0,2660.0,135627.0,
445150,27680.0,159000000.0,,,,,
010770,3500.0,42000000.0,3505.0,3540.0,3490.0,12042.0,
005305,66000.0,6000000.0,66100.0,66100.0,65600.0,99.0,
0113P0,102705.0,1071000000.0,,,,,
0118Z0,8590.0,127000000.0,,,,,
123700,3275.0,45000000.0,3265.0,3300.0,3245.0,13740.0,
336160,100105.0,0.0,,,,,
473490,33655.0,585000000.0,,,,,
011390,47800.0,91000000.0,46800.0,49700.0,46750.0,1914.0,
0139P0,13250.0,186000000.0,,,,,
520072,16770.0,0.0,,,,,
0118S0,10885.0,334000000.0,,,,,
006880,4220.0,34000000.0,4340.0,4340.0,4155.0,8075.0,
0000Z0,8530.0,981000000.0,,,,,
0185L0,7105.0,101000000.0,,,,,
475260,10770.0,62000000.0,,,,,
000950,29500.0,19000000.0,29650.0,31000.0,29100.0,655.0,
316670,7570.0,4562000000.0,,,,,
580056,24750.0,3000000.0,,,,,
204480,20765.0,194000000.0,,,,,
140950,88045.0,469000000.0,,,,,
011300,2860.0,120000000.0,2920.0,2920.0,2765.0,42676.0,
610061,24645.0,47000000.0,,,,,
295020,60710.0,0.0,,,,,
442260,39380.0,80000000.0,,,,,
461340,44385.0,100000000.0,,,,,
001620,2190.0,15000000.0,2185.0,2190.0,2150.0,6988.0,
218420,19825.0,982000000.0,,,,,
002630,1640.0,41000000.0,1647.0,1657.0,1628.0,25358.0,
440910,21600.0,338000000.0,,,,,
011000,2670.0,0.0,0.0,0.0,0.0,0.0,
005320,1417.0,557000000.0,1330.0,1441.0,1308.0,403222.0,
261220,26910.0,1524000000.0,,,,,
101140,4820.0,12000000.0,4835.0,4950.0,4600.0,2562.0,
002140,1941.0,179000000.0,1923.0,1945.0,1923.0,92699.0,
004410,1220.0,88000000.0,1216.0,1225.0,1200.0,72872.0,
0178H0,10240.0,139000000.0,,,,,
0141T0,50380.0,0.0,,,,,
700027,47835.0,601000000.0,,,,,
009835,18770.0,176000000.0,18530.0,19000.0,18430.0,9390.0,
009320,965.0,60000000.0,963.0,971.0,953.0,63423.0,
0207G0,8120.0,5340000000.0,,,,,
442090,31645.0,17000000.0,,,,,
0020H0,22595.0,205000000.0,,,,,
305050,72950.0,112000000.0,,,,,
447430,16585.0,240000000.0,,,,,
360140,21385.0,398000000.0,,,,,
610101,46950.0,0.0,,,,,
041650,2180.0,4000000.0,2210.0,2210.0,2140.0,2293.0,
0086B0,9500.0,262000000.0,,,,,
520057,1476.0,22878000000.0,,,,,
069460,2660.0,0.0,0.0,0.0,0.0,0.0,
357250,1852.0,11000000.0,1848.0,1855.0,1839.0,6211.0,
002920,1783.0,107000000.0,1766.0,1805.0,1766.0,60140.0,
004540,1240.0,10000000.0,1240.0,1258.0,1204.0,8194.0,
473590,19620.0,447000000.0,,,,,
000910,2950.0,54000000.0,2955.0,2990.0,2935.0,18391.0,
123310,1086.0,1872000000.0,,,,,
371470,8680.0,100000000.0,,,,,
487130,31580.0,788000000.0,,,,,
481430,98385.0,117000000.0,,,,,
196030,91410.0,6000000.0,,,,,
375770,25380.0,11000000.0,,,,,
092780,3450.0,114000000.0,3390.0,3485.0,3370.0,33259.0,
570119,45215.0,0.0,,,,,
530143,45150.0,94000000.0,,,,,
238720,49805.0,91000000.0,,,,,
074610,5110.0,0.0,0.0,0.0,0.0,0.0,
084870,2190.0,14000000.0,2185.0,2190.0,2145.0,6915.0,
0186S0,8745.0,3327000000.0,,,,,
580081,44580.0,8000000.0,,,,,
276990,25180.0,89000000.0,,,,,
520102,22275.0,29081000000.0,,,,,
003080,2220.0,40000000.0,2225.0,2270.0,2190.0,18263.0,
453650,17770.0,695000000.0,,,,,
200030,39365.0,257000000.0,,,,,
004910,3465.0,15000000.0,3400.0,3465.0,3365.0,4654.0,
0194M0,12390.0,444000000.0,,,,,
014910,2000.0,305000000.0,1976.0,2030.0,1971.0,152147.0,
520091,10815.0,2000000.0,,,,,
017180,1273.0,56000000.0,1269.0,1276.0,1258.0,44660.0,
440650,11350.0,284000000.0,,,,,
446070,4045.0,142000000.0,4065.0,4095.0,3990.0,35301.0,
0197W0,9695.0,783000000.0,,,,,
570118,10680.0,20000000.0,,,,,
008420,2075.0,73000000.0,2085.0,2110.0,2075.0,35105.0,
520078,14180.0,0.0,,,,,
0089C0,11190.0,22000000.0,,,,,
002870,1216.0,244000000.0,1125.0,1230.0,1111.0,205090.0,
481850,977.0,9000000.0,980.0,980.0,970.0,9313.0,
026940,2120.0,222000000.0,2140.0,2140.0,2105.0,105200.0,
520073,42345.0,2000000.0,,,,,
004060,2090.0,139000000.0,2075.0,2140.0,2070.0,66119.0,
0112X0,42255.0,454000000.0,,,,,
550041,60210.0,0.0,,,,,
100910,17540.0,230000000.0,,,,,
256750,13760.0,258000000.0,,,,,
011330,4195.0,376000000.0,4035.0,4230.0,3960.0,91789.0,
0191M0,100875.0,0.0,,,,,
472840,111280.0,55000000.0,,,,,
401170,10630.0,13000000.0,,,,,
019490,541.0,0.0,0.0,0.0,0.0,0.0,
448570,30505.0,3000000.0,,,,,
023350,3760.0,66000000.0,3865.0,3875.0,3710.0,17814.0,
0132H0,6915.0,260000000.0,,,,,
183700,97560.0,268000000.0,,,,,
000215,24200.0,3000000.0,24250.0,24250.0,24050.0,126.0,
491830,23220.0,362000000.0,,,,,
017040,932.0,0.0,0.0,0.0,0.0,0.0,
472830,7275.0,176000000.0,,,,,
004920,7720.0,597000000.0,9000.0,9070.0,7600.0,73462.0,
469050,34765.0,1838000000.0,,,,,
570117,1814.0,466000000.0,,,,,
275280,44305.0,142000000.0,,,,,
520074,13225.0,0.0,,,,,
500095,6600.0,13000000.0,,,,,
008870,39400.0,20000000.0,39100.0,39400.0,38950.0,524.0,
007110,2540.0,950000000.0,2780.0,2780.0,2510.0,367309.0,
011420,1427.0,35000000.0,1442.0,1479.0,1420.0,24404.0,
049800,1955.0,178000000.0,1945.0,2030.0,1882.0,91051.0,
0189B0,7515.0,160000000.0,,,,,
450910,14890.0,2328000000.0,,,,,
139320,17335.0,96000000.0,,,,,
322410,22265.0,156000000.0,,,,,
139280,12100.0,41000000.0,,,,,
009810,1898.0,9000000.0,1880.0,1923.0,1863.0,5121.0,
0100K0,6435.0,4031000000.0,,,,,
145270,803.0,47000000.0,800.0,804.0,791.0,59298.0,
520082,12840.0,46000000.0,,,,,
0192L0,10065.0,119000000.0,,,,,
047400,913.0,76000000.0,919.0,930.0,903.0,84119.0,
494840,11395.0,209000000.0,,,,,
023960,1002.0,17000000.0,999.0,1018.0,993.0,17150.0,
428510,22405.0,129000000.0,,,,,
0234N0,10720.0,1858000000.0,,,,,
365000,3750.0,296000000.0,,,,,
500094,1799.0,601000000.0,,,,,
610038,3765.0,3000000.0,,,,,
570102,18735.0,1000000.0,,,,,
134790,18590.0,2000000.0,18920.0,18920.0,18580.0,124.0,
449690,49435.0,1000000.0,,,,,
610078,30835.0,189000000.0,,,,,
0007G0,12120.0,234000000.0,,,,,
002360,3325.0,998000000.0,3620.0,3620.0,2855.0,308715.0,
147970,80285.0,432000000.0,,,,,
0204S0,8310.0,1491000000.0,,,,,
133820,990.0,19000000.0,990.0,1013.0,972.0,20219.0,
027740,1156.0,20000000.0,1158.0,1161.0,1140.0,18260.0,
570029,7340.0,0.0,,,,,
000890,1327.0,121000000.0,1311.0,1334.0,1307.0,91437.0,
570103,3665.0,4000000.0,,,,,
276650,48860.0,16000000.0,,,,,
195930,22590.0,681000000.0,,,,,
352540,10600.0,140000000.0,,,,,
400970,7185.0,39000000.0,,,,,
0085N0,9435.0,360000000.0,,,,,
494410,14325.0,66000000.0,,,,,
464470,44355.0,497000000.0,,,,,
002880,3790.0,122000000.0,3670.0,3825.0,3630.0,32590.0,
385520,16465.0,187000000.0,,,,,
760024,7840.0,8000000.0,,,,,
760005,35215.0,0.0,,,,,
276970,7490.0,40000000.0,,,,,
012280,3550.0,49000000.0,3500.0,3565.0,3470.0,14158.0,
104530,17115.0,110000000.0,,,,,
520077,14020.0,8000000.0,,,,,
241390,15910.0,181000000.0,,,,,
510045,23330.0,0.0,,,,,
117460,14635.0,1124000000.0,,,,,
530118,11575.0,1001000000.0,,,,,
0184E0,11200.0,1315000000.0,,,,,
500085,34610.0,6000000.0,,,,,
010640,2070.0,120000000.0,2060.0,2110.0,2000.0,58332.0,
530117,34540.0,43000000.0,,,,,
0023B0,16065.0,200000000.0,,,,,
380340,28775.0,143000000.0,,,,,
407830,14385.0,8000000.0,,,,,
610007,6900.0,0.0,,,,,
008250,3145.0,71000000.0,3155.0,3190.0,3060.0,22851.0,
610089,2020.0,3712000000.0,,,,,
266360,9275.0,216000000.0,,,,,
013000,1191.0,27000000.0,1192.0,1200.0,1180.0,22843.0,
009460,2770.0,18000000.0,2740.0,2785.0,2690.0,6781.0,
000760,12190.0,3000000.0,11950.0,12230.0,11950.0,325.0,
580069,1842.0,613000000.0,,,,,
004365,9170.0,5000000.0,9160.0,9210.0,9130.0,644.0,
012160,2160.0,24000000.0,2095.0,2175.0,2045.0,11386.0,
465660,26975.0,22590000000.0,,,,,
580077,11225.0,56000000.0,,,,,
449780,18655.0,189000000.0,,,,,
143210,1199.0,0.0,0.0,0.0,0.0,0.0,
520099,2580.0,9270000000.0,,,,,
105780,16715.0,222000000.0,,,,,
459560,22270.0,332000000.0,,,,,
005820,14530.0,1000000.0,14600.0,14780.0,14010.0,134.0,
261250,15250.0,1120000000.0,,,,,
0154F0,11970.0,391000000.0,,,,,
520079,32915.0,0.0,,,,,
446690,65730.0,1911000000.0,,,,,
491090,18215.0,122000000.0,,,,,
138910,9935.0,214000000.0,,,,,
475070,29800.0,259000000.0,,,,,
498860,16345.0,199000000.0,,,,,
051630,1542.0,460000000.0,1543.0,1574.0,1460.0,301555.0,
452250,4210.0,61000000.0,,,,,
0166N0,9270.0,1125000000.0,,,,,
090370,1186.0,13000000.0,1229.0,1229.0,1170.0,11396.0,
0138T0,9250.0,275000000.0,,,,,
0089B0,11160.0,189000000.0,,,,,
006370,2990.0,69000000.0,3080.0,3105.0,2950.0,23153.0,
122260,104320.0,313000000.0,,,,,
474800,15375.0,529000000.0,,,,,
520065,16125.0,0.0,,,,,
520096,12875.0,9955000000.0,,,,,
261060,29240.0,2358000000.0,,,,,
217770,1099.0,497000000.0,,,,,
014130,2715.0,44000000.0,2720.0,2720.0,2650.0,16631.0,
0192T0,7430.0,2659000000.0,,,,,
156080,53210.0,442000000.0,,,,,
0150K0,11400.0,416000000.0,,,,,
275290,35455.0,135000000.0,,,,,
010400,4185.0,78000000.0,4070.0,4245.0,4070.0,18767.0,
500040,31845.0,1000000.0,,,,,
494340,21065.0,480000000.0,,,,,
469790,44935.0,174000000.0,,,,,
003535,6540.0,86000000.0,6510.0,6640.0,6420.0,13209.0,
322400,9485.0,18000000.0,,,,,
009140,19900.0,19000000.0,19520.0,20000.0,19320.0,971.0,
465350,15625.0,980000000.0,,,,,
395170,15600.0,30000000.0,,,,,
261140,24360.0,178000000.0,,,,,
464920,25935.0,1193000000.0,,,,,
570127,31065.0,25000000.0,,,,,
153270,86040.0,200000000.0,,,,,
0192M0,12475.0,395000000.0,,,,,
468630,10240.0,341000000.0,,,,,
088790,2475.0,46000000.0,2505.0,2515.0,2460.0,18889.0,
001070,5790.0,45000000.0,5700.0,5850.0,5660.0,8011.0,
227540,18440.0,242000000.0,,,,,
025750,1899.0,4000000.0,1890.0,1901.0,1890.0,2483.0,
0083S0,11750.0,436000000.0,,,,,
0155N0,7825.0,145000000.0,,,,,
036420,1584.0,34000000.0,1613.0,1613.0,1570.0,21771.0,
174360,21790.0,15000000.0,,,,,
024070,1986.0,15000000.0,2030.0,2030.0,1951.0,7615.0,
099140,19890.0,231000000.0,,,,,
387270,26215.0,13000000.0,,,,,
069640,1398.0,37000000.0,1443.0,1455.0,1358.0,26546.0,
0218J0,8925.0,779000000.0,,,,,
139270,16485.0,262000000.0,,,,,
117680,12370.0,461000000.0,,,,,
252710,75.0,7638000000.0,,,,,
253250,104310.0,73000000.0,,,,,
395290,4750.0,671000000.0,,,,,
459750,17225.0,66000000.0,,,,,
426150,51420.0,7000000.0,,,,,
570082,1495.0,146000000.0,,,,,
450190,49440.0,0.0,,,,,
459790,20450.0,21000000.0,,,,,
475270,10750.0,0.0,,,,,
530148,29400.0,21498000000.0,,,,,
006570,1931.0,54000000.0,1908.0,1933.0,1825.0,28591.0,
248270,25255.0,55000000.0,,,,,
145850,117170.0,1000000.0,,,,,
025890,2625.0,10000000.0,2625.0,2640.0,2615.0,4185.0,
570072,29175.0,0.0,,,,,
476690,9720.0,134000000.0,,,,,
570069,29100.0,9000000.0,,,,,
520075,29015.0,0.0,,,,,
308170,3370.0,20000000.0,3360.0,3450.0,3300.0,6324.0,
192720,56870.0,175000000.0,,,,,
500035,14440.0,0.0,,,,,
500023,14435.0,0.0,,,,,
006740,4840.0,8000000.0,4865.0,4900.0,4800.0,1756.0,
245350,17815.0,150000000.0,,,,,
570081,28390.0,0.0,,,,,
0223R0,9810.0,140000000.0,,,,,
256440,4625.0,979000000.0,,,,,
289480,13400.0,550000000.0,,,,,
019175,14080.0,1000000.0,14150.0,14150.0,13850.0,133.0,
352560,11410.0,44000000.0,,,,,
496770,15520.0,137000000.0,,,,,
023150,4490.0,212000000.0,4500.0,4505.0,4300.0,48125.0,
009190,617.0,1076000000.0,693.0,725.0,603.0,1638685.0,
223190,27695.0,71000000.0,,,,,
700017,27685.0,4000000.0,,,,,
415920,5800.0,295000000.0,,,,,
003680,4430.0,334000000.0,4560.0,4580.0,4370.0,75154.0,
0224X0,9650.0,439000000.0,,,,,
0155M0,6020.0,242000000.0,,,,,
0049K0,10925.0,140000000.0,,,,,
530106,27300.0,4122000000.0,,,,,
500102,13535.0,128000000.0,,,,,
520093,2255.0,43000000.0,,,,,
520090,6750.0,202000000.0,,,,,
489290,14585.0,18000000.0,,,,,
760004,9985.0,0.0,,,,,
0107F0,10780.0,168000000.0,,,,,
033250,4200.0,152000000.0,4105.0,4250.0,4060.0,37258.0,
610075,44765.0,105000000.0,,,,,
0239Z0,12485.0,6979000000.0,,,,,
007120,981.0,78000000.0,981.0,996.0,958.0,80667.0,
118000,1215.0,14000000.0,1259.0,1259.0,1160.0,11952.0,
167860,92340.0,5000000.0,,,,,
001380,1191.0,407000000.0,1103.0,1268.0,1094.0,340487.0,
481340,7855.0,634000000.0,,,,,
002690,1315.0,52000000.0,1335.0,1335.0,1300.0,39765.0,
520083,26560.0,0.0,,,,,
415340,12810.0,286000000.0,,,,,
476070,9985.0,128000000.0,,,,,
520047,26395.0,0.0,,,,,
0013R0,7325.0,124000000.0,,,,,
700013,26240.0,0.0,,,,,
0137W0,10080.0,36000000.0,,,,,
139250,18425.0,1153000000.0,,,,,
0152E0,10665.0,63000000.0,,,,,
006345,9960.0,148000000.0,9980.0,10500.0,9920.0,14794.0,
006490,1466.0,129000000.0,1423.0,1500.0,1330.0,91353.0,
570047,25985.0,0.0,,,,,
33637K,1536.0,39000000.0,1500.0,1540.0,1490.0,26384.0,
437350,11795.0,86000000.0,,,,,
277540,32240.0,18000000.0,,,,,
271060,8595.0,92000000.0,,,,,
580049,12860.0,0.0,,,,,
0047R0,15575.0,40000000.0,,,,,
002355,3940.0,0.0,3945.0,3945.0,3935.0,152.0,
550069,25555.0,0.0,,,,,
570124,12770.0,0.0,,,,,
440340,11325.0,40000000.0,,,,,
483570,15910.0,27000000.0,,,,,
003060,1564.0,312000000.0,1544.0,1620.0,1511.0,198010.0,
610028,25380.0,101000000.0,,,,,
004270,5560.0,71000000.0,5550.0,5590.0,5330.0,13103.0,
496120,33780.0,217000000.0,,,,,
292500,50560.0,131000000.0,,,,,
530063,25160.0,69000000.0,,,,,
0203S0,8525.0,185000000.0,,,,,
493420,11955.0,103000000.0,,,,,
475380,9465.0,134000000.0,,,,,
367740,45415.0,24000000.0,,,,,
580057,12455.0,0.0,,,,,
292160,49635.0,67000000.0,,,,,
159800,88565.0,145000000.0,,,,,
0209Z0,7180.0,1310000000.0,,,,,
510044,16455.0,0.0,,,,,
245360,11470.0,68000000.0,,,,,
0238C0,10220.0,11000000.0,,,,,
760026,16340.0,753000000.0,,,,,
610022,8140.0,0.0,,,,,
610069,16275.0,1107000000.0,,,,,
0115C0,10370.0,821000000.0,,,,,
0093D0,18735.0,73000000.0,,,,,
368190,7605.0,15000000.0,,,,,
610001,12125.0,0.0,,,,,
0097L0,12425.0,156000000.0,,,,,
357430,794.0,93000000.0,812.0,812.0,711.0,125036.0,
003495,21800.0,17000000.0,21900.0,21900.0,21750.0,818.0,
0198D0,10205.0,318000000.0,,,,,
580048,12090.0,0.0,,,,,
364690,40100.0,160000000.0,,,,,
0164G0,11400.0,70000000.0,,,,,
0103T0,8255.0,1387000000.0,,,,,
0177A0,9335.0,601000000.0,,,,,
185680,44600.0,245000000.0,,,,,
071950,1631.0,75000000.0,1644.0,1662.0,1618.0,46283.0,
442550,14700.0,82000000.0,,,,,
414270,11120.0,32000000.0,,,,,
009310,5330.0,0.0,0.0,0.0,0.0,0.0,
195970,15915.0,703000000.0,,,,,
530128,23175.0,1000000.0,,,,,
570115,23100.0,0.0,,,,,
479850,17080.0,923000000.0,,,,,
138230,15865.0,25000000.0,,,,,
0127R0,16970.0,203000000.0,,,,,
580070,22870.0,18000000.0,,,,,
300950,5435.0,171000000.0,,,,,
700012,22815.0,0.0,,,,,
530138,22665.0,114000000.0,,,,,
760012,32370.0,0.0,,,,,
375760,25145.0,1000000.0,,,,,
376410,25140.0,21000000.0,,,,,
0223A0,11895.0,4076000000.0,,,,,
0047P0,14480.0,53000000.0,,,,,
108590,111700.0,2000000.0,,,,,
760008,11160.0,44000000.0,,,,,
280930,15925.0,125000000.0,,,,,
004870,985.0,43000000.0,994.0,1020.0,981.0,43965.0,
469160,26225.0,342000000.0,,,,,
500100,11145.0,9000000.0,,,,,
550085,11130.0,0.0,,,,,
33626L,7440.0,7000000.0,7425.0,7490.0,7310.0,1017.0,
388280,6805.0,32000000.0,,,,,
0239Y0,11080.0,2423000000.0,,,,,
261120,5530.0,23000000.0,,,,,
419430,7895.0,15000000.0,,,,,
464600,24545.0,272000000.0,,,,,
001420,2900.0,49000000.0,2950.0,2995.0,2895.0,16738.0,
225130,44000.0,47000000.0,,,,,
0186L0,9550.0,102000000.0,,,,,
239660,121965.0,247000000.0,,,,,
433220,29640.0,13000000.0,,,,,
411540,16840.0,38000000.0,,,,,
0206G0,7680.0,1743000000.0,,,,,
012170,2990.0,35000000.0,2905.0,3080.0,2905.0,11792.0,
030720,4665.0,64000000.0,4755.0,4955.0,4610.0,13754.0,
304770,15210.0,981000000.0,,,,,
550087,10770.0,0.0,,,,,
610047,10760.0,2000000.0,,,,,
580072,10755.0,1000000.0,,,,,
461450,16520.0,124000000.0,,,,,
447660,13805.0,241000000.0,,,,,
0026E0,11535.0,0.0,,,,,
005360,1129.0,0.0,0.0,0.0,0.0,0.0,
580071,10610.0,28000000.0,,,,,
337120,35310.0,4000000.0,,,,,
471460,46010.0,58000000.0,,,,,
300640,6495.0,52000000.0,,,,,
371450,13875.0,126000000.0,,,,,
364990,4635.0,845000000.0,,,,,
520105,10530.0,1400000000.0,,,,,
0193L0,7685.0,4099000000.0,,,,,
0192S0,9555.0,998000000.0,,,,,
008775,27950.0,6000000.0,27800.0,28200.0,27800.0,220.0,
269420,20360.0,97000000.0,,,,,
0231Z0,10490.0,5568000000.0,,,,,
570130,20965.0,0.0,,,,,
461600,7910.0,95000000.0,,,,,
0190M0,8715.0,962000000.0,,,,,
610103,20895.0,0.0,,,,,
253290,11550.0,164000000.0,,,,,
610036,20770.0,8000000.0,,,,,
289040,34510.0,3000000.0,,,,,
530116,4140.0,70000000.0,,,,,
226980,22990.0,42000000.0,,,,,
500091,10340.0,0.0,,,,,
152380,64985.0,93000000.0,,,,,
570122,10330.0,2000000.0,,,,,
404120,25760.0,254000000.0,,,,,
530130,6820.0,230000000.0,,,,,
610087,20420.0,0.0,,,,,
289250,35615.0,124000000.0,,,,,
0241R0,10100.0,3155000000.0,,,,,
580073,20165.0,0.0,,,,,
001685,14710.0,6000000.0,14700.0,14780.0,14630.0,429.0,
417630,19180.0,10000000.0,,,,,
00499K,24900.0,20000000.0,24900.0,24900.0,24650.0,844.0,
520103,9995.0,2601000000.0,,,,,
550097,19965.0,109000000.0,,,,,
489000,9070.0,310000000.0,,,,,
580067,9965.0,0.0,,,,,
610018,9955.0,0.0,,,,,
204450,2095.0,67000000.0,,,,,
015020,928.0,0.0,0.0,0.0,0.0,0.0,
520104,9930.0,2902000000.0,,,,,
000040,1009.0,27000000.0,1020.0,1020.0,1002.0,27193.0,
477730,6720.0,228000000.0,,,,,
610040,19745.0,0.0,,,,,
463300,12340.0,10000000.0,,,,,
760021,28050.0,0.0,,,,,
550088,19610.0,0.0,,,,,
456680,4805.0,61000000.0,,,,,
304760,49010.0,141000000.0,,,,,
437070,56615.0,115000000.0,,,,,
760022,9785.0,0.0,,,,,
465670,15655.0,87000000.0,,,,,
404260,24415.0,42000000.0,,,,,
091220,16485.0,662000000.0,,,,,
0153X0,10510.0,94000000.0,,,,,
530132,19295.0,73000000.0,,,,,
379790,16765.0,246000000.0,,,,,
228820,19250.0,294000000.0,,,,,
169950,24055.0,19000000.0,,,,,
530119,19225.0,20000000.0,,,,,
530112,19115.0,1000000.0,,,,,
760028,2385.0,4217000000.0,,,,,
229720,38085.0,153000000.0,,,,,
183710,95035.0,27000000.0,,,,,
0067V0,8635.0,275000000.0,,,,,
108675,18380.0,1000000.0,18160.0,18390.0,18150.0,76.0,
487950,13025.0,38000000.0,,,,,
284980,21950.0,23000000.0,,,,,
520106,9435.0,1400000000.0,,,,,
461910,37660.0,9000000.0,,,,,
580074,9320.0,0.0,,,,,
497780,9730.0,113000000.0,,,,,
381560,17595.0,32000000.0,,,,,
570129,18445.0,0.0,,,,,
416090,11525.0,1160000000.0,,,,,
580089,18430.0,48000000.0,,,,,
445690,30695.0,61000000.0,,,,,
445910,20385.0,31000000.0,,,,,
213630,19930.0,59000000.0,,,,,
438320,4240.0,306000000.0,,,,,
570125,18245.0,0.0,,,,,
0104P0,10730.0,118000000.0,,,,,
530123,18240.0,0.0,,,,,
610104,18230.0,0.0,,,,,
461900,22750.0,28000000.0,,,,,
407310,16545.0,6000000.0,,,,,
227830,72775.0,10000000.0,,,,,
002070,3785.0,61000000.0,3815.0,3815.0,3665.0,16575.0,
093240,296.0,0.0,0.0,0.0,0.0,0.0,
0018Z0,18160.0,104000000.0,,,,,
0198B0,12630.0,59000000.0,,,,,
276000,20050.0,61000000.0,,,,,
700034,12015.0,307000000.0,,,,,
0144M0,6290.0,99000000.0,,,,,
385600,11925.0,36000000.0,,,,,
292050,50995.0,125000000.0,,,,,
391670,29730.0,5000000.0,,,,,
195920,35520.0,9000000.0,,,,,
289260,29505.0,2000000.0,,,,,
449580,16080.0,23000000.0,,,,,
008600,2620.0,0.0,0.0,0.0,0.0,0.0,
009440,756.0,0.0,0.0,0.0,0.0,0.0,
610003,8770.0,0.0,,,,,
610025,17500.0,0.0,,,,,
570071,17215.0,0.0,,,,,
0086C0,9815.0,15000000.0,,,,,
0203R0,50410.0,0.0,,,,,
0105D0,8995.0,273000000.0,,,,,
457690,10530.0,37000000.0,,,,,
225060,16075.0,0.0,,,,,
468370,10150.0,61000000.0,,,,,
580075,16950.0,0.0,,,,,
0233N0,11290.0,4050000000.0,,,,,
0065G0,7860.0,116000000.0,,,,,
580066,8390.0,0.0,,,,,
477490,18610.0,4000000.0,,,,,
451600,85750.0,2000000.0,,,,,
460660,10985.0,37000000.0,,,,,
494420,8645.0,242000000.0,,,,,
488290,46795.0,242000000.0,,,,,
530140,16365.0,5000000.0,,,,,
570121,8150.0,2000000.0,,,,,
610085,27030.0,67000000.0,,,,,
530120,16175.0,0.0,,,,,
465770,2240.0,244000000.0,2250.0,2325.0,2210.0,108779.0,
18064K,30400.0,9000000.0,30400.0,30400.0,29750.0,318.0,
219390,8050.0,328000000.0,,,,,
415760,11825.0,273000000.0,,,,,
570126,16060.0,0.0,,,,,
474920,17085.0,4000000.0,,,,,
005725,4460.0,9000000.0,4300.0,4475.0,4300.0,2074.0,
483330,15290.0,112000000.0,,,,,
580090,16020.0,0.0,,,,,
0051A0,24640.0,12000000.0,,,,,
131890,39845.0,82000000.0,,,,,
250730,9365.0,119000000.0,,,,,
011090,1338.0,239000000.0,1330.0,1348.0,1255.0,184266.0,
419650,4785.0,90000000.0,,,,,
265690,8535.0,0.0,,,,,
130680,7840.0,900000000.0,,,,,
0193K0,13585.0,54000000.0,,,,,
610039,15545.0,0.0,,,,,
005257,18350.0,0.0,18330.0,18350.0,18200.0,44.0,
484890,52680.0,349000000.0,,,,,
432840,19355.0,19000000.0,,,,,
413930,28060.0,353000000.0,,,,,
332620,82210.0,81000000.0,,,,,
0106J0,20465.0,2000000.0,20365.0,20465.0,20365.0,116.0,
244620,21675.0,23000000.0,,,,,
387280,11945.0,15000000.0,,,,,
006200,1620.0,154000000.0,1702.0,1711.0,1615.0,93697.0,
0222F0,13180.0,9000000.0,,,,,
002025,13000.0,25000000.0,12900.0,13040.0,12700.0,1972.0,
114460,100345.0,8000000.0,,,,,
491510,17680.0,15000000.0,,,,,
0207Z0,7125.0,55000000.0,,,,,
760017,21360.0,1000000.0,,,,,
337150,24920.0,15000000.0,,,,,
004105,4525.0,345000000.0,4490.0,4545.0,4350.0,77888.0,
530095,14895.0,4000000.0,,,,,
500072,1487.0,81000000.0,,,,,
570099,14785.0,0.0,,,,,
453010,110140.0,1232000000.0,,,,,
0090B0,7565.0,2019000000.0,,,,,
580050,14635.0,0.0,,,,,
404650,24335.0,3000000.0,,,,,
487750,36495.0,592000000.0,,,,,
104520,14525.0,13000000.0,,,,,
530129,14515.0,4000000.0,,,,,
0088N0,11520.0,149000000.0,,,,,
0084E0,9930.0,28000000.0,,,,,
234310,28790.0,0.0,,,,,
610081,28540.0,0.0,,,,,
610024,14180.0,1000000.0,,,,,
373490,25655.0,11000000.0,,,,,
610086,70255.0,0.0,,,,,
438900,10785.0,238000000.0,,,,,
000087,12400.0,4000000.0,12280.0,12400.0,12220.0,400.0,
0242S0,10715.0,265000000.0,,,,,
001795,2140.0,10000000.0,2145.0,2180.0,2100.0,5058.0,
453630,11530.0,55000000.0,,,,,
500024,6895.0,0.0,,,,,
496130,25500.0,0.0,,,,,
580043,27460.0,474000000.0,,,,,
570105,4555.0,1000000.0,,,,,
0153P0,9420.0,132000000.0,,,,,
236350,21940.0,202000000.0,,,,,
580086,13535.0,16000000.0,,,,,
760015,6740.0,191000000.0,,,,,
760023,13400.0,70000000.0,,,,,
520076,5350.0,45000000.0,,,,,
360150,3245.0,174000000.0,,,,,
102960,13300.0,68000000.0,,,,,
0127V0,10620.0,38000000.0,,,,,
417450,15600.0,174000000.0,,,,,
485810,11515.0,196000000.0,,,,,
00806K,10920.0,29000000.0,10980.0,11140.0,10760.0,2660.0,
0104G0,5750.0,377000000.0,,,,,
610072,26435.0,0.0,,,,,
472720,25395.0,19000000.0,,,,,
279540,21760.0,0.0,,,,,
0194R0,9630.0,118000000.0,,,,,
137610,5640.0,36000000.0,,,,,
530137,12965.0,49000000.0,,,,,
0208N0,7835.0,77000000.0,,,,,
300610,5500.0,116000000.0,,,,,
0127T0,10740.0,46000000.0,,,,,
45226K,4425.0,9000000.0,4500.0,4500.0,4420.0,2227.0,
084695,14050.0,18000000.0,14130.0,14130.0,13980.0,1333.0,
363510,112380.0,0.0,,,,,
580080,12805.0,2000000.0,,,,,
280920,23240.0,0.0,,,,,
140710,6720.0,88000000.0,,,,,
520088,6380.0,42000000.0,,,,,
580052,25465.0,4000000.0,,,,,
166400,25400.0,29000000.0,,,,,
580032,25360.0,121000000.0,,,,,
290080,7240.0,45000000.0,,,,,
580083,25255.0,0.0,,,,,
610062,63100.0,9000000.0,,,,,
0004G0,8400.0,546000000.0,,,,,
0013P0,11450.0,44000000.0,,,,,
570096,12580.0,0.0,,,,,
409810,5340.0,326000000.0,,,,,
610096,12525.0,29000000.0,,,,,
0028X0,10870.0,15000000.0,,,,,
700032,12455.0,4000000.0,,,,,
410870,8895.0,37000000.0,,,,,
570123,6225.0,0.0,,,,,
489860,14630.0,357000000.0,,,,,
453820,9550.0,23000000.0,,,,,
530092,2470.0,18000000.0,,,,,
570074,12350.0,0.0,,,,,
610080,12340.0,0.0,,,,,
610070,24635.0,0.0,,,,,
0015F0,10260.0,63000000.0,,,,,
500097,12300.0,0.0,,,,,
610030,12295.0,0.0,,,,,
453060,111720.0,4000000.0,,,,,
457700,9300.0,6000000.0,,,,,
404540,24510.0,168000000.0,,,,,
0220A0,8720.0,95000000.0,,,,,
610071,12110.0,0.0,,,,,
395760,22015.0,0.0,,,,,
435550,17265.0,29000000.0,,,,,
610035,12075.0,8000000.0,,,,,
00781K,15390.0,14000000.0,15200.0,15450.0,15200.0,945.0,
610020,12050.0,0.0,,,,,
610079,60220.0,10000000.0,,,,,
251590,17195.0,7000000.0,,,,,
140580,24010.0,0.0,,,,,
500086,11935.0,0.0,,,,,
580051,7910.0,3000000.0,,,,,
396510,6590.0,22000000.0,,,,,
580065,11860.0,0.0,,,,,
145995,32000.0,115000000.0,32400.0,32400.0,31700.0,3609.0,
400570,11670.0,12000000.0,,,,,
024890,1428.0,121000000.0,1597.0,1748.0,1400.0,81060.0,
0203D0,9050.0,119000000.0,,,,,
332610,122530.0,48000000.0,,,,,
282000,115060.0,0.0,,,,,
610093,23400.0,3000000.0,,,,,
176950,60500.0,365000000.0,,,,,
0216Z0,9270.0,740000000.0,,,,,
002820,954.0,114000000.0,968.0,1037.0,922.0,118656.0,
530121,11480.0,0.0,,,,,
610049,11480.0,0.0,,,,,
610045,11405.0,0.0,,,,,
0191S0,15340.0,76000000.0,,,,,
550100,11345.0,0.0,,,,,
530127,11300.0,0.0,,,,,
430500,112950.0,38000000.0,,,,,
266410,9400.0,238000000.0,,,,,
610060,22545.0,0.0,,,,,
428560,14950.0,33000000.0,,,,,
453660,15940.0,8000000.0,,,,,
448490,53055.0,0.0,,,,,
38380K,7600.0,12000000.0,7790.0,7790.0,7310.0,1635.0,
580088,22265.0,168000000.0,,,,,
252650,18490.0,25000000.0,,,,,
464610,6930.0,63000000.0,,,,,
446700,10655.0,31000000.0,,,,,
407820,6105.0,374000000.0,,,,,
354240,9980.0,54000000.0,,,,,
269370,15605.0,7000000.0,,,,,
760032,10920.0,0.0,,,,,
269530,18180.0,100000000.0,,,,,
530139,10885.0,50000000.0,,,,,
610055,21765.0,0.0,,,,,
580064,21700.0,0.0,,,,,
610076,54065.0,0.0,,,,,
0000H0,9400.0,6000000.0,,,,,
580054,21550.0,1000000.0,,,,,
001067,51000.0,0.0,49950.0,51000.0,49950.0,19.0,
0120X0,10100.0,0.0,10100.0,10100.0,10100.0,0.0,
610051,10660.0,0.0,,,,,
252000,19345.0,97000000.0,,,,,
520064,5305.0,0.0,,,,,
610058,21200.0,0.0,,,,,
0227L0,10590.0,328000000.0,,,,,
0002C0,9800.0,1000000.0,,,,,
482030,10070.0,348000000.0,,,,,
0219B0,13165.0,6106000000.0,,,,,
385710,10525.0,21000000.0,,,,,
438740,34890.0,9000000.0,,,,,
451150,16860.0,0.0,,,,,
140570,26120.0,47000000.0,,,,,
419420,8705.0,43000000.0,,,,,
610074,10440.0,1000000.0,,,,,
520046,10430.0,5000000.0,,,,,
0068M0,11555.0,0.0,,,,,
610057,20630.0,0.0,,,,,
610102,10310.0,0.0,,,,,
610056,20490.0,0.0,,,,,
0093B0,12795.0,75000000.0,,,,,
435040,18500.0,3000000.0,,,,,
237440,10170.0,9000000.0,,,,,
530064,675.0,11000000.0,,,,,
0189Z0,10120.0,14000000.0,,,,,
310080,8770.0,14000000.0,,,,,
004255,1910.0,63000000.0,1890.0,1924.0,1861.0,33804.0,
0001P0,8975.0,24000000.0,,,,,
461580,16745.0,231000000.0,,,,,
610106,10025.0,7000000.0,,,,,
463640,12530.0,91000000.0,,,,,
610092,10010.0,0.0,,,,,
580059,10005.0,0.0,,,,,
0113G0,11115.0,337000000.0,,,,,
460270,12340.0,47000000.0,,,,,
700014,9985.0,1000000.0,,,,,
610111,9950.0,0.0,,,,,
301400,15300.0,33000000.0,,,,,
580047,9920.0,5000000.0,,,,,
610112,19820.0,0.0,,,,,
610105,9850.0,0.0,,,,,
281990,17880.0,17000000.0,,,,,
610098,9830.0,14000000.0,,,,,
580087,9815.0,0.0,,,,,
610082,9705.0,0.0,,,,,
570128,9695.0,0.0,,,,,
0224D0,10760.0,457000000.0,,,,,
760027,4840.0,108000000.0,,,,,
291130,16095.0,11000000.0,,,,,
610068,9630.0,27000000.0,,,,,
371870,6015.0,45000000.0,,,,,
0194N0,12410.0,2708000000.0,,,,,
570085,9605.0,1000000.0,,,,,
019685,983.0,8000000.0,975.0,1012.0,973.0,8873.0,
610077,9520.0,0.0,,,,,
015260,202.0,449000000.0,241.0,244.0,194.0,2134165.0,
0120J0,7610.0,46000000.0,,,,,
463690,17290.0,551000000.0,,,,,
429010,18980.0,5000000.0,,,,,
0227K0,9475.0,55000000.0,,,,,
145210,2240.0,0.0,0.0,0.0,0.0,0.0,
181480,78750.0,4000000.0,,,,,
139240,10730.0,48000000.0,,,,,
700033,9390.0,0.0,,,,,
0219Z0,10425.0,195000000.0,,,,,
498050,9875.0,120000000.0,,,,,
610034,9340.0,0.0,,,,,
580035,9305.0,0.0,,,,,
003075,12500.0,6000000.0,12490.0,12500.0,12390.0,521.0,
217780,5965.0,34000000.0,,,,,
230480,4835.0,4000000.0,,,,,
0094L0,6595.0,42000000.0,,,,,
466810,6135.0,315000000.0,,,,,
261110,15305.0,44000000.0,,,,,
341850,4575.0,25000000.0,,,,,
001755,19290.0,0.0,19270.0,19320.0,19270.0,39.0,
117690,18235.0,121000000.0,,,,,
580060,18225.0,0.0,,,,,
0221Z0,9590.0,84000000.0,,,,,
381570,10695.0,56000000.0,,,,,
700011,9080.0,0.0,,,,,
0174R0,11330.0,61000000.0,,,,,
354350,17345.0,24000000.0,,,,,
487910,7485.0,15000000.0,,,,,
270800,16320.0,22000000.0,,,,,
0084D0,11195.0,20000000.0,,,,,
520097,8940.0,45000000.0,,,,,
399580,8920.0,25000000.0,,,,,
580061,8880.0,2000000.0,,,,,
266390,14665.0,6000000.0,,,,,
0216K0,8770.0,195000000.0,,,,,
494180,12525.0,0.0,,,,,
530135,8755.0,0.0,,,,,
570107,3500.0,2000000.0,,,,,
0215T0,9720.0,476000000.0,,,,,
395150,1815.0,17000000.0,,,,,
456250,7560.0,307000000.0,,,,,
33637L,2300.0,3000000.0,2270.0,2400.0,2215.0,1654.0,
610059,17355.0,13000000.0,,,,,
215620,15995.0,0.0,,,,,
580063,17265.0,0.0,,,,,
174350,20540.0,32000000.0,,,,,
497510,12300.0,197000000.0,,,,,
550095,17185.0,0.0,,,,,
500068,12235.0,0.0,,,,,
610083,17105.0,0.0,,,,,
570094,8540.0,0.0,,,,,
457930,28455.0,5000000.0,,,,,
105010,6095.0,9000000.0,,,,,
580053,16995.0,0.0,,,,,
610097,8487.0,0.0,,,,,
0184N0,8470.0,110000000.0,,,,,
429980,16940.0,123000000.0,,,,,
610090,8435.0,0.0,,,,,
0008E0,11240.0,31000000.0,,,,,
435540,16785.0,13000000.0,,,,,
550099,8340.0,17000000.0,,,,,
500036,4170.0,3000000.0,,,,,
0133E0,7935.0,76000000.0,,,,,
700036,1665.0,738000000.0,,,,,
449680,9785.0,0.0,,,,,
395750,20715.0,0.0,,,,,
497520,12730.0,133000000.0,,,,,
0226D0,10320.0,24000000.0,,,,,
395280,3500.0,44000000.0,,,,,
0214M0,9675.0,35000000.0,,,,,
000225,3625.0,3000000.0,3585.0,3635.0,3580.0,840.0,
500101,8180.0,6000000.0,,,,,
610073,16345.0,0.0,,,,,
580085,8170.0,16000000.0,,,,,
182490,13615.0,6000000.0,,,,,
375270,12550.0,5000000.0,,,,,
0226G0,12515.0,16000000.0,,,,,
530114,8115.0,1000000.0,,,,,
462340,16215.0,0.0,,,,,
0067Y0,8990.0,233000000.0,,,,,
0176P0,14650.0,308000000.0,,,,,
227550,12495.0,91000000.0,,,,,
610084,7990.0,0.0,,,,,
520085,7950.0,0.0,,,,,
304670,13100.0,19000000.0,,,,,
001515,4010.0,18000000.0,4000.0,4030.0,3950.0,4655.0,
610095,7840.0,323000000.0,,,,,
570097,7830.0,0.0,,,,,
760025,11120.0,0.0,,,,,
700031,7780.0,38000000.0,,,,,
480460,9150.0,0.0,,,,,
530122,7775.0,65000000.0,,,,,
371150,5980.0,120000000.0,,,,,
610094,7750.0,33000000.0,,,,,
001065,22600.0,0.0,22150.0,22600.0,22050.0,14.0,
189400,25580.0,0.0,,,,,
570114,7620.0,0.0,,,,,
700035,7595.0,565000000.0,,,,,
0218K0,10805.0,1000000.0,,,,,
610100,7555.0,54000000.0,,,,,
227570,20950.0,36000000.0,,,,,
285690,21480.0,0.0,,,,,
494210,10665.0,88000000.0,,,,,
435530,14920.0,33000000.0,,,,,
530056,1865.0,22000000.0,,,,,
0138D0,13455.0,7000000.0,,,,,
253280,12305.0,63000000.0,,,,,
272570,108170.0,17000000.0,,,,,
0172Y0,9190.0,83000000.0,,,,,
225800,14390.0,8000000.0,,,,,
402460,14605.0,1000000.0,,,,,
530141,7250.0,0.0,,,,,
488480,13155.0,6000000.0,,,,,
0005C0,11090.0,8000000.0,,,,,
580079,7195.0,124000000.0,,,,,
700030,1796.0,124000000.0,,,,,
530060,7160.0,0.0,,,,,
315270,18770.0,1000000.0,,,,,
490330,12935.0,250000000.0,,,,,
487920,7090.0,49000000.0,,,,,
520084,7075.0,0.0,,,,,
437370,10035.0,9000000.0,,,,,
000325,28800.0,0.0,28850.0,28850.0,27550.0,16.0,
500098,7010.0,0.0,,,,,
0191B0,34980.0,78000000.0,,,,,
580062,13990.0,0.0,,,,,
530142,6995.0,1000000.0,,,,,
570092,6990.0,17000000.0,,,,,
244670,11535.0,1000000.0,,,,,
400590,13805.0,1000000.0,,,,,
610091,13750.0,0.0,,,,,
225050,15245.0,9000000.0,,,,,
0094X0,7615.0,54000000.0,,,,,
760006,6795.0,0.0,,,,,
570109,13500.0,0.0,,,,,
256450,13440.0,1000000.0,,,,,
500067,9570.0,0.0,,,,,
0082F0,9550.0,11000000.0,,,,,
610099,6645.0,0.0,,,,,
004985,9020.0,15000000.0,9300.0,9300.0,8910.0,1684.0,
139660,8560.0,0.0,,,,,
570101,6585.0,0.0,,,,,
450180,10045.0,0.0,,,,,
326230,10860.0,0.0,,,,,
0036Z0,11845.0,47000000.0,,,,,
139290,23120.0,26000000.0,,,,,
456200,58735.0,43000000.0,,,,,
530096,6385.0,50000000.0,,,,,
580078,6365.0,0.0,,,,,
760010,9085.0,0.0,,,,,
570095,6340.0,12000000.0,,,,,
307510,12635.0,75000000.0,,,,,
570091,6310.0,0.0,,,,,
138920,12590.0,3000000.0,,,,,
289670,52240.0,37000000.0,,,,,
451670,12515.0,3000000.0,,,,,
580084,12415.0,0.0,,,,,
469530,9625.0,0.0,,,,,
004835,4420.0,49000000.0,4545.0,4545.0,4280.0,11323.0,
368680,7660.0,0.0,,,,,
0047N0,8700.0,7000000.0,,,,,
044380,436.0,0.0,0.0,0.0,0.0,0.0,
570098,6020.0,5000000.0,,,,,
429740,6010.0,31000000.0,,,,,
483020,9240.0,33000000.0,,,,,
400580,11990.0,0.0,,,,,
316300,11915.0,14000000.0,,,,,
250780,2245.0,578000000.0,,,,,
433250,23790.0,0.0,,,,,
570111,29660.0,0.0,,,,,
291630,4070.0,409000000.0,,,,,
26490K,7600.0,1000000.0,7300.0,7620.0,7300.0,164.0,
267450,11700.0,0.0,,,,,
530062,45.0,7000000.0,,,,,
0166T0,8980.0,0.0,,,,,
012205,4980.0,30000000.0,5020.0,5050.0,4905.0,6233.0,
314700,10550.0,56000000.0,,,,,
0053M0,12840.0,61000000.0,,,,,
090355,12290.0,0.0,12000.0,12290.0,12000.0,23.0,
0114X0,8720.0,59000000.0,,,,,
401590,11045.0,1000000.0,,,,,
0229F0,8660.0,37000000.0,,,,,
550096,11235.0,0.0,,,,,
407300,10190.0,0.0,,,,,
291890,12345.0,1000000.0,,,,,
570073,5550.0,0.0,,,,,
570108,11090.0,0.0,,,,,
432600,55405.0,0.0,,,,,
610023,5535.0,2000000.0,,,,,
470310,18380.0,5000000.0,,,,,
238670,13615.0,95000000.0,,,,,
499150,10715.0,4000000.0,,,,,
550098,5335.0,45000000.0,,,,,
0087F0,10560.0,45000000.0,,,,,
390400,6590.0,214000000.0,,,,,
0184V0,5525.0,664000000.0,,,,,
220130,6550.0,10000000.0,,,,,
0174J0,8675.0,74000000.0,,,,,
219900,3685.0,16000000.0,,,,,
295000,51480.0,1000000.0,,,,,
0015E0,10245.0,12000000.0,,,,,
0102X0,8465.0,433000000.0,,,,,
530094,5055.0,2000000.0,,,,,
483030,11120.0,17000000.0,,,,,
413220,4160.0,8000000.0,,,,,
760014,7085.0,0.0,,,,,
476310,8920.0,43000000.0,,,,,
227560,12260.0,26000000.0,,,,,
0154H0,8885.0,148000000.0,,,,,
0132D0,8880.0,35000000.0,,,,,
610029,4880.0,0.0,,,,,
550070,4830.0,0.0,,,,,
001770,3925.0,247000000.0,4000.0,4000.0,3400.0,65628.0,
0015K0,6770.0,0.0,,,,,
474390,41105.0,3000000.0,,,,,
411860,15540.0,71000000.0,,,,,
267440,7645.0,1000000.0,,,,,
0073X0,8275.0,9000000.0,,,,,
266550,17970.0,0.0,,,,,
510027,1486.0,44000000.0,,,,,
498610,7355.0,285000000.0,,,,,
580044,1471.0,171000000.0,,,,,
391600,9695.0,9000000.0,,,,,
000145,9160.0,3000000.0,9100.0,9160.0,9000.0,407.0,
0078V0,8610.0,10000000.0,,,,,
000545,5600.0,0.0,5650.0,5770.0,5600.0,11.0,
205720,1428.0,0.0,,,,,
002995,14580.0,75000000.0,14710.0,14930.0,14580.0,5123.0,
277650,21280.0,3000000.0,,,,,
0128D0,6075.0,21000000.0,,,,,
0050E0,8495.0,76000000.0,,,,,
291680,8165.0,8000000.0,,,,,
373790,14455.0,8000000.0,,,,,
009415,6170.0,10000000.0,6170.0,6270.0,6170.0,1704.0,
226380,5700.0,0.0,,,,,
243890,8820.0,252000000.0,,,,,
530125,3925.0,32000000.0,,,,,
252420,74.0,29000000.0,,,,,
005965,17190.0,1000000.0,17190.0,17190.0,17190.0,114.0,
0131A0,6975.0,323000000.0,,,,,
500041,748.0,0.0,,,,,
225030,2265.0,33000000.0,,,,,
334690,5315.0,42000000.0,,,,,
244660,9185.0,0.0,,,,,
014825,13690.0,0.0,13490.0,13690.0,13490.0,30.0,
007575,8010.0,6000000.0,7870.0,8010.0,7850.0,824.0,
306530,8040.0,327000000.0,,,,,
427120,5325.0,54000000.0,,,,,
570110,17330.0,4000000.0,,,,,
36328K,2935.0,15000000.0,2825.0,2960.0,2770.0,5528.0,
570023,679.0,0.0,,,,,
014285,5600.0,6000000.0,5830.0,5830.0,5600.0,1069.0,
321410,10350.0,0.0,,,,,
0079X0,8865.0,32000000.0,,,,,
014915,5170.0,2000000.0,4820.0,5180.0,4820.0,595.0,
267490,4430.0,9000000.0,,,,,
005745,5090.0,6000000.0,5110.0,5110.0,5080.0,1318.0,
280940,3595.0,8000000.0,,,,,
476000,5175.0,5000000.0,,,,,
491630,4820.0,2000000.0,,,,,
145670,1240.0,47000000.0,,,,,
252410,1263.0,6000000.0,,,,,
005030,27.0,560000000.0,44.0,44.0,27.0,17687260.0,
000227,7630.0,2000000.0,7590.0,7650.0,7580.0,357.0,
580033,4855.0,1000000.0,,,,,
005110,112.0,1057000000.0,85.0,114.0,85.0,9999258.0,
334700,3625.0,3000000.0,,,,,
001525,8920.0,4000000.0,8240.0,8920.0,8150.0,492.0,
500051,1160.0,0.0,,,,,
253230,69.0,66000000.0,,,,,
008355,7300.0,0.0,7020.0,7300.0,6900.0,110.0,
500030,65.0,0.0,,,,,
280320,21590.0,10000000.0,,,,,
275750,2255.0,44000000.0,,,,,
570070,1747.0,0.0,,,,,
291620,3940.0,71000000.0,,,,,
700018,1491.0,26000000.0,,,,,
253240,1255.0,6000000.0,,,,,
306520,2285.0,3000000.0,,,,,
253160,141.0,21000000.0,,,,,
004545,3630.0,1000000.0,3600.0,3760.0,3600.0,471.0,
500038,1180.0,0.0,,,,,
011155,5580.0,5000000.0,5580.0,5700.0,5580.0,925.0,
261920,11085.0,2000000.0,,,,,
412560,1645.0,11000000.0,,,,,
001527,5100.0,5000000.0,5000.0,5100.0,4950.0,1065.0,
004415,3800.0,3000000.0,3700.0,3980.0,3690.0,801.0,
465620,6470.0,108000000.0,,,,,
002785,7180.0,9000000.0,7440.0,7440.0,7160.0,1247.0,
002787,9820.0,14000000.0,10750.0,10750.0,9820.0,1449.0,
196170,259500.0,58899000000.0,263500.0,268000.0,257000.0,226123.0,45001905000.0
086520,88900.0,94818000000.0,85200.0,90400.0,84900.0,1072244.0,78965002000.0
247540,115700.0,37396000000.0,114000.0,117800.0,113100.0,324281.0,22073995000.0
036930,237000.0,312396000000.0,242000.0,254000.0,233500.0,1279946.0,
277810,449500.0,28051000000.0,436000.0,452000.0,432500.0,62752.0,19389116000.0
240810,138200.0,174484000000.0,143200.0,145900.0,135200.0,1246327.0,
039030,532000.0,57271000000.0,561000.0,562000.0,525000.0,106095.0,21466067000.0
222800,167200.0,174241000000.0,161700.0,171000.0,159100.0,1049167.0,148798621000.0
058470,84300.0,190078000000.0,81800.0,86900.0,81100.0,2243692.0,98308055000.0
403870,65500.0,223864000000.0,69000.0,69400.0,64300.0,3363878.0,
028300,40450.0,26984000000.0,39900.0,41050.0,39450.0,668671.0,29146145000.0
000250,207000.0,58295000000.0,198000.0,219500.0,194300.0,285584.0,40208257000.0
108490,311000.0,84192000000.0,296500.0,316000.0,294000.0,272775.0,97205676000.0
319660,152000.0,71571000000.0,161900.0,162000.0,145700.0,466441.0,0.0
095340,206000.0,46030000000.0,224500.0,225000.0,204500.0,219376.0,20874166000.0
440110,85900.0,54952000000.0,89700.0,90700.0,85100.0,633336.0,
031980,193600.0,37811000000.0,194000.0,195500.0,183300.0,199865.0,0.0
084370,176800.0,31795000000.0,184900.0,186200.0,173100.0,177873.0,12296094000.0
095610,177400.0,41063000000.0,183900.0,187400.0,175000.0,228111.0,20778717000.0
067310,51500.0,109329000000.0,51200.0,54400.0,50800.0,2078886.0,
064760,296000.0,20337000000.0,314500.0,316000.0,290500.0,68160.0,4596425000.0
357780,420000.0,12495000000.0,430000.0,433500.0,412000.0,29616.0,4159461000.0000005
131290,290500.0,33883000000.0,301500.0,305000.0,286000.0,115896.0,10183920000.0
080220,92400.0,382562000000.0,88800.0,95500.0,87300.0,4152258.0,
214450,306000.0,38130000000.0,321000.0,325500.0,304000.0,122613.0,22983569000.0
141080,82300.0,17251000000.0,86000.0,87800.0,81700.0,207483.0,10472150000.0
087010,129500.0,26163000000.0,142600.0,145200.0,129400.0,196861.0,18466452000.0
298380,51400.0,13361000000.0,53600.0,54700.0,50000.0,257271.0,10343478000.0
010170,17800.0,254808000000.0,17580.0,18280.0,17320.0,14270995.0,
310210,144100.0,7797000000.0,151600.0,154000.0,141100.0,53681.0,2786257000.0
226950,116800.0,20739000000.0,116200.0,119200.0,113100.0,179263.0,9697711000.0
005290,52000.0,31027000000.0,53200.0,53800.0,50700.0,591625.0,30635815000.000004
178320,41500.0,81227000000.0,40300.0,43200.0,39700.0,1936917.0,
257720,37100.0,27952000000.0,38600.0,39100.0,36950.0,745387.0,16476208000.0
043260,31200.0,278435000000.0,29800.0,32900.0,29300.0,8853995.0,
098460,34100.0,49840000000.0,33800.0,34500.0,33150.0,1468710.0,
319400,20800.0,13352000000.0,20600.0,20950.0,20400.0,643544.0,
214370,42550.0,2199000000.0,42900.0,43700.0,42350.0,51204.0,1136215000.0
058610,102800.0,24679000000.0,99600.0,104300.0,99000.0,240740.0,29164281999.999996
030530,29200.0,47997000000.0,28000.0,29800.0,27700.0,1650450.0,
145020,180100.0,7003000000.0,180600.0,183700.0,179400.0,38820.0,2084227999.9999998
032820,12700.0,23207000000.0,12540.0,12750.0,12360.0,1840009.0,
263750,33400.0,3518000000.0,33600.0,33800.0,33200.0,105226.0,1201527000.0
140860,298000.0,8231000000.0,299000.0,307000.0,292500.0,27502.0,1866370999.9999998
140410,68000.0,10912000000.0,73000.0,74900.0,67600.0,156185.0,
131970,106900.0,35148000000.0,108500.0,111500.0,105200.0,324814.0,40282821000.0
089030,54900.0,50016000000.0,57300.0,57900.0,54200.0,894285.0,
214150,30650.0,5488000000.0,31400.0,31600.0,30200.0,178314.0,1235466000.0
347850,43000.0,17525000000.0,45300.0,45800.0,42750.0,402532.0,
237690,93300.0,5680000000.0,95000.0,96000.0,92400.0,60795.0,2841357000.0
036540,11370.0,76011000000.0,11000.0,11750.0,10880.0,6636156.0,
083650,59500.0,10285000000.0,60100.0,60300.0,58700.0,173568.0,11320209000.0
323280,59500.0,19333000000.0,61200.0,61400.0,58500.0,324181.0,23839609000.0
041510,79200.0,12336000000.0,77400.0,79700.0,74700.0,160046.0,2996655000.0
060370,33900.0,6148000000.0,33000.0,34300.0,32250.0,184126.0,4122744999.9999995
183300,34050.0,14420000000.0,35650.0,35650.0,33700.0,418708.0,7052357000.000001
089970,66100.0,54177000000.0,70800.0,72000.0,65600.0,795293.0,35213092000.0
096530,36900.0,8771000000.0,37300.0,37650.0,36350.0,237586.0,5475903000.0
068760,38400.0,3709000000.0,39500.0,39750.0,38250.0,96249.0,1401067000.0
078600,108300.0,58980000000.0,98100.0,110400.0,97200.0,551675.0,46061864000.0
218410,62000.0,46560000000.0,61700.0,63200.0,61000.0,747361.0,55054988000.0
437730,51800.0,14694000000.0,50200.0,52300.0,49600.0,285284.0,16825669000.0
420770,129300.0,15186000000.0,134300.0,139700.0,126800.0,115249.0,0.0
0009K0,24800.0,2571000000.0,25400.0,25900.0,24250.0,103329.0,2100645000.0
007390,24750.0,4624000000.0,25350.0,25800.0,24600.0,184744.0,3718340000.0
290650,53700.0,16186000000.0,55600.0,56600.0,53000.0,293791.0,4944278000.0
950260,28850.0,16058000000.0,28950.0,29350.0,27800.0,559508.0,
039200,36600.0,4135000000.0,38350.0,38550.0,36150.0,112191.0,1503235000.0
232140,16890.0,64461000000.0,16130.0,17330.0,15950.0,3859844.0,
950160,16130.0,6535000000.0,16380.0,16500.0,15920.0,406478.0,
082920,29600.0,5572000000.0,29250.0,29850.0,28900.0,189212.0,2919028000.0
035900,37400.0,5561000000.0,37700.0,37750.0,37000.0,149155.0,2227342000.0
347700,24600.0,52989000000.0,22650.0,25600.0,22500.0,2156725.0,
003380,11290.0,4143000000.0,10950.0,11310.0,10850.0,371301.0,
204270,21850.0,17617000000.0,21750.0,22900.0,21400.0,794953.0,
166090,63100.0,7406000000.0,63500.0,65000.0,62400.0,116495.0,3957553000.0
252990,19790.0,12501000000.0,20000.0,20400.0,19490.0,632383.0,
241710,110000.0,19335000000.0,116500.0,116800.0,109000.0,174421.0,3486348000.0000005
356860,48450.0,32358000000.0,48600.0,50400.0,47550.0,664528.0,27328897999.999996
195940,40150.0,1583000000.0,40600.0,40750.0,39700.0,39395.0,1250059000.0
101490,53000.0,24798000000.0,53200.0,54200.0,51700.0,468581.0,31876141000.0
056190,31050.0,11189000000.0,30750.0,32000.0,30250.0,357365.0,6391293000.0
127120,29200.0,4689000000.0,30400.0,30400.0,29000.0,159158.0,3080186000.0
293490,10140.0,5671000000.0,9920.0,10280.0,9750.0,562860.0,
458870,27000.0,6134000000.0,27300.0,28050.0,26500.0,226468.0,5929847000.0
086450,22750.0,17015000000.0,22800.0,23350.0,22200.0,742762.0,9558290000.0
417200,15130.0,38415000000.0,14200.0,15320.0,14000.0,2616187.0,
445680,58200.0,2655000000.0,59300.0,60800.0,57900.0,45022.0,1645863000.0
036830,48800.0,10291000000.0,44500.0,49450.0,44100.0,214618.0,5724844000.0
083450,53600.0,11420000000.0,54700.0,54900.0,52500.0,213311.0,8603829000.0
161580,40950.0,24456000000.0,40050.0,42250.0,39500.0,594562.0,26684378000.0
100790,17900.0,7689000000.0,17980.0,18330.0,17630.0,425702.0,
327260,52500.0,106373000000.0,52300.0,57500.0,51200.0,1947068.0,
115180,24750.0,1395000000.0,25050.0,25200.0,24150.0,56891.0,833394000.0
491000,36300.0,7186000000.0,36800.0,37750.0,35450.0,197540.0,
388210,93600.0,15383000000.0,94900.0,98600.0,92600.0,160091.0,5648669000.0
099320,81800.0,6969000000.0,79600.0,83700.0,79000.0,85242.0,5475664000.0
065350,32550.0,3088000000.0,32000.0,33500.0,31900.0,94442.0,2933368000.0
032500,21100.0,11154000000.0,20200.0,21650.0,19950.0,530935.0,16332674000.0
160190,28700.0,3020000000.0,28500.0,29200.0,28100.0,105126.0,
031330,8850.0,3695000000.0,8810.0,9000.0,8720.0,417227.0,
425420,71600.0,8837000000.0,74200.0,76700.0,70000.0,121880.0,4445552000.0
119850,53500.0,28975000000.0,54900.0,54900.0,52000.0,548069.0,17400774000.0
295310,70200.0,18013000000.0,64000.0,70200.0,63500.0,262531.0,9067392000.0
033790,10130.0,31220000000.0,9100.0,10190.0,9010.0,3210326.0,
053800,77000.0,3375000000.0,78000.0,78600.0,76500.0,43649.0,2146686000.0
074600,32300.0,6931000000.0,32650.0,33050.0,31950.0,213287.0,3773084999.9999995
388720,70900.0,1428000000.0,69800.0,71000.0,69300.0,20287.0,1034784999.9999999
281740,12550.0,10756000000.0,12230.0,13030.0,11820.0,851358.0,
014620,30450.0,3040000000.0,30800.0,30900.0,30300.0,99581.0,2257391000.0
059090,23900.0,14104000000.0,23350.0,24700.0,23100.0,588098.0,7035241000.000001
033100,49400.0,5027000000.0,49600.0,49750.0,48800.0,101870.0,9685923000.0
476830,28150.0,10574000000.0,29800.0,30800.0,27350.0,370902.0,13135433000.0
328130,10570.0,5647000000.0,10930.0,11040.0,10520.0,529078.0,4763454000.0
085660,8460.0,1031000000.0,8680.0,8720.0,8410.0,121114.0,566891000.0
189300,72700.0,8280000000.0,69100.0,73800.0,68400.0,114840.0,4518353000.0
090360,79300.0,6925000000.0,78200.0,80200.0,77600.0,87318.0,5843479000.0
036810,35700.0,10932000000.0,35250.0,36650.0,33500.0,304899.0,10893287000.0
035760,35200.0,2641000000.0,35500.0,35800.0,34300.0,75840.0,576571000.0
090710,6450.0,7814000000.0,6370.0,6550.0,6300.0,1210886.0,
171090,76100.0,5553000000.0,72900.0,78200.0,72200.0,73064.0,4672217000.0
137400,32400.0,6322000000.0,31350.0,32500.0,31150.0,197531.0,6978283999.999999
064290,59100.0,28212000000.0,60900.0,62600.0,57100.0,467695.0,
053610,85000.0,3724000000.0,84200.0,87300.0,83400.0,43641.0,1759753000.0
122870,40650.0,3406000000.0,41600.0,41600.0,39900.0,84164.0,862937000.0
044490,37950.0,3428000000.0,37750.0,38600.0,37500.0,90233.0,4267250000.0
251970,60500.0,9237000000.0,63000.0,64500.0,59000.0,152532.0,1657761000.0
213420,30050.0,3185000000.0,30250.0,30600.0,29500.0,106374.0,1263113000.0
006730,11480.0,5059000000.0,10970.0,11510.0,10880.0,450316.0,
041960,9880.0,838000000.0,9820.0,9980.0,9780.0,84979.0,
466100,23750.0,5174000000.0,23100.0,23950.0,22950.0,218876.0,5407772000.0
038500,6780.0,1663000000.0,6750.0,6920.0,6700.0,244842.0,
121600,59500.0,5550000000.0,57200.0,59800.0,56900.0,94163.0,3459464000.0
456160,43600.0,11795000000.0,42800.0,44250.0,42400.0,270742.0,8096304000.000001
032190,18920.0,1881000000.0,19480.0,19520.0,18730.0,99307.0,636588000.0
122640,33400.0,10034000000.0,34500.0,34750.0,33300.0,296249.0,
023160,27950.0,2104000000.0,28200.0,28300.0,27550.0,75290.0,2189241000.0
033640,31200.0,9007000000.0,31800.0,32750.0,30800.0,283919.0,6973753000.000001
225570,10850.0,644000000.0,10860.0,10990.0,10650.0,59653.0,170935000.0
476060,15710.0,2578000000.0,16060.0,16160.0,15540.0,163622.0,4612020000.0
041830,52100.0,4638000000.0,54200.0,54200.0,50800.0,89783.0,962726000.0
102710,48850.0,3256000000.0,49650.0,49800.0,47050.0,66869.0,1675359000.0
490470,20400.0,34441000000.0,20300.0,21200.0,20100.0,1671496.0,
092870,52600.0,20965000000.0,53000.0,54000.0,50600.0,400142.0,
253590,15580.0,36990000000.0,14500.0,16030.0,14350.0,2384146.0,
126340,94800.0,8641000000.0,93700.0,96200.0,92000.0,91885.0,7340779999.999999
048410,7050.0,8385000000.0,7070.0,7370.0,7040.0,1166447.0,
124500,29250.0,4388000000.0,29400.0,30000.0,28650.0,150388.0,2476934000.0
222080,8350.0,5428000000.0,8090.0,8400.0,7980.0,655613.0,
050890,10600.0,43515000000.0,10220.0,11050.0,10110.0,4073412.0,
077360,14050.0,10836000000.0,14090.0,14580.0,13820.0,765039.0,
046890,10890.0,3128000000.0,10950.0,11090.0,10760.0,286023.0,4861481000.0
080580,29250.0,36969000000.0,26500.0,29500.0,25950.0,1313994.0,
093320,126000.0,507000000.0,128000.0,128000.0,123000.0,4072.0,319567000.0
253450,20400.0,596000000.0,20500.0,20800.0,20300.0,29050.0,120438000.0
045100,34650.0,3781000000.0,35150.0,35650.0,34400.0,107724.0,2859042000.0
089890,36550.0,9436000000.0,36350.0,38300.0,35850.0,256486.0,5397070000.0
219130,92300.0,2858000000.0,91700.0,96600.0,88000.0,30589.0,
144960,13200.0,11150000000.0,13160.0,13390.0,13000.0,844551.0,
214430,78600.0,6244000000.0,77800.0,79300.0,74100.0,81291.0,9020760000.0
399720,48200.0,5993000000.0,48600.0,49450.0,47450.0,123445.0,9647953000.0
468530,51300.0,6712000000.0,50000.0,52900.0,48150.0,133914.0,4852075000.0
358570,8820.0,3686000000.0,9460.0,9740.0,8780.0,405602.0,1946331000.0
024850,16290.0,1943000000.0,16410.0,16950.0,16070.0,118186.0,
094170,26750.0,1502000000.0,27250.0,27650.0,26600.0,55633.0,1407947000.0
174900,27900.0,9111000000.0,27000.0,29700.0,26750.0,323089.0,
060250,13750.0,1688000000.0,13630.0,13890.0,13540.0,122935.0,
052400,37700.0,1446000000.0,38350.0,38650.0,37550.0,38264.0,581684000.0
078350,36000.0,20703000000.0,34600.0,37600.0,34300.0,571766.0,0.0
009520,13120.0,4274000000.0,12750.0,13240.0,12630.0,327956.0,2702513000.0
101160,33000.0,1562000000.0,33250.0,33700.0,32550.0,47106.0,1040980000.0000001
037460,33250.0,2060000000.0,32250.0,33500.0,32150.0,62239.0,
356680,18790.0,31178000000.0,18300.0,18870.0,18070.0,1687457.0,
052020,7840.0,1254000000.0,8110.0,8220.0,7640.0,160791.0,
112040,15600.0,977000000.0,15730.0,15850.0,15460.0,62561.0,584274000.0
079940,39300.0,262000000.0,39200.0,39700.0,38750.0,6656.0,57375000.0
383310,24900.0,8980000000.0,24650.0,26200.0,24400.0,355455.0,
348340,22300.0,11886000000.0,20950.0,22500.0,20250.0,541540.0,
104830,41200.0,3847000000.0,42050.0,44700.0,40550.0,92471.0,2296836000.0
041190,6380.0,55619000000.0,6040.0,6600.0,5950.0,8685259.0,
082270,11150.0,1169000000.0,11350.0,11730.0,11120.0,102557.0,771148000.0
098120,60400.0,9553000000.0,57600.0,61000.0,56400.0,163949.0,
042000,20700.0,26684000000.0,21200.0,21600.0,17860.0,1353891.0,16343082999.999998
099190,16790.0,443000000.0,17140.0,17430.0,16740.0,26177.0,203789000.0
069540,4400.0,40701000000.0,4265.0,4400.0,4190.0,9490192.0,
025980,5090.0,3089000000.0,5040.0,5090.0,4965.0,612525.0,
348370,22600.0,5737000000.0,21900.0,23350.0,21600.0,252933.0,5520783000.0
033500,16370.0,1036000000.0,16100.0,16440.0,16000.0,63524.0,637932000.0
033160,19950.0,41793000000.0,18800.0,20950.0,18640.0,2122626.0,
365340,37700.0,1827000000.0,37100.0,38750.0,36600.0,48301.0,1059001000.0
086900,66600.0,1165000000.0,66900.0,67400.0,66600.0,17432.0,347847000.0
376900,27750.0,2096000000.0,29150.0,29600.0,27550.0,74128.0,2909138000.0
056080,12660.0,5275000000.0,12150.0,12700.0,12000.0,420068.0,
125490,13170.0,69397000000.0,12200.0,13710.0,12020.0,5275609.0,
019210,12880.0,7536000000.0,12780.0,13140.0,12500.0,590227.0,
368770,14560.0,6698000000.0,13760.0,14950.0,13760.0,461543.0,
027360,3940.0,5681000000.0,3845.0,3980.0,3800.0,1451054.0,
290550,23800.0,14441000000.0,22500.0,24150.0,22050.0,613717.0,
211050,9650.0,515000000.0,9950.0,9980.0,9530.0,53234.0,47876000.0
015750,5920.0,970000000.0,5870.0,6010.0,5830.0,163240.0,639930000.0
089010,28050.0,12694000000.0,28100.0,30450.0,27750.0,435881.0,13290701999.999998
397030,17020.0,28027000000.0,19560.0,19640.0,16925.0,1570789.0,22879194000.0
034950,102800.0,59000000.0,104400.0,104400.0,102700.0,572.0,53939000.0
278280,38000.0,942000000.0,37750.0,38950.0,37500.0,24646.0,467264000.00000006
460930,13110.0,630000000.0,13030.0,13180.0,13000.0,48123.0,563348000.0
475960,34300.0,2582000000.0,36900.0,36900.0,34050.0,73530.0,913566999.9999999
475830,21150.0,10967000000.0,23200.0,23550.0,20950.0,507671.0,9289582000.0
035890,2215.0,456000000.0,2200.0,2270.0,2175.0,204651.0,
170920,43450.0,5251000000.0,43700.0,44600.0,42650.0,120128.0,
078340,37500.0,3192000000.0,37800.0,37900.0,37200.0,84847.0,766181000.0
272290,22550.0,2646000000.0,22650.0,23050.0,22200.0,116549.0,1904467000.0
187660,7020.0,9050000000.0,7470.0,7780.0,6960.0,1239970.0,
336570,5010.0,2297000000.0,5010.0,5150.0,4985.0,453817.0,
376300,18750.0,1680000000.0,18970.0,19250.0,18400.0,89981.0,539454000.0
200470,10140.0,9176000000.0,10200.0,10480.0,10010.0,895371.0,
340570,27550.0,1374000000.0,28000.0,28000.0,27400.0,49817.0,682164000.0
079370,14250.0,9459000000.0,14600.0,14910.0,13950.0,659335.0,
018290,12590.0,1481000000.0,12730.0,12840.0,12380.0,117544.0,539940000.0
486990,20450.0,3585000000.0,20150.0,20500.0,20000.0,177162.0,3817739000.0000005
067630,3575.0,1616000000.0,3630.0,3740.0,3550.0,446518.0,
114810,15420.0,3537000000.0,15620.0,16110.0,15400.0,224085.0,984134000.0000001
159010,32100.0,2801000000.0,32150.0,32550.0,31200.0,87286.0,
013030,36300.0,426000000.0,36750.0,36900.0,36050.0,11715.0,266950000.00000003
332570,9260.0,20129000000.0,9000.0,9390.0,8950.0,2176003.0,
417840,18530.0,17512000000.0,18690.0,19540.0,18130.0,928016.0,
078130,3700.0,539000000.0,3530.0,3720.0,3485.0,149595.0,
241770,40900.0,1138000000.0,42300.0,42750.0,39600.0,27930.0,438046000.0
030520,17180.0,790000000.0,17580.0,17620.0,17100.0,45704.0,428545999.99999994
092190,9030.0,1690000000.0,8970.0,9510.0,8820.0,184476.0,
067160,36300.0,914000000.0,36500.0,36700.0,36150.0,25190.0,123445999.99999999
477850,22750.0,6545000000.0,22550.0,23750.0,22300.0,284270.0,
138080,32450.0,41928000000.0,30900.0,34500.0,30450.0,1285665.0,
039440,25850.0,4163000000.0,26450.0,26500.0,25500.0,159559.0,5030194000.0
204620,5680.0,4474000000.0,5880.0,5900.0,5620.0,776349.0,
348210,38100.0,2774000000.0,39900.0,40300.0,37800.0,71130.0,2984475000.0
200710,29600.0,4589000000.0,29700.0,30300.0,29100.0,154597.0,7132411999.999999
441270,9400.0,3437000000.0,9420.0,9550.0,9320.0,365257.0,2901772000.0
330860,32250.0,9431000000.0,32300.0,33750.0,31700.0,288260.0,
095660,18040.0,625000000.0,18200.0,18200.0,17820.0,34611.0,72414000.0
215200,37500.0,1337000000.0,37400.0,38150.0,37300.0,35479.0,242826000.0
101730,4615.0,702000000.0,4715.0,4720.0,4600.0,150700.0,802718999.9999999
052710,20700.0,11080000000.0,21600.0,21650.0,20450.0,529302.0,
468670,34000.0,428822000000.0,32700.0,38700.0,32100.0,12217326.0,
036800,8430.0,3708000000.0,7960.0,8750.0,7770.0,443649.0,1266109000.0
107640,42200.0,3125000000.0,42300.0,42650.0,41350.0,74471.0,2895357000.0
236200,54800.0,1013000000.0,57200.0,57600.0,54700.0,18194.0,509708000.0
078160,9710.0,673000000.0,9470.0,9840.0,9240.0,70225.0,404760000.0
389470,28300.0,3006000000.0,28800.0,30400.0,28200.0,104043.0,1907909000.0
025900,7420.0,506000000.0,7320.0,7490.0,7250.0,68259.0,1084030000.0
092730,23100.0,1368000000.0,23500.0,23500.0,22500.0,59565.0,318209000.0
025320,3985.0,1600000000.0,4005.0,4080.0,3950.0,398232.0,1753062999.9999998
393890,10810.0,2862000000.0,10420.0,11060.0,10290.0,266345.0,
046970,8340.0,106273000000.0,7700.0,8650.0,7510.0,12923874.0,
006910,7400.0,4592000000.0,7250.0,7450.0,7150.0,624629.0,
110990,19200.0,2748000000.0,19190.0,19670.0,18840.0,142683.0,2619913000.0
069080,11710.0,1096000000.0,11720.0,11730.0,11560.0,93921.0,34184000.0
060280,8780.0,2172000000.0,8640.0,8820.0,8530.0,248936.0,
456010,24900.0,24147000000.0,24950.0,25650.0,24150.0,974804.0,
078020,6500.0,225000000.0,6540.0,6560.0,6440.0,34695.0,
168360,16040.0,12660000000.0,17000.0,17100.0,15880.0,776877.0,45858804000.0
003800,32050.0,63000000.0,32200.0,32500.0,31850.0,1977.0,
093520,29500.0,404000000.0,29550.0,30000.0,29000.0,13678.0,166735000.0
372320,23000.0,677000000.0,23000.0,23450.0,22600.0,29480.0,379653000.0
448900,57200.0,3333000000.0,55200.0,58200.0,54600.0,58566.0,3420124000.0
064260,4550.0,3351000000.0,4475.0,4585.0,4415.0,738937.0,
117730,15050.0,1989000000.0,14820.0,15220.0,14760.0,132100.0,2339955000.0
482630,15470.0,7405000000.0,15470.0,16220.0,15260.0,470268.0,
386380,18020.0,10981000000.0,18280.0,18870.0,18020.0,598043.0,
036620,3725.0,571000000.0,3760.0,3780.0,3690.0,153449.0,181767000.0
488900,11540.0,2705000000.0,10750.0,11720.0,10500.0,238117.0,1935151000.0
121440,7800.0,122000000.0,7700.0,7910.0,7680.0,15760.0,
455900,21700.0,584000000.0,21750.0,22000.0,21350.0,26816.0,628583000.0
061970,4750.0,1669000000.0,4865.0,4905.0,4650.0,349400.0,
036200,10840.0,3985000000.0,10650.0,11070.0,10640.0,366356.0,2901910000.0
018000,1137.0,749000000.0,1126.0,1147.0,1110.0,666220.0,
234340,23750.0,9229000000.0,23200.0,24100.0,23000.0,389569.0,
047920,10010.0,14168000000.0,10240.0,10520.0,10000.0,1389060.0,23859303000.0
215600,2360.0,772000000.0,2380.0,2390.0,2350.0,325866.0,
425040,14890.0,10995000000.0,15010.0,15200.0,14690.0,736776.0,
017890,15770.0,1418000000.0,16050.0,16140.0,15680.0,89717.0,
0035S0,31700.0,191625000000.0,31350.0,35200.0,30650.0,5810733.0,
900290,3465.0,1199000000.0,3635.0,3720.0,3430.0,340711.0,
086390,15200.0,4326000000.0,15150.0,15680.0,14850.0,282245.0,4435335000.0
446540,10870.0,5417000000.0,11120.0,11250.0,10610.0,498804.0,
424870,3445.0,3940000000.0,3560.0,3615.0,3430.0,1124179.0,16029444000.0
452430,37800.0,3700000000.0,38800.0,39300.0,36300.0,99033.0,3127844000.0
160980,28550.0,3454000000.0,29400.0,29600.0,28200.0,119936.0,
484590,7550.0,2097000000.0,7250.0,7600.0,7220.0,281100.0,
199800,34550.0,1179000000.0,35800.0,35900.0,34200.0,34167.0,456632000.0
206650,8450.0,683000000.0,8620.0,8680.0,8440.0,79760.0,
265520,20600.0,1208000000.0,20600.0,21200.0,20400.0,58254.0,421420999.99999994
266690,16380.0,115110000000.0,16900.0,17800.0,16000.0,6747936.0,
228760,12200.0,655000000.0,12560.0,12740.0,12060.0,53330.0,338654000.0
042520,21250.0,1642000000.0,22700.0,22700.0,21000.0,75967.0,816047000.0
486510,15350.0,56444000000.0,16390.0,17210.0,15340.0,3444277.0,
091580,22300.0,4466000000.0,21600.0,22750.0,21600.0,199949.0,
042370,11340.0,12245000000.0,11000.0,11400.0,10920.0,1090395.0,
054950,24450.0,375000000.0,24450.0,24500.0,24050.0,15428.0,146493000.0
389500,44350.0,4520000000.0,42150.0,45000.0,41200.0,103112.0,
101930,6460.0,877000000.0,7000.0,7000.0,6440.0,132860.0,6127551000.0
049070,18750.0,1257000000.0,18580.0,18980.0,18480.0,66804.0,684600000.0
025770,7830.0,113000000.0,7720.0,7860.0,7720.0,14532.0,
035810,4540.0,291000000.0,4450.0,4545.0,4445.0,64602.0,
203650,2845.0,9361000000.0,2775.0,2885.0,2745.0,3318156.0,
200670,25700.0,584000000.0,25800.0,26200.0,25600.0,22641.0,305348000.0
092460,16830.0,154000000.0,16760.0,16940.0,16600.0,9215.0,206547000.0
314130,5500.0,2977000000.0,5390.0,5620.0,5240.0,547546.0,
071200,11720.0,246000000.0,11640.0,11890.0,11500.0,21047.0,
084110,22550.0,310000000.0,22850.0,23100.0,22400.0,13659.0,258454000.0
136480,2670.0,340000000.0,2660.0,2675.0,2645.0,127671.0,
352480,20650.0,186000000.0,21500.0,21500.0,20600.0,8955.0,91890000.0
024840,6430.0,10482000000.0,6390.0,6570.0,6320.0,1630109.0,
354320,43700.0,7742000000.0,42250.0,44250.0,41600.0,178689.0,
394280,10590.0,2507000000.0,10490.0,10980.0,10230.0,238414.0,2290502000.0
378340,12850.0,764000000.0,12740.0,13090.0,12520.0,59362.0,1571907000.0
448280,9380.0,80000000.0,9450.0,9480.0,9220.0,8597.0,14452000.000000002
012210,11980.0,12155000000.0,11850.0,12300.0,11520.0,1014437.0,
452280,14320.0,14460000000.0,14000.0,14540.0,13670.0,1023069.0,
060720,11590.0,2248000000.0,11290.0,11790.0,11160.0,195051.0,
094360,12850.0,1283000000.0,12850.0,13020.0,12600.0,100021.0,1669241000.0
294570,27050.0,1695000000.0,26950.0,27450.0,26700.0,62566.0,2413879000.0
287840,18050.0,366000000.0,18560.0,18590.0,17780.0,20213.0,230838000.0
254490,18760.0,3001000000.0,18490.0,19280.0,18350.0,159551.0,
099440,3940.0,536000000.0,3850.0,3985.0,3835.0,136754.0,
035600,9750.0,137000000.0,9800.0,9820.0,9740.0,13999.0,44761000.0
309710,21000.0,0.0,0.0,0.0,0.0,0.0,
073490,35200.0,4803000000.0,34000.0,35850.0,33900.0,136947.0,
472850,4625.0,185000000.0,4790.0,4830.0,4595.0,39807.0,197997000.0
182400,3670.0,0.0,0.0,0.0,0.0,0.0,
317330,12940.0,1821000000.0,13270.0,13540.0,12740.0,139029.0,1659249000.0000002
043150,17780.0,261000000.0,17960.0,17980.0,17760.0,14652.0,96036000.0
089980,16510.0,504000000.0,16380.0,16640.0,16230.0,30684.0,591823000.0
267980,34350.0,459000000.0,33400.0,34450.0,32850.0,13535.0,59516000.0
389650,31750.0,681000000.0,33100.0,33400.0,31600.0,21190.0,574792000.0
036710,4960.0,2866000000.0,4800.0,5080.0,4720.0,576664.0,
098070,23500.0,834000000.0,23700.0,23750.0,23200.0,35542.0,954168999.9999999
304360,20900.0,318000000.0,21600.0,21900.0,20850.0,15042.0,251133000.0
091700,5210.0,662000000.0,5180.0,5290.0,5180.0,126333.0,
051500,21800.0,67000000.0,21550.0,21950.0,21450.0,3089.0,27728999.999999996
100120,28750.0,503000000.0,28000.0,28900.0,27850.0,17591.0,
439960,7930.0,47644000000.0,8700.0,8880.0,7850.0,5700043.0,
068930,9270.0,548000000.0,9380.0,9430.0,9090.0,59156.0,
121800,3320.0,0.0,0.0,0.0,0.0,0.0,
272110,31850.0,2961000000.0,32400.0,32850.0,31750.0,92286.0,
112290,12630.0,4241000000.0,12830.0,13110.0,12320.0,333330.0,
151860,5350.0,1047000000.0,5310.0,5520.0,5280.0,193164.0,
493280,17140.0,1736000000.0,17990.0,18150.0,16880.0,100082.0,
0011T0,5400.0,577000000.0,5310.0,5530.0,5280.0,106743.0,
023410,3275.0,680000000.0,3240.0,3320.0,3240.0,207407.0,
377460,4080.0,0.0,0.0,0.0,0.0,0.0,
484120,23000.0,1058000000.0,24950.0,24950.0,22150.0,45878.0,952082000.0
036890,11400.0,454000000.0,11460.0,11470.0,11320.0,39850.0,200789999.99999997
377450,14480.0,218000000.0,14380.0,14570.0,14010.0,15371.0,
376270,34750.0,511000000.0,33200.0,35350.0,32800.0,14999.0,193978000.0
439090,15120.0,804000000.0,15140.0,15210.0,15050.0,53119.0,798779000.0
011560,24400.0,2583000000.0,25800.0,25850.0,24300.0,103626.0,
032580,7420.0,6093000000.0,7810.0,7980.0,7380.0,793346.0,
445090,22500.0,631000000.0,22800.0,23300.0,22300.0,27746.0,635453000.0
461300,18430.0,237000000.0,18320.0,18470.0,18170.0,12956.0,
036030,5000.0,127000000.0,4995.0,5030.0,4975.0,25259.0,
064820,7940.0,155000000.0,7910.0,8020.0,7840.0,19586.0,161939000.0
108860,8960.0,897000000.0,8940.0,9050.0,8880.0,99966.0,1021739000.0
064850,21050.0,510000000.0,21150.0,21850.0,21000.0,23954.0,
450950,6370.0,605000000.0,6350.0,6450.0,6130.0,95740.0,2463258000.0
389260,13370.0,1181000000.0,13090.0,13550.0,13090.0,88289.0,
067390,5670.0,286000000.0,5800.0,5850.0,5650.0,49931.0,
043370,11340.0,286000000.0,11450.0,11450.0,11230.0,25303.0,44108000.0
416180,26300.0,743000000.0,25950.0,26900.0,25800.0,28039.0,827506000.0
085910,17160.0,1772000000.0,17140.0,17290.0,16610.0,104985.0,
298830,4390.0,1085000000.0,4250.0,4440.0,4235.0,247908.0,
115450,2470.0,1118000000.0,2450.0,2490.0,2330.0,464815.0,
114190,8950.0,1423000000.0,8740.0,9070.0,8690.0,159395.0,1685780000.0
243070,19480.0,237000000.0,19380.0,19590.0,19270.0,12216.0,83719000.0
099430,3785.0,1139000000.0,3750.0,3900.0,3670.0,301727.0,
180400,2365.0,75000000.0,2325.0,2425.0,2285.0,32085.0,
094480,5920.0,1433000000.0,5910.0,6050.0,5870.0,240624.0,
200130,8040.0,626000000.0,7990.0,8330.0,7950.0,76811.0,458383000.0
144510,14580.0,416000000.0,14590.0,14810.0,14350.0,28605.0,144099000.0
083310,12900.0,3913000000.0,12190.0,13130.0,11930.0,306993.0,
065680,25300.0,158000000.0,25500.0,25900.0,25100.0,6239.0,86281000.0
061090,41750.0,1102000000.0,41000.0,41900.0,40750.0,26645.0,1377199000.0
365270,10200.0,416000000.0,10460.0,10460.0,10020.0,40781.0,
475400,19130.0,1182000000.0,18660.0,19580.0,18660.0,61626.0,1159101000.0
241520,8480.0,909000000.0,8530.0,8620.0,8390.0,106887.0,
243840,5850.0,1432000000.0,5720.0,5980.0,5600.0,245123.0,
190510,15960.0,1057000000.0,15810.0,16350.0,15810.0,65700.0,908845000.0
0008Z0,23750.0,219000000.0,23800.0,23950.0,23400.0,9264.0,138702000.0
215000,35700.0,176000000.0,36350.0,36350.0,35450.0,4923.0,149380000.0
216080,6000.0,562000000.0,5920.0,6330.0,5920.0,92559.0,
065710,43350.0,182000000.0,44100.0,44100.0,43300.0,4184.0,
018310,15140.0,135000000.0,15190.0,15240.0,14890.0,8979.0,35818000.0
023760,1409.0,63000000.0,1402.0,1415.0,1399.0,44911.0,
064550,8570.0,811000000.0,8500.0,8640.0,8430.0,94761.0,747889000.0
095500,7110.0,1297000000.0,6810.0,7150.0,6810.0,184845.0,967999000.0
045390,3115.0,1221000000.0,3035.0,3115.0,3025.0,398324.0,
078150,2310.0,4656000000.0,2330.0,2415.0,2280.0,1989513.0,
462350,6470.0,1881000000.0,6190.0,6670.0,6100.0,295629.0,
293780,7800.0,792000000.0,7610.0,7970.0,7610.0,100992.0,
382900,24950.0,1490000000.0,24700.0,25150.0,24600.0,59922.0,4124895999.9999995
125020,6210.0,3273000000.0,6130.0,6240.0,6040.0,531453.0,
0001A0,8510.0,343000000.0,8480.0,8620.0,8440.0,40215.0,
237880,11980.0,230000000.0,12140.0,12270.0,11930.0,19113.0,205234000.0
067080,11610.0,356000000.0,11550.0,11690.0,11500.0,30668.0,347513000.0
256840,3155.0,5676000000.0,3260.0,3275.0,3140.0,1781551.0,
005160,3970.0,25009000000.0,3365.0,4250.0,3260.0,6357252.0,
019010,4440.0,177000000.0,4415.0,4485.0,4400.0,39901.0,
206640,9750.0,156000000.0,9620.0,9770.0,9620.0,16096.0,107236000.0
307180,5780.0,954000000.0,5840.0,5910.0,5700.0,164862.0,
217730,2240.0,521000000.0,2275.0,2345.0,2235.0,228930.0,
340450,8880.0,5093000000.0,9270.0,9320.0,8590.0,570705.0,
005710,10480.0,85000000.0,10400.0,10530.0,10360.0,8148.0,18309000.0
462860,2925.0,2532000000.0,2895.0,2985.0,2885.0,861490.0,
053030,6410.0,267000000.0,6530.0,6590.0,6400.0,41156.0,169803000.0
014940,4590.0,448000000.0,4490.0,4630.0,4490.0,97964.0,
126730,23800.0,4033000000.0,24350.0,24450.0,23550.0,168011.0,
058970,16850.0,241000000.0,16810.0,17060.0,16650.0,14290.0,173746000.0
950170,4265.0,15000000.0,4330.0,4330.0,4215.0,3478.0,
176750,7290.0,1071000000.0,7440.0,7440.0,7220.0,146210.0,9822476000.0
380540,8450.0,0.0,0.0,0.0,0.0,0.0,
053300,5190.0,971000000.0,5130.0,5215.0,5090.0,188182.0,
036190,34000.0,83000000.0,33950.0,34450.0,33950.0,2431.0,
459510,15710.0,484000000.0,15600.0,15830.0,15500.0,30892.0,427345000.00000006
405100,16580.0,1356000000.0,16490.0,17160.0,16060.0,81267.0,
382800,6400.0,13745000000.0,6300.0,6650.0,6240.0,2127597.0,
481070,14170.0,109000000.0,14350.0,14570.0,13900.0,7734.0,43055000.0
314930,6830.0,86000000.0,6900.0,7050.0,6770.0,12530.0,58524000.0
0161M0,16630.0,28844000000.0,17050.0,18400.0,16600.0,1638219.0,
478340,17410.0,141870000000.0,14360.0,18260.0,14120.0,8573829.0,
353810,6090.0,311000000.0,6100.0,6170.0,6010.0,51407.0,
126600,3200.0,192000000.0,3150.0,3240.0,3125.0,59949.0,
199430,17910.0,1246000000.0,17740.0,18050.0,17550.0,69841.0,1131662000.0
049430,22150.0,1164000000.0,22600.0,22800.0,21800.0,52187.0,
234690,10970.0,4577000000.0,11200.0,11370.0,10670.0,413834.0,
304100,15460.0,1087000000.0,15240.0,15650.0,15220.0,70401.0,1099167000.0
452450,5370.0,893000000.0,5230.0,5430.0,5210.0,167892.0,
0015G0,16520.0,2924000000.0,15420.0,16670.0,14980.0,181439.0,
119610,16890.0,2716000000.0,15630.0,17260.0,15540.0,161050.0,
013120,2120.0,154000000.0,2140.0,2140.0,2070.0,73434.0,
080720,2410.0,0.0,0.0,0.0,0.0,0.0,
394800,6040.0,8211000000.0,6360.0,6440.0,5910.0,1347090.0,8414843000.0
230240,14360.0,4287000000.0,14000.0,14830.0,14000.0,296850.0,
388050,10150.0,2922000000.0,10010.0,10190.0,9900.0,290865.0,
484810,12290.0,906000000.0,12010.0,12340.0,11970.0,74014.0,
194700,10380.0,451000000.0,10300.0,10490.0,10200.0,43589.0,297077000.0
464080,10510.0,1086000000.0,10430.0,10700.0,10330.0,103262.0,
102940,14440.0,890000000.0,14750.0,14820.0,14370.0,61233.0,276011000.0
036560,12000.0,48000000.0,12000.0,12040.0,11940.0,3995.0,
041920,10160.0,673000000.0,10080.0,10290.0,10000.0,66732.0,
163730,14780.0,2435000000.0,14500.0,15020.0,13500.0,166208.0,
308430,14620.0,415000000.0,14600.0,14960.0,14380.0,28336.0,534273000.00000006
086670,18940.0,601000000.0,19220.0,19390.0,18680.0,31755.0,
034810,5950.0,54000000.0,5960.0,5960.0,5900.0,9179.0,
143240,17460.0,166000000.0,17400.0,17700.0,17250.0,9523.0,
016790,994.0,0.0,0.0,0.0,0.0,0.0,
084850,8220.0,65000000.0,8140.0,8240.0,8100.0,7968.0,22789000.0
274090,13480.0,63386000000.0,12590.0,14600.0,12470.0,4610539.0,
083930,12650.0,455000000.0,12610.0,12710.0,12370.0,36093.0,
220100,7190.0,449000000.0,7170.0,7300.0,7040.0,62799.0,366011000.0
066620,24750.0,63000000.0,25100.0,25100.0,24300.0,2561.0,
036170,3020.0,996000000.0,2870.0,3115.0,2870.0,331323.0,
263860,20400.0,3022000000.0,19650.0,20600.0,19410.0,149977.0,
052330,10410.0,59000000.0,10400.0,10520.0,10350.0,5665.0,
419530,18030.0,527000000.0,18380.0,18390.0,17810.0,29310.0,345356000.0
024060,12250.0,11381000000.0,12270.0,12440.0,12150.0,926867.0,
192440,29500.0,34000000.0,29500.0,29700.0,29200.0,1143.0,
046120,5400.0,1868000000.0,5380.0,5470.0,5300.0,346687.0,
094820,12100.0,851000000.0,11980.0,12360.0,11960.0,70062.0,
355150,23300.0,4165000000.0,22850.0,24150.0,22550.0,176445.0,
138610,15980.0,478000000.0,16280.0,16450.0,15840.0,29684.0,465611999.99999994
042420,22300.0,189000000.0,22750.0,23000.0,22150.0,8415.0,
214180,13950.0,219000000.0,13740.0,13980.0,13590.0,15820.0,
318060,16170.0,1378000000.0,16390.0,16600.0,15820.0,85248.0,
088800,2395.0,8594000000.0,2235.0,2655.0,2185.0,3491607.0,
082800,2960.0,315000000.0,2960.0,3065.0,2935.0,106008.0,
0010S0,17930.0,11846000000.0,18510.0,19925.0,17780.0,627891.0,
264850,5930.0,2134000000.0,5780.0,5940.0,5730.0,363048.0,
108380,18750.0,143000000.0,18460.0,18750.0,18460.0,7665.0,81452000.0
012860,2445.0,2196000000.0,2375.0,2540.0,2360.0,890776.0,
068790,8060.0,276000000.0,8100.0,8240.0,7950.0,34451.0,
187870,12870.0,1726000000.0,13310.0,13610.0,12650.0,131186.0,
357550,32600.0,123000000.0,31500.0,33000.0,31500.0,3839.0,94942000.0
260970,61400.0,514000000.0,60000.0,61900.0,60000.0,8420.0,
126700,11830.0,805000000.0,11430.0,11870.0,11390.0,68945.0,
372170,22000.0,320000000.0,21650.0,22400.0,21300.0,14563.0,184137000.0
199820,7900.0,901000000.0,7800.0,7970.0,7740.0,114454.0,
403850,12160.0,295000000.0,12250.0,12350.0,12060.0,24302.0,169661000.0
388790,5690.0,8638000000.0,5360.0,5770.0,5360.0,1539490.0,
051160,12910.0,2647000000.0,11730.0,13140.0,11730.0,208519.0,
086820,6700.0,424000000.0,6900.0,6990.0,6560.0,63158.0,
039860,4555.0,758000000.0,4600.0,4660.0,4520.0,165623.0,
417030,30000.0,3548000000.0,30500.0,32400.0,30000.0,115256.0,
123330,21700.0,5366000000.0,22650.0,22950.0,21650.0,244804.0,
270660,13620.0,380000000.0,13410.0,13770.0,13410.0,27841.0,352770000.0
264450,11780.0,1778000000.0,11520.0,12110.0,11520.0,150099.0,
445180,10040.0,1099000000.0,10200.0,10420.0,9850.0,108353.0,
092130,14280.0,19000000.0,14260.0,14410.0,14170.0,1366.0,
119830,6480.0,1299000000.0,6950.0,6990.0,6360.0,196192.0,
143160,16030.0,91000000.0,16100.0,16330.0,15800.0,5673.0,
054210,6790.0,918000000.0,6720.0,6910.0,6680.0,135075.0,
432720,12100.0,2990000000.0,12140.0,12340.0,11690.0,247379.0,
0082N0,12880.0,442000000.0,13090.0,13090.0,12640.0,34621.0,
122990,6670.0,557000000.0,6760.0,6850.0,6660.0,82274.0,
092070,14770.0,1135000000.0,14750.0,14850.0,14080.0,78411.0,
194480,14010.0,537000000.0,14280.0,14400.0,13970.0,38143.0,120017000.0
013990,5180.0,1155000000.0,5150.0,5240.0,5070.0,223218.0,
084990,3695.0,898000000.0,3825.0,3825.0,3615.0,243518.0,
489460,11530.0,257000000.0,11500.0,11600.0,11370.0,22329.0,
149950,12440.0,1248000000.0,12600.0,13050.0,12310.0,98518.0,
049630,7270.0,1368000000.0,7260.0,7450.0,7150.0,187387.0,
032940,9330.0,3171000000.0,9040.0,9430.0,8960.0,342243.0,
474650,29450.0,1381000000.0,28450.0,30400.0,28300.0,46856.0,
039830,15710.0,515000000.0,16020.0,16420.0,15580.0,32292.0,
255220,1121.0,1472000000.0,1151.0,1180.0,1117.0,1279066.0,
032620,3230.0,94000000.0,3205.0,3230.0,3190.0,29321.0,
251370,9350.0,1869000000.0,9050.0,9520.0,8890.0,200756.0,
418550,5230.0,687000000.0,5090.0,5490.0,5020.0,129873.0,
245620,741.0,0.0,0.0,0.0,0.0,0.0,
051370,7140.0,1421000000.0,7230.0,7230.0,7000.0,198943.0,
488280,15360.0,11277000000.0,14990.0,15680.0,14850.0,735058.0,
067290,2965.0,3827000000.0,2950.0,3010.0,2940.0,1289277.0,
038390,9930.0,115000000.0,9920.0,10010.0,9910.0,11617.0,
289080,2760.0,1684000000.0,2800.0,2845.0,2725.0,608354.0,
123410,5960.0,296000000.0,6050.0,6050.0,5950.0,49370.0,
104480,1808.0,93000000.0,1811.0,1829.0,1799.0,51642.0,
396300,6150.0,31904000000.0,6100.0,6480.0,6050.0,5122709.0,
950140,8180.0,142000000.0,8260.0,8260.0,8110.0,17428.0,
290690,3055.0,3418000000.0,3140.0,3270.0,2950.0,1107825.0,
267320,2820.0,6704000000.0,2800.0,2885.0,2790.0,2366013.0,
475040,3005.0,570000000.0,3005.0,3045.0,2975.0,189958.0,
402030,12920.0,175000000.0,12740.0,13130.0,12740.0,13531.0,171472000.0
226590,15040.0,1106000000.0,14960.0,15260.0,14760.0,73679.0,
204610,2870.0,102000000.0,2895.0,2925.0,2860.0,35326.0,
066410,1153.0,0.0,0.0,0.0,0.0,0.0,
123860,13100.0,88000000.0,13190.0,13200.0,12960.0,6740.0,
041520,13020.0,251000000.0,12990.0,13100.0,12630.0,19482.0,
041020,3190.0,495000000.0,3130.0,3215.0,3130.0,155488.0,
054450,10410.0,884000000.0,10380.0,10650.0,10300.0,84575.0,
101360,8860.0,929000000.0,8710.0,8930.0,8610.0,105441.0,5569827000.0
093190,8160.0,44000000.0,8440.0,8460.0,8160.0,5329.0,
086890,3845.0,141000000.0,3880.0,3970.0,3770.0,36793.0,
023910,26100.0,285000000.0,26350.0,26350.0,25900.0,10935.0,
078070,9170.0,420000000.0,8880.0,9420.0,8840.0,45630.0,
072870,13110.0,143000000.0,13380.0,13380.0,13110.0,10920.0,
102120,8770.0,3724000000.0,8840.0,9110.0,8640.0,418487.0,
489500,24350.0,732000000.0,24750.0,24950.0,24200.0,29868.0,
118990,6330.0,218000000.0,6410.0,6470.0,6260.0,34337.0,
067280,26200.0,102000000.0,26450.0,26450.0,26000.0,3877.0,
220260,4830.0,1088000000.0,4740.0,4910.0,4680.0,226255.0,
011040,5020.0,39000000.0,5010.0,5050.0,5000.0,7705.0,
093640,4700.0,75000000.0,4715.0,4740.0,4600.0,15864.0,
080160,8160.0,362000000.0,8250.0,8400.0,8150.0,44132.0,
205500,1845.0,94000000.0,1843.0,1845.0,1792.0,51483.0,
024800,4370.0,208000000.0,4575.0,4575.0,4220.0,48342.0,
322310,16400.0,2527000000.0,16500.0,16850.0,16220.0,152725.0,
212560,11290.0,8913000000.0,10580.0,11940.0,10380.0,789402.0,
054800,14650.0,48000000.0,14820.0,14820.0,14430.0,3298.0,
413630,4145.0,2065000000.0,4140.0,4265.0,4115.0,492216.0,
065660,15040.0,144000000.0,15190.0,15380.0,14850.0,9560.0,52662000.0
300080,9100.0,182000000.0,9150.0,9280.0,9000.0,19971.0,162038000.0
179290,4645.0,127000000.0,4670.0,4770.0,4630.0,27168.0,
007330,9950.0,43000000.0,9940.0,10000.0,9910.0,4330.0,
052260,5000.0,7375000000.0,5160.0,5340.0,4995.0,1432002.0,
0039P0,7960.0,3325000000.0,7990.0,8150.0,7900.0,417096.0,
351320,4805.0,3232000000.0,4745.0,5060.0,4700.0,656428.0,
494120,9750.0,1291000000.0,10620.0,10710.0,9700.0,128241.0,689577000.0
0007C0,18480.0,1137000000.0,19000.0,19000.0,18430.0,60964.0,
452190,6160.0,8310000000.0,6170.0,6370.0,6060.0,1341211.0,
264660,15140.0,615000000.0,15050.0,15180.0,14825.0,40839.0,
950250,4115.0,4241000000.0,4055.0,4220.0,3930.0,1036613.0,
049960,15600.0,162000000.0,15400.0,15700.0,15300.0,10363.0,
046440,4040.0,57000000.0,4040.0,4050.0,4025.0,14175.0,
147830,7300.0,1330000000.0,7150.0,7310.0,7100.0,183940.0,
069510,13370.0,97000000.0,13270.0,13470.0,13190.0,7322.0,
451760,8830.0,6770000000.0,8400.0,9440.0,8340.0,754170.0,
059120,7960.0,4289000000.0,7740.0,7970.0,7620.0,546043.0,
101970,9820.0,36000000.0,9560.0,10000.0,9380.0,3707.0,
387690,18970.0,9287000000.0,19100.0,19600.0,18650.0,487112.0,
232680,10900.0,1085000000.0,11000.0,11280.0,10780.0,98255.0,
146320,11280.0,236000000.0,11100.0,11500.0,11100.0,20862.0,
023600,8980.0,105000000.0,9020.0,9050.0,8900.0,11700.0,
211270,9510.0,1130000000.0,9190.0,9630.0,9150.0,119382.0,
148150,4020.0,210000000.0,4090.0,4090.0,3970.0,52516.0,
228850,8610.0,497000000.0,8630.0,8630.0,8250.0,58896.0,
115310,9600.0,38000000.0,9600.0,9640.0,9480.0,3987.0,
0088M0,14390.0,1483000000.0,14730.0,14800.0,14110.0,102430.0,
105330,8850.0,475000000.0,8450.0,8880.0,8250.0,55433.0,
417500,4300.0,1441000000.0,4320.0,4465.0,4260.0,330935.0,
048870,1598.0,129000000.0,1589.0,1610.0,1581.0,80977.0,
469610,15730.0,551000000.0,15700.0,15980.0,15600.0,34997.0,432846000.0
134580,2850.0,487000000.0,2970.0,2975.0,2820.0,170012.0,
054920,4965.0,7257000000.0,4810.0,5070.0,4755.0,1473022.0,
047770,3700.0,1314000000.0,3590.0,3710.0,3570.0,360354.0,
114840,8390.0,104000000.0,8320.0,8490.0,8280.0,12373.0,72797000.0
256940,6970.0,427000000.0,6820.0,7090.0,6690.0,61484.0,
005990,10470.0,23000000.0,10680.0,10690.0,10360.0,2219.0,
072950,17250.0,164284000000.0,16590.0,18210.0,16580.0,9346578.0,
126640,3960.0,1743000000.0,3845.0,3970.0,3820.0,445716.0,
156100,6210.0,631000000.0,6260.0,6490.0,6200.0,99323.0,
142210,6670.0,1159000000.0,6680.0,6800.0,6610.0,173093.0,
042600,11140.0,1362000000.0,12110.0,12110.0,10600.0,124157.0,
089600,12090.0,166000000.0,12180.0,12300.0,12030.0,13707.0,
052860,7690.0,205000000.0,7690.0,7800.0,7550.0,26751.0,
140670,10700.0,822000000.0,10650.0,10930.0,10550.0,76253.0,
402490,8080.0,1784000000.0,8180.0,8250.0,7950.0,220079.0,
297090,5010.0,421000000.0,4910.0,5110.0,4850.0,83811.0,
038290,12590.0,170000000.0,12690.0,12690.0,12420.0,13603.0,
417010,6760.0,3186000000.0,6210.0,6940.0,6210.0,478212.0,
039840,10140.0,3288000000.0,10580.0,10690.0,9880.0,317486.0,9588193000.0
060150,2985.0,86000000.0,2910.0,3005.0,2910.0,28718.0,
003100,20600.0,76000000.0,20550.0,20800.0,20450.0,3697.0,
321550,4525.0,1049000000.0,4935.0,4940.0,4485.0,229218.0,
037070,6790.0,468000000.0,6600.0,6810.0,6560.0,69669.0,
361390,13930.0,659000000.0,13280.0,14040.0,13200.0,48187.0,
158430,5500.0,2878000000.0,5440.0,5560.0,5410.0,525111.0,
172670,15000.0,1808000000.0,14210.0,15000.0,14120.0,123401.0,
141000,11050.0,844000000.0,10600.0,11050.0,10500.0,77333.0,
035610,4895.0,77000000.0,4950.0,4950.0,4855.0,15777.0,
115440,12370.0,36542000000.0,12300.0,13280.0,12010.0,2903356.0,
321370,1890.0,14956000000.0,1733.0,1911.0,1723.0,8095868.0,
053260,7130.0,3177000000.0,7320.0,7500.0,7130.0,434305.0,
240550,6350.0,662000000.0,6410.0,6430.0,6240.0,104238.0,
285490,12560.0,596000000.0,12230.0,12830.0,12230.0,47469.0,
073010,3295.0,471000000.0,3290.0,3355.0,3265.0,142486.0,
265740,7410.0,1513000000.0,7470.0,7610.0,7400.0,202661.0,
322510,5140.0,443000000.0,5210.0,5240.0,5100.0,86049.0,
282880,11280.0,1366000000.0,11080.0,11840.0,10900.0,120174.0,
071280,8620.0,939000000.0,8790.0,8850.0,8460.0,109270.0,
457550,14130.0,0.0,0.0,0.0,0.0,0.0,
009780,7480.0,454000000.0,7050.0,7500.0,7050.0,61614.0,
474170,7380.0,590000000.0,7090.0,7400.0,7030.0,81231.0,
408920,3040.0,131000000.0,2840.0,3065.0,2840.0,44261.0,
136540,10700.0,50000000.0,10660.0,10780.0,10660.0,4681.0,
338840,8520.0,167000000.0,8530.0,8700.0,8430.0,19582.0,82758000.0
222040,6350.0,3692000000.0,6710.0,6780.0,6200.0,576983.0,
418420,4250.0,514000000.0,4300.0,4450.0,4220.0,118730.0,
049720,9130.0,80000000.0,9120.0,9160.0,9080.0,8778.0,
094840,13300.0,165000000.0,13300.0,13490.0,13000.0,12524.0,
035080,11590.0,140000000.0,11530.0,11630.0,11450.0,12169.0,
079960,17050.0,201000000.0,16960.0,17230.0,16800.0,11805.0,
115500,10710.0,1736000000.0,10620.0,10760.0,10550.0,162690.0,
039560,2995.0,7737000000.0,2615.0,3120.0,2600.0,2628060.0,
037350,8420.0,2192000000.0,8360.0,8650.0,8300.0,259225.0,
001540,9810.0,365000000.0,10100.0,10180.0,9810.0,36623.0,
0015N0,10140.0,2459000000.0,10610.0,10860.0,10040.0,238246.0,
307750,2360.0,386000000.0,2350.0,2395.0,2330.0,163024.0,
042510,11440.0,3025000000.0,11190.0,11490.0,10960.0,268228.0,
950190,9720.0,144000000.0,9740.0,9780.0,9590.0,14889.0,
095700,2770.0,226000000.0,2805.0,2875.0,2750.0,80563.0,
036690,2885.0,0.0,0.0,0.0,0.0,0.0,
474610,8710.0,1367000000.0,8310.0,8810.0,8190.0,158581.0,
138360,1423.0,2326000000.0,1530.0,1530.0,1385.0,1581146.0,
080420,1565.0,1000000.0,1565.0,1565.0,1551.0,580.0,
027710,1119.0,85000000.0,1113.0,1121.0,1111.0,75676.0,
299030,15570.0,650000000.0,15440.0,15650.0,15290.0,41995.0,1198397000.0
053080,9510.0,828000000.0,9250.0,9800.0,9200.0,86404.0,
008830,6430.0,1016000000.0,6390.0,6450.0,6330.0,159159.0,
108230,3240.0,397000000.0,3300.0,3345.0,3230.0,120758.0,
056090,1190.0,0.0,0.0,0.0,0.0,0.0,
166480,2315.0,380000000.0,2260.0,2355.0,2235.0,164385.0,
095190,1865.0,38000000.0,1848.0,1874.0,1848.0,20261.0,
293580,1280.0,205000000.0,1289.0,1295.0,1269.0,160495.0,
259630,9940.0,1316000000.0,9940.0,10190.0,9740.0,131954.0,
297890,1661.0,313000000.0,1650.0,1687.0,1644.0,188221.0,
083500,14580.0,830000000.0,14760.0,14950.0,14410.0,56304.0,
017510,7900.0,1389000000.0,7800.0,7950.0,7750.0,176996.0,
047310,3285.0,433000000.0,3230.0,3315.0,3200.0,132446.0,
021320,5610.0,31000000.0,5780.0,5780.0,5580.0,5504.0,
333430,3900.0,540000000.0,3905.0,3975.0,3875.0,138161.0,
331920,10670.0,390000000.0,10080.0,10690.0,9930.0,38407.0,
308080,5810.0,252000000.0,5850.0,6020.0,5700.0,42925.0,
101170,8780.0,337000000.0,8500.0,8870.0,8420.0,38512.0,
041440,6620.0,338000000.0,6620.0,6680.0,6580.0,51008.0,
209640,4150.0,25747000000.0,3670.0,4340.0,3630.0,6208405.0,
389020,17060.0,2687000000.0,16100.0,17470.0,15970.0,159229.0,
338220,8350.0,2141000000.0,8260.0,8420.0,7980.0,262966.0,6411507000.0
041590,2370.0,0.0,0.0,0.0,0.0,0.0,
336680,2960.0,29000000.0,2990.0,2995.0,2945.0,9898.0,
396470,7180.0,922000000.0,7150.0,7330.0,7090.0,127781.0,
458650,7690.0,79000000.0,7720.0,7760.0,7600.0,10263.0,
290720,3025.0,285000000.0,3010.0,3140.0,2940.0,94184.0,
129920,7070.0,1144000000.0,6890.0,7330.0,6770.0,160399.0,
054050,7160.0,76000000.0,7250.0,7280.0,7160.0,10580.0,
049520,3720.0,210000000.0,3730.0,3770.0,3690.0,56351.0,
067990,3930.0,91000000.0,3880.0,3930.0,3880.0,23305.0,
051980,10300.0,1922000000.0,10700.0,10740.0,9460.0,187904.0,
242040,3300.0,1245000000.0,3300.0,3420.0,3240.0,373175.0,
310200,2185.0,724000000.0,2130.0,2220.0,2115.0,331883.0,
217820,2400.0,635000000.0,2375.0,2425.0,2350.0,264887.0,
063570,3310.0,20000000.0,3325.0,3330.0,3270.0,6046.0,
122450,2510.0,81000000.0,2575.0,2575.0,2480.0,32435.0,
443670,4680.0,1455000000.0,4800.0,4870.0,4600.0,306989.0,
290740,11160.0,372000000.0,11820.0,11820.0,11130.0,32949.0,
153890,9310.0,1800000000.0,9730.0,9810.0,9310.0,189405.0,
079650,5600.0,5280000000.0,5680.0,6080.0,5540.0,918733.0,
255440,8570.0,941000000.0,8600.0,8920.0,8480.0,108139.0,
105740,11000.0,9848000000.0,10250.0,11000.0,10140.0,924351.0,
473980,10270.0,150000000.0,10310.0,10420.0,10180.0,14606.0,72091000.0
0011A0,11960.0,2635000000.0,11480.0,12030.0,11200.0,226375.0,
051360,11920.0,77000000.0,11980.0,11980.0,11690.0,6535.0,46437000.0
334970,1434.0,119000000.0,1412.0,1466.0,1412.0,83245.0,
018120,16810.0,3000000.0,16890.0,16890.0,16680.0,181.0,
201490,3395.0,2195000000.0,3455.0,3455.0,3355.0,645297.0,
289930,8440.0,547000000.0,8190.0,8550.0,8140.0,65287.0,
097800,4065.0,33236000000.0,3865.0,4535.0,3835.0,7925413.0,
036010,8340.0,863000000.0,8150.0,8380.0,8030.0,104399.0,
311320,8780.0,296000000.0,9060.0,9170.0,8690.0,33340.0,
090850,4925.0,80000000.0,4930.0,4945.0,4900.0,16283.0,
246710,2320.0,297000000.0,2310.0,2360.0,2265.0,128580.0,
131030,6240.0,467000000.0,6270.0,6460.0,6200.0,74148.0,
317770,2970.0,711000000.0,2945.0,3065.0,2895.0,237343.0,
475230,10030.0,785000000.0,9750.0,10110.0,9450.0,80430.0,
040300,2290.0,217000000.0,2285.0,2335.0,2260.0,94534.0,
217270,2385.0,46000000.0,2360.0,2410.0,2360.0,19209.0,
217190,8260.0,1625000000.0,8340.0,8600.0,8000.0,194921.0,
067900,5950.0,103000000.0,5980.0,5980.0,5850.0,17365.0,
125210,6560.0,1474000000.0,6330.0,6670.0,6270.0,227391.0,
086980,1732.0,117000000.0,1769.0,1769.0,1731.0,67165.0,
106190,10160.0,247000000.0,10010.0,10200.0,9960.0,24418.0,
036630,7710.0,23000000.0,7570.0,7900.0,7570.0,3003.0,
339950,2395.0,20000000.0,2400.0,2400.0,2355.0,8534.0,
100590,6250.0,23781000000.0,4950.0,6250.0,4940.0,3899268.0,
053700,4000.0,492000000.0,3925.0,4010.0,3920.0,123650.0,
120240,14800.0,44000000.0,14940.0,14950.0,14650.0,2987.0,
039340,4820.0,44000000.0,4890.0,4900.0,4770.0,9083.0,
306620,2210.0,744000000.0,2165.0,2270.0,2130.0,335604.0,
412350,7240.0,5557000000.0,6820.0,7470.0,6520.0,780266.0,
053350,4790.0,249000000.0,4665.0,4850.0,4665.0,52140.0,
411080,6900.0,3072000000.0,6690.0,6930.0,6550.0,453413.0,
130580,6840.0,179000000.0,6850.0,6970.0,6820.0,25902.0,
453450,13210.0,213000000.0,13030.0,13260.0,12560.0,16228.0,
038540,1890.0,11000000.0,1887.0,1931.0,1863.0,5860.0,
073560,1508.0,69000000.0,1501.0,1517.0,1500.0,45531.0,
136150,12440.0,31114000000.0,14100.0,14100.0,12140.0,2348960.0,
037030,4085.0,4372000000.0,3760.0,4230.0,3745.0,1074886.0,
419050,1820.0,2272000000.0,1806.0,1864.0,1800.0,1243585.0,
123040,1660.0,113000000.0,1670.0,1670.0,1616.0,68883.0,
091440,2795.0,861000000.0,2900.0,2900.0,2735.0,310180.0,
109740,4000.0,36000000.0,4090.0,4140.0,3955.0,8901.0,
175250,1665.0,138000000.0,1710.0,1753.0,1650.0,82675.0,
235980,2970.0,174000000.0,3015.0,3115.0,2965.0,58135.0,
475580,7460.0,420000000.0,7450.0,7620.0,7370.0,55983.0,
189330,10830.0,1998000000.0,10600.0,10990.0,10500.0,185442.0,
049950,11500.0,331000000.0,11370.0,11500.0,11250.0,29121.0,
109670,17350.0,10230000000.0,17600.0,20000.0,16400.0,559202.0,
045970,3845.0,231000000.0,3850.0,3895.0,3755.0,60466.0,
182360,6500.0,63000000.0,6550.0,6550.0,6300.0,9921.0,
250060,3140.0,558000000.0,3175.0,3300.0,3100.0,176695.0,
088130,5770.0,678000000.0,5590.0,5830.0,5560.0,118610.0,
173130,7730.0,528000000.0,7600.0,7750.0,7490.0,69442.0,
493330,12540.0,545000000.0,12110.0,12700.0,11920.0,44284.0,
100700,2300.0,116000000.0,2300.0,2315.0,2285.0,50335.0,
439580,2975.0,1371000000.0,2920.0,3030.0,2910.0,463089.0,
086960,2365.0,873000000.0,2325.0,2375.0,2315.0,372034.0,
021080,2090.0,176000000.0,2075.0,2125.0,2070.0,84026.0,
309960,4320.0,130000000.0,4280.0,4335.0,4235.0,30296.0,
307930,6420.0,149000000.0,6380.0,6460.0,6300.0,23374.0,
006620,3515.0,106000000.0,3555.0,3585.0,3500.0,30111.0,
099750,7320.0,227000000.0,7210.0,7330.0,7190.0,31146.0,
048550,1032.0,272000000.0,1015.0,1051.0,1010.0,262556.0,
323990,4285.0,189000000.0,4310.0,4385.0,4255.0,44035.0,
059210,3665.0,210000000.0,3670.0,3685.0,3575.0,57520.0,
322180,4630.0,857000000.0,4675.0,4675.0,4370.0,186744.0,
246720,6070.0,0.0,0.0,0.0,0.0,0.0,
063170,5570.0,115000000.0,5620.0,5640.0,5480.0,20765.0,
352090,3680.0,77000000.0,3695.0,3695.0,3615.0,21021.0,
261780,3410.0,1052000000.0,3530.0,3540.0,3335.0,307542.0,
091120,5750.0,327000000.0,5470.0,5870.0,5420.0,57243.0,
366030,4335.0,121000000.0,4500.0,4500.0,4315.0,27620.0,
298540,6770.0,458000000.0,6640.0,6790.0,6520.0,69323.0,
205100,1448.0,477000000.0,1453.0,1485.0,1426.0,329518.0,
0017J0,3235.0,9167000000.0,3160.0,3385.0,2980.0,2860247.0,
066790,2205.0,0.0,0.0,0.0,0.0,0.0,
380550,7960.0,650000000.0,7900.0,8110.0,7800.0,81657.0,
187790,3140.0,221000000.0,3220.0,3240.0,3120.0,69741.0,
068240,2530.0,0.0,0.0,0.0,0.0,0.0,
394420,8760.0,654000000.0,9390.0,9500.0,8660.0,73017.0,
348350,9820.0,162000000.0,9770.0,9940.0,9670.0,16571.0,
002230,5200.0,245000000.0,5180.0,5360.0,5180.0,46532.0,
330350,7250.0,182000000.0,7260.0,7340.0,7200.0,25070.0,
052420,9770.0,131000000.0,9740.0,9850.0,9670.0,13382.0,
032300,8720.0,17695000000.0,7500.0,9500.0,7460.0,1978667.0,
052460,6500.0,1005000000.0,6400.0,6600.0,6240.0,156495.0,
017650,10800.0,0.0,0.0,0.0,0.0,0.0,
042500,4240.0,304000000.0,4220.0,4260.0,4205.0,71760.0,
198440,1546.0,535000000.0,1565.0,1611.0,1531.0,341717.0,
054540,7220.0,1520000000.0,6950.0,7470.0,6910.0,209686.0,
357880,1727.0,1445000000.0,1792.0,1798.0,1725.0,824287.0,
282720,7710.0,159000000.0,7580.0,7870.0,7540.0,20537.0,
005860,2365.0,193000000.0,2330.0,2370.0,2330.0,81972.0,
357580,7900.0,3526000000.0,8300.0,8450.0,7890.0,432513.0,
052900,1212.0,1275000000.0,1252.0,1266.0,1210.0,1031226.0,
074430,1034.0,29000000.0,1042.0,1050.0,1032.0,28062.0,
109610,1883.0,83000000.0,1888.0,1916.0,1876.0,43713.0,
065450,3120.0,3087000000.0,3050.0,3175.0,3045.0,990477.0,
023900,7270.0,42000000.0,7200.0,7430.0,7120.0,5828.0,
036220,6400.0,114000000.0,6420.0,6540.0,6400.0,17726.0,
062970,3040.0,4397000000.0,2910.0,3050.0,2895.0,1474804.0,
040420,5840.0,20000000.0,5850.0,5860.0,5830.0,3367.0,
307870,1230.0,347000000.0,1235.0,1235.0,1200.0,285715.0,
047560,7770.0,232000000.0,7670.0,7840.0,7580.0,29938.0,
053580,7010.0,87000000.0,6980.0,7070.0,6950.0,12352.0,
033560,5310.0,81000000.0,5300.0,5390.0,5240.0,15145.0,
085670,3705.0,4075000000.0,3460.0,3940.0,3410.0,1086157.0,
432470,10320.0,1364000000.0,10350.0,11020.0,10280.0,127859.0,
223250,3675.0,1578000000.0,3620.0,3760.0,3500.0,431661.0,
013310,2320.0,143000000.0,2295.0,2340.0,2285.0,62047.0,
044990,11680.0,150000000.0,11300.0,11820.0,11190.0,12918.0,
303810,2805.0,4645000000.0,2850.0,2935.0,2740.0,1642849.0,
048910,7130.0,288000000.0,7220.0,7290.0,7030.0,40179.0,
093920,4820.0,37000000.0,4800.0,4825.0,4760.0,7711.0,
234030,3795.0,1728000000.0,3875.0,4000.0,3745.0,448140.0,
066590,2315.0,117000000.0,2300.0,2335.0,2295.0,50644.0,
100130,1565.0,7958000000.0,1507.0,1794.0,1489.0,4794791.0,
900260,1937.0,7000000.0,1938.0,1955.0,1856.0,3684.0,
246960,2620.0,312000000.0,2600.0,2620.0,2470.0,122346.0,
234300,3250.0,230000000.0,3270.0,3290.0,3205.0,70618.0,
457370,10940.0,2534000000.0,11090.0,11160.0,10840.0,230271.0,
009300,13850.0,11000000.0,13760.0,14100.0,13680.0,816.0,
357230,2125.0,30000000.0,2150.0,2165.0,2125.0,13754.0,
140070,2365.0,84000000.0,2330.0,2375.0,2310.0,36174.0,
362320,4200.0,116000000.0,4195.0,4215.0,4130.0,27899.0,
101330,3745.0,530000000.0,3630.0,3780.0,3460.0,143717.0,
048530,2805.0,123000000.0,2890.0,2905.0,2805.0,43304.0,
078890,4700.0,428000000.0,4545.0,4770.0,4535.0,90921.0,
096240,8440.0,38000000.0,8480.0,8480.0,8420.0,4511.0,
478560,3340.0,65000000.0,3495.0,3495.0,3325.0,19395.0,
162300,2080.0,960000000.0,2115.0,2115.0,2050.0,460873.0,
014950,8550.0,2517000000.0,8620.0,8760.0,8490.0,291605.0,
226400,4165.0,236000000.0,4060.0,4200.0,4060.0,56539.0,
033290,1530.0,8000000.0,1518.0,1531.0,1507.0,5469.0,
192410,3400.0,228000000.0,3580.0,3725.0,3295.0,67113.0,
067000,1225.0,862000000.0,1225.0,1238.0,1186.0,714012.0,
251120,9830.0,233000000.0,9940.0,10120.0,9750.0,23525.0,
004650,9300.0,138000000.0,9320.0,9340.0,9270.0,14846.0,
215100,4195.0,375000000.0,4105.0,4265.0,4030.0,89184.0,
263720,6930.0,35000000.0,7100.0,7100.0,6860.0,4975.0,
086710,6950.0,49000000.0,6870.0,6970.0,6870.0,7116.0,
038110,2060.0,227000000.0,2040.0,2080.0,2035.0,110142.0,
072020,9160.0,42000000.0,9200.0,9200.0,9090.0,4627.0,
006140,5690.0,8910000000.0,4390.0,5690.0,4335.0,1684902.0,
263600,5290.0,34335000000.0,4980.0,5730.0,4975.0,6443987.0,
025950,10020.0,188000000.0,10010.0,10230.0,9980.0,18557.0,
066700,2265.0,52000000.0,2270.0,2295.0,2210.0,23444.0,
037760,2485.0,373000000.0,2445.0,2495.0,2415.0,151994.0,
078140,7580.0,124000000.0,7680.0,7730.0,7550.0,16295.0,
049180,1009.0,0.0,0.0,0.0,0.0,0.0,
330730,4605.0,38000000.0,4555.0,4615.0,4555.0,8325.0,
183490,990.0,0.0,0.0,0.0,0.0,0.0,
094860,1569.0,230000000.0,1517.0,1600.0,1503.0,146511.0,
058820,562.0,0.0,0.0,0.0,0.0,0.0,
185490,1918.0,199000000.0,1966.0,1973.0,1870.0,104453.0,
294630,3125.0,361000000.0,3075.0,3180.0,3070.0,115275.0,
123010,4090.0,4491000000.0,4505.0,4570.0,3520.0,1106860.0,
360070,10090.0,198000000.0,9620.0,10170.0,9600.0,19814.0,
007820,3535.0,241000000.0,3485.0,3600.0,3485.0,67726.0,
389030,2090.0,329000000.0,2090.0,2140.0,2025.0,159009.0,
029480,1377.0,30000000.0,1371.0,1404.0,1371.0,21693.0,
049080,9670.0,4425000000.0,9840.0,10080.0,9585.0,447683.0,
063080,12440.0,134000000.0,12500.0,12610.0,12370.0,10752.0,
381620,6250.0,300000000.0,6140.0,6300.0,6140.0,48124.0,
365330,1633.0,661000000.0,1673.0,1684.0,1633.0,399473.0,
066980,1523.0,296000000.0,1518.0,1541.0,1500.0,194560.0,
323350,10150.0,2849000000.0,9790.0,11360.0,9710.0,274476.0,
382840,5320.0,412000000.0,5180.0,5440.0,5170.0,77167.0,
412540,3935.0,0.0,0.0,0.0,0.0,0.0,
396270,2460.0,1113000000.0,2495.0,2555.0,2420.0,447979.0,
104040,3015.0,308000000.0,2890.0,3150.0,2880.0,102779.0,
0015S0,8180.0,407000000.0,8000.0,8330.0,7950.0,49763.0,
066430,2060.0,344000000.0,2045.0,2080.0,2040.0,167400.0,
036640,4930.0,105000000.0,4950.0,4950.0,4900.0,21402.0,
389140,5630.0,124000000.0,5590.0,5770.0,5470.0,22169.0,
475430,4500.0,503000000.0,4450.0,4520.0,4425.0,112169.0,
054670,5590.0,93000000.0,5555.0,5650.0,5470.0,16794.0,
418470,9350.0,206000000.0,9370.0,9380.0,9200.0,22200.0,
066310,8620.0,759000000.0,8360.0,8720.0,8360.0,88227.0,
302550,2635.0,17000000.0,2670.0,2700.0,2600.0,6497.0,
142280,3325.0,776000000.0,3390.0,3390.0,3255.0,233159.0,
137950,3575.0,102000000.0,3490.0,3610.0,3490.0,28565.0,
079810,3690.0,267000000.0,3610.0,3730.0,3450.0,72726.0,
032540,3800.0,26000000.0,3790.0,3810.0,3600.0,6821.0,
147760,3970.0,776000000.0,4000.0,4120.0,3860.0,196391.0,
0117P0,5600.0,279000000.0,5550.0,5640.0,5510.0,49888.0,
024880,3975.0,349000000.0,3880.0,3995.0,3840.0,88445.0,
131370,1487.0,69000000.0,1500.0,1500.0,1475.0,46474.0,
331380,2130.0,224000000.0,2075.0,2195.0,2050.0,105884.0,
058400,5930.0,21000000.0,5990.0,5990.0,5650.0,3578.0,
000440,12560.0,158000000.0,12580.0,12610.0,12350.0,12619.0,
004590,5210.0,88000000.0,5140.0,5250.0,5140.0,16784.0,
067170,2845.0,7009000000.0,2680.0,3065.0,2655.0,2443280.0,
107600,13800.0,404000000.0,13440.0,14250.0,13300.0,29372.0,
388870,6020.0,274000000.0,6120.0,6180.0,5950.0,45219.0,
047820,3180.0,27000000.0,3200.0,3230.0,3160.0,8443.0,
012790,6480.0,239000000.0,6440.0,6560.0,6410.0,36903.0,
149980,4515.0,69000000.0,4615.0,4675.0,4500.0,15207.0,
084730,6980.0,40000000.0,6940.0,7010.0,6840.0,5831.0,
088390,8250.0,43000000.0,8240.0,8290.0,8130.0,5244.0,
065510,7090.0,338000000.0,6980.0,7100.0,6980.0,47863.0,
253840,4600.0,421000000.0,4570.0,4640.0,4530.0,92029.0,
302430,7850.0,565000000.0,7860.0,7930.0,7710.0,72076.0,
0007J0,9760.0,2282000000.0,10600.0,10600.0,9670.0,227826.0,
225530,2110.0,13000000.0,2135.0,2135.0,2085.0,6245.0,
168330,2410.0,37000000.0,2345.0,2410.0,2345.0,15708.0,
950130,2175.0,102000000.0,2190.0,2200.0,2120.0,47617.0,
303360,5930.0,220000000.0,6170.0,6170.0,5900.0,36763.0,
263800,4705.0,470000000.0,4615.0,4780.0,4565.0,99675.0,
291650,2500.0,311000000.0,2335.0,2500.0,2245.0,128599.0,
124560,1968.0,19000000.0,1957.0,1974.0,1953.0,9778.0,
038680,3825.0,210000000.0,3755.0,3925.0,3755.0,54427.0,
073640,654.0,0.0,0.0,0.0,0.0,0.0,
030960,4760.0,45000000.0,4700.0,4805.0,4670.0,9416.0,
011370,3765.0,82000000.0,3725.0,3785.0,3710.0,21968.0,
041930,4985.0,45000000.0,5020.0,5040.0,4980.0,9046.0,
058630,4035.0,143000000.0,4050.0,4140.0,4030.0,35143.0,
011320,3920.0,100000000.0,3900.0,4025.0,3845.0,25374.0,
170030,4935.0,117000000.0,4830.0,4950.0,4820.0,23881.0,
040910,4165.0,70000000.0,4150.0,4350.0,4100.0,16829.0,
012700,2910.0,41000000.0,2910.0,2920.0,2880.0,14156.0,
413390,6690.0,106000000.0,6340.0,6690.0,6340.0,16229.0,
451250,7380.0,48000000.0,7250.0,7380.0,7210.0,6607.0,
102370,2905.0,45000000.0,2910.0,2940.0,2860.0,15515.0,
060590,3090.0,46000000.0,3085.0,3125.0,3065.0,14815.0,
019550,926.0,309000000.0,923.0,930.0,908.0,336159.0,
217330,3210.0,318000000.0,3280.0,3410.0,3210.0,96965.0,
010280,5700.0,247000000.0,5780.0,5780.0,5600.0,43640.0,
347890,4355.0,26000000.0,4345.0,4390.0,4305.0,6037.0,
040160,6230.0,47000000.0,6240.0,6390.0,6020.0,7580.0,
060570,4990.0,25000000.0,5000.0,5040.0,4855.0,4988.0,
208140,2255.0,56000000.0,2250.0,2275.0,2245.0,24627.0,
024740,2240.0,437000000.0,2210.0,2245.0,2205.0,196734.0,
277880,3710.0,119000000.0,3695.0,3755.0,3650.0,31899.0,
171120,2045.0,123000000.0,2005.0,2055.0,1994.0,60458.0,
294140,2940.0,83000000.0,3015.0,3015.0,2840.0,28499.0,
451220,9300.0,492000000.0,9440.0,9650.0,9200.0,52320.0,
089230,1856.0,353000000.0,1915.0,1949.0,1806.0,190555.0,
039980,5080.0,222000000.0,5190.0,5190.0,5060.0,43502.0,
212710,7520.0,690000000.0,7480.0,7790.0,7390.0,90252.0,
038460,2885.0,347000000.0,2835.0,2910.0,2835.0,120562.0,
020710,3630.0,165000000.0,3600.0,3630.0,3580.0,45969.0,
041910,5470.0,122000000.0,5600.0,5600.0,5460.0,22129.0,
347000,1920.0,277000000.0,1860.0,1950.0,1840.0,146018.0,
017480,4695.0,64000000.0,4725.0,4725.0,4675.0,13729.0,
080010,7370.0,9000000.0,7390.0,7410.0,7300.0,1217.0,
377480,10180.0,202000000.0,10160.0,10240.0,10010.0,19890.0,
417790,6910.0,118000000.0,6610.0,6910.0,6540.0,17510.0,
299660,2445.0,474000000.0,2450.0,2455.0,2350.0,197117.0,
053280,2880.0,34000000.0,2910.0,2910.0,2805.0,11919.0,
065530,1505.0,12614000000.0,1267.0,1628.0,1267.0,8228972.0,
039010,8340.0,59000000.0,8300.0,8350.0,8170.0,7193.0,
234920,5310.0,0.0,0.0,0.0,0.0,0.0,
417970,11210.0,135000000.0,10640.0,11290.0,10560.0,12183.0,
083790,930.0,63000000.0,950.0,950.0,900.0,69004.0,
054620,3875.0,202000000.0,3690.0,3945.0,3670.0,52835.0,
054040,4430.0,46000000.0,4425.0,4445.0,4390.0,10462.0,
128660,2870.0,275000000.0,2870.0,2890.0,2820.0,96297.0,
460940,5280.0,202000000.0,5170.0,5320.0,5170.0,38327.0,
320000,10260.0,1202000000.0,10370.0,10780.0,10200.0,114771.0,
091590,6040.0,561000000.0,6070.0,6280.0,6030.0,91577.0,
090470,4050.0,65000000.0,4130.0,4175.0,4010.0,16084.0,
155650,3730.0,259000000.0,3700.0,3850.0,3655.0,69325.0,
225190,5010.0,22702000000.0,4445.0,5420.0,4025.0,4518255.0,
096350,1911.0,110000000.0,1870.0,1928.0,1870.0,57756.0,
104460,6690.0,44000000.0,6590.0,6740.0,6570.0,6605.0,
487580,2790.0,1879000000.0,2920.0,2950.0,2710.0,671494.0,
371950,2980.0,214000000.0,3120.0,3180.0,2930.0,71357.0,
045660,8500.0,46000000.0,8510.0,8660.0,8470.0,5352.0,
092040,988.0,135000000.0,982.0,998.0,978.0,136336.0,
076610,1144.0,675000000.0,1110.0,1151.0,1095.0,595821.0,
089790,6730.0,1494000000.0,6560.0,7030.0,6550.0,219633.0,
032850,4175.0,142000000.0,4185.0,4185.0,4120.0,34216.0,
110790,2955.0,4000000.0,2970.0,2970.0,2925.0,1243.0,
282620,11810.0,295000000.0,11800.0,11960.0,11780.0,24897.0,
332370,5210.0,11000000.0,5240.0,5250.0,5140.0,2033.0,
337930,2380.0,58000000.0,2350.0,2385.0,2340.0,24710.0,
104540,5150.0,2940000000.0,4830.0,5550.0,4810.0,567219.0,
067570,1634.0,47000000.0,1650.0,1660.0,1615.0,28875.0,
026150,3925.0,37000000.0,3975.0,3975.0,3835.0,9491.0,
109860,7560.0,7000000.0,7610.0,7610.0,7530.0,905.0,
019540,5090.0,113000000.0,5060.0,5150.0,4995.0,22361.0,
024830,8200.0,30000000.0,8130.0,8400.0,8130.0,3598.0,
208370,2660.0,920000000.0,2690.0,2770.0,2650.0,340939.0,
347860,1622.0,150000000.0,1615.0,1638.0,1599.0,92826.0,
214260,7640.0,48000000.0,7840.0,7840.0,7570.0,6225.0,
0218L0,12900.0,181000000.0,12450.0,13050.0,12330.0,14131.0,
0004V0,6180.0,1153000000.0,6160.0,6430.0,6050.0,186141.0,
487400,6630.0,523000000.0,6520.0,6760.0,6480.0,79066.0,
123420,6540.0,46000000.0,6510.0,6570.0,6420.0,7094.0,
950220,1985.0,303000000.0,1982.0,2020.0,1950.0,153124.0,
117670,10190.0,525000000.0,10700.0,11160.0,10140.0,49657.0,
265560,6350.0,62000000.0,6360.0,6370.0,6260.0,9870.0,
004780,4265.0,59000000.0,4200.0,4265.0,4155.0,13925.0,
048430,5880.0,146000000.0,5940.0,5960.0,5810.0,24827.0,
228670,4330.0,222000000.0,4440.0,4440.0,4265.0,51245.0,
002800,4455.0,23000000.0,4470.0,4470.0,4435.0,5086.0,
262260,4475.0,121000000.0,4450.0,4675.0,4380.0,26445.0,
228340,3370.0,796000000.0,3450.0,3535.0,3365.0,231864.0,
040350,3390.0,211000000.0,3310.0,3405.0,3195.0,64446.0,
096250,5680.0,111000000.0,5590.0,5750.0,5460.0,19526.0,
049550,3420.0,15000000.0,3450.0,3480.0,3385.0,4437.0,
095270,4655.0,254000000.0,4500.0,4755.0,4500.0,54127.0,
331740,6800.0,359000000.0,6460.0,6890.0,6460.0,53150.0,
456070,6000.0,373000000.0,6140.0,6190.0,5940.0,61876.0,
014970,4460.0,127000000.0,4360.0,4490.0,4360.0,28614.0,
153710,4500.0,46000000.0,4500.0,4685.0,4400.0,10178.0,
061040,7290.0,36000000.0,7240.0,7300.0,7120.0,4958.0,
067370,5400.0,5000000.0,5580.0,5580.0,5390.0,979.0,
111710,3200.0,24000000.0,3225.0,3225.0,3140.0,7420.0,
039610,6310.0,853000000.0,6430.0,6450.0,6260.0,134550.0,
0155E0,11920.0,1824000000.0,12050.0,12390.0,11890.0,151651.0,
214680,3915.0,89000000.0,3980.0,3980.0,3850.0,22779.0,
204840,4200.0,97000000.0,4255.0,4305.0,4170.0,23003.0,
241790,6490.0,308000000.0,6500.0,6650.0,6410.0,47154.0,
315640,2210.0,415000000.0,2180.0,2290.0,2125.0,186805.0,
137080,6060.0,31000000.0,6110.0,6130.0,6050.0,5128.0,
222110,4800.0,7000000.0,4790.0,4825.0,4780.0,1426.0,
056360,6620.0,1606000000.0,6330.0,6880.0,6290.0,244328.0,
048770,4125.0,880000000.0,4070.0,4190.0,4030.0,213394.0,
205470,2620.0,94000000.0,2620.0,2710.0,2585.0,35492.0,
241690,2635.0,84000000.0,2610.0,2635.0,2575.0,32376.0,
122350,1681.0,1180000000.0,1648.0,1700.0,1648.0,703973.0,
067920,5860.0,252000000.0,5820.0,5890.0,5770.0,43226.0,
424960,3890.0,80000000.0,3810.0,3900.0,3735.0,20846.0,
382480,1629.0,55000000.0,1620.0,1645.0,1608.0,34146.0,
126880,2765.0,101000000.0,2780.0,2840.0,2745.0,36625.0,
100030,19500.0,46000000.0,20200.0,20200.0,19210.0,2373.0,
179530,2055.0,686000000.0,1809.0,2125.0,1809.0,346198.0,
049470,2710.0,260000000.0,2800.0,2800.0,2570.0,96304.0,
033130,1717.0,23000000.0,1703.0,1735.0,1687.0,13566.0,
089850,4320.0,27000000.0,4240.0,4330.0,4200.0,6393.0,
273640,5800.0,393000000.0,5390.0,5810.0,5290.0,69495.0,
081150,2605.0,101000000.0,2595.0,2625.0,2580.0,38964.0,
060310,1185.0,310000000.0,1110.0,1188.0,1109.0,267653.0,
318160,6730.0,252000000.0,6740.0,6830.0,6500.0,37991.0,
214270,1387.0,59000000.0,1405.0,1415.0,1354.0,43018.0,
082210,1795.0,85000000.0,1758.0,1795.0,1750.0,48178.0,
0156T0,8060.0,453000000.0,8050.0,8150.0,7980.0,56371.0,
043650,3510.0,28000000.0,3500.0,3525.0,3480.0,7869.0,
291230,2610.0,57000000.0,2600.0,2610.0,2575.0,22128.0,
900110,5660.0,11000000.0,5450.0,5670.0,5440.0,1962.0,
001840,2215.0,0.0,0.0,0.0,0.0,0.0,
187420,1910.0,272000000.0,1963.0,1985.0,1895.0,140461.0,
294090,1490.0,0.0,0.0,0.0,0.0,0.0,
463020,6930.0,335000000.0,7040.0,7070.0,6800.0,48404.0,
008370,5180.0,224000000.0,5060.0,5520.0,4970.0,42366.0,
049480,1978.0,198000000.0,1949.0,1991.0,1949.0,100170.0,
424980,10490.0,936000000.0,9900.0,11210.0,9820.0,88772.0,
065170,2220.0,804000000.0,2080.0,2250.0,2080.0,369324.0,
221800,3790.0,133000000.0,3875.0,3875.0,3615.0,35052.0,
064240,1782.0,20000000.0,1782.0,1794.0,1768.0,11394.0,
066670,3305.0,194000000.0,3290.0,3320.0,3280.0,58662.0,
036000,2675.0,58000000.0,2735.0,2735.0,2670.0,21442.0,
005670,6160.0,17000000.0,6190.0,6200.0,6120.0,2831.0,
127710,1398.0,91000000.0,1429.0,1430.0,1350.0,64948.0,
900300,2990.0,4078000000.0,2655.0,3375.0,2655.0,1281347.0,
014470,1075.0,25000000.0,1071.0,1098.0,1070.0,22863.0,
036090,1441.0,468000000.0,1401.0,1463.0,1401.0,327004.0,
043610,1055.0,0.0,0.0,0.0,0.0,0.0,
299170,1475.0,4208000000.0,1472.0,1530.0,1450.0,2824626.0,
059270,5480.0,172000000.0,5550.0,5640.0,5450.0,31071.0,
010240,5220.0,17000000.0,5220.0,5220.0,5190.0,3353.0,
039420,2660.0,25000000.0,2655.0,2660.0,2610.0,9657.0,
460870,3040.0,141000000.0,3020.0,3095.0,2950.0,46427.0,
448710,11530.0,214000000.0,11310.0,11570.0,11220.0,18609.0,
041460,3305.0,83000000.0,3295.0,3345.0,3275.0,25001.0,
203400,676.0,0.0,0.0,0.0,0.0,0.0,
016250,12090.0,34000000.0,12300.0,12300.0,11990.0,2841.0,
216050,4985.0,75000000.0,4945.0,5000.0,4935.0,15027.0,
033320,3180.0,176000000.0,3135.0,3195.0,3135.0,55505.0,
483350,2730.0,731000000.0,2775.0,2845.0,2705.0,265901.0,
010470,5020.0,13000000.0,5040.0,5040.0,4990.0,2556.0,
352910,4755.0,37000000.0,4830.0,4830.0,4730.0,7831.0,
039020,2655.0,219000000.0,2625.0,2660.0,2600.0,83635.0,
251630,3760.0,30000000.0,3735.0,3840.0,3650.0,8031.0,
360350,11000.0,547000000.0,10360.0,11390.0,10280.0,51101.0,
054300,1028.0,76000000.0,1044.0,1052.0,1022.0,73619.0,
003310,1681.0,365000000.0,1643.0,1707.0,1643.0,216488.0,
025550,2330.0,276000000.0,2300.0,2355.0,2285.0,119234.0,
094850,4235.0,40000000.0,4210.0,4255.0,4110.0,9559.0,
464490,5150.0,527000000.0,5160.0,5400.0,4985.0,100955.0,
081180,6700.0,829000000.0,6890.0,7050.0,6530.0,122239.0,
175140,2355.0,18000000.0,2340.0,2375.0,2305.0,7711.0,
033310,1468.0,29000000.0,1446.0,1490.0,1446.0,20117.0,
263690,5180.0,29000000.0,5150.0,5180.0,5100.0,5696.0,
192250,8290.0,190000000.0,8260.0,8350.0,8100.0,23197.0,
215360,6390.0,78000000.0,6260.0,6440.0,6220.0,12266.0,
099520,1284.0,0.0,0.0,0.0,0.0,0.0,
348150,2990.0,48000000.0,2935.0,3010.0,2930.0,16083.0,
191420,7160.0,24000000.0,7110.0,7220.0,7040.0,3423.0,
045340,6770.0,62000000.0,6730.0,6840.0,6710.0,9129.0,
037440,4125.0,316000000.0,4170.0,4190.0,4085.0,76628.0,
050960,8500.0,13000000.0,8460.0,8570.0,8410.0,1593.0,
950200,2980.0,212000000.0,3105.0,3115.0,2960.0,70345.0,
261520,5560.0,346000000.0,5550.0,5740.0,5530.0,61315.0,
288180,7710.0,242000000.0,7410.0,7920.0,7330.0,31597.0,
053050,1890.0,99000000.0,1867.0,1904.0,1867.0,52682.0,
053620,6570.0,58000000.0,6700.0,6750.0,6520.0,8687.0,
007370,3975.0,16000000.0,3965.0,3980.0,3940.0,3990.0,
046210,1230.0,275000000.0,1203.0,1250.0,1203.0,224166.0,
290660,1305.0,282000000.0,1301.0,1313.0,1280.0,217271.0,
088280,3230.0,281000000.0,3140.0,3280.0,3100.0,87337.0,
033230,1103.0,91000000.0,1119.0,1132.0,1101.0,81584.0,
443250,5150.0,17000000.0,5200.0,5200.0,5110.0,3196.0,
333620,5050.0,55000000.0,5090.0,5090.0,5000.0,10938.0,
340930,806.0,0.0,0.0,0.0,0.0,0.0,
317530,3165.0,23000000.0,3270.0,3310.0,3160.0,7330.0,
365660,4110.0,644000000.0,4165.0,4195.0,4085.0,155999.0,
321820,3545.0,368000000.0,3550.0,3690.0,3410.0,104027.0,
145170,3265.0,1072000000.0,3545.0,3545.0,3265.0,316639.0,
109080,9780.0,325000000.0,9400.0,9950.0,9400.0,33368.0,
419080,5040.0,126000000.0,5100.0,5110.0,4770.0,25498.0,
217480,499.0,0.0,0.0,0.0,0.0,0.0,
0013V0,5500.0,426000000.0,5400.0,5620.0,5270.0,78483.0,
238090,1789.0,22000000.0,1825.0,1825.0,1755.0,12352.0,
040610,3200.0,51000000.0,3175.0,3205.0,3140.0,15855.0,
036120,1550.0,171000000.0,1608.0,1630.0,1539.0,109926.0,
036670,5060.0,27000000.0,5040.0,5070.0,5010.0,5284.0,
459100,4010.0,75000000.0,4010.0,4020.0,3940.0,18808.0,
024910,1506.0,55000000.0,1476.0,1514.0,1476.0,36914.0,
317830,4980.0,191000000.0,4825.0,4980.0,4695.0,39284.0,
391710,1257.0,161000000.0,1290.0,1290.0,1198.0,127864.0,
393210,3430.0,1391000000.0,3520.0,3570.0,3350.0,406237.0,
061250,6350.0,75000000.0,6430.0,6490.0,6330.0,11789.0,
170790,8350.0,60000000.0,8320.0,8390.0,8230.0,7225.0,
105760,5230.0,164000000.0,5090.0,5260.0,5050.0,31698.0,
092300,2645.0,215000000.0,2575.0,2690.0,2575.0,81166.0,
053270,1942.0,41000000.0,1940.0,1969.0,1932.0,20937.0,
043710,3065.0,4000000.0,2990.0,3100.0,2990.0,1249.0,
435570,6960.0,30000000.0,7010.0,7130.0,6850.0,4340.0,
071670,5300.0,99000000.0,5300.0,5360.0,5130.0,18765.0,
054930,17640.0,57000000.0,17640.0,17800.0,17510.0,3217.0,
420570,9050.0,292000000.0,9480.0,9480.0,8900.0,32248.0,
033170,3080.0,921000000.0,3135.0,3295.0,3025.0,293396.0,
370090,6170.0,87000000.0,6170.0,6220.0,6080.0,14124.0,
064800,2065.0,39000000.0,2185.0,2185.0,2030.0,18585.0,
457600,3850.0,869000000.0,3685.0,4045.0,3540.0,226469.0,
104620,3135.0,156000000.0,3165.0,3180.0,3080.0,49938.0,
039240,1949.0,77000000.0,1950.0,1965.0,1921.0,39732.0,
246690,2210.0,107000000.0,2235.0,2240.0,2180.0,48704.0,
163280,3840.0,94000000.0,3835.0,3900.0,3830.0,24471.0,
053160,8700.0,46000000.0,8730.0,8730.0,8320.0,5458.0,
094940,6240.0,200000000.0,6170.0,6290.0,6100.0,32185.0,
317850,6240.0,318000000.0,6250.0,6320.0,6200.0,50960.0,
459550,2055.0,820000000.0,2095.0,2120.0,2035.0,396525.0,
024950,4175.0,7000000.0,4200.0,4225.0,4155.0,1694.0,
015710,2950.0,28000000.0,2965.0,2965.0,2900.0,9466.0,
052790,4730.0,122000000.0,4750.0,4800.0,4605.0,25999.0,
044340,2890.0,280000000.0,2790.0,2945.0,2780.0,97186.0,
355690,5390.0,438000000.0,5270.0,5530.0,5270.0,80823.0,
217500,1620.0,227000000.0,1586.0,1633.0,1563.0,140349.0,
027050,1279.0,62000000.0,1282.0,1302.0,1265.0,48492.0,
019990,5220.0,164000000.0,5210.0,5370.0,5120.0,31270.0,
256630,4350.0,13000000.0,4365.0,4400.0,4330.0,3068.0,
393970,2825.0,0.0,0.0,0.0,0.0,0.0,
321260,1787.0,392000000.0,1728.0,1829.0,1723.0,217610.0,
088910,1958.0,128000000.0,1967.0,1983.0,1948.0,65518.0,
278650,2875.0,466000000.0,3030.0,3030.0,2870.0,159816.0,
179900,2315.0,423000000.0,2180.0,2370.0,2160.0,188081.0,
314140,5760.0,112000000.0,5880.0,5910.0,5760.0,19234.0,
053450,3360.0,103000000.0,3305.0,3380.0,3260.0,30763.0,
046940,2745.0,60000000.0,2755.0,2780.0,2725.0,21887.0,
232830,2995.0,527000000.0,2950.0,3050.0,2805.0,177287.0,
347740,1650.0,23000000.0,1629.0,1655.0,1621.0,13790.0,
189860,5100.0,595000000.0,5060.0,5150.0,4980.0,117274.0,
038010,5490.0,137000000.0,5330.0,5530.0,5260.0,25247.0,
063440,1090.0,40000000.0,1092.0,1098.0,1087.0,36682.0,
042110,1022.0,295000000.0,980.0,1029.0,974.0,291767.0,
311690,3775.0,4000000.0,3800.0,3800.0,3700.0,1010.0,
219550,1191.0,11000000.0,1198.0,1211.0,1167.0,8928.0,
408470,4655.0,164000000.0,4750.0,4800.0,4600.0,35339.0,
382150,3770.0,85000000.0,3750.0,3790.0,3670.0,22703.0,
348080,3830.0,154000000.0,3855.0,3880.0,3730.0,40563.0,
226340,5830.0,2731000000.0,6080.0,6100.0,5590.0,468468.0,
376290,2765.0,7000000.0,2865.0,2865.0,2730.0,2432.0,
060560,1922.0,18000000.0,1922.0,1932.0,1900.0,9303.0,
453860,7570.0,142000000.0,7660.0,7660.0,7150.0,19332.0,
065130,3035.0,200000000.0,2950.0,3130.0,2940.0,65909.0,
463480,3915.0,21000000.0,3925.0,3930.0,3825.0,5390.0,
122310,3330.0,10000000.0,3310.0,3355.0,3290.0,3148.0,
340810,3465.0,535000000.0,3530.0,3530.0,3380.0,155682.0,
094970,2880.0,335000000.0,2785.0,2900.0,2780.0,117079.0,
452400,5310.0,24000000.0,5260.0,5370.0,5250.0,4599.0,
199550,3225.0,20000000.0,3440.0,3440.0,3190.0,6086.0,
059100,6740.0,80000000.0,6750.0,6760.0,6640.0,11966.0,
418250,6550.0,0.0,0.0,0.0,0.0,0.0,
222420,983.0,118000000.0,975.0,995.0,969.0,120684.0,
277070,3475.0,7000000.0,3570.0,3570.0,3410.0,2115.0,
440290,1725.0,8000000.0,1731.0,1732.0,1713.0,4401.0,
340360,883.0,109000000.0,924.0,928.0,876.0,122934.0,
373200,1890.0,209000000.0,1706.0,1970.0,1705.0,112732.0,
032960,2685.0,127000000.0,2810.0,2810.0,2645.0,46968.0,
384470,2630.0,86000000.0,2625.0,2650.0,2570.0,33299.0,
014190,1328.0,68000000.0,1333.0,1347.0,1325.0,51148.0,
023440,521.0,0.0,0.0,0.0,0.0,0.0,
073110,5240.0,5000000.0,5200.0,5250.0,5140.0,943.0,
471820,4120.0,88000000.0,4015.0,4335.0,4000.0,21781.0,
189980,1159.0,18000000.0,1165.0,1173.0,1150.0,15532.0,
476040,7060.0,132000000.0,7460.0,7460.0,7030.0,18504.0,
037950,2750.0,28000000.0,2750.0,2825.0,2695.0,10069.0,
053980,2445.0,40000000.0,2400.0,2455.0,2400.0,16302.0,
317690,2305.0,73000000.0,2315.0,2350.0,2260.0,31738.0,
317870,5240.0,301000000.0,5120.0,5790.0,4970.0,56278.0,
178780,2475.0,119000000.0,2380.0,2480.0,2325.0,50354.0,
143540,1032.0,89000000.0,1027.0,1052.0,1000.0,85887.0,
227950,1332.0,555000000.0,1285.0,1490.0,1285.0,410616.0,
229000,1957.0,0.0,0.0,0.0,0.0,0.0,
114450,2290.0,119000000.0,2255.0,2320.0,2255.0,52052.0,
150900,3910.0,177000000.0,3900.0,3960.0,3830.0,45745.0,
361570,1590.0,9000000.0,1600.0,1619.0,1560.0,5571.0,
131400,766.0,0.0,0.0,0.0,0.0,0.0,
068330,1029.0,58000000.0,1012.0,1050.0,1012.0,55898.0,
900340,1278.0,76000000.0,1239.0,1298.0,1211.0,59961.0,
198080,2110.0,44000000.0,2090.0,2110.0,2085.0,20890.0,
0010V0,8870.0,21000000.0,8890.0,8930.0,8750.0,2370.0,
479960,6350.0,69000000.0,6320.0,6390.0,6100.0,11021.0,
054780,2300.0,2398000000.0,1981.0,2550.0,1950.0,1055580.0,
051390,3980.0,17000000.0,3915.0,4000.0,3900.0,4365.0,
072990,3115.0,62000000.0,3090.0,3155.0,3085.0,19949.0,
050120,3325.0,3000000.0,3440.0,3440.0,3230.0,769.0,
460470,2970.0,86000000.0,2950.0,3005.0,2900.0,28944.0,
083550,3310.0,18000000.0,3330.0,3330.0,3270.0,5474.0,
072470,2375.0,8000000.0,2375.0,2390.0,2360.0,3536.0,
466410,8870.0,13000000.0,8850.0,8920.0,8700.0,1526.0,
033340,460.0,0.0,0.0,0.0,0.0,0.0,
900250,1243.0,105000000.0,1225.0,1264.0,1223.0,84286.0,
260930,2300.0,78000000.0,2310.0,2350.0,2270.0,33978.0,
066130,3470.0,14000000.0,3490.0,3490.0,3435.0,4028.0,
290670,5630.0,132000000.0,5260.0,5720.0,5260.0,23824.0,
263020,3190.0,130000000.0,3155.0,3190.0,3105.0,41205.0,
288330,416.0,0.0,0.0,0.0,0.0,0.0,
082850,4550.0,109000000.0,4450.0,4550.0,4425.0,24363.0,
065440,1616.0,12539000000.0,1410.0,1832.0,1408.0,7358495.0,
373160,3230.0,17000000.0,3295.0,3295.0,3225.0,5247.0,
258610,1199.0,9000000.0,1200.0,1218.0,1192.0,7305.0,
196300,4580.0,59000000.0,4675.0,4680.0,4480.0,12864.0,
263700,2230.0,47000000.0,2330.0,2370.0,2205.0,20819.0,
042040,4985.0,10000000.0,4950.0,5110.0,4900.0,1934.0,
099410,3085.0,94000000.0,3095.0,3100.0,3035.0,30618.0,
129890,946.0,195000000.0,927.0,955.0,926.0,205401.0,
086060,4995.0,102000000.0,4940.0,5040.0,4800.0,20464.0,
413640,5960.0,33000000.0,6050.0,6050.0,5890.0,5536.0,
140520,2015.0,19000000.0,1992.0,2015.0,1992.0,9637.0,
022220,820.0,4000000.0,840.0,844.0,818.0,4452.0,
159580,2115.0,29000000.0,2095.0,2115.0,2040.0,13907.0,
307280,5950.0,33000000.0,5990.0,6060.0,5920.0,5493.0,
256150,5020.0,7000000.0,5030.0,5030.0,4960.0,1380.0,
189690,1527.0,49000000.0,1490.0,1548.0,1471.0,32538.0,
461030,2900.0,56000000.0,2970.0,3020.0,2900.0,19248.0,
190650,6500.0,8000000.0,6490.0,6500.0,6470.0,1302.0,
100660,3280.0,68000000.0,3235.0,3290.0,3135.0,20956.0,
056700,1415.0,30000000.0,1413.0,1415.0,1400.0,21643.0,
261200,2605.0,36000000.0,2610.0,2660.0,2600.0,13814.0,
002290,3320.0,24000000.0,3305.0,3365.0,3285.0,7205.0,
263810,2585.0,53000000.0,2580.0,2590.0,2535.0,20761.0,
452200,1689.0,93000000.0,1655.0,1696.0,1644.0,55303.0,
136410,3725.0,47000000.0,3740.0,3765.0,3685.0,12620.0,
199480,4010.0,22000000.0,4080.0,4080.0,3880.0,5539.0,
450330,4980.0,23000000.0,4860.0,4995.0,4670.0,4664.0,
286750,2540.0,64000000.0,2540.0,2685.0,2510.0,24715.0,
465480,4005.0,38000000.0,4030.0,4030.0,3910.0,9526.0,
263770,1700.0,31000000.0,1700.0,1719.0,1700.0,18406.0,
066900,1770.0,30000000.0,1727.0,1770.0,1727.0,17509.0,
007680,3040.0,17000000.0,3025.0,3095.0,2995.0,5634.0,
203450,2845.0,35000000.0,2820.0,2870.0,2820.0,12509.0,
224110,7860.0,53000000.0,7980.0,7990.0,7610.0,6867.0,
064090,798.0,0.0,0.0,0.0,0.0,0.0,
049830,6450.0,0.0,6480.0,6480.0,6390.0,70.0,
084650,2655.0,156000000.0,2770.0,2795.0,2650.0,57771.0,
218150,1930.0,110000000.0,1897.0,1980.0,1897.0,56700.0,
037230,1322.0,8000000.0,1320.0,1326.0,1315.0,5820.0,
035460,2640.0,684000000.0,2475.0,2665.0,2475.0,262104.0,
053950,1996.0,83000000.0,2010.0,2025.0,1988.0,41447.0,
215380,2320.0,87000000.0,2285.0,2365.0,2275.0,37467.0,
044960,3080.0,43000000.0,3120.0,3160.0,3070.0,13733.0,
469750,5650.0,5378000000.0,6440.0,6440.0,5160.0,896557.0,
025880,2320.0,29000000.0,2320.0,2340.0,2295.0,12618.0,
046310,2355.0,63000000.0,2330.0,2360.0,2310.0,27034.0,
184230,2050.0,77000000.0,2020.0,2070.0,2010.0,37852.0,
019770,3310.0,24000000.0,3270.0,3310.0,3250.0,7242.0,
045510,1224.0,36000000.0,1210.0,1235.0,1208.0,29491.0,
221980,9520.0,1000000.0,9570.0,9570.0,9460.0,69.0,
446840,3485.0,56000000.0,3545.0,3600.0,3335.0,15787.0,
221840,2050.0,15000000.0,2050.0,2080.0,2025.0,7423.0,
101240,3375.0,7000000.0,3385.0,3395.0,3295.0,2249.0,
238120,2695.0,45000000.0,2770.0,2770.0,2695.0,16604.0,
050860,1699.0,19000000.0,1701.0,1703.0,1680.0,11280.0,
352700,1453.0,9000000.0,1456.0,1463.0,1451.0,6288.0,
007530,1709.0,33000000.0,1845.0,1845.0,1681.0,19117.0,
052220,1647.0,56000000.0,1646.0,1660.0,1611.0,34479.0,
121890,2845.0,331000000.0,2735.0,2850.0,2720.0,118271.0,
273060,3845.0,5000000.0,3805.0,3855.0,3795.0,1429.0,
081580,2435.0,317000000.0,2510.0,2680.0,2420.0,128034.0,
171010,2635.0,49000000.0,2630.0,2650.0,2585.0,18794.0,
038070,4030.0,76000000.0,3895.0,4030.0,3880.0,19282.0,
219420,3250.0,24000000.0,3245.0,3275.0,3210.0,7296.0,
250000,5510.0,6000000.0,5530.0,5530.0,5430.0,1016.0,
097870,4365.0,20000000.0,4410.0,4410.0,4320.0,4497.0,
027830,686.0,221000000.0,666.0,687.0,642.0,331194.0,
122690,1605.0,16000000.0,1620.0,1620.0,1595.0,10144.0,
234100,2535.0,20000000.0,2650.0,2650.0,2530.0,7835.0,
037370,4275.0,37000000.0,4230.0,4350.0,4185.0,8564.0,
239890,3700.0,63000000.0,3605.0,3715.0,3605.0,17151.0,
258790,7350.0,91000000.0,7250.0,7450.0,7130.0,12463.0,
026040,2225.0,59000000.0,2230.0,2235.0,2165.0,26708.0,
208710,2775.0,157000000.0,2820.0,2885.0,2725.0,55997.0,
051490,2570.0,65000000.0,2495.0,2580.0,2495.0,25617.0,
073570,3020.0,1839000000.0,2550.0,3240.0,2540.0,617142.0,
042940,5320.0,78000000.0,5250.0,5430.0,5210.0,14624.0,
086040,2275.0,9000000.0,2265.0,2280.0,2220.0,3894.0,
039290,4175.0,5000000.0,4175.0,4200.0,4015.0,1205.0,
046390,2100.0,56000000.0,2130.0,2175.0,2020.0,26984.0,
065500,1012.0,90000000.0,1003.0,1039.0,998.0,88991.0,
123570,1623.0,16000000.0,1630.0,1644.0,1600.0,10122.0,
043910,3185.0,34000000.0,3180.0,3215.0,3150.0,10565.0,
014570,3275.0,4000000.0,3250.0,3350.0,3240.0,1217.0,
284620,1087.0,0.0,0.0,0.0,0.0,0.0,
452300,2535.0,112000000.0,2515.0,2560.0,2457.0,44412.0,
106240,1350.0,25000000.0,1345.0,1368.0,1314.0,18884.0,
060850,4405.0,13000000.0,4370.0,4425.0,4365.0,3029.0,
104200,2415.0,116000000.0,2315.0,2495.0,2315.0,48743.0,
177900,3715.0,59000000.0,3760.0,3790.0,3665.0,15851.0,
057540,602.0,0.0,0.0,0.0,0.0,0.0,
068940,778.0,0.0,0.0,0.0,0.0,0.0,
049120,2815.0,18000000.0,2835.0,2905.0,2775.0,6392.0,
434480,2895.0,233000000.0,2805.0,2920.0,2800.0,81084.0,
332290,4480.0,37000000.0,4430.0,4485.0,4350.0,8289.0,
318410,6390.0,34000000.0,6480.0,6480.0,6210.0,5295.0,
363250,4170.0,16000000.0,4165.0,4200.0,4065.0,3793.0,
066360,1476.0,38000000.0,1500.0,1500.0,1465.0,25965.0,
186230,3240.0,99000000.0,3180.0,3290.0,3130.0,30785.0,
024120,3075.0,33000000.0,3040.0,3095.0,3015.0,11000.0,
263050,959.0,0.0,0.0,0.0,0.0,0.0,
387570,6250.0,21000000.0,6300.0,6300.0,6160.0,3422.0,
045060,2075.0,82000000.0,2090.0,2095.0,2025.0,40034.0,
060540,1332.0,16000000.0,1345.0,1349.0,1315.0,11897.0,
196450,3840.0,11000000.0,3965.0,3965.0,3800.0,2860.0,
260660,2260.0,39000000.0,2290.0,2290.0,2250.0,17154.0,
204020,1780.0,6000000.0,1773.0,1801.0,1761.0,3492.0,
406820,2445.0,772000000.0,2510.0,2545.0,2420.0,312294.0,
290090,4640.0,7000000.0,4550.0,4640.0,4525.0,1636.0,
057030,2115.0,8000000.0,2100.0,2115.0,2060.0,3726.0,
431190,4590.0,218000000.0,4625.0,4635.0,4455.0,47733.0,
207760,2065.0,14000000.0,2080.0,2100.0,2030.0,6910.0,
417860,7280.0,162000000.0,7230.0,7400.0,7210.0,22160.0,
153460,5240.0,23000000.0,5290.0,5370.0,5210.0,4399.0,
075130,2120.0,15000000.0,2140.0,2140.0,2075.0,7165.0,
432430,2065.0,58000000.0,2030.0,2090.0,1992.0,29004.0,
397810,6600.0,1000000.0,6700.0,6700.0,6310.0,133.0,
0010F0,3050.0,3830000000.0,3140.0,3350.0,3050.0,1194557.0,
169330,1849.0,118000000.0,1772.0,1885.0,1772.0,63628.0,
099220,5360.0,59000000.0,5360.0,5420.0,5210.0,11011.0,
430690,3095.0,399000000.0,2980.0,3115.0,2865.0,132141.0,
006920,3070.0,39000000.0,2990.0,3070.0,2990.0,12895.0,
290120,2115.0,35000000.0,2160.0,2165.0,2105.0,16667.0,
476080,4140.0,40000000.0,4120.0,4155.0,4040.0,9692.0,
064520,1489.0,8000000.0,1474.0,1499.0,1474.0,5153.0,
131090,4335.0,65000000.0,4320.0,4365.0,4300.0,14889.0,
127980,2800.0,29000000.0,2750.0,2850.0,2680.0,10654.0,
038060,689.0,0.0,0.0,0.0,0.0,0.0,
215090,1429.0,40000000.0,1456.0,1457.0,1401.0,28352.0,
089140,2160.0,89000000.0,2080.0,2165.0,2065.0,41993.0,
052600,2860.0,19000000.0,2880.0,2880.0,2850.0,6790.0,
159910,3155.0,46000000.0,3140.0,3155.0,2945.0,14990.0,
200350,3300.0,532000000.0,2970.0,3360.0,2960.0,165892.0,
310870,1499.0,107000000.0,1506.0,1518.0,1470.0,71839.0,
270870,3650.0,15000000.0,3590.0,3660.0,3525.0,4051.0,
408900,1000.0,45000000.0,998.0,1025.0,979.0,44675.0,
270520,818.0,873000000.0,835.0,884.0,802.0,1040713.0,
208860,9620.0,6000000.0,9740.0,9740.0,9620.0,571.0,
419120,2295.0,53000000.0,2245.0,2340.0,2235.0,23224.0,
335810,1486.0,15000000.0,1549.0,1549.0,1470.0,9983.0,
271830,1104.0,160000000.0,1096.0,1132.0,1036.0,144722.0,
069920,1349.0,1624000000.0,1099.0,1349.0,1040.0,1306705.0,
200780,3050.0,16000000.0,2990.0,3070.0,2980.0,5348.0,
080520,2870.0,17000000.0,2860.0,2885.0,2780.0,6086.0,
900270,2590.0,419000000.0,2585.0,2840.0,2555.0,156221.0,
220180,1339.0,6000000.0,1349.0,1349.0,1310.0,4611.0,
133750,1366.0,11000000.0,1355.0,1366.0,1345.0,7980.0,
038620,2110.0,38000000.0,2105.0,2170.0,2090.0,17724.0,
033830,1688.0,46000000.0,1701.0,1830.0,1660.0,26284.0,
065950,1130.0,23000000.0,1131.0,1150.0,1112.0,19956.0,
068050,1150.0,17000000.0,1173.0,1173.0,1132.0,14611.0,
032790,1237.0,115000000.0,1274.0,1289.0,1220.0,92229.0,
016600,2275.0,107000000.0,2275.0,2310.0,2230.0,47434.0,
318020,2580.0,14000000.0,2640.0,2640.0,2570.0,5227.0,
021650,1939.0,4000000.0,1936.0,1970.0,1934.0,1870.0,
101670,556.0,3094000000.0,475.0,586.0,471.0,5645078.0,
012620,7170.0,6000000.0,7150.0,7180.0,7100.0,775.0,
148930,3100.0,8000000.0,3125.0,3125.0,3030.0,2657.0,
296640,6090.0,85000000.0,6010.0,6140.0,5980.0,14108.0,
050110,1079.0,0.0,0.0,0.0,0.0,0.0,
025440,3230.0,13000000.0,3275.0,3275.0,3150.0,3954.0,
311390,2490.0,20000000.0,2545.0,2545.0,2470.0,7932.0,
263920,3200.0,5000000.0,3250.0,3250.0,3080.0,1478.0,
031510,1117.0,54000000.0,1145.0,1145.0,1115.0,48098.0,
376980,3200.0,31000000.0,3260.0,3260.0,3025.0,9856.0,
258830,412.0,0.0,0.0,0.0,0.0,0.0,
462510,3545.0,274000000.0,3640.0,3650.0,3460.0,77416.0,
109820,1530.0,11000000.0,1554.0,1564.0,1520.0,7323.0,
206400,831.0,687000000.0,986.0,986.0,831.0,768564.0,
153490,3025.0,16000000.0,3020.0,3100.0,2995.0,5423.0,
090410,3370.0,44000000.0,3400.0,3400.0,3250.0,13246.0,
364950,3740.0,87000000.0,3665.0,3825.0,3655.0,23147.0,
087600,3795.0,37000000.0,3965.0,3965.0,3795.0,9735.0,
091340,2645.0,57000000.0,2645.0,2695.0,2610.0,21445.0,
099390,3770.0,19000000.0,3740.0,3805.0,3615.0,5133.0,
356890,2585.0,67000000.0,2515.0,2600.0,2490.0,26206.0,
073540,2705.0,170000000.0,2540.0,2710.0,2535.0,63976.0,
075970,1675.0,28000000.0,1640.0,1685.0,1639.0,16754.0,
377030,2155.0,157000000.0,2090.0,2230.0,1996.0,73909.0,
064480,2575.0,56000000.0,2565.0,2580.0,2540.0,21836.0,
045300,2915.0,120000000.0,2800.0,2950.0,2790.0,41682.0,
226330,1266.0,68000000.0,1327.0,1327.0,1258.0,53086.0,
462310,3880.0,17000000.0,3850.0,3885.0,3800.0,4458.0,
237820,2385.0,52000000.0,2310.0,2410.0,2310.0,22121.0,
444530,4750.0,12000000.0,4830.0,4830.0,4710.0,2588.0,
173940,1984.0,19000000.0,2000.0,2000.0,1979.0,9658.0,
462980,1667.0,14000000.0,1640.0,1678.0,1617.0,8742.0,
246250,1969.0,0.0,0.0,0.0,0.0,0.0,
464580,1638.0,10000000.0,1615.0,1644.0,1589.0,5924.0,
071850,1242.0,36000000.0,1217.0,1245.0,1201.0,29777.0,
037330,684.0,34000000.0,690.0,692.0,673.0,49877.0,
097780,1477.0,2000000.0,1547.0,1547.0,1453.0,1175.0,
031310,1007.0,156000000.0,965.0,1022.0,965.0,156189.0,
336060,3110.0,13000000.0,3145.0,3145.0,3090.0,4054.0,
197140,2300.0,32000000.0,2340.0,2350.0,2280.0,13663.0,
070590,2155.0,25000000.0,2195.0,2195.0,2100.0,11821.0,
452160,3110.0,27000000.0,3075.0,3130.0,3000.0,8874.0,
464280,5390.0,31000000.0,5370.0,5460.0,5330.0,5861.0,
079190,1462.0,615000000.0,1350.0,1580.0,1257.0,415702.0,
369370,2980.0,11000000.0,3010.0,3015.0,2935.0,3655.0,
187270,2930.0,11000000.0,2930.0,2940.0,2915.0,3687.0,
020180,3860.0,60000000.0,3895.0,3935.0,3850.0,15472.0,
900070,1103.0,280000000.0,1066.0,1116.0,1057.0,261317.0,
038950,2895.0,3000000.0,2890.0,2995.0,2890.0,929.0,
367000,3520.0,47000000.0,3450.0,3585.0,3230.0,13820.0,
388610,5530.0,63000000.0,5670.0,5670.0,5400.0,11348.0,
300120,2965.0,76000000.0,3045.0,3080.0,2850.0,25234.0,
262840,2850.0,38000000.0,2905.0,2905.0,2835.0,13283.0,
317240,1000.0,84000000.0,1001.0,1010.0,984.0,84449.0,
038870,2075.0,20000000.0,2225.0,2225.0,2075.0,9233.0,
128540,1089.0,24000000.0,1095.0,1107.0,1078.0,21775.0,
079170,5550.0,8000000.0,5400.0,5550.0,5370.0,1550.0,
188260,2070.0,18000000.0,2120.0,2135.0,2065.0,8511.0,
093380,2905.0,45000000.0,3190.0,3190.0,2880.0,15426.0,
290560,1282.0,124000000.0,1331.0,1331.0,1280.0,95871.0,
407400,1957.0,46000000.0,1940.0,1987.0,1940.0,23669.0,
333050,5800.0,28000000.0,5810.0,5810.0,5670.0,4829.0,
351330,3430.0,50000000.0,3425.0,3530.0,3370.0,14557.0,
198940,1423.0,42000000.0,1414.0,1438.0,1356.0,30128.0,
109960,1867.0,9000000.0,1877.0,1928.0,1775.0,4760.0,
043220,1710.0,0.0,0.0,0.0,0.0,0.0,
225220,1469.0,55000000.0,1467.0,1480.0,1439.0,38068.0,
033540,2690.0,63000000.0,2645.0,2735.0,2615.0,23915.0,
239610,5210.0,4000000.0,5190.0,5210.0,5150.0,766.0,
088340,6420.0,58000000.0,6440.0,6600.0,6360.0,8949.0,
119500,2365.0,92000000.0,2360.0,2375.0,2330.0,39180.0,
089150,1633.0,26000000.0,1621.0,1636.0,1611.0,16188.0,
130500,1925.0,30000000.0,1927.0,1936.0,1894.0,15609.0,
123840,1800.0,27000000.0,1657.0,1820.0,1604.0,16038.0,
254120,910.0,0.0,0.0,0.0,0.0,0.0,
016670,2745.0,37000000.0,2680.0,2795.0,2605.0,13454.0,
043340,589.0,13000000.0,599.0,599.0,580.0,22669.0,
114630,1623.0,13000000.0,1620.0,1630.0,1590.0,8021.0,
060230,1430.0,221000000.0,1362.0,1480.0,1362.0,156725.0,
068100,2340.0,12000000.0,2330.0,2395.0,2300.0,5322.0,
160550,1000.0,83000000.0,1020.0,1020.0,978.0,84242.0,
368970,2480.0,295000000.0,2560.0,2560.0,2405.0,119950.0,
376180,1500.0,37000000.0,1499.0,1520.0,1449.0,25093.0,
318010,3507.0,2000000.0,3470.0,3570.0,3350.0,451.0,
008470,1652.0,20000000.0,1610.0,1670.0,1608.0,12135.0,
115480,2290.0,10000000.0,2295.0,2350.0,2260.0,4384.0,
007770,7910.0,2000000.0,7730.0,8010.0,7720.0,301.0,
373170,1835.0,33000000.0,1818.0,1835.0,1764.0,18344.0,
450520,1877.0,72000000.0,1898.0,1919.0,1854.0,38436.0,
019570,2890.0,27000000.0,2805.0,2995.0,2770.0,9429.0,
195500,1718.0,35000000.0,1711.0,1725.0,1685.0,20525.0,
067010,2515.0,68000000.0,2510.0,2535.0,2495.0,26855.0,
057680,1730.0,15000000.0,1692.0,1739.0,1692.0,8852.0,
066910,1775.0,51000000.0,1820.0,1820.0,1730.0,28903.0,
288620,3910.0,30000000.0,3880.0,3970.0,3835.0,7593.0,
017000,2335.0,137000000.0,2275.0,2440.0,2250.0,59152.0,
148250,1991.0,49000000.0,2050.0,2050.0,1901.0,24482.0,
078590,2710.0,91000000.0,2670.0,2745.0,2650.0,33624.0,
047080,1089.0,101000000.0,1060.0,1150.0,1047.0,93145.0,
080530,2440.0,35000000.0,2515.0,2565.0,2360.0,14664.0,
236810,1583.0,33000000.0,1678.0,1678.0,1523.0,20793.0,
091970,3565.0,40000000.0,3590.0,3590.0,3410.0,11499.0,
290270,2795.0,18000000.0,2795.0,2830.0,2765.0,6310.0,
131220,3600.0,31000000.0,3535.0,3630.0,3400.0,9021.0,
048470,2780.0,64000000.0,2790.0,2810.0,2755.0,23197.0,
398120,2265.0,81000000.0,2215.0,2320.0,2145.0,36656.0,
215790,663.0,950000000.0,647.0,706.0,647.0,1412706.0,
900310,2080.0,2000000.0,2070.0,2090.0,2005.0,1144.0,
139670,1883.0,12000000.0,1877.0,2000.0,1851.0,6443.0,
238490,2350.0,36000000.0,2395.0,2395.0,2250.0,15390.0,
140430,2485.0,123000000.0,2500.0,2520.0,2430.0,49987.0,
363260,4115.0,36000000.0,4070.0,4195.0,4070.0,8728.0,
002680,3410.0,132000000.0,3400.0,3520.0,3310.0,38564.0,
032750,2925.0,2000000.0,2925.0,2935.0,2920.0,824.0,
096630,1660.0,56000000.0,1666.0,1695.0,1645.0,33494.0,
013720,2160.0,8000000.0,2140.0,2160.0,2125.0,3700.0,
016920,1020.0,53000000.0,1034.0,1042.0,1011.0,52025.0,
297570,3785.0,16000000.0,3820.0,3935.0,3760.0,4313.0,
359090,2280.0,35000000.0,2290.0,2290.0,2120.0,16038.0,
069140,1734.0,9000000.0,1770.0,1779.0,1711.0,4988.0,
060380,1326.0,9000000.0,1305.0,1330.0,1292.0,6827.0,
191410,1684.0,155000000.0,1630.0,1685.0,1604.0,93124.0,
043200,1245.0,43000000.0,1248.0,1248.0,1222.0,34575.0,
079000,3605.0,9000000.0,3600.0,3610.0,3570.0,2647.0,
134060,5440.0,20000000.0,5370.0,5570.0,5300.0,3672.0,
138070,1480.0,11000000.0,1467.0,1516.0,1450.0,7246.0,
429270,3595.0,354000000.0,3520.0,3630.0,3475.0,100031.0,
052300,1588.0,65000000.0,1599.0,1636.0,1580.0,41018.0,
033050,810.0,36000000.0,810.0,815.0,799.0,44291.0,
096690,6410.0,14000000.0,6140.0,6520.0,6140.0,2163.0,
328380,3760.0,27000000.0,3900.0,3900.0,3730.0,7240.0,
069410,2510.0,39000000.0,2545.0,2610.0,2505.0,15319.0,
146060,1070.0,38000000.0,1070.0,1070.0,1023.0,35945.0,
105550,1639.0,29000000.0,1606.0,1639.0,1585.0,17763.0,
103840,1568.0,34000000.0,1575.0,1580.0,1560.0,21601.0,
290520,1629.0,49000000.0,1641.0,1641.0,1580.0,30234.0,
053290,1548.0,11000000.0,1568.0,1585.0,1506.0,7286.0,
193250,1912.0,68000000.0,1919.0,2025.0,1902.0,35099.0,
038880,3400.0,28000000.0,3305.0,3400.0,3250.0,8413.0,
072770,612.0,166000000.0,700.0,700.0,610.0,265499.0,
458350,2925.0,33000000.0,2930.0,2940.0,2880.0,11237.0,
383930,1973.0,183000000.0,2030.0,2085.0,1973.0,90598.0,
090150,6020.0,54000000.0,6000.0,6190.0,5850.0,8957.0,
101680,2980.0,29000000.0,2935.0,3025.0,2870.0,9843.0,
001810,1131.0,2000000.0,1143.0,1143.0,1127.0,1520.0,
148780,3980.0,155000000.0,3905.0,4020.0,3830.0,39177.0,
348030,2600.0,66000000.0,2650.0,2650.0,2530.0,25681.0,
054090,1000.0,19000000.0,996.0,1013.0,977.0,19182.0,
101400,1635.0,18000000.0,1629.0,1646.0,1591.0,11002.0,
322780,1625.0,237000000.0,1681.0,1776.0,1533.0,145413.0,
368600,956.0,0.0,0.0,0.0,0.0,0.0,
021880,1159.0,22000000.0,1203.0,1203.0,1126.0,18762.0,
389680,2955.0,196000000.0,2980.0,3070.0,2900.0,66247.0,
131180,4170.0,4000000.0,4230.0,4230.0,4145.0,1076.0,
044780,1319.0,30000000.0,1350.0,1350.0,1312.0,22282.0,
083660,1399.0,57000000.0,1428.0,1475.0,1349.0,40674.0,
115530,2840.0,58000000.0,2840.0,2945.0,2765.0,20705.0,
378800,2635.0,299000000.0,2565.0,2750.0,2535.0,111566.0,
020400,2685.0,14000000.0,2600.0,2730.0,2595.0,5290.0,
123750,1758.0,14000000.0,1752.0,1760.0,1723.0,7989.0,
415380,2120.0,34000000.0,2090.0,2130.0,2055.0,15925.0,
223310,2980.0,86000000.0,2800.0,3190.0,2710.0,29819.0,
351870,2170.0,22000000.0,2275.0,2275.0,2170.0,10193.0,
027040,1730.0,229000000.0,1769.0,1785.0,1710.0,130423.0,
083640,5240.0,13000000.0,5330.0,5340.0,5200.0,2419.0,
058110,1499.0,103000000.0,1478.0,1545.0,1471.0,68108.0,
016100,1250.0,61000000.0,1267.0,1268.0,1249.0,47952.0,
365590,1297.0,56000000.0,1288.0,1320.0,1275.0,43305.0,
039740,2975.0,10000000.0,2960.0,2990.0,2925.0,3436.0,
318000,2720.0,27000000.0,2710.0,2750.0,2705.0,9809.0,
177830,2090.0,11000000.0,2110.0,2155.0,2075.0,5414.0,
054940,3565.0,97000000.0,3500.0,3570.0,3440.0,27531.0,
257370,1889.0,44000000.0,2015.0,2015.0,1871.0,22914.0,
267790,3065.0,15000000.0,3045.0,3065.0,3000.0,4851.0,
115160,5470.0,20000000.0,5430.0,5500.0,5390.0,3590.0,
035200,2550.0,58000000.0,2610.0,2630.0,2550.0,22623.0,
464500,1669.0,216000000.0,1639.0,1860.0,1639.0,124779.0,
023770,2610.0,32000000.0,2540.0,2635.0,2540.0,12417.0,
187220,2025.0,36000000.0,1975.0,2095.0,1953.0,17596.0,
222980,2115.0,3000000.0,2190.0,2190.0,2075.0,1368.0,
188040,4980.0,14000000.0,5000.0,5000.0,4710.0,2786.0,
475660,2930.0,28000000.0,3030.0,3095.0,2915.0,9519.0,
032680,1005.0,15000000.0,997.0,1010.0,997.0,15007.0,
405920,1798.0,22000000.0,1900.0,1900.0,1796.0,12323.0,
206560,911.0,77000000.0,912.0,950.0,908.0,83106.0,
076080,1020.0,31000000.0,1001.0,1049.0,1000.0,30449.0,
036480,6060.0,19000000.0,6060.0,6060.0,5920.0,3132.0,
208350,2840.0,21000000.0,2905.0,2905.0,2825.0,7292.0,
051380,1496.0,10000000.0,1498.0,1500.0,1488.0,6457.0,
032860,2835.0,31000000.0,2695.0,2855.0,2695.0,11090.0,
215480,2130.0,37000000.0,2175.0,2175.0,2095.0,17147.0,
027580,1923.0,157000000.0,1940.0,1988.0,1905.0,79555.0,
032800,1505.0,22000000.0,1481.0,1550.0,1481.0,14572.0,
065690,1885.0,27000000.0,1899.0,1899.0,1854.0,14441.0,
013810,1545.0,28000000.0,1575.0,1575.0,1524.0,17976.0,
018680,1938.0,4000000.0,1938.0,1939.0,1920.0,2067.0,
298060,2330.0,20000000.0,2420.0,2420.0,2325.0,8593.0,
219750,1715.0,10000000.0,1743.0,1743.0,1675.0,5711.0,
432980,2610.0,41000000.0,2655.0,2755.0,2575.0,15504.0,
192390,1869.0,16000000.0,1819.0,1870.0,1819.0,8499.0,
355390,1408.0,191000000.0,1419.0,1474.0,1381.0,134265.0,
417180,3910.0,12000000.0,3805.0,3955.0,3805.0,3091.0,
043590,1645.0,19000000.0,1688.0,1692.0,1641.0,11680.0,
377330,2735.0,6000000.0,2730.0,2750.0,2700.0,2079.0,
237750,3415.0,8000000.0,3390.0,3445.0,3355.0,2230.0,
033200,2410.0,23000000.0,2525.0,2525.0,2395.0,9553.0,
007720,1100.0,79000000.0,1067.0,1133.0,1052.0,73495.0,
017250,1051.0,5000000.0,1060.0,1060.0,1041.0,5034.0,
065370,2990.0,16000000.0,2980.0,2995.0,2930.0,5317.0,
224060,4265.0,1042000000.0,4455.0,4455.0,4105.0,247077.0,
317120,1442.0,64000000.0,1425.0,1479.0,1412.0,44314.0,
361670,3870.0,57000000.0,3720.0,3895.0,3700.0,14963.0,
039310,1210.0,13000000.0,1199.0,1245.0,1199.0,11006.0,
115570,2730.0,58000000.0,2795.0,2800.0,2655.0,21497.0,
352940,2005.0,11000000.0,2005.0,2005.0,1968.0,5516.0,
303530,2960.0,24000000.0,3030.0,3135.0,2935.0,7973.0,
032080,1010.0,0.0,0.0,0.0,0.0,0.0,
053060,1223.0,16000000.0,1223.0,1229.0,1210.0,12757.0,
018700,1291.0,34000000.0,1301.0,1301.0,1250.0,26555.0,
247660,4125.0,54000000.0,3970.0,4200.0,3970.0,13014.0,
200230,2275.0,147000000.0,2250.0,2470.0,2240.0,62922.0,
331520,2200.0,11000000.0,2185.0,2220.0,2185.0,4995.0,
070300,605.0,4119000000.0,621.0,740.0,595.0,6262627.0,
340440,756.0,0.0,0.0,0.0,0.0,0.0,
238200,2620.0,4000000.0,2655.0,2655.0,2605.0,1437.0,
277410,5570.0,21000000.0,5650.0,5650.0,5250.0,3918.0,
054220,1695.0,40000000.0,1718.0,1718.0,1668.0,24023.0,
095910,583.0,285000000.0,549.0,630.0,549.0,488441.0,
032280,1309.0,8000000.0,1308.0,1319.0,1305.0,6368.0,
045520,3265.0,14000000.0,3295.0,3350.0,3265.0,4128.0,
098660,1695.0,108000000.0,1601.0,1697.0,1601.0,64499.0,
067730,2175.0,16000000.0,2210.0,2210.0,2150.0,7501.0,
241840,2205.0,19000000.0,2240.0,2240.0,2135.0,8478.0,
424760,2065.0,58000000.0,2115.0,2135.0,2060.0,27822.0,
023790,1592.0,656000000.0,1598.0,1653.0,1573.0,407630.0,
130740,1838.0,9000000.0,1845.0,1845.0,1810.0,4799.0,
440320,2075.0,34000000.0,2130.0,2130.0,2050.0,16504.0,
301300,1564.0,55000000.0,1580.0,1580.0,1525.0,35642.0,
289220,920.0,22000000.0,954.0,954.0,907.0,23412.0,
043360,2280.0,20000000.0,2280.0,2280.0,2195.0,9145.0,
353190,2595.0,5000000.0,2615.0,2615.0,2565.0,1739.0,
079950,1480.0,62000000.0,1496.0,1496.0,1425.0,42294.0,
021040,940.0,20000000.0,950.0,950.0,930.0,20835.0,
131100,3160.0,327000000.0,2900.0,3250.0,2900.0,106098.0,
065060,3400.0,41000000.0,3190.0,3430.0,3095.0,12439.0,
372800,2890.0,37000000.0,2935.0,3000.0,2825.0,12650.0,
096870,2430.0,139000000.0,2500.0,2500.0,2370.0,56469.0,
438700,1819.0,19000000.0,1807.0,1838.0,1778.0,10235.0,
044480,3040.0,52000000.0,2905.0,3195.0,2905.0,17130.0,
362990,1203.0,6000000.0,1198.0,1204.0,1182.0,5003.0,
113810,3095.0,106000000.0,2945.0,3155.0,2945.0,34741.0,
024940,2015.0,28000000.0,2020.0,2035.0,2005.0,13938.0,
088290,2520.0,13000000.0,2520.0,2525.0,2420.0,5041.0,
063760,2150.0,69000000.0,2195.0,2195.0,2115.0,32291.0,
154040,9260.0,52000000.0,8890.0,9340.0,8800.0,5771.0,
019660,1430.0,14000000.0,1431.0,1460.0,1407.0,9964.0,
110020,2200.0,25000000.0,2095.0,2250.0,2050.0,11899.0,
276730,842.0,42000000.0,844.0,871.0,826.0,49292.0,
048830,1060.0,66000000.0,1089.0,1089.0,1048.0,62424.0,
274400,2170.0,14000000.0,2090.0,2180.0,2090.0,6536.0,
275630,3750.0,58000000.0,3800.0,3800.0,3690.0,15489.0,
080470,2695.0,2000000.0,2710.0,2710.0,2680.0,753.0,
085810,1388.0,23000000.0,1405.0,1433.0,1382.0,16693.0,
038530,3785.0,31000000.0,4355.0,4355.0,3785.0,7915.0,
344860,1299.0,126000000.0,1448.0,1448.0,1260.0,97009.0,
115610,1651.0,93000000.0,1608.0,1698.0,1608.0,55892.0,
405000,3630.0,22000000.0,3750.0,3750.0,3520.0,6270.0,
084440,5090.0,7000000.0,5060.0,5120.0,4995.0,1438.0,
353590,1509.0,26000000.0,1510.0,1514.0,1484.0,17636.0,
227610,1002.0,25000000.0,994.0,1012.0,972.0,24871.0,
073190,1622.0,0.0,0.0,0.0,0.0,0.0,
050760,1187.0,43000000.0,1156.0,1189.0,1156.0,37081.0,
342870,3555.0,13000000.0,3525.0,3560.0,3495.0,3661.0,
069330,1137.0,14000000.0,1140.0,1149.0,1130.0,12073.0,
214610,2290.0,0.0,0.0,0.0,0.0,0.0,
137940,1950.0,83000000.0,1774.0,2040.0,1772.0,43450.0,
347770,843.0,104000000.0,834.0,850.0,808.0,125727.0,
083470,890.0,44000000.0,911.0,930.0,879.0,48212.0,
154030,1574.0,8000000.0,1562.0,1585.0,1536.0,5407.0,
455180,1289.0,80000000.0,1235.0,1289.0,1226.0,63837.0,
031860,6930.0,0.0,0.0,0.0,0.0,0.0,
051780,2455.0,73000000.0,2385.0,2500.0,2350.0,29617.0,
252500,2240.0,11000000.0,2275.0,2330.0,2210.0,5104.0,
065150,1161.0,19000000.0,1194.0,1194.0,1149.0,16564.0,
279600,3945.0,7000000.0,3945.0,3975.0,3830.0,1914.0,
018620,2665.0,11000000.0,2670.0,2715.0,2655.0,4170.0,
195990,1129.0,11000000.0,1140.0,1145.0,1120.0,9594.0,
403490,1995.0,15000000.0,2040.0,2040.0,1975.0,7804.0,
306040,1965.0,507000000.0,1936.0,1965.0,1810.0,261141.0,
014100,1517.0,22000000.0,1550.0,1550.0,1498.0,14337.0,
365900,2445.0,24000000.0,2500.0,2510.0,2420.0,9769.0,
009620,5110.0,165000000.0,5650.0,5650.0,5030.0,30985.0,
078860,2890.0,19000000.0,2960.0,2970.0,2870.0,6331.0,
056730,1191.0,35000000.0,1199.0,1248.0,1180.0,29398.0,
037400,3360.0,18000000.0,3330.0,3365.0,3330.0,5411.0,
196700,1221.0,25000000.0,1240.0,1258.0,1216.0,20036.0,
900120,1040.0,0.0,0.0,0.0,0.0,0.0,
0197V0,1914.0,166000000.0,1905.0,1914.0,1905.0,86936.0,
419540,2885.0,19000000.0,2970.0,2985.0,2810.0,6442.0,
373110,993.0,59000000.0,981.0,1000.0,974.0,59088.0,
309930,879.0,88000000.0,855.0,896.0,828.0,100539.0,
482680,2055.0,0.0,0.0,0.0,0.0,0.0,
477380,2075.0,17000000.0,2080.0,2080.0,2075.0,7975.0,
241820,6040.0,0.0,0.0,0.0,0.0,0.0,
210120,1725.0,57000000.0,1785.0,1801.0,1725.0,32598.0,
0200G0,1916.0,536000000.0,1903.0,1920.0,1900.0,280518.0,
034940,2655.0,88000000.0,2675.0,2725.0,2605.0,33141.0,
050090,696.0,0.0,0.0,0.0,0.0,0.0,
054410,2820.0,66000000.0,2870.0,2890.0,2770.0,23324.0,
026910,2015.0,1079000000.0,2030.0,2430.0,1950.0,512363.0,
009730,1995.0,63000000.0,1963.0,2055.0,1963.0,31396.0,
475460,2770.0,93000000.0,2780.0,2875.0,2700.0,32937.0,
0072Z0,1973.0,20000000.0,1977.0,1977.0,1970.0,10279.0,
477340,2065.0,8000000.0,2065.0,2070.0,2065.0,3744.0,
285800,4310.0,118000000.0,4465.0,4465.0,4275.0,27303.0,
0130H0,1996.0,2000000.0,1995.0,1998.0,1985.0,931.0,
0101C0,1973.0,1000000.0,1971.0,1988.0,1971.0,255.0,
030350,973.0,0.0,0.0,0.0,0.0,0.0,
101000,1518.0,99000000.0,1500.0,1572.0,1403.0,67151.0,
0044K0,1994.0,13000000.0,1992.0,1994.0,1978.0,6303.0,
473050,2105.0,272000000.0,2105.0,2105.0,2100.0,129441.0,
0115H0,1994.0,5000000.0,1995.0,1995.0,1983.0,2642.0,
065650,1337.0,81000000.0,1398.0,1483.0,1335.0,59491.0,
376930,1420.0,163000000.0,1487.0,1499.0,1396.0,114616.0,
489480,2200.0,0.0,0.0,0.0,0.0,0.0,
225590,2835.0,114000000.0,2845.0,2875.0,2785.0,40470.0,
478440,2067.0,4000000.0,2065.0,2067.0,2065.0,2105.0,
479880,2075.0,21000000.0,2070.0,2080.0,2065.0,10042.0,
0165X0,1939.0,21000000.0,1929.0,1942.0,1929.0,10579.0,
469480,3290.0,378000000.0,3170.0,3300.0,3125.0,116138.0,
0099W0,1983.0,29000000.0,1975.0,1983.0,1974.0,14620.0,
498390,2770.0,723000000.0,2735.0,2880.0,2730.0,258381.0,
0209J0,1903.0,482000000.0,1897.0,1904.0,1896.0,253741.0,
335870,4085.0,15000000.0,4145.0,4280.0,4085.0,3536.0,
177350,1377.0,54000000.0,1359.0,1440.0,1358.0,38697.0,
304840,561.0,0.0,0.0,0.0,0.0,0.0,
352770,5250.0,0.0,0.0,0.0,0.0,0.0,
244460,1651.0,0.0,0.0,0.0,0.0,0.0,
0099X0,2230.0,270000000.0,2250.0,2270.0,2190.0,120882.0,
0134X0,1973.0,21000000.0,1973.0,1980.0,1964.0,10569.0,
0164H0,1952.0,17000000.0,1945.0,1954.0,1942.0,8488.0,
481890,2065.0,10000000.0,2075.0,2075.0,2065.0,4972.0,
0096B0,1980.0,2000000.0,1984.0,1987.0,1969.0,946.0,
489730,2045.0,1000000.0,2045.0,2045.0,2045.0,259.0,
0097F0,1989.0,0.0,1986.0,1992.0,1970.0,108.0,
478390,2075.0,2000000.0,2070.0,2075.0,2070.0,779.0,
092600,2530.0,211000000.0,2620.0,2790.0,2530.0,78575.0,
054180,2295.0,0.0,0.0,0.0,0.0,0.0,
239340,2350.0,47000000.0,2490.0,2500.0,2300.0,19491.0,
0093G0,1980.0,1000000.0,1981.0,1981.0,1966.0,661.0,
0037T0,1993.0,11000000.0,1995.0,1995.0,1980.0,5607.0,
492220,2030.0,1000000.0,2035.0,2040.0,2025.0,505.0,
482520,2065.0,0.0,0.0,0.0,0.0,0.0,
028080,5170.0,0.0,0.0,0.0,0.0,0.0,
0054V0,2000.0,0.0,2005.0,2005.0,1995.0,207.0,
0091W0,2040.0,36000000.0,2040.0,2040.0,2020.0,17991.0,
0131D0,1961.0,6000000.0,1958.0,1966.0,1958.0,3140.0,
065570,764.0,0.0,0.0,0.0,0.0,0.0,
354200,764.0,491000000.0,818.0,827.0,762.0,619055.0,
477760,2075.0,1000000.0,2070.0,2075.0,2065.0,364.0,
0041L0,1999.0,48000000.0,1996.0,1999.0,1996.0,23769.0,
0088D0,2080.0,0.0,2060.0,2080.0,2060.0,102.0,
0132G0,1992.0,12000000.0,1994.0,1997.0,1992.0,6068.0,
469900,2100.0,72000000.0,2100.0,2100.0,2100.0,34169.0,
482690,2080.0,0.0,2080.0,2080.0,2070.0,161.0,
474660,2090.0,67000000.0,2085.0,2090.0,2085.0,32125.0,
0071M0,1994.0,17000000.0,1994.0,1994.0,1992.0,8543.0,
474490,2080.0,0.0,2080.0,2085.0,2080.0,56.0,
487360,2025.0,15000000.0,2035.0,2035.0,2025.0,7187.0,
477470,2065.0,17000000.0,2075.0,2075.0,2065.0,8425.0,
035620,608.0,181000000.0,732.0,732.0,608.0,273948.0,
0105P0,1996.0,1000000.0,1997.0,1998.0,1988.0,309.0,
496070,2010.0,0.0,2000.0,2010.0,2000.0,62.0,
418620,430.0,556000000.0,473.0,496.0,428.0,1231451.0,
0129K0,1970.0,3000000.0,1972.0,1982.0,1966.0,1488.0,
486630,2055.0,1000000.0,2050.0,2060.0,2045.0,437.0,
0096D0,1975.0,0.0,1969.0,1986.0,1969.0,178.0,
0098T0,2010.0,3000000.0,2005.0,2010.0,2000.0,1315.0,
060260,809.0,35000000.0,801.0,820.0,784.0,44149.0,
131760,1240.0,110000000.0,1150.0,1256.0,1150.0,90379.0,
493790,2025.0,0.0,2020.0,2025.0,2015.0,186.0,
060900,1635.0,1325000000.0,1642.0,2025.0,1586.0,763109.0,
377220,1888.0,147000000.0,2000.0,2060.0,1877.0,76790.0,
0004Y0,2005.0,10000000.0,2005.0,2005.0,2000.0,5217.0,
489210,2055.0,0.0,2055.0,2060.0,2050.0,123.0,
0130D0,1969.0,1000000.0,1970.0,1970.0,1960.0,273.0,
043100,520.0,0.0,0.0,0.0,0.0,0.0,
478110,2055.0,1000000.0,2055.0,2060.0,2055.0,649.0,
466690,2010.0,21000000.0,2000.0,2010.0,1999.0,10324.0,
305090,538.0,0.0,0.0,0.0,0.0,0.0,
0041B0,2015.0,1000000.0,2010.0,2015.0,2005.0,284.0,
142760,479.0,26000000.0,481.0,494.0,472.0,53785.0,
103230,1402.0,126000000.0,1443.0,1467.0,1387.0,88964.0,
006050,2835.0,168000000.0,2895.0,2895.0,2660.0,61494.0,
208640,696.0,233000000.0,751.0,771.0,676.0,330934.0,
303030,1055.0,132000000.0,1082.0,1137.0,1031.0,124854.0,
488060,2040.0,3000000.0,2040.0,2045.0,2040.0,1668.0,
106080,1650.0,0.0,0.0,0.0,0.0,0.0,
060480,857.0,665000000.0,1060.0,1133.0,835.0,753155.0,
289010,680.0,180000000.0,750.0,750.0,630.0,266943.0,
484130,2035.0,1000000.0,2035.0,2050.0,2035.0,556.0,
473950,2060.0,0.0,2055.0,2060.0,2055.0,3.0,
487830,2030.0,113000000.0,2040.0,2040.0,2030.0,55453.0,
468760,2080.0,0.0,0.0,0.0,0.0,0.0,
472230,2105.0,115000000.0,2105.0,2105.0,2105.0,54835.0,
487720,2060.0,1000000.0,2080.0,2080.0,2055.0,464.0,
067770,1031.0,105000000.0,909.0,1059.0,908.0,108866.0,
0068Y0,1986.0,0.0,1990.0,1990.0,1986.0,10.0,
065770,794.0,151000000.0,805.0,843.0,770.0,190239.0,
012340,373.0,98000000.0,389.0,389.0,362.0,265477.0,
0041J0,1986.0,4000000.0,1995.0,1995.0,1979.0,2035.0,
03481K,5890.0,1000000.0,5880.0,5940.0,5800.0,188.0,
001000,1669.0,14000000.0,1670.0,1684.0,1651.0,8236.0,
087260,247.0,0.0,0.0,0.0,0.0,0.0,
288980,214.0,200000000.0,219.0,225.0,207.0,932648.0,
475250,2090.0,10000000.0,2090.0,2090.0,2085.0,4563.0,
079970,596.0,0.0,0.0,0.0,0.0,0.0,
474930,2095.0,214000000.0,2100.0,2100.0,2085.0,102330.0,
065420,940.0,0.0,0.0,0.0,0.0,0.0,
240600,860.0,82000000.0,922.0,982.0,843.0,91759.0,
276040,327.0,0.0,0.0,0.0,0.0,0.0,
473000,2080.0,3000000.0,2080.0,2085.0,2080.0,1230.0,
475240,2090.0,32000000.0,2090.0,2095.0,2090.0,15158.0,
308100,256.0,434000000.0,254.0,308.0,241.0,1622114.0,
900100,1096.0,0.0,0.0,0.0,0.0,0.0,
291810,409.0,0.0,0.0,0.0,0.0,0.0,
044180,205.0,0.0,0.0,0.0,0.0,0.0,
313760,468.0,0.0,0.0,0.0,0.0,0.0,
052770,312.0,0.0,0.0,0.0,0.0,0.0,
225430,698.0,0.0,0.0,0.0,0.0,0.0,
025870,1059.0,0.0,0.0,0.0,0.0,0.0,
250930,529.0,45000000.0,497.0,534.0,441.0,89839.0,
199730,663.0,58000000.0,595.0,689.0,595.0,90283.0,
011080,450.0,639000000.0,380.0,489.0,353.0,1526957.0,
058450,540.0,110000000.0,541.0,541.0,490.0,214014.0,
035290,384.0,0.0,0.0,0.0,0.0,0.0,
021045,1994.0,4000000.0,1979.0,1994.0,1930.0,1841.0,
196490,100.0,106000000.0,107.0,107.0,90.0,1123564.0,
312610,37.0,50000000.0,40.0,40.0,33.0,1373794.0,
032685,5730.0,6000000.0,5860.0,5860.0,5510.0,1020.0,
