종목코드,현재가,거래대금,시가,고가,저가,거래량,NXT거래대금
005930,262000.0,5187919000000.0,269500.0,270000.0,262000.0,19541802.0,1926050999999.9998
000660,1681000.0,5184153000000.0,1722000.0,1759000.0,1681000.0,3021025.0,1481843000000.0
005935,194000.0,408651000000.0,200000.0,200000.0,194000.0,2075940.0,
402340,1050000.0,1038942000000.0,1142000.0,1146000.0,1050000.0,964063.0,225371000000.0
009150,1546000.0,842642000000.0,1612000.0,1620000.0,1546000.0,534297.0,451300000000.0
373220,401000.0,365585000000.0,401000.0,418000.0,397000.0,898329.0,169318000000.0
005380,324500.0,218934000000.0,335000.0,335500.0,324500.0,671566.0,113841000000.00002
105560,162800.0,129313000000.0,167400.0,168500.0,162800.0,786683.0,18963000000.0
207940,1219000.0,98868000000.0,1273000.0,1274000.0,1218000.0,80485.0,21909000000.0
032830,269000.0,89995000000.0,278000.0,279000.0,268000.0,331460.0,11979000000.0
028260,317500.0,174070000000.0,332000.0,333500.0,317500.0,538853.0,24389000000.0
034020,78000.0,330460000000.0,79600.0,79600.0,75200.0,4307335.0,205773999999.99997
055550,99500.0,121976000000.0,102900.0,103100.0,99500.0,1215995.0,10483000000.0
012450,891000.0,296672000000.0,963000.0,972000.0,891000.0,326619.0,66578000000.0
006400,569000.0,390237000000.0,580000.0,591000.0,566000.0,674664.0,302411000000.0
068270,179600.0,80388000000.0,182000.0,182300.0,179500.0,445268.0,17389000000.0
000270,106800.0,130922000000.0,108400.0,108500.0,106300.0,1223123.0,27505000000.0
329180,384000.0,125520000000.0,399000.0,399500.0,383000.0,325390.0,35621000000.0
034730,555000.0,109499000000.0,580000.0,582000.0,555000.0,194601.0,14427000000.000002
086790,124300.0,97994000000.0,127600.0,128600.0,124200.0,783499.0,11159000000.0
066570,200500.0,205267000000.0,208000.0,208500.0,198800.0,1020363.0,174009000000.0
012330,359000.0,165148000000.0,370000.0,371500.0,359000.0,455122.0,28527000000.0
010120,195500.0,136333000000.0,205500.0,205500.0,195500.0,689082.0,74966000000.0
035420,183800.0,163993000000.0,188300.0,188400.0,183100.0,891871.0,71230000000.0
000810,612000.0,69607000000.0,621000.0,623000.0,607000.0,113639.0,3185000000.0
096770,160900.0,182742000000.0,159500.0,163400.0,156900.0,1132787.0,48542000000.0
042700,267000.0,269196000000.0,267500.0,274000.0,261000.0,1005982.0,99206000000.0
069500,105650.0,2483324000000.0,,,,,
005490,306500.0,115439000000.0,308500.0,314500.0,306500.0,373647.0,28052999999.999996
316140,32350.0,93817000000.0,33100.0,33300.0,32350.0,2881724.0,10098000000.0
298040,2494000.0,156453000000.0,2605000.0,2606000.0,2480000.0,62359.0,62791999999.99999
042660,72000.0,63077000000.0,73500.0,73900.0,71500.0,874173.0,47310000000.0
267260,606000.0,97860000000.0,623000.0,626000.0,596000.0,161072.0,37503000000.0
000150,1342000.0,112879000000.0,1408000.0,1408000.0,1325000.0,83682.0,39801000000.0
010130,1033000.0,20808000000.0,1061000.0,1061000.0,1027000.0,20065.0,4142000000.0
138040,127300.0,23241000000.0,129200.0,130800.0,127200.0,181115.0,1376000000.0
360750,25865.0,1781888000000.0,,,,,
009540,291500.0,97963000000.0,296500.0,304500.0,291500.0,332204.0,13306000000.0
051910,286500.0,147008000000.0,279000.0,290500.0,273500.0,529812.0,27464000000.0
011200,20800.0,24545000000.0,21150.0,21150.0,20800.0,1177258.0,7269000000.0
010950,168700.0,49108000000.0,169800.0,171600.0,167500.0,291208.0,9140000000.0
015760,29100.0,44071000000.0,29900.0,29950.0,29000.0,1506877.0,18401000000.0
033780,177400.0,37187000000.0,178600.0,180800.0,177400.0,208892.0,2520000000.0
017670,84100.0,55670000000.0,86500.0,86700.0,84100.0,654740.0,19448000000.0
003670,193100.0,99627000000.0,194600.0,201000.0,190500.0,511037.0,57159000000.0
010140,18860.0,67118000000.0,19490.0,19500.0,18850.0,3531030.0,34978000000.0
003550,108100.0,28733000000.0,109600.0,110900.0,108000.0,264483.0,1389000000.0
006800,29850.0,45140000000.0,30150.0,30200.0,29200.0,1534752.0,16150000000.0
024110,19750.0,23569000000.0,20100.0,20100.0,19750.0,1185161.0,7738000000.0
018260,195300.0,51115000000.0,204500.0,205500.0,195300.0,257895.0,18753000000.0
272210,76600.0,92922000000.0,77600.0,78600.0,72500.0,1228283.0,29802999999.999996
035720,32300.0,52597000000.0,32900.0,32900.0,32200.0,1623528.0,
267250,179500.0,58942000000.0,187700.0,188900.0,179500.0,324930.0,5748000000.0
278470,371500.0,97238000000.0,375500.0,380500.0,361500.0,263574.0,38252000000.0
086280,182900.0,39866000000.0,187400.0,189000.0,181700.0,216904.0,6363000000.0
079550,616000.0,152142000000.0,662000.0,662000.0,616000.0,243620.0,32582000000.0
011070,572000.0,122753000000.0,602000.0,608000.0,562000.0,213054.0,87169000000.0
030200,52100.0,24472000000.0,51100.0,52100.0,50900.0,482563.0,3164000000.0
005830,186600.0,40024000000.0,185100.0,188200.0,184600.0,214218.0,3477000000.0000005
133690,184090.0,949630000000.0,,,,,
000720,107800.0,107873000000.0,108800.0,109800.0,103950.0,1015626.0,29375000000.0
047810,121400.0,45859000000.0,121000.0,122800.0,119100.0,377867.0,7877000000.0
064350,105200.0,67118000000.0,106900.0,107100.0,103600.0,636068.0,13010000000.0
003490,30700.0,83426000000.0,30650.0,31200.0,30300.0,2717910.0,
488770,105795.0,59365000000.0,,,,,
379800,23505.0,1266888000000.0,,,,,
379810,27525.0,731856000000.0,,,,,
396500,38200.0,310090000000.0,,,,,
047050,57100.0,29877000000.0,56800.0,58100.0,56300.0,524164.0,10298000000.0
102110,105915.0,1233792000000.0,,,,,
307950,360500.0,26725000000.0,373500.0,377000.0,360500.0,72652.0,8177000000.0
443060,219500.0,22867000000.0,217500.0,220000.0,213500.0,105302.0,1492000000.0
078930,104000.0,45802000000.0,109300.0,109300.0,104000.0,435276.0,1732999999.9999998
028050,48250.0,66027000000.0,48400.0,48950.0,47600.0,1370015.0,
071050,168600.0,38595000000.0,173100.0,173800.0,168600.0,227337.0,4845000000.0
323410,19470.0,16173000000.0,19710.0,19860.0,19470.0,825859.0,2752000000.0
007660,125500.0,203786000000.0,122600.0,129300.0,119800.0,1612888.0,71447000000.0
005940,24800.0,25980000000.0,26300.0,26300.0,24800.0,1036058.0,5301000000.0
003230,1172000.0,34695000000.0,1212000.0,1219000.0,1167000.0,29495.0,10389000000.0
000500,295500.0,36260000000.0,310000.0,310000.0,293000.0,121417.0,49615000000.0
180640,130300.0,8830000000.0,132100.0,135900.0,130300.0,66822.0,1340000000.0
259960,186900.0,33112000000.0,200500.0,200500.0,185250.0,175411.0,5086000000.0
0126Z0,340500.0,15452000000.0,363500.0,364500.0,340500.0,44613.0,10212000000.0
006260,267500.0,52634000000.0,276500.0,277000.0,266000.0,195129.0,18343000000.0
009830,36000.0,81169000000.0,36050.0,36900.0,35450.0,2233930.0,
090430,135900.0,26391000000.0,136400.0,138900.0,132500.0,197244.0,4440000000.0
353200,157700.0,207927000000.0,151400.0,161000.0,151200.0,1315824.0,
161390,62100.0,21260000000.0,60300.0,63300.0,59800.0,341093.0,2414000000.0
016360,85700.0,32682000000.0,89400.0,89600.0,85700.0,378221.0,7527000000.0
278530,38290.0,28982000000.0,,,,,
021240,101400.0,16220000000.0,101700.0,103900.0,101400.0,158386.0,595000000.0
459580,1074340.0,1167286000000.0,,,,,
352820,163900.0,34540000000.0,165300.0,166100.0,158800.0,211688.0,13622000000.0
047040,16670.0,57551000000.0,17190.0,17220.0,16660.0,3429614.0,
062040,222500.0,63148000000.0,228500.0,231000.0,217500.0,281844.0,41175000000.0
064400,67500.0,47709000000.0,69200.0,69200.0,66700.0,702572.0,
039490,243000.0,24841000000.0,245000.0,247000.0,240000.0,101921.0,2684000000.0
091160,146190.0,196436000000.0,,,,,
381180,45145.0,62580000000.0,,,,,
128940,480500.0,129679000000.0,526000.0,526000.0,475000.0,265276.0,108128000000.0
032640,14400.0,9579000000.0,14500.0,14570.0,14400.0,662270.0,983000000.0
000990,138800.0,102879000000.0,135000.0,141700.0,134500.0,738632.0,46333000000.0
000880,110100.0,15198000000.0,117000.0,117000.0,110000.0,136276.0,3032000000.0
005387,170000.0,18743000000.0,174400.0,174400.0,170000.0,109787.0,
498400,19805.0,201752000000.0,,,,,
0167A0,18675.0,204120000000.0,,,,,
326030,72700.0,10969000000.0,75500.0,75600.0,72700.0,148851.0,5585000000.0
001440,28100.0,77498000000.0,29900.0,30000.0,28050.0,2717377.0,
000100,73100.0,16867000000.0,74400.0,74700.0,73100.0,229891.0,3504000000.0
011790,108000.0,29540000000.0,108800.0,111800.0,106800.0,270580.0,14235000000.0
377300,38450.0,10105000000.0,39350.0,39400.0,38200.0,262381.0,3584000000.0000005
175330,27850.0,16628000000.0,27950.0,28200.0,27700.0,594901.0,549000000.0
122630,101400.0,1623574000000.0,,,,,
241560,53200.0,9484000000.0,54700.0,55100.0,53100.0,177227.0,1113000000.0
267270,107200.0,56180000000.0,113500.0,113500.0,104900.0,521421.0,19077000000.0
229200,15165.0,450055000000.0,,,,,
036570,222000.0,44913000000.0,235500.0,235500.0,217500.0,202326.0,11895000000.0
029780,41200.0,2869000000.0,41750.0,41900.0,41200.0,69429.0,473000000.00000006
066970,116200.0,46654000000.0,119900.0,119900.0,115000.0,397553.0,37725000000.0
052690,123000.0,62823000000.0,124900.0,124900.0,114500.0,530928.0,35503000000.0
138930,15310.0,14264000000.0,15380.0,15450.0,15230.0,931022.0,1144000000.0
088980,9750.0,4714000000.0,9780.0,9800.0,9740.0,482424.0,
088350,5180.0,11847000000.0,5310.0,5310.0,5150.0,2276080.0,
454910,69000.0,24837000000.0,71200.0,71800.0,69000.0,354555.0,
310970,47505.0,316000000.0,,,,,
010060,234000.0,41130000000.0,237500.0,244500.0,232000.0,172694.0,24346000000.0
148020,106515.0,158265000000.0,,,,,
458730,13840.0,27668000000.0,,,,,
018880,4015.0,51852000000.0,3895.0,4085.0,3790.0,13007337.0,
271560,104200.0,8300000000.0,105100.0,105700.0,103900.0,79333.0,606000000.0
0162Z0,13560.0,51845000000.0,,,,,
034220,8160.0,24570000000.0,8190.0,8320.0,8090.0,2989992.0,
395160,41000.0,120917000000.0,,,,,
051900,269500.0,15902000000.0,270500.0,273500.0,263500.0,59314.0,2258000000.0
001450,47150.0,12182000000.0,47700.0,47700.0,46550.0,258763.0,990000000.0
360200,26150.0,29425000000.0,,,,,
002380,460500.0,9468000000.0,467500.0,472500.0,456500.0,20503.0,927000000.0
381170,31815.0,13563000000.0,,,,,
357870,58190.0,13766000000.0,,,,,
103590,81400.0,55396000000.0,87000.0,87500.0,80600.0,674443.0,46434000000.0
005385,169200.0,12509000000.0,173500.0,174000.0,169100.0,73422.0,
001040,130400.0,10872000000.0,130800.0,133000.0,130300.0,83005.0,1379000000.0
004020,28200.0,13861000000.0,28300.0,28550.0,27750.0,491600.0,3824000000.0
008930,54900.0,64563000000.0,63200.0,63800.0,51700.0,1136834.0,99115000000.0
411060,24770.0,16594000000.0,,,,,
423160,110770.0,19406000000.0,,,,,
233740,8000.0,524282000000.0,,,,,
367380,31640.0,16201000000.0,,,,,
395270,58500.0,63091000000.0,,,,,
273130,110545.0,1350000000.0,,,,,
192820,306500.0,45841000000.0,311000.0,317500.0,299500.0,149764.0,8027000000.0
082740,41050.0,63159000000.0,44850.0,45050.0,41000.0,1505920.0,28833999999.999996
036460,36100.0,5469000000.0,36000.0,36100.0,35500.0,152170.0,686000000.0
102780,25885.0,6541000000.0,,,,,
0043B0,103930.0,16733000000.0,,,,,
161890,137100.0,55348000000.0,144300.0,145900.0,134600.0,403071.0,19171000000.0
028670,6030.0,10677000000.0,6190.0,6210.0,6020.0,1761037.0,
022100,21100.0,5066000000.0,21150.0,21350.0,20600.0,243307.0,1680999999.9999998
012750,84200.0,5092000000.0,82600.0,85100.0,82200.0,60508.0,213000000.0
455890,55670.0,9814000000.0,,,,,
111770,70400.0,6044000000.0,70100.0,71600.0,69600.0,85500.0,405000000.0
035250,14190.0,4432000000.0,14260.0,14330.0,14190.0,311606.0,996000000.0000001
487240,34025.0,121367000000.0,,,,,
031210,42300.0,1782000000.0,42850.0,43500.0,41900.0,42118.0,499000000.0
014680,271000.0,14665000000.0,265500.0,277000.0,265500.0,53922.0,1276000000.0
020150,55200.0,33603000000.0,55300.0,57100.0,52200.0,604335.0,17987000000.0
011780,114700.0,5046000000.0,115100.0,116600.0,114500.0,43843.0,474000000.0
004170,305500.0,19679000000.0,317000.0,318000.0,305500.0,63530.0,3629000000.0
302440,36750.0,3139000000.0,37450.0,37500.0,36750.0,84976.0,1047000000.0000001
007340,49200.0,5120000000.0,48850.0,49400.0,48000.0,105031.0,1095000000.0
336260,43750.0,16596000000.0,44900.0,45850.0,43600.0,373843.0,9660000000.0
383220,73900.0,4559000000.0,73000.0,74600.0,71300.0,61985.0,680000000.0
251270,33650.0,5511000000.0,34350.0,34450.0,33600.0,162992.0,786000000.0
139130,17570.0,7365000000.0,17830.0,18020.0,17560.0,416541.0,501999999.99999994
023530,97800.0,6574000000.0,98100.0,99400.0,97200.0,67052.0,663000000.0
097950,183700.0,12646000000.0,181300.0,185700.0,181300.0,68576.0,3496000000.0
085620,20400.0,5293000000.0,22000.0,22450.0,20150.0,254243.0,
006360,32100.0,24526000000.0,32700.0,32850.0,32050.0,759188.0,
017800,69900.0,9715000000.0,72000.0,72100.0,69900.0,138038.0,2418000000.0
472150,19510.0,95685000000.0,,,,,
481050,1022565.0,33798000000.0,,,,,
450080,37650.0,16770000000.0,38650.0,39200.0,37600.0,437661.0,
426030,47840.0,32411000000.0,,,,,
139260,139115.0,63652000000.0,,,,,
026960,26300.0,1108000000.0,26150.0,26600.0,26150.0,42046.0,155000000.0
486290,10540.0,12644000000.0,,,,,
375500,67400.0,30281000000.0,71900.0,72300.0,67300.0,442586.0,
003690,14540.0,3505000000.0,14630.0,14680.0,14400.0,240930.0,348000000.0
011170,59600.0,6061000000.0,60100.0,61900.0,59500.0,100651.0,2176000000.0
000240,26700.0,3281000000.0,25250.0,26700.0,25250.0,124719.0,623000000.0
018670,272000.0,4735000000.0,267500.0,274500.0,264000.0,17548.0,1414000000.0
004800,148100.0,1581000000.0,150100.0,152200.0,148000.0,10553.0,399000000.0
489790,49050.0,5528000000.0,49700.0,50500.0,48250.0,111895.0,4211999999.9999995
281820,124000.0,38053000000.0,121000.0,128400.0,120900.0,305704.0,26650000000.0
457190,80700.0,16433000000.0,80600.0,81500.0,79100.0,204730.0,14422000000.0
004370,397500.0,6828000000.0,396500.0,403500.0,393500.0,17161.0,1240000000.0
449170,112110.0,9835000000.0,,,,,
005440,12850.0,9796000000.0,12290.0,13140.0,12270.0,757865.0,1957000000.0
112610,55700.0,17420000000.0,57200.0,57700.0,55400.0,310053.0,
005850,50300.0,3282000000.0,50600.0,50900.0,49950.0,65310.0,592000000.0
278540,37890.0,1029000000.0,,,,,
161510,23900.0,15112000000.0,,,,,
009420,44000.0,8483000000.0,45050.0,45200.0,43650.0,191119.0,2725000000.0
004990,22900.0,2495000000.0,23150.0,23250.0,22900.0,108462.0,729000000.0
009970,174400.0,2103000000.0,167800.0,174400.0,166300.0,12475.0,173000000.0
229640,73000.0,29616000000.0,69200.0,76100.0,66500.0,410777.0,23664000000.0
001720,135800.0,967000000.0,139600.0,139600.0,135800.0,7065.0,609000000.0
483650,175000.0,20670000000.0,181000.0,183000.0,170850.0,118175.0,8857000000.0
282330,126400.0,6614000000.0,128100.0,131100.0,126400.0,51923.0,170000000.0
385540,103625.0,143000000.0,,,,,
030000,18820.0,8196000000.0,18900.0,19090.0,18780.0,433578.0,964000000.0
279570,5290.0,3530000000.0,5430.0,5430.0,5240.0,663975.0,
007810,88100.0,34195000000.0,89000.0,89700.0,86300.0,386931.0,46889000000.0
204320,44450.0,15006000000.0,45400.0,45400.0,44350.0,335551.0,
456600,57705.0,8409000000.0,,,,,
305720,15905.0,124529000000.0,,,,,
081660,38150.0,5015000000.0,38750.0,38800.0,38150.0,130779.0,290000000.0
002790,25900.0,1942000000.0,26000.0,26700.0,25350.0,75513.0,378000000.0
051600,43550.0,4839000000.0,44150.0,44150.0,43550.0,110536.0,1520000000.0
0193T0,9675.0,162014000000.0,,,,,
073240,6780.0,7901000000.0,6650.0,6800.0,6580.0,1171912.0,2777000000.0
214980,114645.0,3101000000.0,,,,,
139480,70000.0,8153000000.0,70900.0,71200.0,69600.0,115791.0,1905000000.0
284430,20030.0,7242000000.0,,,,,
089860,51400.0,2572000000.0,51100.0,51700.0,50200.0,50324.0,917000000.0
292150,36845.0,52186000000.0,,,,,
069960,86500.0,5130000000.0,86300.0,87100.0,85300.0,59580.0,948000000.0
103140,65600.0,13269000000.0,67600.0,67800.0,65300.0,200304.0,4336000000.0
181710,56100.0,3896000000.0,57200.0,57300.0,55600.0,69071.0,1031000000.0
007070,21650.0,2025000000.0,22250.0,22250.0,21600.0,93149.0,370000000.0
462870,30750.0,1251000000.0,31350.0,31350.0,30250.0,41007.0,351000000.0
442580,103830.0,93781000000.0,,,,,
000155,432000.0,3247000000.0,470000.0,470000.0,432000.0,7361.0,
439260,45100.0,2544000000.0,46900.0,47150.0,45100.0,55600.0,1069999999.9999999
294400,138795.0,11361000000.0,,,,,
441640,12095.0,8198000000.0,,,,,
020560,8210.0,1454000000.0,8270.0,8350.0,8120.0,177545.0,125000000.0
001120,43350.0,4162000000.0,43950.0,44300.0,42900.0,95414.0,434999999.99999994
001430,46800.0,9091000000.0,43900.0,46900.0,43100.0,198299.0,2545000000.0
120110,55400.0,11535000000.0,56100.0,57900.0,55400.0,206082.0,3418000000.0
322000,147300.0,27454000000.0,145800.0,149700.0,138800.0,186417.0,
001820,158300.0,58770000000.0,160100.0,162900.0,157500.0,367062.0,
368590,30650.0,17640000000.0,,,,,
093370,15040.0,32355000000.0,15370.0,15690.0,15030.0,2110079.0,
446770,80225.0,4636000000.0,,,,,
395400,5290.0,869000000.0,5320.0,5320.0,5220.0,165238.0,
105190,105965.0,43449000000.0,,,,,
000120,69300.0,3179000000.0,70300.0,70500.0,69300.0,45571.0,1058000000.0
023590,36450.0,1607000000.0,37700.0,37750.0,36350.0,43829.0,480000000.0
329200,4035.0,10014000000.0,,,,,
475150,46000.0,47274000000.0,49100.0,49200.0,45400.0,1016472.0,
477080,107830.0,315000000.0,,,,,
610063,55920.0,0.0,,,,,
006040,34850.0,1130000000.0,35000.0,35200.0,34700.0,32373.0,115999999.99999999
005070,46250.0,6371000000.0,46800.0,47850.0,46100.0,135365.0,5430000000.0
0177N0,14250.0,39612000000.0,,,,,
361610,18600.0,8905000000.0,18080.0,18770.0,17900.0,481458.0,3111000000.0
008770,38700.0,5755000000.0,39300.0,39350.0,38650.0,147900.0,1785000000.0000002
006280,129400.0,3722000000.0,130500.0,130500.0,127900.0,28871.0,1901000000.0000002
091230,154900.0,27072000000.0,,,,,
487230,19960.0,12524000000.0,,,,,
009155,515000.0,3352000000.0,533000.0,533000.0,515000.0,6427.0,
379780,22560.0,8866000000.0,,,,,
232080,15465.0,231832000000.0,,,,,
071970,42800.0,10916000000.0,44700.0,44750.0,42550.0,252959.0,6434999999.999999
294870,21900.0,1624000000.0,22300.0,22350.0,21550.0,74041.0,206000000.0
152100,107280.0,47265000000.0,,,,,
0193W0,12145.0,71377000000.0,,,,,
455850,31200.0,178109000000.0,,,,,
453850,6690.0,5472000000.0,,,,,
011210,50800.0,3033000000.0,51900.0,52000.0,50800.0,59298.0,850000000.0
226490,68740.0,26783000000.0,,,,,
012630,22950.0,1180000000.0,22950.0,23400.0,22300.0,51569.0,289000000.0
390390,56505.0,46425000000.0,,,,,
001800,22600.0,1464000000.0,22600.0,22950.0,22550.0,64475.0,197000000.0
475630,1079860.0,41322000000.0,,,,,
0195S0,8245.0,69306000000.0,,,,,
448330,17545.0,11498000000.0,,,,,
700026,108000.0,0.0,,,,,
097230,14280.0,3082000000.0,14810.0,14870.0,14280.0,213900.0,
157450,112885.0,6567000000.0,,,,,
469150,64000.0,22299000000.0,,,,,
436140,106895.0,46000000.0,,,,,
466920,24000.0,27131000000.0,,,,,
494310,100125.0,330773000000.0,,,,,
007310,314000.0,934000000.0,313000.0,316000.0,311500.0,3007.0,139000000.0
069620,108500.0,2814000000.0,108500.0,110600.0,107400.0,25794.0,292000000.0
465580,24905.0,10198000000.0,,,,,
487340,106270.0,1840000000.0,,,,,
438080,13710.0,3340000000.0,,,,,
066575,72000.0,3590000000.0,74600.0,74800.0,71300.0,49553.0,
00680K,9700.0,1738000000.0,9920.0,9950.0,9670.0,177535.0,
006120,70800.0,2424000000.0,71400.0,73000.0,70600.0,33794.0,1167000000.0
415640,10040.0,658000000.0,9980.0,10040.0,9930.0,65909.0,
001740,6100.0,4810000000.0,6370.0,6390.0,6090.0,780336.0,
192080,57700.0,3443000000.0,56700.0,57700.0,56200.0,60223.0,148000000.0
330590,4155.0,373000000.0,4155.0,4155.0,4085.0,90325.0,
298020,277000.0,4169000000.0,280500.0,282000.0,274500.0,14963.0,747000000.0
300720,16280.0,997000000.0,16070.0,16290.0,16000.0,61711.0,148000000.0
003160,42150.0,39201000000.0,40850.0,44400.0,40600.0,912721.0,33712000000.0
153130,113345.0,2158000000.0,,,,,
356540,101855.0,89000000.0,,,,,
530031,2930.0,1400000000.0,,,,,
003540,24650.0,1898000000.0,25050.0,25150.0,24250.0,77430.0,459000000.0
000815,386000.0,3448000000.0,391000.0,393000.0,386000.0,8881.0,
497570,22900.0,5589000000.0,,,,,
006110,74800.0,42685000000.0,67000.0,78500.0,65800.0,574211.0,25226000000.0
280360,122700.0,2668000000.0,121700.0,124000.0,119400.0,21864.0,327000000.0
195870,66000.0,8345000000.0,65000.0,66400.0,64400.0,127573.0,4776000000.0
0183J0,7530.0,6736000000.0,,,,,
0072R0,11845.0,8076000000.0,,,,,
0139F0,102460.0,9000000.0,,,,,
030610,9600.0,209000000.0,9710.0,9870.0,9510.0,21699.0,100000000.0
004000,42100.0,2200000000.0,42600.0,42850.0,41950.0,52042.0,480999999.99999994
469830,54580.0,8938000000.0,,,,,
445290,30200.0,5663000000.0,,,,,
494300,8905.0,7077000000.0,,,,,
449180,17385.0,5163000000.0,,,,,
451540,53180.0,94000000.0,,,,,
000080,14810.0,988000000.0,14710.0,14850.0,14710.0,66832.0,172000000.0
000210,48450.0,1923000000.0,49050.0,49400.0,48050.0,39524.0,325000000.0
003240,910000.0,943000000.0,918000.0,928000.0,902000.0,1037.0,142000000.0
479520,106720.0,1152000000.0,,,,,
305540,20235.0,24140000000.0,,,,,
760009,107695.0,3594000000.0,,,,,
017960,19150.0,4284000000.0,20100.0,20100.0,19150.0,219750.0,2743000000.0
006340,12570.0,13407000000.0,12970.0,13050.0,12520.0,1054552.0,
192400,27600.0,735000000.0,27250.0,27700.0,27150.0,26746.0,110000000.00000001
451800,5460.0,338000000.0,5340.0,5770.0,5280.0,62401.0,
295040,39610.0,7210000000.0,,,,,
446720,12680.0,5834000000.0,,,,,
030190,16790.0,494000000.0,16800.0,16810.0,16560.0,29665.0,52000000.0
494890,30455.0,23893000000.0,,,,,
009240,41050.0,1520000000.0,39800.0,41050.0,39750.0,37439.0,164000000.0
051915,124300.0,5310000000.0,122400.0,126600.0,121800.0,42408.0,
003570,28700.0,3270000000.0,30250.0,30400.0,28350.0,113212.0,1167000000.0
438100,15130.0,2904000000.0,,,,,
0117V0,17855.0,29376000000.0,,,,,
003530,4385.0,2627000000.0,4450.0,4450.0,4330.0,600840.0,
0048J0,13335.0,8945000000.0,,,,,
0219E0,8090.0,65098000000.0,,,,,
402970,14105.0,3137000000.0,,,,,
003090,15690.0,965000000.0,15520.0,15690.0,15300.0,62307.0,137000000.0
185750,65900.0,1099000000.0,65800.0,66500.0,65200.0,16714.0,209000000.0
034230,9800.0,4357000000.0,9840.0,9950.0,9660.0,444695.0,1388000000.0
315930,75615.0,829000000.0,,,,,
237350,84550.0,13148000000.0,,,,,
495050,30775.0,3638000000.0,,,,,
462330,1179.0,144775000000.0,,,,,
285130,51600.0,3167000000.0,51000.0,52300.0,50800.0,61630.0,426000000.0
009450,61200.0,769000000.0,61700.0,62300.0,61000.0,12492.0,534999999.99999994
071320,77000.0,1101000000.0,78500.0,78600.0,76800.0,14235.0,620000000.0
0195R0,11030.0,37223000000.0,,,,,
032350,11120.0,2873000000.0,11320.0,11350.0,10970.0,257888.0,757000000.0
005300,95300.0,1160000000.0,95600.0,95800.0,94700.0,12188.0,142000000.0
449450,45975.0,14799000000.0,,,,,
479080,53960.0,1276000000.0,,,,,
0117L0,10190.0,93000000.0,,,,,
004490,62800.0,5030000000.0,63300.0,63900.0,62100.0,79808.0,1503000000.0
498410,11075.0,19032000000.0,,,,,
475720,12290.0,11999000000.0,,,,,
000370,7200.0,1673000000.0,7280.0,7340.0,7090.0,233413.0,
490590,14550.0,9555000000.0,,,,,
069660,105490.0,26961000000.0,,,,,
079160,5030.0,612000000.0,5010.0,5080.0,4960.0,121866.0,
0177R0,11625.0,19034000000.0,,,,,
077970,20600.0,4118000000.0,21950.0,22100.0,20550.0,195969.0,2682000000.0
700028,235025.0,1543000000.0,,,,,
248070,17200.0,4266000000.0,17310.0,17490.0,16750.0,248799.0,2297000000.0
252670,77.0,412973000000.0,,,,,
003470,4220.0,800000000.0,4260.0,4260.0,4200.0,189228.0,
071055,136800.0,2036000000.0,140500.0,140500.0,136800.0,14780.0,
466940,25040.0,19279000000.0,,,,,
272580,57275.0,1483000000.0,,,,,
550082,55910.0,0.0,,,,,
0025N0,11795.0,1931000000.0,,,,,
005180,87900.0,1461000000.0,88300.0,88800.0,86200.0,16687.0,844000000.0
137310,6410.0,1111000000.0,6740.0,6750.0,6410.0,170673.0,549000000.0
005690,12860.0,7594000000.0,13100.0,13100.0,12720.0,588285.0,
418660,41565.0,5990000000.0,,,,,
114800,1035.0,708481000000.0,,,,,
365550,3095.0,380000000.0,3180.0,3180.0,3075.0,122909.0,
100090,12100.0,4298000000.0,12560.0,12560.0,12010.0,352326.0,
441800,27500.0,5530000000.0,,,,,
000670,40950.0,1797000000.0,39900.0,40950.0,39300.0,45014.0,480000000.0
364980,10945.0,81459000000.0,,,,,
036530,46050.0,881000000.0,44650.0,46150.0,44350.0,19510.0,345000000.0
456610,58325.0,832000000.0,,,,,
495850,30535.0,2223000000.0,,,,,
457480,18060.0,4400000000.0,,,,,
003850,8610.0,463000000.0,8700.0,8700.0,8560.0,53756.0,378000000.0
298050,164700.0,1506000000.0,161300.0,166100.0,160300.0,9251.0,278000000.0
499790,37200.0,1151000000.0,37900.0,37900.0,36950.0,30987.0,204000000.0
476550,6300.0,6488000000.0,,,,,
329750,12675.0,1419000000.0,,,,,
090460,21600.0,10162000000.0,22100.0,22300.0,21200.0,466770.0,10687000000.0
214320,17980.0,972000000.0,17960.0,17980.0,17760.0,54527.0,145000000.0
000400,2285.0,1337000000.0,2205.0,2345.0,2200.0,584941.0,
481060,6970.0,5593000000.0,,,,,
580058,54005.0,1890000000.0,,,,,
002960,540000.0,769000000.0,538000.0,545000.0,535000.0,1427.0,176000000.0
144600,9535.0,4543000000.0,,,,,
064960,26350.0,1105000000.0,26700.0,26700.0,26100.0,42114.0,476999999.99999994
367760,62110.0,6473000000.0,,,,,
0127P0,10560.0,7000000.0,,,,,
094800,7470.0,408000000.0,7500.0,7620.0,7380.0,54401.0,
093050,23650.0,777000000.0,23850.0,23850.0,23350.0,33030.0,51000000.0
314250,65535.0,5009000000.0,,,,,
0061Z0,51170.0,13000000.0,,,,,
482730,11460.0,3566000000.0,,,,,
471990,31365.0,92038000000.0,,,,,
0101N0,21180.0,6055000000.0,,,,,
488080,37300.0,196521000000.0,,,,,
293940,5520.0,457000000.0,5530.0,5530.0,5470.0,83282.0,
005090,45850.0,3294000000.0,47400.0,47600.0,45500.0,71059.0,1301000000.0
290130,46590.0,1971000000.0,,,,,
0148J0,9650.0,31837000000.0,,,,,
005880,2030.0,1219000000.0,2060.0,2060.0,2025.0,599394.0,
0007F0,10215.0,221000000.0,,,,,
458760,10070.0,3076000000.0,,,,,
014820,22350.0,752000000.0,21600.0,22350.0,21500.0,34153.0,141000000.0
268280,129200.0,466000000.0,126000.0,131800.0,125600.0,3601.0,30000000.0
069260,15780.0,824000000.0,15760.0,15920.0,15700.0,52275.0,83000000.0
0167B0,11295.0,14411000000.0,,,,,
423920,92495.0,22514000000.0,,,,,
456040,71200.0,1682000000.0,72400.0,72800.0,71100.0,23407.0,645000000.0
491010,25145.0,2588000000.0,,,,,
001570,9900.0,0.0,0.0,0.0,0.0,0.0,
002840,140600.0,540000000.0,136900.0,141800.0,135100.0,3871.0,46000000.0
371460,8815.0,1052000000.0,,,,,
0015B0,19430.0,3342000000.0,,,,,
434060,16605.0,1438000000.0,,,,,
100840,31800.0,3274000000.0,33000.0,33150.0,31800.0,101199.0,2493000000.0
000640,93000.0,704000000.0,94500.0,95300.0,92700.0,7524.0,82000000.0
102970,16665.0,7704000000.0,,,,,
004710,11720.0,10306000000.0,11790.0,11980.0,11300.0,884295.0,
317450,42550.0,315000000.0,43350.0,43350.0,42500.0,7399.0,179000000.0
017940,90500.0,441000000.0,91400.0,91500.0,89700.0,4881.0,14000000.000000002
017900,10670.0,18307000000.0,10570.0,10730.0,10260.0,1736097.0,
453340,19030.0,603000000.0,18900.0,19260.0,18830.0,31552.0,74000000.0
383800,8100.0,504000000.0,8050.0,8110.0,7990.0,62539.0,309000000.0
434730,53200.0,10382000000.0,,,,,
001060,26350.0,1615000000.0,27550.0,27550.0,26250.0,60538.0,818000000.0
001680,17610.0,606000000.0,17540.0,17630.0,17460.0,34542.0,163000000.0
108320,37400.0,1343000000.0,37700.0,38150.0,37200.0,35635.0,788000000.0
178920,20700.0,1454000000.0,20350.0,21050.0,19330.0,70366.0,759000000.0
336370,8610.0,2012000000.0,9000.0,9010.0,8590.0,229316.0,630000000.0
466950,31920.0,2747000000.0,,,,,
491620,10460.0,3571000000.0,,,,,
192650,9020.0,3159000000.0,9120.0,9350.0,9020.0,343398.0,
0019K0,13500.0,3461000000.0,,,,,
496020,52670.0,133000000.0,,,,,
251600,15035.0,1859000000.0,,,,,
489250,11935.0,6275000000.0,,,,,
006650,89800.0,2227000000.0,89800.0,92000.0,89100.0,24689.0,908000000.0
033240,27000.0,2058000000.0,27300.0,27400.0,26650.0,76286.0,659000000.0
477050,53700.0,1645000000.0,,,,,
449190,23355.0,4363000000.0,,,,,
484790,7710.0,1670000000.0,,,,,
462010,5210.0,30285000000.0,,,,,
001530,27550.0,2555000000.0,25450.0,27950.0,25200.0,93659.0,965000000.0
0091P0,15805.0,30798000000.0,,,,,
451000,107960.0,8000000.0,,,,,
002350,5770.0,900000000.0,5780.0,5820.0,5690.0,156909.0,
138540,43045.0,6996000000.0,,,,,
365780,82540.0,9890000000.0,,,,,
079900,37800.0,1017000000.0,38950.0,38950.0,37500.0,26706.0,1145000000.0
016380,5510.0,1049000000.0,5650.0,5650.0,5500.0,189046.0,
284740,24500.0,398000000.0,24700.0,25200.0,24450.0,16018.0,84000000.0
161000,11250.0,4806000000.0,11060.0,11490.0,10840.0,426421.0,5005000000.0
025540,54100.0,876000000.0,55200.0,55200.0,53900.0,16120.0,301000000.0
277630,69690.0,9879000000.0,,,,,
00104K,127900.0,292000000.0,128000.0,128300.0,126100.0,2297.0,
0163Y0,10950.0,7791000000.0,,,,,
114090,8630.0,532000000.0,8620.0,8660.0,8460.0,61937.0,184000000.0
00088K,36200.0,482000000.0,37200.0,37250.0,36000.0,13250.0,
455030,11485.0,462000000.0,,,,,
075580,9300.0,1199000000.0,9850.0,9850.0,9290.0,127259.0,991000000.0
003620,2600.0,681000000.0,2635.0,2635.0,2580.0,261579.0,
003300,17000.0,73000000.0,17110.0,17330.0,16910.0,4317.0,22000000.0
007700,13400.0,73000000.0,13530.0,13550.0,13330.0,5440.0,26000000.0
435420,14215.0,2999000000.0,,,,,
009410,1630.0,196000000.0,1624.0,1636.0,1602.0,121314.0,
0105E0,12425.0,5158000000.0,,,,,
008060,16500.0,947000000.0,16420.0,16630.0,16240.0,57652.0,195000000.0
0220W0,6080.0,14648000000.0,6030.0,6300.0,5860.0,2401904.0,
019170,9780.0,7843000000.0,10110.0,10130.0,9750.0,791187.0,18689000000.0
058650,126000.0,93000000.0,125600.0,126200.0,122800.0,754.0,
001270,49250.0,200000000.0,50200.0,50300.0,49200.0,4043.0,77000000.0
001510,2205.0,2487000000.0,2255.0,2265.0,2200.0,1121231.0,
029460,46200.0,1589000000.0,46900.0,47450.0,45900.0,34146.0,529000000.0
484870,18500.0,1580000000.0,19250.0,19480.0,18500.0,83399.0,940000000.0
005810,35150.0,197000000.0,35700.0,35700.0,35150.0,5576.0,150000000.0
114260,61885.0,1273000000.0,,,,,
438330,115780.0,580000000.0,,,,,
452260,2545.0,1979000000.0,2620.0,2620.0,2500.0,775495.0,
448290,18000.0,977000000.0,,,,,
476800,4200.0,3131000000.0,,,,,
361580,60070.0,8496000000.0,,,,,
371160,6005.0,1437000000.0,,,,,
315960,74000.0,3296000000.0,,,,,
494670,19085.0,9390000000.0,,,,,
251350,37735.0,502000000.0,,,,,
003545,19800.0,843000000.0,20050.0,20050.0,19760.0,42540.0,
396520,11480.0,5801000000.0,,,,,
377740,4640.0,188000000.0,4695.0,4700.0,4575.0,40964.0,
483280,11910.0,2906000000.0,,,,,
444200,42695.0,1238000000.0,,,,,
145990,45400.0,328000000.0,46000.0,46400.0,45400.0,7216.0,14000000.000000002
460860,9420.0,5269000000.0,9680.0,9800.0,9360.0,554039.0,1677000000.0
020000,21750.0,1648000000.0,21650.0,22150.0,21550.0,75687.0,358000000.0
448730,5130.0,106000000.0,5080.0,5130.0,5030.0,21024.0,
496080,30635.0,3504000000.0,,,,,
471230,103860.0,1332000000.0,,,,,
001500,7520.0,884000000.0,7670.0,7690.0,7480.0,117284.0,256999999.99999997
004690,127900.0,705000000.0,128700.0,128900.0,126200.0,5538.0,38000000.0
012030,2290.0,8120000000.0,2010.0,2355.0,2010.0,3652166.0,
039130,29700.0,583000000.0,30300.0,30300.0,29600.0,19589.0,405999999.99999994
005250,9750.0,525000000.0,9960.0,9960.0,9700.0,53804.0,552000000.0
0173Y0,12355.0,16201000000.0,,,,,
499660,1001025.0,12550000000.0,,,,,
475300,27290.0,83867000000.0,,,,,
463250,30355.0,15253000000.0,,,,,
0190C0,7425.0,5718000000.0,,,,,
490490,10305.0,2795000000.0,,,,,
002240,16510.0,257000000.0,16720.0,16750.0,16510.0,15496.0,168000000.0
005420,11570.0,1910000000.0,11610.0,11870.0,11360.0,163938.0,1087000000.0
009900,8460.0,823000000.0,8480.0,8570.0,8320.0,97229.0,487000000.0
249420,14020.0,2247000000.0,14680.0,14740.0,14020.0,157854.0,2212000000.0
002030,214500.0,492000000.0,206500.0,214500.0,204000.0,2328.0,50000000.0
447770,13905.0,2146000000.0,,,,,
003280,1818.0,3489000000.0,1834.0,1850.0,1815.0,1908698.0,
000070,56200.0,269000000.0,57100.0,57100.0,56000.0,4781.0,112000000.00000001
004700,65600.0,23000000.0,66300.0,67200.0,65600.0,357.0,11000000.0
003030,105100.0,2385000000.0,105600.0,106200.0,101600.0,23030.0,409999999.99999994
217590,18060.0,19346000000.0,18700.0,18880.0,17650.0,1067575.0,
010780,14600.0,684000000.0,14780.0,14780.0,14560.0,46750.0,139000000.0
385550,114420.0,1865000000.0,,,,,
448300,24080.0,5357000000.0,,,,,
385560,52215.0,1360000000.0,,,,,
760013,85820.0,87000000.0,,,,,
243880,335030.0,35032000000.0,,,,,
451060,33895.0,3724000000.0,,,,,
474220,15080.0,911000000.0,,,,,
034310,11570.0,80000000.0,11630.0,11740.0,11570.0,6907.0,18000000.0
0016X0,51640.0,1952000000.0,,,,,
403550,11120.0,111000000.0,11300.0,11890.0,11100.0,9863.0,50000000.0
016610,9920.0,364000000.0,10200.0,10240.0,9910.0,36586.0,104000000.0
271940,11450.0,258000000.0,11800.0,11800.0,11350.0,22465.0,172000000.0
002990,11140.0,7703000000.0,11420.0,11430.0,11000.0,689877.0,
014830,61200.0,757000000.0,60500.0,62200.0,59900.0,12404.0,372000000.0
293180,105880.0,3628000000.0,,,,,
090435,39100.0,499000000.0,40850.0,40850.0,38600.0,12745.0,
306200,145200.0,1358000000.0,147700.0,148000.0,143700.0,9306.0,413000000.0
0210A0,7600.0,15693000000.0,,,,,
072710,88100.0,136000000.0,89600.0,89600.0,88100.0,1548.0,75000000.0
426020,31630.0,1692000000.0,,,,,
0023A0,22695.0,3829000000.0,,,,,
003000,4055.0,1769000000.0,4205.0,4225.0,3900.0,431856.0,
241180,35545.0,1154000000.0,,,,,
011930,19610.0,6685000000.0,19550.0,20650.0,19380.0,333036.0,
005945,21100.0,1831000000.0,22200.0,22200.0,21100.0,85415.0,
002810,21500.0,149000000.0,21300.0,21650.0,21300.0,6936.0,63000000.0
480260,53970.0,121000000.0,,,,,
357120,4070.0,167000000.0,4070.0,4075.0,4015.0,41454.0,
148070,104550.0,12457000000.0,,,,,
0046A0,9255.0,3689000000.0,,,,,
439860,113950.0,0.0,,,,,
005389,166800.0,2169000000.0,170300.0,170300.0,166000.0,12951.0,
0060H0,12295.0,536000000.0,,,,,
474590,50215.0,931000000.0,,,,,
031430,11030.0,1737000000.0,10940.0,11190.0,10810.0,157553.0,781000000.0
476760,8080.0,6923000000.0,,,,,
0094M0,16680.0,57016000000.0,,,,,
008730,15510.0,1375000000.0,15640.0,16020.0,15350.0,87626.0,458000000.0
001200,3970.0,1106000000.0,4040.0,4060.0,3960.0,277909.0,
317400,9870.0,4271000000.0,9910.0,10180.0,9720.0,429643.0,
015360,14570.0,309000000.0,14610.0,14760.0,14500.0,21196.0,96000000.0
130660,11660.0,1721000000.0,12060.0,12110.0,11660.0,145777.0,
385720,24975.0,735000000.0,,,,,
092230,95600.0,85000000.0,95400.0,96700.0,95400.0,895.0,37000000.0
302450,69070.0,7532000000.0,,,,,
344820,23500.0,126000000.0,23800.0,23800.0,23450.0,5365.0,72000000.0
003350,16240.0,18903000000.0,16390.0,16740.0,15110.0,1195798.0,
029530,37800.0,90000000.0,38100.0,38500.0,37800.0,2380.0,21000000.0
002710,14010.0,5132000000.0,14460.0,14560.0,13880.0,361176.0,9591000000.0
126560,3345.0,134000000.0,3345.0,3385.0,3345.0,39907.0,
016590,9060.0,46000000.0,9230.0,9230.0,8980.0,5156.0,11000000.0
0040Y0,7880.0,2117000000.0,,,,,
027410,3800.0,458000000.0,3800.0,3865.0,3775.0,120126.0,
089590,4485.0,344000000.0,4585.0,4605.0,4455.0,76778.0,
001940,25400.0,82000000.0,25950.0,25950.0,25050.0,3256.0,59000000.0
006405,222000.0,1611000000.0,225500.0,229000.0,222000.0,7136.0,
469070,10700.0,2973000000.0,,,,,
950210,5960.0,115000000.0,5940.0,6020.0,5850.0,19446.0,
0120G0,48150.0,1780000000.0,49500.0,50100.0,47600.0,36766.0,865000000.0
183190,9950.0,296000000.0,9990.0,10060.0,9890.0,29889.0,194000000.0
006220,9400.0,902000000.0,9660.0,9680.0,9310.0,95680.0,
010955,88200.0,715000000.0,90000.0,90000.0,87600.0,8060.0,
194370,12220.0,179000000.0,12110.0,12290.0,11870.0,14726.0,101000000.0
385510,40930.0,3294000000.0,,,,,
105630,8800.0,197000000.0,8790.0,8860.0,8750.0,22437.0,72000000.0
007690,37950.0,272000000.0,38350.0,38850.0,37950.0,7118.0,135000000.0
442570,17310.0,1156000000.0,,,,,
270810,15075.0,2122000000.0,,,,,
245710,27045.0,915000000.0,,,,,
472170,14130.0,3515000000.0,,,,,
145720,40350.0,1318000000.0,40200.0,40900.0,40050.0,32627.0,572000000.0
091180,24855.0,1652000000.0,,,,,
0167Z0,7520.0,2187000000.0,,,,,
005610,40150.0,109000000.0,41250.0,41250.0,40100.0,2705.0,17000000.0
0144L0,9490.0,1292000000.0,,,,,
310960,61755.0,3054000000.0,,,,,
458250,30750.0,3473000000.0,,,,,
0026S0,12630.0,1934000000.0,,,,,
092790,13260.0,2403000000.0,13660.0,13680.0,13220.0,178880.0,
009290,6920.0,1334000000.0,6900.0,6950.0,6710.0,194273.0,
279530,17110.0,1840000000.0,,,,,
015860,6930.0,602000000.0,7140.0,7140.0,6880.0,86754.0,
0131V0,10515.0,702000000.0,,,,,
104700,9340.0,116000000.0,9360.0,9410.0,9270.0,12512.0,28999999.999999996
170900,34950.0,130000000.0,35200.0,35650.0,34750.0,3727.0,25000000.0
520054,169850.0,354000000.0,,,,,
132030,23035.0,1210000000.0,,,,,
060980,37700.0,428000000.0,37850.0,37850.0,37350.0,11425.0,50000000.0
570090,55945.0,0.0,,,,,
005720,6370.0,296000000.0,6300.0,6440.0,6250.0,46540.0,
0182R0,10880.0,15559000000.0,,,,,
484880,21230.0,4930000000.0,,,,,
017810,8680.0,86000000.0,8850.0,8850.0,8680.0,9922.0,49000000.0
462900,12545.0,16193000000.0,,,,,
0052D0,14985.0,1020000000.0,,,,,
097520,18890.0,538000000.0,19220.0,19260.0,18810.0,28344.0,95000000.0
448630,15285.0,1311000000.0,,,,,
456880,11810.0,521000000.0,,,,,
0094K0,99835.0,1094000000.0,,,,,
024720,9400.0,409000000.0,9350.0,9450.0,9190.0,43757.0,129000000.0
0162M0,10090.0,35000000.0,,,,,
485540,15745.0,2505000000.0,,,,,
0052S0,11310.0,766000000.0,,,,,
009160,4885.0,779000000.0,4915.0,4955.0,4610.0,162960.0,
011760,24000.0,535000000.0,24450.0,24500.0,23800.0,22211.0,190000000.0
000157,355500.0,71000000.0,370000.0,370000.0,355500.0,199.0,
0080G0,9190.0,32235000000.0,,,,,
000650,221000.0,53129000000.0,231000.0,234000.0,193800.0,244799.0,
0098F0,14825.0,12991000000.0,,,,,
001230,2020.0,787000000.0,2015.0,2075.0,1982.0,389886.0,
026890,8100.0,440000000.0,8120.0,8400.0,8100.0,53745.0,9000000.0
0043Y0,18385.0,1477000000.0,,,,,
0111P0,10765.0,1579000000.0,,,,,
02826K,210500.0,891000000.0,219500.0,219500.0,210000.0,4184.0,
381970,6280.0,322000000.0,6260.0,6400.0,6210.0,51245.0,74000000.0
471780,39260.0,4248000000.0,,,,,
454780,100200.0,2000000.0,,,,,
489030,6160.0,1988000000.0,,,,,
0232A0,100450.0,0.0,,,,,
084010,8860.0,1186000000.0,9290.0,9290.0,8710.0,132295.0,3383000000.0
096760,4105.0,316000000.0,4235.0,4260.0,4105.0,76340.0,
272450,5800.0,205000000.0,5830.0,5890.0,5740.0,35527.0,
483320,25970.0,899000000.0,,,,,
497880,50080.0,6084000000.0,,,,,
005430,95100.0,471000000.0,96100.0,96800.0,94400.0,4949.0,
126720,21050.0,650000000.0,21750.0,21750.0,20950.0,30588.0,534999999.99999994
453810,10355.0,753000000.0,,,,,
433330,21565.0,4671000000.0,,,,,
481190,17290.0,1202000000.0,,,,,
570022,59630.0,1000000.0,,,,,
002310,7550.0,217000000.0,7570.0,7570.0,7450.0,28972.0,
200880,11010.0,247000000.0,10990.0,11080.0,10890.0,22594.0,156000000.0
003120,22350.0,321000000.0,22200.0,22600.0,22100.0,14359.0,28999999.999999996
005950,11290.0,2063000000.0,11470.0,11600.0,11240.0,180994.0,
136340,104090.0,7000000.0,,,,,
123890,2415.0,123000000.0,2425.0,2440.0,2405.0,50940.0,
018250,11190.0,228000000.0,11350.0,11350.0,11140.0,20420.0,
025860,5940.0,852000000.0,6050.0,6060.0,5920.0,142897.0,
002020,22650.0,383000000.0,22900.0,23000.0,22400.0,16974.0,225000000.0
0038A0,15340.0,1040000000.0,,,,,
078520,11610.0,724000000.0,11790.0,12130.0,11580.0,61395.0,361000000.0
0008S0,9125.0,1652000000.0,,,,,
108670,32050.0,358000000.0,32650.0,32700.0,32000.0,11095.0,121000000.0
001750,18950.0,134000000.0,19200.0,19200.0,18810.0,7068.0,147000000.0
0162Y0,8575.0,3486000000.0,,,,,
033270,17860.0,191000000.0,18020.0,18020.0,17720.0,10725.0,81000000.0
475080,7815.0,1176000000.0,,,,,
244920,12520.0,305000000.0,12670.0,12800.0,12300.0,24457.0,
084690,7800.0,81000000.0,7900.0,7940.0,7790.0,10316.0,85000000.0
010820,5780.0,1609000000.0,5970.0,5970.0,5780.0,275545.0,
034830,1113.0,200000000.0,1113.0,1118.0,1106.0,180768.0,
016800,24400.0,29000000.0,24300.0,24800.0,23400.0,1261.0,10000000.0
044450,12410.0,586000000.0,12270.0,12450.0,12140.0,47878.0,
273140,114755.0,253000000.0,,,,,
441680,10630.0,224000000.0,,,,,
004430,11590.0,590000000.0,11770.0,11770.0,11560.0,50796.0,
091170,15300.0,7636000000.0,,,,,
461490,14440.0,339000000.0,,,,,
471040,30130.0,619000000.0,,,,,
122900,8270.0,390000000.0,8230.0,8280.0,8160.0,47515.0,
001390,4150.0,594000000.0,4200.0,4215.0,4130.0,143250.0,
486830,53470.0,87000000.0,,,,,
473290,10910.0,241000000.0,,,,,
000430,4405.0,234000000.0,4520.0,4520.0,4350.0,53137.0,
439870,89675.0,391000000.0,,,,,
409820,22040.0,1859000000.0,,,,,
0183V0,11725.0,8039000000.0,,,,,
0089D0,12695.0,2247000000.0,,,,,
388420,31065.0,2283000000.0,,,,,
423170,59245.0,795000000.0,,,,,
005500,20100.0,845000000.0,19710.0,20300.0,19710.0,42370.0,488999999.99999994
017390,53900.0,179000000.0,54100.0,54200.0,53500.0,3336.0,32000000.0
190620,102315.0,7049000000.0,,,,,
002900,6430.0,489000000.0,6630.0,6630.0,6400.0,75639.0,
286940,17550.0,106000000.0,17740.0,17830.0,17400.0,6070.0,36000000.0
058430,4410.0,586000000.0,4465.0,4510.0,4395.0,132044.0,
001250,3205.0,3000000000.0,3090.0,3270.0,3030.0,937022.0,
091810,2590.0,63000000.0,2630.0,2650.0,2580.0,24454.0,
003200,11510.0,2086000000.0,11750.0,11820.0,11310.0,181853.0,8804000000.0
002320,17010.0,1084000000.0,16800.0,17380.0,16560.0,63459.0,558000000.0
421320,27590.0,2531000000.0,,,,,
004360,13690.0,373000000.0,13480.0,13700.0,13470.0,27467.0,47000000.0
473330,7240.0,1390000000.0,,,,,
483340,22995.0,1202000000.0,,,,,
010580,2330.0,15643000000.0,2165.0,2550.0,2105.0,6548483.0,
010690,7420.0,579000000.0,7550.0,7590.0,7400.0,77666.0,
020120,6980.0,5988000000.0,6670.0,7230.0,6330.0,888103.0,
196230,117250.0,161000000.0,,,,,
213610,21645.0,451000000.0,,,,,
037710,33750.0,451000000.0,34100.0,34150.0,33500.0,13409.0,1251000000.0
0228G0,9610.0,846000000.0,,,,,
472920,98705.0,1000000.0,,,,,
453870,10170.0,466000000.0,,,,,
334890,3595.0,154000000.0,3590.0,3620.0,3565.0,43151.0,
005680,12450.0,386000000.0,12450.0,12620.0,12120.0,31052.0,
003960,27150.0,74000000.0,27000.0,27600.0,27000.0,2710.0,7000000.000000001
364970,6580.0,5023000000.0,,,,,
307520,20800.0,3211000000.0,,,,,
004310,7760.0,5213000000.0,8150.0,8240.0,7700.0,658332.0,
105840,12280.0,2837000000.0,12890.0,12890.0,12280.0,228707.0,
226320,11270.0,327000000.0,11610.0,11790.0,11230.0,28700.0,208000000.0
493810,11500.0,1375000000.0,,,,,
432320,1625.0,248000000.0,1640.0,1640.0,1604.0,154120.0,
025000,59000.0,165000000.0,58600.0,59300.0,58400.0,2815.0,
298690,1500.0,38000000.0,1509.0,1510.0,1500.0,25244.0,
001790,2805.0,169000000.0,2795.0,2805.0,2780.0,60473.0,
117700,6415.0,12313000000.0,,,,,
136490,10090.0,316000000.0,10150.0,10270.0,10050.0,31344.0,
030210,3930.0,705000000.0,3915.0,4015.0,3885.0,178934.0,
422420,7300.0,2300000000.0,,,,,
007160,47800.0,34000000.0,48800.0,48800.0,47350.0,719.0,60000000.0
001460,38100.0,56000000.0,37250.0,38450.0,37250.0,1510.0,8000000.0
404990,3860.0,123000000.0,3805.0,3860.0,3790.0,32406.0,
0030R0,3965.0,67000000.0,3965.0,3990.0,3900.0,17169.0,
123320,102510.0,17589000000.0,,,,,
228790,4160.0,17043000000.0,,,,,
003920,41500.0,65000000.0,41750.0,42200.0,41300.0,1579.0,12000000.0
495230,30375.0,467000000.0,,,,,
008490,20250.0,347000000.0,20600.0,20600.0,19950.0,17202.0,138000000.0
363580,56350.0,2783000000.0,,,,,
472160,19960.0,13704000000.0,,,,,
044820,24300.0,786000000.0,24900.0,25800.0,23950.0,32024.0,
348950,1182.0,0.0,0.0,0.0,0.0,0.0,
0182S0,12520.0,1879000000.0,,,,,
001340,5160.0,369000000.0,5070.0,5210.0,5020.0,71828.0,
011500,14800.0,1072000000.0,14700.0,15100.0,14580.0,72151.0,
0092C0,50395.0,0.0,,,,,
329650,13975.0,239000000.0,,,,,
000680,2920.0,137000000.0,2950.0,2980.0,2915.0,46940.0,
283580,13900.0,882000000.0,,,,,
003070,8990.0,53000000.0,9100.0,9150.0,8990.0,5972.0,
139230,11650.0,1274000000.0,,,,,
134380,10360.0,17000000.0,10280.0,10380.0,10280.0,1700.0,
001470,5820.0,0.0,0.0,0.0,0.0,0.0,
017860,12780.0,732000000.0,13140.0,13140.0,12780.0,56672.0,
363570,87505.0,23000000.0,,,,,
530145,13200.0,7925000000.0,,,,,
092200,5770.0,965000000.0,5720.0,5780.0,5620.0,168947.0,
0053L0,8245.0,2111000000.0,,,,,
900140,1146.0,218000000.0,1169.0,1182.0,1145.0,189782.0,
000050,8070.0,213000000.0,8060.0,8150.0,8030.0,26440.0,
0119H0,9955.0,214000000.0,,,,,
0151S0,15845.0,1608000000.0,,,,,
028100,19600.0,558000000.0,19600.0,19900.0,19410.0,28567.0,
025560,7880.0,2233000000.0,7910.0,8050.0,7770.0,281885.0,
005010,3890.0,755000000.0,3950.0,3950.0,3850.0,194229.0,
000540,3400.0,69000000.0,3420.0,3505.0,3370.0,20378.0,
003720,6420.0,749000000.0,6440.0,6580.0,6350.0,115826.0,
009680,10030.0,75000000.0,10050.0,10060.0,10000.0,7503.0,8000000.0
498270,14430.0,613000000.0,,,,,
480040,15180.0,3808000000.0,,,,,
490090,16295.0,1294000000.0,,,,,
053690,19700.0,1511000000.0,20250.0,20300.0,19700.0,76230.0,
034120,11590.0,32000000.0,11710.0,11710.0,11500.0,2806.0,57999999.99999999
077500,9950.0,2438000000.0,9850.0,10190.0,9670.0,244332.0,
452360,12760.0,824000000.0,,,,,
442320,34100.0,369000000.0,,,,,
000490,7400.0,494000000.0,7480.0,7550.0,7380.0,66492.0,
458260,44515.0,198000000.0,,,,,
003650,122400.0,78000000.0,122600.0,123400.0,121800.0,641.0,
271050,1761.0,6128000000.0,,,,,
448540,26855.0,2145000000.0,,,,,
244580,8085.0,5329000000.0,,,,,
488980,52305.0,2000000.0,,,,,
305080,11510.0,820000000.0,,,,,
437080,93960.0,264000000.0,,,,,
0104N0,20410.0,1311000000.0,,,,,
463050,11105.0,2843000000.0,,,,,
475560,14100.0,216000000.0,14200.0,14200.0,13990.0,15409.0,
128820,4610.0,23336000000.0,5200.0,5390.0,4470.0,4827099.0,
03473K,367500.0,486000000.0,374000.0,374000.0,364000.0,1324.0,
486450,18985.0,425000000.0,,,,,
033920,7290.0,141000000.0,7300.0,7410.0,7260.0,19375.0,
035510,14800.0,984000000.0,15360.0,15360.0,14670.0,66092.0,
0233J0,10305.0,3346000000.0,,,,,
520094,102635.0,2040000000.0,,,,,
088260,3240.0,70000000.0,3190.0,3275.0,3190.0,21806.0,
003555,68000.0,246000000.0,68600.0,68600.0,67100.0,3632.0,
035150,10340.0,161000000.0,10380.0,10490.0,10240.0,15600.0,12000000.0
0093A0,37390.0,3539000000.0,,,,,
0069M0,13760.0,3558000000.0,,,,,
433500,52210.0,3943000000.0,,,,,
0005A0,9090.0,1111000000.0,,,,,
412570,1348.0,20305000000.0,,,,,
000480,4325.0,52000000.0,4345.0,4345.0,4300.0,12088.0,
266160,31925.0,440000000.0,,,,,
0153K0,11785.0,675000000.0,,,,,
478150,16940.0,1012000000.0,,,,,
000320,15150.0,159000000.0,15700.0,15700.0,15150.0,10413.0,28000000.000000004
332930,138560.0,354000000.0,,,,,
157500,11240.0,2636000000.0,,,,,
004980,8030.0,365000000.0,8090.0,8150.0,7910.0,45513.0,94000000.0
000390,7230.0,390000000.0,7200.0,7290.0,7090.0,54105.0,
520098,32690.0,1210000000.0,,,,,
037270,3070.0,332000000.0,3155.0,3180.0,3045.0,108172.0,
051905,93200.0,307000000.0,94100.0,94500.0,92800.0,3294.0,
117580,7090.0,302000000.0,7130.0,7130.0,7040.0,42755.0,
0005G0,56425.0,733000000.0,,,,,
298000,51300.0,601000000.0,52000.0,52500.0,50600.0,11780.0,
261260,5675.0,358000000.0,,,,,
339770,3875.0,240000000.0,3930.0,3935.0,3820.0,61773.0,
302190,50145.0,87000000.0,,,,,
100250,3020.0,75000000.0,3020.0,3030.0,3000.0,24881.0,
433980,15615.0,603000000.0,,,,,
095570,4255.0,175000000.0,4295.0,4295.0,4205.0,41403.0,
053210,4040.0,45000000.0,4065.0,4070.0,4000.0,11211.0,
039570,7390.0,32000000.0,7400.0,7460.0,7340.0,4450.0,
102460,10280.0,288000000.0,10240.0,10360.0,10010.0,28485.0,
005960,8270.0,262000000.0,8260.0,8410.0,8150.0,31645.0,
001130,11220.0,162000000.0,11000.0,11320.0,10960.0,14495.0,16000000.0
016580,10180.0,139000000.0,10100.0,10190.0,10080.0,13760.0,
013580,21200.0,624000000.0,21400.0,21500.0,20950.0,29540.0,
003520,1035.0,185000000.0,1069.0,1070.0,1035.0,178059.0,
461950,5295.0,11085000000.0,,,,,
487570,50700.0,141000000.0,50300.0,50900.0,49850.0,2807.0,
0091C0,9220.0,3006000000.0,,,,,
0082V0,11120.0,548000000.0,,,,,
480020,10175.0,2810000000.0,,,,,
102260,3690.0,220000000.0,3705.0,3730.0,3680.0,59540.0,
001630,37250.0,97000000.0,37450.0,37800.0,37100.0,2608.0,12000000.0
233160,8865.0,15464000000.0,,,,,
494220,52610.0,2974000000.0,,,,,
033530,6800.0,314000000.0,6800.0,6890.0,6690.0,46157.0,
003220,8190.0,373000000.0,8090.0,8250.0,8050.0,45888.0,579000000.0
476450,52965.0,97000000.0,,,,,
0204D0,5300.0,3119000000.0,,,,,
0190G0,10095.0,2944000000.0,,,,,
473460,24200.0,261000000.0,,,,,
494330,32050.0,12151000000.0,,,,,
500099,18230.0,19000000.0,,,,,
0005D0,17210.0,40113000000.0,,,,,
003547,18890.0,329000000.0,19060.0,19340.0,18860.0,17372.0,
495060,27240.0,1550000000.0,,,,,
000520,8350.0,349000000.0,8530.0,8560.0,8280.0,41678.0,
530104,180635.0,137000000.0,,,,,
009470,27100.0,1022000000.0,27450.0,27500.0,26550.0,37948.0,
495550,31410.0,241000000.0,,,,,
002420,5740.0,92000000.0,5740.0,5820.0,5610.0,16299.0,
000140,7700.0,46000000.0,7700.0,7740.0,7640.0,5987.0,
267770,77520.0,2829000000.0,,,,,
004560,11800.0,195000000.0,11950.0,12100.0,11800.0,16355.0,
015230,6550.0,178000000.0,6510.0,6590.0,6430.0,27377.0,
429000,12260.0,368000000.0,,,,,
003610,5480.0,55000000.0,5490.0,5490.0,5440.0,10085.0,
0115D0,6610.0,11657000000.0,,,,,
002100,9000.0,44000000.0,9000.0,9050.0,8990.0,4926.0,
0099L0,99980.0,3000000.0,,,,,
377190,1983.0,272000000.0,2005.0,2005.0,1966.0,138117.0,
000700,6720.0,223000000.0,6590.0,6770.0,6570.0,33361.0,
007860,7440.0,81000000.0,7500.0,7500.0,7360.0,11026.0,
500029,17425.0,134000000.0,,,,,
000300,4200.0,0.0,0.0,0.0,0.0,0.0,
234080,10940.0,148000000.0,10970.0,10990.0,10880.0,13565.0,
466930,22310.0,2793000000.0,,,,,
016450,4310.0,12000000.0,4325.0,4330.0,4280.0,2981.0,
014710,9980.0,30000000.0,9980.0,10150.0,9860.0,3076.0,
332500,71060.0,2151000000.0,,,,,
122090,79680.0,2113000000.0,,,,,
500069,169455.0,8000000.0,,,,,
213500,7100.0,120000000.0,7140.0,7140.0,7070.0,16930.0,
414780,11810.0,773000000.0,,,,,
003460,2960.0,141000000.0,2990.0,2990.0,2950.0,47816.0,
483290,9425.0,2016000000.0,,,,,
272560,115150.0,285000000.0,,,,,
0040X0,8945.0,1028000000.0,,,,,
0047A0,11105.0,708000000.0,,,,,
090350,8300.0,239000000.0,8350.0,8400.0,8240.0,28779.0,
530134,1844.0,3901000000.0,,,,,
488720,48990.0,13000000.0,,,,,
001780,1706.0,713000000.0,1669.0,1740.0,1635.0,417649.0,
002150,4890.0,160000000.0,4950.0,4985.0,4890.0,32535.0,
000860,12680.0,46000000.0,12510.0,12680.0,12370.0,3692.0,
403790,56300.0,1071000000.0,,,,,
241590,2715.0,66000000.0,2720.0,2725.0,2665.0,24455.0,
354500,15350.0,2105000000.0,,,,,
438560,100635.0,14000000.0,,,,,
0192Z0,101155.0,424000000.0,,,,,
475310,33625.0,34412000000.0,,,,,
101530,5530.0,0.0,0.0,0.0,0.0,0.0,
237370,15480.0,6125000000.0,,,,,
480030,9570.0,1191000000.0,,,,,
471760,16920.0,21660000000.0,,,,,
457990,38990.0,16569000000.0,,,,,
004380,7620.0,67000000.0,7770.0,7770.0,7570.0,8836.0,
337160,46350.0,298000000.0,,,,,
570051,31440.0,0.0,,,,,
490600,8285.0,1409000000.0,,,,,
700023,155875.0,0.0,,,,,
460850,5190.0,116000000.0,5300.0,5300.0,5190.0,22328.0,
002170,51700.0,79000000.0,53100.0,53100.0,51700.0,1531.0,
400760,2805.0,68000000.0,2810.0,2815.0,2795.0,24449.0,
160580,16000.0,728000000.0,,,,,
00279K,21500.0,27000000.0,21500.0,21500.0,21050.0,1281.0,
007570,7950.0,173000000.0,8100.0,8100.0,7910.0,21755.0,
472870,6245.0,329000000.0,,,,,
0064K0,11520.0,1014000000.0,,,,,
293480,8470.0,98000000.0,8370.0,8580.0,8370.0,11651.0,
200250,19045.0,211000000.0,,,,,
0180V0,7860.0,1809000000.0,,,,,
001045,66400.0,35000000.0,66500.0,66700.0,66000.0,542.0,
0193G0,8200.0,1299000000.0,,,,,
394670,10270.0,168000000.0,,,,,
0051G0,12135.0,736000000.0,,,,,
000020,5360.0,1745000000.0,5500.0,5510.0,5340.0,323588.0,
491820,40910.0,2960000000.0,,,,,
760011,9630.0,69000000.0,,,,,
152870,106590.0,1358000000.0,,,,,
219480,33525.0,135000000.0,,,,,
458210,110970.0,178000000.0,,,,,
000970,6520.0,65000000.0,6510.0,6540.0,6480.0,10090.0,
272550,9850.0,57000000.0,9850.0,9850.0,9790.0,5826.0,
271980,10050.0,212000000.0,10330.0,10330.0,9980.0,21061.0,
004090,11640.0,820000000.0,11700.0,11810.0,11500.0,70377.0,
008970,1421.0,2576000000.0,1391.0,1432.0,1363.0,1843969.0,
0104H0,11990.0,553000000.0,,,,,
097955,110300.0,190000000.0,110200.0,110800.0,109300.0,1736.0,
462520,12340.0,440000000.0,12860.0,12860.0,12340.0,35159.0,
013890,6670.0,107000000.0,6780.0,6820.0,6660.0,16004.0,36000000.0
0131W0,102450.0,16000000.0,,,,,
011785,48350.0,347000000.0,49150.0,49150.0,48100.0,7181.0,
491610,105210.0,409000000.0,,,,,
004150,3515.0,134000000.0,3540.0,3550.0,3470.0,38361.0,
0209D0,9325.0,29173000000.0,,,,,
016880,1787.0,156000000.0,1833.0,1833.0,1761.0,86877.0,
004970,8900.0,76000000.0,8910.0,8960.0,8900.0,8521.0,
003830,107200.0,34000000.0,107700.0,109900.0,107200.0,321.0,
006805,10580.0,300000000.0,11000.0,11050.0,10530.0,28225.0,
481180,16520.0,911000000.0,,,,,
138520,35160.0,283000000.0,,,,,
498180,93805.0,0.0,,,,,
0041E0,16220.0,931000000.0,,,,,
012610,3385.0,245000000.0,3425.0,3470.0,3385.0,71673.0,
0151P0,14485.0,670000000.0,,,,,
008350,1087.0,1083000000.0,1066.0,1104.0,1064.0,995661.0,
0199C0,8735.0,4788000000.0,,,,,
015890,4785.0,136000000.0,4795.0,4865.0,4780.0,28343.0,
025820,4180.0,308000000.0,4185.0,4215.0,4100.0,73927.0,
0127M0,11840.0,19000000.0,,,,,
570106,55805.0,5000000.0,,,,,
071840,5900.0,38000000.0,6000.0,6000.0,5895.0,6517.0,
476030,17450.0,412000000.0,,,,,
003480,4655.0,44000000.0,4685.0,4720.0,4615.0,9477.0,
143860,34435.0,749000000.0,,,,,
001080,3900.0,53000000.0,3830.0,3970.0,3815.0,13798.0,
107590,58900.0,4000000.0,60000.0,60000.0,58900.0,76.0,
094280,11800.0,41000000.0,11840.0,11840.0,11790.0,3518.0,
014280,4605.0,516000000.0,4650.0,4690.0,4555.0,111830.0,
011690,3680.0,371000000.0,3680.0,3745.0,3630.0,100810.0,
245340,33225.0,338000000.0,,,,,
003580,2635.0,12921000000.0,2090.0,2635.0,2020.0,5243975.0,
018470,5270.0,500000000.0,5300.0,5380.0,5220.0,94664.0,
081000,9360.0,82000000.0,9710.0,9710.0,9360.0,8675.0,
463680,23090.0,603000000.0,,,,,
550089,131850.0,3000000.0,,,,,
495330,30645.0,74000000.0,,,,,
004080,14320.0,37000000.0,14250.0,14390.0,14100.0,2619.0,
570050,26300.0,0.0,,,,,
214390,5500.0,80000000.0,5500.0,5550.0,5430.0,14709.0,
0091M0,10180.0,5000000.0,,,,,
024090,11380.0,31000000.0,11350.0,11530.0,11310.0,2731.0,
001360,1376.0,381000000.0,1434.0,1439.0,1375.0,274029.0,
0048K0,7200.0,3523000000.0,,,,,
411420,27465.0,285000000.0,,,,,
760007,32130.0,1000000.0,,,,,
251340,2210.0,102334000000.0,,,,,
461500,105675.0,8000000.0,,,,,
447620,16045.0,974000000.0,,,,,
0085P0,9165.0,3355000000.0,,,,,
463290,109640.0,176000000.0,,,,,
004960,10860.0,101000000.0,10900.0,10930.0,10710.0,9403.0,
009070,4180.0,514000000.0,4175.0,4250.0,4165.0,122730.0,
006060,2260.0,55000000.0,2265.0,2270.0,2240.0,24714.0,
078000,13520.0,9000000.0,13560.0,13600.0,13420.0,732.0,
092220,3105.0,818000000.0,3090.0,3210.0,3045.0,260437.0,
0074K0,17180.0,413000000.0,,,,,
139220,7270.0,1797000000.0,,,,,
002210,1283.0,49000000.0,1315.0,1315.0,1278.0,38063.0,
0123G0,5945.0,825000000.0,,,,,
325010,42655.0,168000000.0,,,,,
0000Y0,102185.0,0.0,,,,,
520066,20590.0,758000000.0,,,,,
009270,1074.0,118000000.0,1066.0,1111.0,1066.0,110703.0,
089470,3850.0,59000000.0,3820.0,3875.0,3820.0,15460.0,
267290,20700.0,16000000.0,20900.0,20950.0,20700.0,801.0,
0092B0,14520.0,2037000000.0,,,,,
013520,2430.0,323000000.0,2540.0,2540.0,2425.0,131064.0,
469170,5965.0,2628000000.0,,,,,
0181B0,9730.0,1743000000.0,,,,,
500037,60365.0,29000000.0,,,,,
002620,7550.0,21000000.0,7560.0,7600.0,7480.0,2892.0,
005800,13360.0,15000000.0,13570.0,13570.0,13350.0,1190.0,
377990,24510.0,1747000000.0,,,,,
210540,10820.0,415000000.0,11000.0,11080.0,10700.0,38291.0,
001520,1114.0,416000000.0,1126.0,1128.0,1104.0,374668.0,
304660,6775.0,143000000.0,,,,,
037560,1536.0,89000000.0,1560.0,1564.0,1524.0,58537.0,
448100,108040.0,3073000000.0,,,,,
438570,98380.0,3000000.0,,,,,
0184L0,100855.0,809000000.0,,,,,
002390,8600.0,20000000.0,8750.0,8750.0,8520.0,2432.0,
214420,4920.0,359000000.0,5060.0,5090.0,4920.0,72422.0,
015590,2215.0,84000000.0,2240.0,2255.0,2150.0,38269.0,
350520,3205.0,15000000.0,3295.0,3295.0,3195.0,4672.0,
004100,3200.0,982000000.0,3180.0,3250.0,3145.0,308387.0,
014530,3365.0,219000000.0,3410.0,3425.0,3340.0,64897.0,
0197X0,6515.0,89889000000.0,,,,,
455860,4855.0,4979000000.0,,,,,
192090,11340.0,465000000.0,,,,,
399110,20390.0,162000000.0,,,,,
491230,52665.0,698000000.0,,,,,
328370,37460.0,5000000.0,,,,,
530136,11595.0,4283000000.0,,,,,
304940,34095.0,493000000.0,,,,,
0168K0,5530.0,6075000000.0,,,,,
114820,105285.0,1893000000.0,,,,,
034590,26300.0,15000000.0,26250.0,26300.0,26100.0,578.0,
016740,3995.0,183000000.0,4000.0,4025.0,3955.0,45976.0,
227840,12570.0,184000000.0,12780.0,12820.0,12570.0,14582.0,
083420,4765.0,97000000.0,4725.0,4785.0,4675.0,20680.0,
266370,72650.0,976000000.0,,,,,
002460,11080.0,67000000.0,11090.0,11090.0,10800.0,6209.0,
012320,47500.0,290000000.0,46850.0,47800.0,46200.0,6218.0,
332940,46765.0,165000000.0,,,,,
079430,5570.0,49000000.0,5550.0,5630.0,5520.0,8814.0,
326240,45460.0,25000000.0,,,,,
0036R0,19790.0,155000000.0,,,,,
182480,12610.0,100000000.0,,,,,
319640,24100.0,85000000.0,,,,,
017550,1774.0,292000000.0,1841.0,1841.0,1771.0,163656.0,
016710,6870.0,40000000.0,6920.0,6920.0,6860.0,5933.0,
084670,38000.0,50828000000.0,38000.0,38000.0,32700.0,1391974.0,
570019,7330.0,0.0,,,,,
023450,31400.0,12000000.0,32550.0,32550.0,31400.0,385.0,
008040,7780.0,55000000.0,7490.0,7930.0,7490.0,7182.0,
0221V0,100825.0,209000000.0,,,,,
0174B0,15115.0,1190000000.0,,,,,
011810,3530.0,0.0,0.0,0.0,0.0,0.0,
013570,4145.0,67000000.0,4200.0,4200.0,4095.0,16427.0,
014580,3930.0,150000000.0,3940.0,3970.0,3890.0,38294.0,
009580,1736.0,353000000.0,1800.0,1800.0,1736.0,202032.0,
001210,8520.0,4188000000.0,8650.0,8830.0,8390.0,490971.0,
476850,21295.0,1313000000.0,,,,,
488500,11870.0,375000000.0,,,,,
0132K0,8010.0,1228000000.0,,,,,
0193M0,50485.0,0.0,,,,,
012200,3010.0,720000000.0,3055.0,3060.0,3000.0,238535.0,
021820,10660.0,64000000.0,10420.0,10720.0,10300.0,6101.0,
0000J0,26555.0,1953000000.0,,,,,
465610,44250.0,193000000.0,,,,,
309230,28830.0,188000000.0,,,,,
011280,1496.0,29000000.0,1535.0,1535.0,1491.0,19460.0,
0137V0,11420.0,507000000.0,,,,,
004250,2875.0,67000000.0,2905.0,2925.0,2855.0,23297.0,
078935,59100.0,188000000.0,60100.0,60100.0,58000.0,3208.0,
500050,52515.0,0.0,,,,,
367770,20500.0,790000000.0,,,,,
475050,6790.0,4688000000.0,,,,,
012800,1140.0,329000000.0,1162.0,1162.0,1132.0,289018.0,
120030,82600.0,32000000.0,81500.0,82700.0,81500.0,398.0,
035000,6400.0,169000000.0,6400.0,6460.0,6320.0,26633.0,
006660,12710.0,870000000.0,12980.0,13150.0,12350.0,67478.0,
010100,3385.0,99000000.0,3435.0,3435.0,3380.0,29320.0,
0138Y0,9365.0,698000000.0,,,,,
027970,2705.0,27000000.0,2700.0,2710.0,2650.0,10384.0,
123690,6380.0,362000000.0,6590.0,6590.0,6360.0,56471.0,
003010,8060.0,2877000000.0,8360.0,8360.0,7830.0,359245.0,
267850,9230.0,24000000.0,9330.0,9390.0,9220.0,2613.0,
0191W0,101080.0,0.0,,,,,
464930,20475.0,40000000.0,,,,,
0122W0,51165.0,2000000.0,,,,,
570116,50930.0,50000000.0,,,,,
464310,13040.0,175000000.0,,,,,
496090,30750.0,172000000.0,,,,,
0135Y0,100670.0,0.0,,,,,
451530,36585.0,3582000000.0,,,,,
203780,33250.0,517000000.0,,,,,
025620,5550.0,59000000.0,5500.0,5580.0,5370.0,10841.0,
119650,918.0,0.0,0.0,0.0,0.0,0.0,
458030,55220.0,3000000.0,,,,,
248170,21850.0,298000000.0,21950.0,21950.0,21650.0,13731.0,
550092,98865.0,12000000.0,,,,,
0177X0,9485.0,1288000000.0,,,,,
372330,5965.0,531000000.0,,,,,
002450,1081.0,87000000.0,1075.0,1083.0,1071.0,81810.0,
486240,31280.0,14000000.0,,,,,
0142D0,10260.0,1536000000.0,,,,,
530055,96905.0,30000000.0,,,,,
0176E0,10065.0,122000000.0,,,,,
394660,14715.0,32000000.0,,,,,
067830,2350.0,84000000.0,2370.0,2415.0,2340.0,35703.0,
417310,2385.0,91000000.0,2385.0,2385.0,2380.0,38252.0,
453080,24060.0,726000000.0,,,,,
461460,51360.0,7000000.0,,,,,
0246X0,9610.0,23851000000.0,,,,,
610037,6850.0,2000000.0,,,,,
168580,31355.0,56000000.0,,,,,
264900,7610.0,7000000.0,7650.0,7650.0,7610.0,976.0,
479620,27200.0,875000000.0,,,,,
002780,6530.0,218000000.0,6560.0,6610.0,6440.0,33482.0,
433970,13825.0,169000000.0,,,,,
473440,10880.0,55000000.0,,,,,
007210,1446.0,141000000.0,1450.0,1460.0,1432.0,98423.0,
008700,1225.0,123000000.0,1246.0,1252.0,1219.0,99584.0,
007540,46850.0,297000000.0,46950.0,47100.0,46250.0,6390.0,
032560,5540.0,120000000.0,5570.0,5570.0,5440.0,21956.0,
0162L0,11590.0,5043000000.0,,,,,
014440,4680.0,65000000.0,4645.0,4730.0,4610.0,14004.0,
0008T0,16760.0,19114000000.0,,,,,
096775,74500.0,384000000.0,74600.0,76000.0,73200.0,5110.0,
195980,15105.0,172000000.0,,,,,
013700,1552.0,205000000.0,1500.0,1561.0,1461.0,136898.0,
070960,1920.0,449000000.0,1957.0,1957.0,1736.0,248851.0,
014790,2440.0,93000000.0,2515.0,2515.0,2430.0,38182.0,
37550L,43700.0,110000000.0,45500.0,45950.0,43300.0,2518.0,
002200,2755.0,38000000.0,2780.0,2780.0,2735.0,13954.0,
143850,78125.0,81000000.0,,,,,
0198A0,8870.0,4218000000.0,,,,,
001275,30450.0,17000000.0,30150.0,30450.0,30100.0,585.0,
0035T0,19010.0,215000000.0,,,,,
269540,30365.0,278000000.0,,,,,
363280,2000.0,28000000.0,2005.0,2025.0,1970.0,14175.0,
036580,2475.0,94000000.0,2475.0,2475.0,2425.0,38464.0,
008260,3175.0,153000000.0,3210.0,3210.0,3175.0,48141.0,
308620,10810.0,432000000.0,,,,,
058850,2190.0,91000000.0,2200.0,2210.0,2180.0,41816.0,
058860,2600.0,88000000.0,2615.0,2620.0,2580.0,34139.0,
002720,4270.0,93841000000.0,4650.0,4855.0,4160.0,20717282.0,
001290,4140.0,94000000.0,4160.0,4240.0,4085.0,23008.0,
298770,83580.0,767000000.0,,,,,
114100,106240.0,350000000.0,,,,,
019180,4915.0,143000000.0,4940.0,5000.0,4910.0,29120.0,
006840,6670.0,77000000.0,7150.0,7150.0,6560.0,11625.0,
444490,19855.0,184000000.0,,,,,
610064,55205.0,0.0,,,,,
0052T0,50900.0,0.0,,,,,
139990,2270.0,58000000.0,2240.0,2295.0,2240.0,25937.0,
023000,2200.0,79000000.0,2210.0,2225.0,2175.0,36231.0,
530107,1454.0,59315000000.0,,,,,
468380,10310.0,673000000.0,,,,,
261270,8365.0,77000000.0,,,,,
325020,28045.0,107000000.0,,,,,
453330,18390.0,473000000.0,,,,,
530061,28765.0,331000000.0,,,,,
329670,21560.0,137000000.0,,,,,
0220B0,12680.0,5306000000.0,,,,,
004140,1790.0,101000000.0,1821.0,1823.0,1782.0,56357.0,
0080Y0,6390.0,6011000000.0,,,,,
0066W0,11640.0,361000000.0,,,,,
485690,23070.0,625000000.0,,,,,
454320,39635.0,150000000.0,,,,,
0007N0,106245.0,16000000.0,,,,,
211900,26960.0,526000000.0,,,,,
580039,169560.0,70000000.0,,,,,
006090,8970.0,14000000.0,8830.0,9000.0,8790.0,1694.0,
004890,34550.0,17000000.0,34150.0,34700.0,34050.0,521.0,
002600,139000.0,0.0,139000.0,139000.0,139000.0,3.0,
570120,16665.0,326000000.0,,,,,
329660,17605.0,66000000.0,,,,,
007980,1760.0,135000000.0,1756.0,1777.0,1749.0,77046.0,
055490,17210.0,505000000.0,17000.0,17370.0,16410.0,29564.0,
495040,30430.0,81000000.0,,,,,
0017Y0,94525.0,18000000.0,,,,,
469060,37205.0,327000000.0,,,,,
000590,70800.0,75000000.0,70300.0,71500.0,69500.0,1068.0,
475280,10750.0,0.0,,,,,
011700,2495.0,414000000.0,2530.0,2570.0,2455.0,166008.0,
0057H0,11375.0,277000000.0,,,,,
449770,20695.0,58000000.0,,,,,
002220,3020.0,1244000000.0,2910.0,3085.0,2875.0,413408.0,
000850,36550.0,95000000.0,36550.0,36900.0,36000.0,2624.0,
460960,10250.0,258000000.0,,,,,
359210,34750.0,456000000.0,,,,,
33626K,5950.0,62000000.0,6210.0,6210.0,5930.0,10421.0,
001260,8070.0,301000000.0,8190.0,8250.0,7990.0,37187.0,
298340,56620.0,581000000.0,,,,,
023800,5010.0,84000000.0,5020.0,5080.0,5010.0,16851.0,
009180,2805.0,99000000.0,2810.0,2810.0,2790.0,35398.0,
108450,39385.0,247000000.0,,,,,
0018C0,10140.0,673000000.0,,,,,
111380,12720.0,14000000.0,12900.0,12900.0,12720.0,1122.0,
337140,35410.0,199000000.0,,,,,
0049M0,10950.0,140000000.0,,,,,
069730,5390.0,28000000.0,5590.0,5590.0,5350.0,5269.0,
429760,19240.0,57000000.0,,,,,
063160,14010.0,1138000000.0,14560.0,14720.0,13750.0,80575.0,
138530,11935.0,444000000.0,,,,,
228810,3125.0,1220000000.0,,,,,
0098N0,12610.0,488000000.0,,,,,
004840,3940.0,45000000.0,3995.0,4000.0,3925.0,11513.0,
210780,22895.0,125000000.0,,,,,
163560,5430.0,45000000.0,5510.0,5540.0,5430.0,8324.0,
007590,5540.0,1000000.0,5510.0,5570.0,5510.0,318.0,
005740,5080.0,61000000.0,5260.0,5260.0,5060.0,12038.0,
480370,2295.0,3091000000.0,2150.0,2435.0,2150.0,1339179.0,
0210E0,7020.0,2618000000.0,,,,,
365040,35430.0,214000000.0,,,,,
495750,30300.0,4000000.0,,,,,
010960,3060.0,115000000.0,3065.0,3080.0,3045.0,37803.0,
0238F0,10380.0,11002000000.0,,,,,
109070,6970.0,77000000.0,7020.0,7170.0,6900.0,11146.0,
0080X0,10515.0,380000000.0,,,,,
364960,6210.0,190000000.0,,,,,
412770,12930.0,16000000.0,,,,,
000105,64000.0,39000000.0,64000.0,65200.0,63800.0,624.0,
007610,4065.0,1016000000.0,4290.0,4290.0,4030.0,247863.0,
465330,12390.0,4678000000.0,,,,,
272910,106395.0,0.0,,,,,
0225V0,11720.0,11211000000.0,,,,,
292770,57940.0,0.0,,,,,
214330,6870.0,196000000.0,6810.0,6940.0,6800.0,28685.0,
013360,1327.0,170000000.0,1360.0,1375.0,1320.0,127827.0,
013870,3755.0,25000000.0,3800.0,3830.0,3755.0,6713.0,
002700,1040.0,415000000.0,1052.0,1056.0,1030.0,399732.0,
0240J0,10170.0,3898000000.0,,,,,
0190Y0,8780.0,321000000.0,,,,,
000230,6160.0,34000000.0,6290.0,6290.0,6070.0,5656.0,
002795,11130.0,13000000.0,11220.0,11220.0,11060.0,1211.0,
530115,71000.0,255000000.0,,,,,
014160,655.0,0.0,0.0,0.0,0.0,0.0,
120115,25600.0,86000000.0,25350.0,25750.0,25250.0,3413.0,
475350,13880.0,419000000.0,,,,,
005750,4260.0,96000000.0,4230.0,4295.0,4210.0,22650.0,
292190,47105.0,214000000.0,,,,,
024900,2160.0,134000000.0,2180.0,2225.0,2155.0,61875.0,
031820,5800.0,159000000.0,5780.0,5890.0,5630.0,27563.0,
338100,3745.0,254000000.0,3785.0,3785.0,3720.0,68296.0,
157490,7500.0,601000000.0,,,,,
010040,1694.0,15000000.0,1679.0,1704.0,1662.0,9170.0,
550093,34550.0,102000000.0,,,,,
490480,25100.0,1106000000.0,,,,,
418670,19370.0,2874000000.0,,,,,
071090,3400.0,615000000.0,3455.0,3460.0,3360.0,180352.0,
0102A0,8410.0,391000000.0,,,,,
009770,27400.0,64000000.0,28850.0,28850.0,27350.0,2342.0,
001020,1919.0,14000000.0,1970.0,1970.0,1900.0,7745.0,
500071,27320.0,3000000.0,,,,,
0098Z0,90985.0,1000000.0,,,,,
130730,103325.0,80000000.0,,,,,
492500,51475.0,174000000.0,,,,,
001560,8950.0,24000000.0,9050.0,9300.0,8950.0,2716.0,
155660,4250.0,126000000.0,4190.0,4250.0,4155.0,30142.0,
095720,1196.0,34000000.0,1201.0,1230.0,1125.0,28846.0,
266420,15805.0,361000000.0,,,,,
0022T0,11905.0,839000000.0,,,,,
453950,34780.0,336000000.0,,,,,
211560,33730.0,113000000.0,,,,,
004440,5320.0,147000000.0,5440.0,5480.0,5320.0,27331.0,
011150,1877.0,87000000.0,1874.0,1889.0,1865.0,46571.0,
530131,22455.0,3000000.0,,,,,
007280,2345.0,101000000.0,2315.0,2535.0,2250.0,42371.0,
0222D0,9940.0,2086000000.0,,,,,
278620,119415.0,539000000.0,,,,,
520081,66800.0,0.0,,,,,
433880,18265.0,142000000.0,,,,,
228800,2600.0,321000000.0,,,,,
079980,1929.0,64000000.0,1934.0,1939.0,1890.0,33421.0,
610066,55250.0,0.0,,,,,
000180,4750.0,63000000.0,4810.0,4820.0,4750.0,13191.0,
010660,3010.0,107000000.0,3020.0,3060.0,2995.0,35713.0,
700022,33080.0,0.0,,,,,
0113D0,11590.0,219000000.0,,,,,
017370,3605.0,46000000.0,3675.0,3685.0,3535.0,12910.0,
007815,22200.0,4000000.0,21800.0,22350.0,21800.0,215.0,
0233A0,10580.0,580000000.0,,,,,
530126,32700.0,0.0,,,,,
019680,1624.0,41000000.0,1623.0,1625.0,1580.0,25761.0,
085310,8780.0,122000000.0,8810.0,8940.0,8600.0,14145.0,
441540,24110.0,257000000.0,,,,,
278240,9040.0,674000000.0,,,,,
004720,2860.0,31000000.0,2970.0,2970.0,2810.0,10800.0,
550084,32350.0,0.0,,,,,
100220,4975.0,45000000.0,5090.0,5090.0,4935.0,9073.0,
500096,12920.0,4000000.0,,,,,
550091,32190.0,201000000.0,,,,,
491700,107245.0,60000000.0,,,,,
295020,60870.0,0.0,,,,,
520080,21400.0,0.0,,,,,
0123S0,10215.0,5000000.0,,,,,
473640,30125.0,360000000.0,,,,,
058730,3110.0,435000000.0,3130.0,3170.0,3065.0,139930.0,
016090,1420.0,16000000.0,1418.0,1422.0,1413.0,11944.0,
004770,1766.0,677000000.0,1782.0,1805.0,1759.0,382104.0,
009200,1503.0,31000000.0,1514.0,1525.0,1500.0,20670.0,
419890,107765.0,456000000.0,,,,,
261240,13850.0,833000000.0,,,,,
277640,36650.0,594000000.0,,,,,
458750,11975.0,322000000.0,,,,,
068290,6220.0,19000000.0,6300.0,6300.0,6210.0,3160.0,
520086,24860.0,0.0,,,,,
520095,24855.0,3302000000.0,,,,,
495940,19540.0,45000000.0,,,,,
455660,9150.0,158000000.0,,,,,
084680,2160.0,132000000.0,2260.0,2260.0,2080.0,62064.0,
018500,1310.0,85000000.0,1333.0,1333.0,1300.0,65195.0,
570100,20330.0,104000000.0,,,,,
530067,30250.0,17000000.0,,,,,
000220,3840.0,161000000.0,3850.0,3870.0,3795.0,41923.0,
0115E0,13890.0,233000000.0,,,,,
005870,4275.0,203000000.0,4395.0,4395.0,4220.0,47680.0,
35320K,28750.0,401000000.0,27900.0,28850.0,27400.0,14145.0,
440640,113030.0,1219000000.0,,,,,
580010,9945.0,0.0,,,,,
072130,4680.0,79000000.0,4710.0,4720.0,4640.0,17032.0,
275980,23715.0,58000000.0,,,,,
0181L0,7140.0,310000000.0,,,,,
004450,27500.0,9000000.0,27800.0,28200.0,27300.0,336.0,
002760,989.0,44000000.0,994.0,999.0,989.0,45184.0,
580082,23655.0,16000000.0,,,,,
760018,9845.0,0.0,,,,,
014990,3915.0,410000000.0,3820.0,3925.0,3745.0,106618.0,
306950,73365.0,168000000.0,,,,,
0040S0,23440.0,1489000000.0,,,,,
453640,13620.0,359000000.0,,,,,
225040,69170.0,329000000.0,,,,,
140700,19955.0,953000000.0,,,,,
001465,26850.0,29000000.0,26900.0,26900.0,26750.0,1111.0,
372910,2085.0,314000000.0,2140.0,2170.0,2080.0,149047.0,
476260,15710.0,10164000000.0,,,,,
530124,57280.0,6000000.0,,,,,
491220,126090.0,1075000000.0,,,,,
0220WL,2400.0,994000000.0,2430.0,2455.0,2340.0,414187.0,
111110,6250.0,15000000.0,6310.0,6410.0,6250.0,2423.0,
003925,29950.0,29000000.0,30200.0,30200.0,29450.0,992.0,
129260,1899.0,43000000.0,1899.0,1905.0,1890.0,22858.0,
252400,94130.0,373000000.0,,,,,
580034,112930.0,47000000.0,,,,,
442560,16320.0,208000000.0,,,,,
006890,4850.0,126000000.0,4865.0,4900.0,4805.0,26060.0,
210980,3010.0,240000000.0,3175.0,3175.0,2985.0,80130.0,
003465,3200.0,0.0,3255.0,3255.0,3200.0,11.0,
570104,18620.0,0.0,,,,,
480310,21475.0,332000000.0,,,,,
003780,4295.0,671000000.0,4130.0,4305.0,4100.0,159849.0,
476750,6725.0,537000000.0,,,,,
520100,11140.0,1676000000.0,,,,,
0172V0,7425.0,1114000000.0,,,,,
465660,26510.0,297000000.0,,,,,
580076,27835.0,3000000.0,,,,,
0238P0,10025.0,568000000.0,,,,,
020760,902.0,0.0,0.0,0.0,0.0,0.0,
090080,1007.0,77000000.0,1000.0,1015.0,988.0,76875.0,
520056,27555.0,7212000000.0,,,,,
075180,2870.0,16000000.0,2960.0,2960.0,2870.0,5850.0,
0226A0,10945.0,1263000000.0,,,,,
005320,1600.0,524000000.0,1560.0,1614.0,1510.0,329210.0,
004830,3475.0,198000000.0,3525.0,3525.0,3390.0,57417.0,
025530,3645.0,24000000.0,3640.0,3660.0,3625.0,6701.0,
261070,11220.0,2369000000.0,,,,,
006125,43900.0,55000000.0,44050.0,44050.0,43600.0,1266.0,
455960,11800.0,16000000.0,,,,,
385590,23445.0,32000000.0,,,,,
610088,53910.0,130000000.0,,,,,
023810,5390.0,31000000.0,5290.0,5390.0,5230.0,5905.0,
287180,56730.0,70000000.0,,,,,
37550K,25400.0,86000000.0,26300.0,26300.0,25300.0,3385.0,
150460,7305.0,118000000.0,,,,,
0041D0,14060.0,416000000.0,,,,,
520089,10670.0,0.0,,,,,
092440,1827.0,99000000.0,1876.0,1876.0,1827.0,54342.0,
28513K,25200.0,17000000.0,25450.0,25750.0,25100.0,677.0,
007460,2075.0,344000000.0,2160.0,2205.0,2070.0,161969.0,
002410,1935.0,0.0,0.0,0.0,0.0,0.0,
434960,106335.0,8000000.0,,,,,
0000D0,8435.0,348000000.0,,,,,
520087,26555.0,445000000.0,,,,,
000725,50300.0,90000000.0,51100.0,51100.0,50000.0,1799.0,
530113,52965.0,0.0,,,,,
396690,1337.0,45000000.0,1325.0,1349.0,1313.0,34305.0,
003475,4115.0,46000000.0,4145.0,4145.0,4085.0,11402.0,
001550,10150.0,135000000.0,10220.0,10220.0,10050.0,13360.0,
378850,2765.0,87000000.0,2815.0,2815.0,2740.0,31862.0,
401470,9115.0,45000000.0,,,,,
0046Y0,12150.0,78000000.0,,,,,
021050,1100.0,64000000.0,1129.0,1129.0,1100.0,57754.0,
010770,3555.0,63000000.0,3535.0,3555.0,3500.0,17877.0,
316670,7580.0,5728000000.0,,,,,
012690,1417.0,134000000.0,1417.0,1449.0,1407.0,94945.0,
580068,51760.0,233000000.0,,,,,
114470,107675.0,19000000.0,,,,,
304780,114815.0,45000000.0,,,,,
101280,30005.0,192000000.0,,,,,
0141S0,7800.0,1207000000.0,,,,,
479730,8725.0,78000000.0,,,,,
0166S0,11260.0,409000000.0,,,,,
530133,51200.0,60000000.0,,,,,
520072,17065.0,1000000.0,,,,,
0113P0,102765.0,4265000000.0,,,,,
005305,65700.0,22000000.0,66200.0,66200.0,65100.0,350.0,
292560,7835.0,425000000.0,,,,,
0118Z0,8625.0,84000000.0,,,,,
473490,33840.0,1107000000.0,,,,,
700029,50650.0,101000000.0,,,,,
500093,50490.0,34000000.0,,,,,
610061,25195.0,275000000.0,,,,,
123700,3220.0,51000000.0,3235.0,3260.0,3195.0,16006.0,
011390,47400.0,148000000.0,48700.0,48700.0,46350.0,3140.0,
275300,29420.0,83000000.0,,,,,
006880,4225.0,38000000.0,4240.0,4300.0,4205.0,9162.0,
520102,24985.0,48603000000.0,,,,,
101140,4960.0,29000000.0,5100.0,5200.0,4810.0,5877.0,
475260,10775.0,5000000.0,,,,,
0111J0,11360.0,688000000.0,,,,,
001620,2220.0,51000000.0,2210.0,2285.0,2175.0,23086.0,
011300,2865.0,196000000.0,2770.0,2890.0,2655.0,72909.0,
0139P0,13130.0,68000000.0,,,,,
580056,24605.0,4000000.0,,,,,
006980,15920.0,44000000.0,16630.0,17100.0,15900.0,2773.0,
011230,2565.0,268000000.0,2640.0,2640.0,2545.0,104391.0,
000950,29200.0,25000000.0,29900.0,30400.0,29200.0,869.0,
461340,44530.0,41000000.0,,,,,
218420,19925.0,404000000.0,,,,,
610101,48780.0,0.0,,,,,
445150,26250.0,249000000.0,,,,,
002630,1638.0,28000000.0,1690.0,1690.0,1631.0,17112.0,
011000,2670.0,0.0,0.0,0.0,0.0,0.0,
004410,1229.0,145000000.0,1226.0,1245.0,1214.0,118636.0,
009320,982.0,39000000.0,1003.0,1019.0,971.0,40703.0,
0118S0,10640.0,175000000.0,,,,,
0141T0,50415.0,0.0,,,,,
009835,18990.0,87000000.0,19000.0,19250.0,18650.0,4658.0,
520092,24125.0,937000000.0,,,,,
123310,1150.0,2746000000.0,,,,,
0185L0,6910.0,165000000.0,,,,,
580081,47995.0,61000000.0,,,,,
520101,9590.0,409000000.0,,,,,
336160,99985.0,3000000.0,,,,,
442090,31820.0,9000000.0,,,,,
0178H0,10355.0,332000000.0,,,,,
002140,1904.0,170000000.0,1917.0,1917.0,1897.0,89519.0,
0000Z0,8115.0,1335000000.0,,,,,
481430,98155.0,76000000.0,,,,,
530143,47240.0,606000000.0,,,,,
700027,47075.0,1000000000.0,,,,,
204480,19775.0,350000000.0,,,,,
0207G0,7960.0,4346000000.0,,,,,
253150,187750.0,70000000.0,,,,,
570119,46865.0,499000000.0,,,,,
473590,19895.0,2238000000.0,,,,,
447430,16385.0,200000000.0,,,,,
0086B0,9510.0,278000000.0,,,,,
002920,1791.0,73000000.0,1789.0,1823.0,1788.0,40981.0,
140950,82790.0,48000000.0,,,,,
069460,2660.0,0.0,0.0,0.0,0.0,0.0,
520057,1465.0,16211000000.0,,,,,
442260,37080.0,1000000.0,,,,,
041650,2140.0,20000000.0,2210.0,2210.0,2140.0,9423.0,
760016,45920.0,36000000.0,,,,,
440910,20835.0,90000000.0,,,,,
004540,1230.0,24000000.0,1232.0,1250.0,1222.0,19973.0,
152500,41620.0,2054000000.0,,,,,
0020H0,21800.0,256000000.0,,,,,
000910,2930.0,62000000.0,2955.0,2980.0,2910.0,21473.0,
261220,26490.0,1293000000.0,,,,,
196030,91375.0,3000000.0,,,,,
760024,10145.0,70000000.0,,,,,
357250,1825.0,9000000.0,1849.0,1852.0,1823.0,5373.0,
0186S0,8770.0,3852000000.0,,,,,
487130,31275.0,227000000.0,,,,,
238720,50315.0,67000000.0,,,,,
305050,69550.0,176000000.0,,,,,
084870,2205.0,8000000.0,2185.0,2205.0,2155.0,3738.0,
440650,11245.0,713000000.0,,,,,
003080,2245.0,12000000.0,2240.0,2245.0,2210.0,5794.0,
074610,5110.0,0.0,0.0,0.0,0.0,0.0,
0194T0,8265.0,449000000.0,,,,,
520073,44445.0,1000000.0,,,,,
276990,25085.0,57000000.0,,,,,
360140,20110.0,324000000.0,,,,,
004060,2180.0,293000000.0,2205.0,2235.0,2160.0,133959.0,
371470,8350.0,160000000.0,,,,,
453650,17625.0,226000000.0,,,,,
011330,4380.0,298000000.0,4220.0,4400.0,4180.0,68825.0,
375770,24260.0,11000000.0,,,,,
017180,1286.0,87000000.0,1293.0,1315.0,1280.0,67818.0,
200030,38635.0,62000000.0,,,,,
004910,3385.0,37000000.0,3435.0,3440.0,3315.0,11014.0,
014910,1971.0,255000000.0,1945.0,1972.0,1921.0,131221.0,
550041,61425.0,0.0,,,,,
092780,3260.0,147000000.0,3300.0,3315.0,3220.0,45118.0,
0089C0,11180.0,8000000.0,,,,,
481850,976.0,4000000.0,976.0,983.0,970.0,4357.0,
520078,14030.0,0.0,,,,,
008420,2045.0,57000000.0,2070.0,2075.0,2040.0,27981.0,
0191M0,101000.0,0.0,,,,,
446070,3940.0,93000000.0,3935.0,3980.0,3910.0,23792.0,
0112X0,39775.0,672000000.0,,,,,
019490,541.0,0.0,0.0,0.0,0.0,0.0,
0132H0,6825.0,1153000000.0,,,,,
570117,1858.0,305000000.0,,,,,
026940,2040.0,150000000.0,2060.0,2065.0,2030.0,73561.0,
007110,2615.0,217000000.0,2510.0,2655.0,2470.0,85264.0,
002870,1157.0,34000000.0,1164.0,1177.0,1151.0,29452.0,
0239Z0,12440.0,5229000000.0,,,,,
017040,932.0,0.0,0.0,0.0,0.0,0.0,
256750,13155.0,156000000.0,,,,,
491830,23670.0,882000000.0,,,,,
049800,2010.0,43000000.0,2000.0,2030.0,1952.0,21743.0,
023350,3670.0,52000000.0,3720.0,3725.0,3630.0,14421.0,
000215,23800.0,24000000.0,24000.0,24250.0,23750.0,1002.0,
183700,95265.0,138000000.0,,,,,
100910,16590.0,5000000.0,,,,,
401170,10365.0,14000000.0,,,,,
0194M0,11165.0,493000000.0,,,,,
520082,13160.0,1000000.0,,,,,
472830,7110.0,79000000.0,,,,,
472840,105135.0,101000000.0,,,,,
450910,14865.0,382000000.0,,,,,
002360,3520.0,297000000.0,3175.0,3530.0,3175.0,85984.0,
448570,28745.0,0.0,,,,,
500094,1843.0,452000000.0,,,,,
008870,38600.0,7000000.0,38950.0,38950.0,38300.0,183.0,
520074,12855.0,0.0,,,,,
145270,801.0,10000000.0,804.0,804.0,791.0,13276.0,
520091,9620.0,110000000.0,,,,,
570102,19160.0,0.0,,,,,
139320,17030.0,117000000.0,,,,,
469050,34745.0,1203000000.0,,,,,
139280,11940.0,77000000.0,,,,,
322410,21780.0,106000000.0,,,,,
011420,1380.0,37000000.0,1405.0,1405.0,1350.0,27644.0,
500095,6330.0,7000000.0,,,,,
004920,7270.0,97000000.0,7430.0,7450.0,7030.0,13653.0,
023960,997.0,11000000.0,1003.0,1015.0,983.0,11427.0,
009810,1863.0,3000000.0,1890.0,1890.0,1811.0,1752.0,
0189B0,7210.0,403000000.0,,,,,
275280,42020.0,55000000.0,,,,,
0007G0,12230.0,170000000.0,,,,,
012280,3750.0,37000000.0,3780.0,3895.0,3730.0,9873.0,
133820,1000.0,87000000.0,986.0,1005.0,940.0,89169.0,
365000,3645.0,261000000.0,,,,,
428510,21760.0,106000000.0,,,,,
494840,11040.0,220000000.0,,,,,
610038,3695.0,22000000.0,,,,,
134790,18410.0,1000000.0,18770.0,18770.0,18410.0,76.0,
276650,49085.0,12000000.0,,,,,
0204S0,8410.0,1007000000.0,,,,,
570029,7320.0,1000000.0,,,,,
000890,1320.0,120000000.0,1315.0,1324.0,1300.0,91801.0,
027740,1146.0,23000000.0,1139.0,1154.0,1120.0,20280.0,
494410,14505.0,180000000.0,,,,,
464470,43435.0,282000000.0,,,,,
449690,48225.0,2000000.0,,,,,
008250,3300.0,97000000.0,3280.0,3320.0,3250.0,29802.0,
195930,22520.0,59000000.0,,,,,
009140,22900.0,169000000.0,23950.0,23950.0,22500.0,7331.0,
510045,23890.0,0.0,,,,,
047400,851.0,0.0,0.0,0.0,0.0,0.0,
760005,35690.0,0.0,,,,,
0234N0,10030.0,2734000000.0,,,,,
352540,10420.0,62000000.0,,,,,
570103,3535.0,50000000.0,,,,,
051630,1666.0,406000000.0,1684.0,1719.0,1588.0,245715.0,
610089,2075.0,1658000000.0,,,,,
000760,12590.0,16000000.0,12280.0,12700.0,11800.0,1300.0,
610078,29370.0,348000000.0,,,,,
400970,6995.0,107000000.0,,,,,
117460,14695.0,1115000000.0,,,,,
104530,17060.0,65000000.0,,,,,
0197W0,8085.0,1453000000.0,,,,,
385520,16255.0,119000000.0,,,,,
407830,14520.0,19000000.0,,,,,
580069,1882.0,93000000.0,,,,,
276970,7400.0,132000000.0,,,,,
570127,34780.0,103000000.0,,,,,
252710,85.0,13041000000.0,,,,,
0085N0,9385.0,1821000000.0,,,,,
530118,11560.0,602000000.0,,,,,
241390,15750.0,22000000.0,,,,,
610007,6920.0,0.0,,,,,
520099,2660.0,16785000000.0,,,,,
010640,2070.0,117000000.0,2075.0,2080.0,2000.0,58019.0,
013000,1190.0,30000000.0,1211.0,1219.0,1190.0,25234.0,
449780,18885.0,541000000.0,,,,,
570118,8495.0,423000000.0,,,,,
014130,2870.0,146000000.0,2820.0,2880.0,2805.0,51386.0,
0184E0,10940.0,1275000000.0,,,,,
012160,2165.0,16000000.0,2090.0,2170.0,2075.0,7979.0,
009460,2735.0,15000000.0,2735.0,2760.0,2650.0,5855.0,
147970,76375.0,211000000.0,,,,,
004365,9100.0,47000000.0,9100.0,9190.0,9080.0,5239.0,
143210,1199.0,0.0,0.0,0.0,0.0,0.0,
266360,9070.0,76000000.0,,,,,
459560,22320.0,72000000.0,,,,,
380340,27880.0,150000000.0,,,,,
002880,3575.0,24000000.0,3665.0,3665.0,3570.0,6783.0,
138910,10080.0,435000000.0,,,,,
491090,18475.0,298000000.0,,,,,
500102,16610.0,46000000.0,,,,,
500085,33125.0,0.0,,,,,
005820,14400.0,12000000.0,14410.0,14910.0,14400.0,873.0,
520096,13160.0,7899000000.0,,,,,
520079,32855.0,3000000.0,,,,,
530148,32605.0,37509000000.0,,,,,
474800,15525.0,565000000.0,,,,,
530117,32570.0,71000000.0,,,,,
500040,32555.0,6000000.0,,,,,
475070,29595.0,80000000.0,,,,,
261060,29500.0,987000000.0,,,,,
520065,16220.0,0.0,,,,,
0023B0,15080.0,429000000.0,,,,,
0138T0,9260.0,100000000.0,,,,,
122260,104435.0,0.0,,,,,
0089B0,11160.0,193000000.0,,,,,
0192T0,7605.0,2507000000.0,,,,,
446690,64565.0,431000000.0,,,,,
006370,2980.0,37000000.0,2995.0,3020.0,2945.0,12628.0,
217770,1110.0,382000000.0,,,,,
580077,10710.0,30000000.0,,,,,
0192L0,8390.0,169000000.0,,,,,
0150K0,11640.0,407000000.0,,,,,
0154F0,11615.0,168000000.0,,,,,
0166N0,9380.0,576000000.0,,,,,
0218J0,9240.0,857000000.0,,,,,
105780,15920.0,58000000.0,,,,,
452250,4095.0,69000000.0,,,,,
261250,14965.0,896000000.0,,,,,
498860,15860.0,105000000.0,,,,,
494340,21080.0,273000000.0,,,,,
090370,1158.0,16000000.0,1148.0,1199.0,1126.0,14055.0,
003535,6530.0,104000000.0,6550.0,6610.0,6350.0,16087.0,
395290,4850.0,228000000.0,,,,,
464920,25840.0,1151000000.0,,,,,
322400,9320.0,3000000.0,,,,,
010400,4005.0,82000000.0,3990.0,4110.0,3975.0,20546.0,
261140,23840.0,204000000.0,,,,,
468630,10135.0,92000000.0,,,,,
387270,26220.0,90000000.0,,,,,
156080,50690.0,106000000.0,,,,,
069640,1399.0,7000000.0,1395.0,1406.0,1337.0,5578.0,
025750,1880.0,14000000.0,1860.0,1880.0,1850.0,7559.0,
459750,17290.0,94000000.0,,,,,
275290,33530.0,25000000.0,,,,,
001070,5690.0,76000000.0,5790.0,5910.0,5510.0,13446.0,
099140,19645.0,285000000.0,,,,,
395170,15020.0,164000000.0,,,,,
426150,51605.0,1000000.0,,,,,
024070,1950.0,10000000.0,1974.0,1974.0,1950.0,5201.0,
459790,20590.0,0.0,,,,,
520090,7455.0,723000000.0,,,,,
469790,42595.0,9000000.0,,,,,
0100K0,4960.0,7370000000.0,,,,,
227540,17705.0,497000000.0,,,,,
006570,1950.0,65000000.0,1895.0,1950.0,1804.0,34169.0,
570082,1480.0,140000000.0,,,,,
289480,12840.0,541000000.0,,,,,
570072,29485.0,0.0,,,,,
465350,14705.0,1846000000.0,,,,,
520077,11750.0,649000000.0,,,,,
174360,20980.0,478000000.0,,,,,
139270,15950.0,405000000.0,,,,,
025890,2630.0,9000000.0,2590.0,2630.0,2580.0,3760.0,
248270,25240.0,71000000.0,,,,,
153270,81325.0,128000000.0,,,,,
476690,9750.0,93000000.0,,,,,
0155N0,7470.0,322000000.0,,,,,
500023,14525.0,0.0,,,,,
520093,2420.0,436000000.0,,,,,
036420,1504.0,33000000.0,1518.0,1546.0,1503.0,21956.0,
088790,2325.0,27000000.0,2375.0,2375.0,2280.0,11951.0,
0083S0,11080.0,634000000.0,,,,,
520075,28795.0,0.0,,,,,
450190,47895.0,1000000.0,,,,,
019175,14420.0,55000000.0,14700.0,14700.0,14290.0,3851.0,
192720,55900.0,51000000.0,,,,,
145850,113585.0,0.0,,,,,
308170,3295.0,17000000.0,3395.0,3395.0,3295.0,5255.0,
256440,4645.0,99000000.0,,,,,
0223R0,9825.0,224000000.0,,,,,
520083,28220.0,0.0,,,,,
023150,4540.0,75000000.0,4585.0,4590.0,4540.0,16560.0,
0192M0,11315.0,375000000.0,,,,,
700017,27935.0,1000000.0,,,,,
500035,13940.0,3000000.0,,,,,
003680,4490.0,3949000000.0,4435.0,5250.0,4400.0,816459.0,
0155M0,6105.0,255000000.0,,,,,
245350,17325.0,188000000.0,,,,,
0224X0,9690.0,681000000.0,,,,,
570081,27590.0,1061000000.0,,,,,
117680,11910.0,222000000.0,,,,,
352560,11200.0,21000000.0,,,,,
700013,27440.0,0.0,,,,,
009190,610.0,2586000000.0,659.0,710.0,604.0,3969362.0,
489290,14780.0,16000000.0,,,,,
0049K0,10930.0,91000000.0,,,,,
760004,10060.0,0.0,,,,,
530106,27160.0,4920000000.0,,,,,
176950,60685.0,199000000.0,,,,,
253250,92740.0,87000000.0,,,,,
223190,26750.0,32000000.0,,,,,
002690,1315.0,19000000.0,1323.0,1339.0,1296.0,14996.0,
167860,91995.0,3000000.0,,,,,
496770,14775.0,66000000.0,,,,,
415920,5595.0,281000000.0,,,,,
0013R0,7355.0,61000000.0,,,,,
118000,1199.0,32000000.0,1198.0,1236.0,1174.0,27522.0,
0137W0,10135.0,139000000.0,,,,,
0107F0,10530.0,23000000.0,,,,,
0223A0,11960.0,3170000000.0,,,,,
610028,26275.0,2000000.0,,,,,
004270,5760.0,21000000.0,5760.0,5760.0,5510.0,3832.0,
570069,26245.0,20000000.0,,,,,
007120,958.0,36000000.0,979.0,1003.0,957.0,37642.0,
610075,43435.0,20000000.0,,,,,
481340,7665.0,332000000.0,,,,,
271060,8650.0,93000000.0,,,,,
006345,9900.0,394000000.0,9810.0,10110.0,9690.0,39460.0,
476070,9975.0,83000000.0,,,,,
570047,25845.0,0.0,,,,,
520047,25830.0,8000000.0,,,,,
530063,25820.0,114000000.0,,,,,
139250,18150.0,794000000.0,,,,,
483570,16090.0,19000000.0,,,,,
437350,11690.0,81000000.0,,,,,
0047R0,15585.0,52000000.0,,,,,
002355,3955.0,0.0,3890.0,3960.0,3890.0,149.0,
570124,12820.0,7000000.0,,,,,
580049,12815.0,0.0,,,,,
33637K,1514.0,10000000.0,1541.0,1541.0,1500.0,7150.0,
475270,10755.0,0.0,,,,,
580070,25555.0,182000000.0,,,,,
550069,25525.0,0.0,,,,,
033250,3975.0,70000000.0,4050.0,4060.0,3970.0,17663.0,
440340,11265.0,41000000.0,,,,,
277540,31670.0,13000000.0,,,,,
530138,25230.0,119000000.0,,,,,
475380,9480.0,48000000.0,,,,,
003060,1544.0,140000000.0,1527.0,1570.0,1516.0,91673.0,
415340,12055.0,313000000.0,,,,,
0152E0,10360.0,61000000.0,,,,,
006490,1400.0,59000000.0,1461.0,1489.0,1375.0,42338.0,
367740,44990.0,20000000.0,,,,,
0115C0,10305.0,177000000.0,,,,,
493420,11750.0,41000000.0,,,,,
0203S0,8315.0,146000000.0,,,,,
580057,12255.0,0.0,,,,,
610022,8110.0,0.0,,,,,
003495,21900.0,29000000.0,22000.0,22050.0,21700.0,1340.0,
610001,12155.0,0.0,,,,,
510044,16175.0,0.0,,,,,
368190,7580.0,25000000.0,,,,,
0097L0,12425.0,48000000.0,,,,,
0093D0,18560.0,59000000.0,,,,,
580048,12055.0,0.0,,,,,
496120,32130.0,116000000.0,,,,,
292500,48090.0,2000000.0,,,,,
245360,11400.0,108000000.0,,,,,
610069,15865.0,329000000.0,,,,,
0127R0,16985.0,181000000.0,,,,,
357430,779.0,5000000.0,779.0,787.0,764.0,6778.0,
292160,47315.0,11000000.0,,,,,
414270,10990.0,39000000.0,,,,,
0209Z0,6810.0,1245000000.0,,,,,
159800,83590.0,40000000.0,,,,,
479850,17285.0,757000000.0,,,,,
009310,5330.0,0.0,0.0,0.0,0.0,0.0,
0193L0,8440.0,11993000000.0,,,,,
570115,23265.0,0.0,,,,,
0177A0,9080.0,368000000.0,,,,,
195970,15695.0,132000000.0,,,,,
530128,22865.0,14000000.0,,,,,
001380,1016.0,333000000.0,1031.0,1079.0,941.0,330785.0,
138230,15725.0,23000000.0,,,,,
0238C0,10130.0,3000000.0,,,,,
0047P0,14700.0,47000000.0,,,,,
0103T0,7855.0,1488000000.0,,,,,
442550,14675.0,59000000.0,,,,,
185680,42725.0,39000000.0,,,,,
364690,37840.0,20000000.0,,,,,
700012,22695.0,0.0,,,,,
0164G0,10790.0,74000000.0,,,,,
261120,5635.0,17000000.0,,,,,
469160,26295.0,85000000.0,,,,,
388280,6895.0,40000000.0,,,,,
550085,11160.0,0.0,,,,,
004870,984.0,21000000.0,973.0,987.0,956.0,22140.0,
760008,11105.0,0.0,,,,,
33626L,7420.0,16000000.0,7430.0,7430.0,7200.0,2288.0,
447660,13800.0,93000000.0,,,,,
464600,24505.0,156000000.0,,,,,
071950,1520.0,150000000.0,1447.0,1520.0,1423.0,101880.0,
239660,122025.0,162000000.0,,,,,
0186L0,9530.0,55000000.0,,,,,
012170,3000.0,57000000.0,3045.0,3220.0,2900.0,19093.0,
300950,5210.0,286000000.0,,,,,
433220,29480.0,6000000.0,,,,,
419430,7780.0,22000000.0,,,,,
030720,4680.0,500000000.0,4515.0,5050.0,4515.0,103592.0,
282000,115145.0,0.0,,,,,
0206G0,7490.0,1689000000.0,,,,,
570130,21715.0,4000000.0,,,,,
0239Y0,10850.0,1170000000.0,,,,,
500100,10790.0,3000000.0,,,,,
376410,23970.0,6000000.0,,,,,
304770,15175.0,169000000.0,,,,,
760012,30770.0,11000000.0,,,,,
610047,10755.0,0.0,,,,,
461450,16525.0,141000000.0,,,,,
471460,46340.0,413000000.0,,,,,
280930,15715.0,32000000.0,,,,,
225130,42395.0,35000000.0,,,,,
0026E0,11455.0,0.0,,,,,
520105,10575.0,1499000000.0,,,,,
269420,20455.0,21000000.0,,,,,
375760,23385.0,4000000.0,,,,,
108590,105205.0,6000000.0,,,,,
008775,27950.0,6000000.0,28250.0,28250.0,27600.0,223.0,
0190M0,8550.0,266000000.0,,,,,
520104,10470.0,3416000000.0,,,,,
550087,10455.0,0.0,,,,,
760028,2610.0,5141000000.0,,,,,
570122,10410.0,0.0,,,,,
500091,10400.0,0.0,,,,,
461600,7810.0,163000000.0,,,,,
580067,10345.0,0.0,,,,,
253290,11465.0,36000000.0,,,,,
580072,10315.0,1000000.0,,,,,
152380,64850.0,36000000.0,,,,,
006740,3460.0,904000000.0,4450.0,4505.0,3350.0,240091.0,
411540,15830.0,165000000.0,,,,,
0192S0,9340.0,1055000000.0,,,,,
371450,13510.0,36000000.0,,,,,
005360,1086.0,2709000000.0,1059.0,1263.0,1047.0,2340101.0,
001420,2700.0,110000000.0,2640.0,2990.0,2640.0,39285.0,
610103,20475.0,0.0,,,,,
610036,20470.0,16000000.0,,,,,
300640,6265.0,6000000.0,,,,,
404120,25445.0,55000000.0,,,,,
0231Z0,10145.0,5702000000.0,,,,,
337120,33805.0,0.0,,,,,
760026,13490.0,3148000000.0,,,,,
0203R0,50545.0,0.0,,,,,
226980,22450.0,107000000.0,,,,,
0198D0,8525.0,160000000.0,,,,,
001685,14710.0,14000000.0,14650.0,14750.0,14650.0,993.0,
610040,20085.0,0.0,,,,,
364990,4410.0,915000000.0,,,,,
289040,33425.0,0.0,,,,,
610018,10010.0,0.0,,,,,
550097,19955.0,391000000.0,,,,,
530116,3985.0,391000000.0,,,,,
015020,928.0,0.0,0.0,0.0,0.0,0.0,
580073,19795.0,0.0,,,,,
289250,34720.0,0.0,,,,,
530130,6580.0,419000000.0,,,,,
489000,8965.0,247000000.0,,,,,
204450,2075.0,19000000.0,,,,,
610087,19610.0,0.0,,,,,
000040,992.0,15000000.0,997.0,1017.0,992.0,15584.0,
477730,6595.0,93000000.0,,,,,
463300,12115.0,3000000.0,,,,,
461910,38590.0,22000000.0,,,,,
437070,55765.0,19000000.0,,,,,
550088,19230.0,0.0,,,,,
404260,24025.0,1000000.0,,,,,
530112,19190.0,1000000.0,,,,,
00499K,23800.0,10000000.0,24200.0,24200.0,23750.0,436.0,
417630,18215.0,35000000.0,,,,,
0241R0,9560.0,3419000000.0,,,,,
379790,16610.0,27000000.0,,,,,
520103,9510.0,4714000000.0,,,,,
610104,19015.0,1000000.0,,,,,
091220,16020.0,394000000.0,,,,,
456680,4605.0,188000000.0,,,,,
011090,1580.0,335000000.0,1580.0,1677.0,1543.0,209214.0,
520106,9355.0,4106000000.0,,,,,
169950,23355.0,2000000.0,,,,,
497780,9825.0,114000000.0,,,,,
530132,18660.0,200000000.0,,,,,
530119,18645.0,1000000.0,,,,,
0067V0,8460.0,10000000.0,,,,,
530123,18610.0,0.0,,,,,
570129,18585.0,0.0,,,,,
461900,23145.0,24000000.0,,,,,
487950,12740.0,60000000.0,,,,,
228820,18430.0,126000000.0,,,,,
580074,9215.0,1000000.0,,,,,
465670,15345.0,31000000.0,,,,,
0153X0,10225.0,70000000.0,,,,,
108675,17790.0,42000000.0,18120.0,18120.0,17750.0,2354.0,
183710,91710.0,11000000.0,,,,,
445910,20360.0,16000000.0,,,,,
760021,26165.0,0.0,,,,,
304760,45735.0,3000000.0,,,,,
002070,3810.0,146000000.0,3715.0,4000.0,3660.0,37992.0,
284980,21265.0,128000000.0,,,,,
229720,36525.0,53000000.0,,,,,
213630,19850.0,52000000.0,,,,,
276000,20235.0,41000000.0,,,,,
093240,296.0,0.0,0.0,0.0,0.0,0.0,
385600,12080.0,86000000.0,,,,,
381560,17220.0,29000000.0,,,,,
0104P0,10600.0,60000000.0,,,,,
445690,29945.0,1000000.0,,,,,
195920,35795.0,42000000.0,,,,,
449580,16245.0,112000000.0,,,,,
438320,4115.0,101000000.0,,,,,
0018Z0,17745.0,18000000.0,,,,,
008600,2620.0,0.0,0.0,0.0,0.0,0.0,
610025,17590.0,0.0,,,,,
580089,17580.0,26000000.0,,,,,
451600,86135.0,57000000.0,,,,,
009440,756.0,0.0,0.0,0.0,0.0,0.0,
570125,17515.0,0.0,,,,,
610003,8755.0,0.0,,,,,
416090,10910.0,188000000.0,,,,,
227830,69290.0,12000000.0,,,,,
225060,16315.0,0.0,,,,,
0086C0,9845.0,123000000.0,,,,,
570071,17205.0,0.0,,,,,
457690,10530.0,147000000.0,,,,,
0144M0,5970.0,107000000.0,,,,,
391670,28330.0,4000000.0,,,,,
760022,8490.0,4000000.0,,,,,
289260,28275.0,17000000.0,,,,,
477490,18830.0,5000000.0,,,,,
407310,15395.0,51000000.0,,,,,
580071,8455.0,173000000.0,,,,,
292050,48315.0,2000000.0,,,,,
468370,10030.0,124000000.0,,,,,
580075,16630.0,0.0,,,,,
580086,16605.0,171000000.0,,,,,
219390,8260.0,54000000.0,,,,,
0065G0,7680.0,45000000.0,,,,,
0105D0,8675.0,124000000.0,,,,,
580090,16410.0,51000000.0,,,,,
494420,8580.0,75000000.0,,,,,
460660,10865.0,19000000.0,,,,,
488290,46530.0,6000000.0,,,,,
580066,8135.0,0.0,,,,,
250730,9560.0,3000000.0,,,,,
0051A0,24980.0,58000000.0,,,,,
530120,16180.0,0.0,,,,,
005725,4490.0,13000000.0,4500.0,4500.0,4450.0,3004.0,
570126,16095.0,0.0,,,,,
483330,15315.0,189000000.0,,,,,
0233N0,10680.0,1842000000.0,,,,,
570121,7935.0,0.0,,,,,
474920,16865.0,7000000.0,,,,,
265690,8535.0,0.0,,,,,
610039,15700.0,0.0,,,,,
465770,2170.0,1456000000.0,2170.0,2535.0,2130.0,635666.0,
520076,6230.0,70000000.0,,,,,
18064K,29300.0,61000000.0,29750.0,29800.0,29050.0,2115.0,
432840,19405.0,12000000.0,,,,,
610085,25855.0,48000000.0,,,,,
131890,38500.0,71000000.0,,,,,
004105,4660.0,374000000.0,4420.0,4665.0,4375.0,83122.0,
0207Z0,7320.0,266000000.0,,,,,
415760,11215.0,244000000.0,,,,,
005257,18000.0,6000000.0,18000.0,18000.0,17550.0,337.0,
006200,1625.0,61000000.0,1570.0,1659.0,1570.0,37759.0,
419650,4605.0,241000000.0,,,,,
0198B0,11420.0,86000000.0,,,,,
530095,15165.0,3000000.0,,,,,
332620,81005.0,26000000.0,,,,,
244620,21570.0,77000000.0,,,,,
387280,11880.0,56000000.0,,,,,
114460,100350.0,15000000.0,,,,,
002025,12850.0,18000000.0,12980.0,12980.0,12640.0,1414.0,
413930,27060.0,2000000.0,,,,,
491510,17465.0,0.0,,,,,
570099,14775.0,0.0,,,,,
500072,1477.0,138000000.0,,,,,
453010,110190.0,1765000000.0,,,,,
130680,7765.0,36000000.0,,,,,
0222F0,12775.0,17000000.0,,,,,
610086,73005.0,0.0,,,,,
337150,24255.0,16000000.0,,,,,
0106J0,19325.0,2000000.0,19725.0,19725.0,19325.0,123.0,
0242S0,10350.0,140000000.0,,,,,
487750,36000.0,128000000.0,,,,,
0084E0,9915.0,41000000.0,,,,,
530129,14300.0,0.0,,,,,
0088N0,11425.0,119000000.0,,,,,
610024,14245.0,0.0,,,,,
404650,23720.0,0.0,,,,,
104520,14200.0,1000000.0,,,,,
360150,3435.0,21000000.0,,,,,
610081,28005.0,0.0,,,,,
373490,25450.0,0.0,,,,,
438900,10720.0,49000000.0,,,,,
000087,12320.0,7000000.0,12200.0,12360.0,12200.0,630.0,
453630,11590.0,48000000.0,,,,,
234310,27745.0,0.0,,,,,
002820,1150.0,777000000.0,1008.0,1285.0,956.0,646785.0,
0153P0,9495.0,291000000.0,,,,,
530140,13720.0,196000000.0,,,,,
001795,2110.0,9000000.0,2140.0,2150.0,2105.0,4425.0,
760017,19480.0,0.0,,,,,
580043,27215.0,219000000.0,,,,,
0090B0,6970.0,1056000000.0,,,,,
580050,13590.0,1000000.0,,,,,
530137,13585.0,5000000.0,,,,,
700034,9050.0,228000000.0,,,,,
0193K0,12275.0,162000000.0,,,,,
500024,6730.0,0.0,,,,,
570105,4480.0,8000000.0,,,,,
484890,52710.0,1315000000.0,,,,,
0127V0,10680.0,20000000.0,,,,,
00806K,11010.0,39000000.0,10960.0,11050.0,10890.0,3610.0,
760015,6660.0,279000000.0,,,,,
0004G0,8315.0,69000000.0,,,,,
137610,5765.0,119000000.0,,,,,
580080,13155.0,5000000.0,,,,,
496130,24355.0,2000000.0,,,,,
530092,2625.0,62000000.0,,,,,
236350,21140.0,19000000.0,,,,,
580032,26050.0,12000000.0,,,,,
570096,12940.0,0.0,,,,,
610072,25740.0,0.0,,,,,
279540,21435.0,1000000.0,,,,,
0127T0,10715.0,57000000.0,,,,,
610070,25700.0,2000000.0,,,,,
363510,112445.0,12000000.0,,,,,
580083,25625.0,0.0,,,,,
472720,24610.0,4000000.0,,,,,
0028X0,11095.0,50000000.0,,,,,
0208N0,7700.0,2000000.0,,,,,
290080,7220.0,60000000.0,,,,,
485810,11460.0,142000000.0,,,,,
300610,5355.0,191000000.0,,,,,
024890,1525.0,249000000.0,1372.0,1619.0,1360.0,166437.0,
45226K,4325.0,2000000.0,4415.0,4415.0,4325.0,607.0,
084695,13740.0,62000000.0,13850.0,14000.0,13720.0,4494.0,
580088,25070.0,177000000.0,,,,,
140710,6580.0,77000000.0,,,,,
00781K,15900.0,5000000.0,15860.0,16110.0,15860.0,365.0,
610080,12435.0,0.0,,,,,
610062,62065.0,1000000.0,,,,,
580052,24775.0,4000000.0,,,,,
520088,6190.0,0.0,,,,,
0015F0,10280.0,128000000.0,,,,,
457700,9345.0,21000000.0,,,,,
489860,14500.0,47000000.0,,,,,
102960,12815.0,99000000.0,,,,,
453060,111775.0,0.0,,,,,
0013P0,11165.0,140000000.0,,,,,
610079,61335.0,6000000.0,,,,,
610035,12255.0,6000000.0,,,,,
417450,15290.0,243000000.0,,,,,
570074,12195.0,0.0,,,,,
610030,12145.0,0.0,,,,,
500097,12090.0,2000000.0,,,,,
570123,6020.0,0.0,,,,,
166400,24055.0,76000000.0,,,,,
251590,17180.0,2000000.0,,,,,
610071,12015.0,0.0,,,,,
435550,17140.0,9000000.0,,,,,
610020,11985.0,0.0,,,,,
145995,32150.0,0.0,32150.0,32150.0,32150.0,4.0,
409810,5285.0,307000000.0,,,,,
580051,7925.0,10000000.0,,,,,
500086,11885.0,0.0,,,,,
580065,11885.0,0.0,,,,,
404540,23745.0,238000000.0,,,,,
0220A0,8475.0,200000000.0,,,,,
140580,23675.0,0.0,,,,,
453820,9100.0,49000000.0,,,,,
396510,6555.0,22000000.0,,,,,
400570,11635.0,42000000.0,,,,,
015260,249.0,668000000.0,192.0,249.0,185.0,2808221.0,
332610,121300.0,21000000.0,,,,,
395760,21150.0,1000000.0,,,,,
610093,23200.0,1000000.0,,,,,
610049,11520.0,0.0,,,,,
760027,5745.0,268000000.0,,,,,
0203D0,8820.0,160000000.0,,,,,
610045,11425.0,0.0,,,,,
266410,9480.0,227000000.0,,,,,
0191S0,15340.0,20000000.0,,,,,
530121,11330.0,0.0,,,,,
446700,10885.0,42000000.0,,,,,
430500,112945.0,3000000.0,,,,,
453660,16020.0,4000000.0,,,,,
428560,14920.0,9000000.0,,,,,
530127,11175.0,0.0,,,,,
448490,53070.0,10000000.0,,,,,
38380K,7600.0,10000000.0,7830.0,7830.0,7410.0,1412.0,
610060,22170.0,0.0,,,,,
464610,6905.0,102000000.0,,,,,
269370,15690.0,13000000.0,,,,,
269530,18265.0,19000000.0,,,,,
610055,21880.0,0.0,,,,,
407820,6025.0,2000000.0,,,,,
252650,18060.0,16000000.0,,,,,
610076,53915.0,2000000.0,,,,,
0120X0,10120.0,0.0,10120.0,10120.0,10120.0,0.0,
482030,10195.0,196000000.0,,,,,
0219B0,12590.0,2033000000.0,,,,,
580064,21400.0,0.0,,,,,
410870,8905.0,75000000.0,,,,,
0227L0,10680.0,306000000.0,,,,,
0194R0,8030.0,93000000.0,,,,,
610051,10635.0,0.0,,,,,
0002C0,9845.0,25000000.0,,,,,
354240,9625.0,36000000.0,,,,,
0000H0,9205.0,8000000.0,,,,,
610058,21030.0,0.0,,,,,
001067,49950.0,0.0,49950.0,49950.0,49950.0,1.0,
252000,18980.0,10000000.0,,,,,
580054,20865.0,1000000.0,,,,,
0068M0,11590.0,0.0,,,,,
760032,10420.0,0.0,,,,,
419420,8675.0,194000000.0,,,,,
520046,10410.0,11000000.0,,,,,
610057,20810.0,0.0,,,,,
0104G0,4515.0,806000000.0,,,,,
385710,10375.0,23000000.0,,,,,
520064,5170.0,3000000.0,,,,,
451150,16675.0,0.0,,,,,
463640,12895.0,85000000.0,,,,,
438740,34335.0,0.0,,,,,
0093B0,12865.0,47000000.0,,,,,
610074,10275.0,1000000.0,,,,,
435040,18670.0,2000000.0,,,,,
610056,20475.0,0.0,,,,,
610102,10160.0,0.0,,,,,
140570,25320.0,8000000.0,,,,,
610105,10110.0,0.0,,,,,
310080,8790.0,9000000.0,,,,,
237440,10105.0,13000000.0,,,,,
461580,16835.0,106000000.0,,,,,
550099,10085.0,49000000.0,,,,,
610096,10055.0,1145000000.0,,,,,
280920,22340.0,0.0,,,,,
0227K0,10040.0,164000000.0,,,,,
760023,10035.0,35000000.0,,,,,
610106,9995.0,0.0,,,,,
019685,1029.0,28000000.0,980.0,1048.0,973.0,29137.0,
530139,9980.0,0.0,,,,,
700032,9965.0,146000000.0,,,,,
004255,1887.0,0.0,1875.0,1887.0,1865.0,162.0,
301400,15320.0,44000000.0,,,,,
0189Z0,9940.0,27000000.0,,,,,
610111,9930.0,0.0,,,,,
460270,12235.0,9000000.0,,,,,
610092,9900.0,0.0,,,,,
580059,9875.0,0.0,,,,,
291130,16450.0,13000000.0,,,,,
580047,9855.0,0.0,,,,,
0216Z0,8210.0,380000000.0,,,,,
0113G0,10940.0,30000000.0,,,,,
700035,9835.0,181000000.0,,,,,
570085,9815.0,0.0,,,,,
610098,9810.0,29000000.0,,,,,
530064,650.0,10000000.0,,,,,
0001P0,8675.0,27000000.0,,,,,
610095,9710.0,699000000.0,,,,,
570128,9690.0,0.0,,,,,
466810,6445.0,202000000.0,,,,,
700031,9650.0,288000000.0,,,,,
610112,19235.0,0.0,,,,,
700014,9550.0,0.0,,,,,
0224D0,10555.0,441000000.0,,,,,
610082,9490.0,0.0,,,,,
610068,9490.0,58000000.0,,,,,
429010,18945.0,2000000.0,,,,,
145210,2240.0,0.0,0.0,0.0,0.0,0.0,
463690,17180.0,19000000.0,,,,,
0219Z0,10485.0,8000000.0,,,,,
610034,9415.0,0.0,,,,,
371870,5870.0,28000000.0,,,,,
181480,77840.0,14000000.0,,,,,
217780,6005.0,8000000.0,,,,,
610077,9300.0,3000000.0,,,,,
580035,9195.0,0.0,,,,,
381570,10790.0,54000000.0,,,,,
341850,4565.0,13000000.0,,,,,
498050,9610.0,86000000.0,,,,,
0174R0,11395.0,110000000.0,,,,,
700011,9115.0,1000000.0,,,,,
399580,9085.0,21000000.0,,,,,
117690,18145.0,9000000.0,,,,,
0094L0,6470.0,99000000.0,,,,,
270800,16460.0,42000000.0,,,,,
580085,9050.0,13000000.0,,,,,
001755,19130.0,22000000.0,19210.0,19260.0,19030.0,1195.0,
500101,9040.0,5000000.0,,,,,
261110,15040.0,4000000.0,,,,,
003075,12170.0,9000000.0,12380.0,12380.0,11810.0,796.0,
105010,6435.0,230000000.0,,,,,
354350,17290.0,1000000.0,,,,,
0084D0,11200.0,45000000.0,,,,,
580060,17910.0,0.0,,,,,
0216K0,8945.0,399000000.0,,,,,
281990,17865.0,2000000.0,,,,,
395150,1821.0,29000000.0,,,,,
230480,4925.0,4000000.0,,,,,
550100,8880.0,25000000.0,,,,,
530135,8860.0,0.0,,,,,
0215T0,9840.0,249000000.0,,,,,
494180,12610.0,2000000.0,,,,,
487910,7290.0,66000000.0,,,,,
580061,8720.0,0.0,,,,,
497510,12380.0,98000000.0,,,,,
550095,17320.0,0.0,,,,,
610059,17300.0,0.0,,,,,
266390,14410.0,22000000.0,,,,,
580087,8645.0,1000000.0,,,,,
610094,8645.0,66000000.0,,,,,
456250,7490.0,19000000.0,,,,,
580053,17220.0,0.0,,,,,
215620,15900.0,0.0,,,,,
174350,20400.0,100000000.0,,,,,
700036,1713.0,523000000.0,,,,,
429980,17090.0,2000000.0,,,,,
0120J0,7425.0,62000000.0,,,,,
500068,12195.0,0.0,,,,,
500036,4260.0,0.0,,,,,
580063,16995.0,0.0,,,,,
0194N0,11230.0,134000000.0,,,,,
570107,3365.0,5000000.0,,,,,
33637L,2220.0,10000000.0,2280.0,2500.0,2160.0,4427.0,
610097,8370.0,0.0,,,,,
570094,8370.0,0.0,,,,,
457930,27895.0,0.0,,,,,
610073,16665.0,0.0,,,,,
449680,9800.0,0.0,,,,,
520097,8320.0,176000000.0,,,,,
139240,10135.0,76000000.0,,,,,
435540,16610.0,50000000.0,,,,,
0008E0,11070.0,4000000.0,,,,,
0221Z0,9200.0,135000000.0,,,,,
0184N0,8270.0,70000000.0,,,,,
610083,16540.0,0.0,,,,,
610090,8250.0,10000000.0,,,,,
375270,12630.0,1000000.0,,,,,
700033,8200.0,400000000.0,,,,,
497520,12600.0,40000000.0,,,,,
182490,13645.0,3000000.0,,,,,
000225,3605.0,26000000.0,3600.0,3685.0,3555.0,7287.0,
0133E0,7735.0,8000000.0,,,,,
0226D0,10115.0,26000000.0,,,,,
462340,16165.0,0.0,,,,,
0176P0,14695.0,229000000.0,,,,,
395750,20050.0,0.0,,,,,
0214M0,9370.0,6000000.0,,,,,
304670,13240.0,41000000.0,,,,,
530122,7905.0,20000000.0,,,,,
570097,7860.0,0.0,,,,,
530114,7850.0,1000000.0,,,,,
610084,7835.0,0.0,,,,,
0067Y0,8705.0,77000000.0,,,,,
395280,3330.0,117000000.0,,,,,
189400,25935.0,1000000.0,,,,,
530056,1937.0,24000000.0,,,,,
001515,3960.0,7000000.0,4045.0,4045.0,3920.0,1808.0,
480460,9100.0,2000000.0,,,,,
0226G0,11725.0,9000000.0,,,,,
371150,5860.0,3000000.0,,,,,
227550,11800.0,189000000.0,,,,,
004835,5400.0,308000000.0,5050.0,5780.0,4805.0,58434.0,
001065,21900.0,0.0,21650.0,21900.0,21650.0,8.0,
227570,20740.0,10000000.0,,,,,
520085,7425.0,11000000.0,,,,,
494210,10605.0,23000000.0,,,,,
0218K0,10575.0,39000000.0,,,,,
700030,1845.0,123000000.0,,,,,
435530,14750.0,8000000.0,,,,,
272570,108055.0,0.0,,,,,
570114,7315.0,0.0,,,,,
285690,20870.0,0.0,,,,,
253280,12075.0,16000000.0,,,,,
0005C0,11100.0,7000000.0,,,,,
225800,14120.0,13000000.0,,,,,
530060,7185.0,0.0,,,,,
530141,7180.0,0.0,,,,,
488480,12990.0,4000000.0,,,,,
0138D0,12950.0,3000000.0,,,,,
500098,7090.0,7000000.0,,,,,
402460,14110.0,1000000.0,,,,,
760025,10075.0,4000000.0,,,,,
0191B0,35230.0,139000000.0,,,,,
570092,7015.0,8000000.0,,,,,
437370,10000.0,41000000.0,,,,,
0172Y0,8720.0,37000000.0,,,,,
610100,6955.0,127000000.0,,,,,
244670,11570.0,0.0,,,,,
000325,28450.0,1000000.0,28950.0,28950.0,28450.0,64.0,
487920,6885.0,21000000.0,,,,,
315270,18020.0,1000000.0,,,,,
530142,6845.0,10000000.0,,,,,
760006,6840.0,0.0,,,,,
400590,13675.0,0.0,,,,,
225050,15150.0,2000000.0,,,,,
580062,13570.0,0.0,,,,,
500067,9620.0,0.0,,,,,
139660,8665.0,10000000.0,,,,,
610091,13330.0,0.0,,,,,
760010,9515.0,0.0,,,,,
0094X0,7310.0,23000000.0,,,,,
570109,13125.0,0.0,,,,,
580079,6555.0,28000000.0,,,,,
450180,10085.0,0.0,,,,,
004985,8900.0,4000000.0,9290.0,9290.0,8880.0,490.0,
520084,6525.0,13000000.0,,,,,
0036Z0,11740.0,30000000.0,,,,,
570091,6445.0,0.0,,,,,
256450,12845.0,12000000.0,,,,,
456200,58275.0,0.0,,,,,
138920,12795.0,4000000.0,,,,,
610099,6390.0,100000000.0,,,,,
570101,6390.0,0.0,,,,,
0082F0,9110.0,55000000.0,,,,,
451670,12670.0,27000000.0,,,,,
139290,22520.0,174000000.0,,,,,
530096,6280.0,48000000.0,,,,,
289670,52150.0,6000000.0,,,,,
530062,48.0,81000000.0,,,,,
307510,12465.0,41000000.0,,,,,
326230,10705.0,0.0,,,,,
469530,9700.0,1000000.0,,,,,
570095,6185.0,12000000.0,,,,,
250780,2240.0,1141000000.0,,,,,
368680,7645.0,0.0,,,,,
429740,6060.0,30000000.0,,,,,
044380,436.0,0.0,0.0,0.0,0.0,0.0,
580078,6035.0,12000000.0,,,,,
570098,5965.0,0.0,,,,,
400580,11900.0,17000000.0,,,,,
267450,11865.0,0.0,,,,,
580084,11850.0,0.0,,,,,
316300,11835.0,9000000.0,,,,,
0229F0,8420.0,43000000.0,,,,,
0047N0,8410.0,14000000.0,,,,,
0166T0,9035.0,0.0,,,,,
314700,10645.0,3000000.0,,,,,
291630,4030.0,737000000.0,,,,,
26490K,7540.0,1000000.0,7600.0,7600.0,7290.0,226.0,
0053M0,12935.0,0.0,,,,,
0114X0,8875.0,1000000.0,,,,,
550096,11535.0,0.0,,,,,
483020,8845.0,18000000.0,,,,,
570111,28635.0,1000000.0,,,,,
433250,22580.0,0.0,,,,,
012205,4825.0,29000000.0,4970.0,4970.0,4825.0,6046.0,
090355,12150.0,4000000.0,11930.0,12280.0,11930.0,374.0,
570108,11245.0,0.0,,,,,
407300,10095.0,261000000.0,,,,,
432600,55355.0,0.0,,,,,
291890,12270.0,1000000.0,,,,,
401590,10780.0,2000000.0,,,,,
570073,5485.0,0.0,,,,,
610023,5485.0,0.0,,,,,
238670,13515.0,89000000.0,,,,,
470310,17870.0,6000000.0,,,,,
499150,10710.0,13000000.0,,,,,
550098,5305.0,69000000.0,,,,,
0174J0,8775.0,132000000.0,,,,,
0087F0,10310.0,19000000.0,,,,,
295000,51345.0,1000000.0,,,,,
390400,6400.0,50000000.0,,,,,
0015E0,10210.0,12000000.0,,,,,
490330,12735.0,56000000.0,,,,,
483030,11240.0,6000000.0,,,,,
220130,6295.0,1000000.0,,,,,
530094,5005.0,9000000.0,,,,,
0132D0,8950.0,8000000.0,,,,,
476310,8925.0,30000000.0,,,,,
760014,7010.0,0.0,,,,,
227560,12265.0,13000000.0,,,,,
413220,4035.0,3000000.0,,,,,
219900,3440.0,10000000.0,,,,,
0184V0,5330.0,192000000.0,,,,,
610029,4795.0,0.0,,,,,
0102X0,7980.0,10000000.0,,,,,
001770,3925.0,0.0,0.0,0.0,0.0,0.0,
0015K0,6780.0,0.0,,,,,
474390,41340.0,2000000.0,,,,,
0154H0,8445.0,189000000.0,,,,,
550070,4630.0,0.0,,,,,
411860,15310.0,27000000.0,,,,,
267440,7565.0,2000000.0,,,,,
0073X0,8145.0,2000000.0,,,,,
266550,17840.0,2000000.0,,,,,
498610,7350.0,2000000.0,,,,,
391600,9775.0,12000000.0,,,,,
580044,1465.0,254000000.0,,,,,
510027,1454.0,2000000.0,,,,,
002995,14900.0,71000000.0,14270.0,14980.0,14270.0,4876.0,
000545,5620.0,2000000.0,5770.0,5770.0,5610.0,431.0,
252420,82.0,139000000.0,,,,,
0078V0,8575.0,2000000.0,,,,,
205720,1420.0,2000000.0,,,,,
000145,9000.0,5000000.0,9120.0,9120.0,9000.0,595.0,
277650,21150.0,0.0,,,,,
0128D0,5945.0,19000000.0,,,,,
0050E0,8320.0,1000000.0,,,,,
291680,8115.0,0.0,,,,,
373790,14420.0,3000000.0,,,,,
226380,5665.0,0.0,,,,,
009415,6030.0,2000000.0,6010.0,6070.0,6010.0,423.0,
243890,8615.0,352000000.0,,,,,
005965,17100.0,0.0,17100.0,17100.0,17100.0,42.0,
530125,3815.0,34000000.0,,,,,
0131A0,6895.0,188000000.0,,,,,
225030,2240.0,100000000.0,,,,,
244660,9225.0,0.0,,,,,
014825,13960.0,1000000.0,14000.0,14000.0,13610.0,99.0,
334690,5075.0,55000000.0,,,,,
500041,709.0,0.0,,,,,
306530,8050.0,121000000.0,,,,,
007575,7940.0,1000000.0,7910.0,7980.0,7800.0,230.0,
570110,17605.0,10000000.0,,,,,
014285,5820.0,1000000.0,5890.0,5890.0,5700.0,314.0,
36328K,2880.0,3000000.0,2920.0,2920.0,2815.0,1137.0,
570023,662.0,0.0,,,,,
427120,5315.0,126000000.0,,,,,
321410,10320.0,1000000.0,,,,,
267490,4390.0,14000000.0,,,,,
005745,5090.0,0.0,5010.0,5090.0,4960.0,121.0,
0079X0,8655.0,62000000.0,,,,,
014915,5000.0,0.0,5090.0,5090.0,5000.0,86.0,
280940,3645.0,10000000.0,,,,,
145670,1310.0,161000000.0,,,,,
252410,1344.0,49000000.0,,,,,
476000,5100.0,5000000.0,,,,,
491630,4760.0,1000000.0,,,,,
253230,78.0,411000000.0,,,,,
000227,7980.0,1000000.0,8120.0,8120.0,7980.0,220.0,
334700,3785.0,1000000.0,,,,,
500030,70.0,2000000.0,,,,,
580033,4660.0,14000000.0,,,,,
008355,7270.0,1000000.0,7650.0,7650.0,7020.0,219.0,
500051,1109.0,0.0,,,,,
280320,22070.0,0.0,,,,,
275750,2240.0,11000000.0,,,,,
570070,1896.0,1000000.0,,,,,
001525,7200.0,5000000.0,7520.0,7640.0,7200.0,728.0,
005030,18.0,393000000.0,24.0,28.0,16.0,18526789.0,
291620,3945.0,246000000.0,,,,,
253160,156.0,248000000.0,,,,,
253240,1338.0,42000000.0,,,,,
306520,2435.0,8000000.0,,,,,
700018,1457.0,9000000.0,,,,,
004545,3640.0,2000000.0,3500.0,3730.0,3500.0,597.0,
500038,1212.0,1000000.0,,,,,
005110,52.0,226000000.0,61.0,61.0,47.0,4420127.0,
261920,10975.0,0.0,,,,,
011155,5260.0,14000000.0,5440.0,5600.0,5260.0,2659.0,
001527,4995.0,1000000.0,4910.0,5100.0,4900.0,395.0,
412560,1568.0,12000000.0,,,,,
004415,4040.0,6000000.0,4035.0,4140.0,4035.0,1490.0,
465620,6280.0,16000000.0,,,,,
002785,6620.0,4000000.0,6850.0,7140.0,6550.0,638.0,
002787,9970.0,11000000.0,10350.0,10350.0,9360.0,1154.0,
196170,241000.0,169845000000.0,239000.0,246000.0,234500.0,704679.0,194488849000.0
247540,128800.0,75964000000.0,129100.0,130700.0,124000.0,595154.0,55828722000.00001
086520,91900.0,85040000000.0,92500.0,94300.0,90000.0,921305.0,60697475999.99999
036930,267500.0,988067000000.0,252500.0,278500.0,245000.0,3697882.0,
277810,429000.0,27698000000.0,448000.0,449500.0,429000.0,63419.0,13781550999.999998
058470,87900.0,141550000000.0,86000.0,89800.0,84600.0,1604068.0,75594890000.0
222800,172800.0,123081000000.0,171500.0,176900.0,169200.0,711172.0,70566212000.0
240810,133700.0,236011000000.0,132300.0,140400.0,131100.0,1729846.0,
039030,524000.0,103342000000.0,520000.0,538000.0,516000.0,195832.0,10523253000.0
028300,45650.0,41029000000.0,45950.0,46500.0,45100.0,894737.0,40306579000.0
000250,243500.0,62141000000.0,227000.0,243500.0,210500.0,269582.0,51427820999.99999
403870,64600.0,102268000000.0,65800.0,66900.0,63800.0,1572619.0,
031980,209500.0,45621000000.0,205000.0,219000.0,201000.0,215109.0,10689953000.0
108490,297500.0,76206000000.0,307500.0,316500.0,293500.0,252077.0,49189940000.0
095340,199400.0,38885000000.0,202500.0,207000.0,197500.0,193451.0,10543523000.0
319660,145100.0,61133000000.0,138000.0,145100.0,136200.0,434054.0,0.0
440110,82800.0,28397000000.0,82700.0,85600.0,81800.0,339349.0,
084370,173200.0,33338000000.0,169000.0,177700.0,169000.0,191640.0,13166852000.0
131290,311000.0,21812000000.0,315000.0,325000.0,307000.0,69383.0,11255484000.0
067310,51200.0,66465000000.0,50800.0,52000.0,50000.0,1299875.0,
064760,298000.0,24024000000.0,283000.0,301000.0,282500.0,81439.0,4471422000.0
357780,411500.0,12927000000.0,407000.0,420000.0,405000.0,31293.0,2308192000.0
095610,164200.0,32901000000.0,162700.0,166500.0,161600.0,200557.0,16327538000.000002
214450,302500.0,37398000000.0,307000.0,309000.0,295500.0,124118.0,11541459000.0
080220,86400.0,99738000000.0,85000.0,88500.0,83700.0,1153833.0,
141080,73300.0,28267000000.0,79200.0,79400.0,73300.0,377918.0,14903438000.0
298380,48000.0,19241000000.0,50100.0,50300.0,47650.0,397545.0,9870544000.0
226950,117300.0,30480000000.0,119500.0,122900.0,112000.0,258464.0,11714381000.0
010170,16970.0,104164000000.0,17770.0,17940.0,16750.0,6101714.0,
178320,41300.0,30941000000.0,41450.0,42000.0,40300.0,752247.0,
005290,51200.0,20999000000.0,51200.0,52000.0,50300.0,409362.0,13416808000.0
310210,138400.0,10970000000.0,144500.0,145200.0,136600.0,78146.0,4029327000.0
098460,37500.0,138076000000.0,36250.0,39850.0,36000.0,3606193.0,
043260,32400.0,81365000000.0,32650.0,33200.0,30850.0,2530172.0,
131970,125300.0,123129000000.0,113200.0,133800.0,110500.0,993090.0,108037141000.0
257720,35450.0,25601000000.0,37250.0,37650.0,35450.0,714279.0,13631650000.0
145020,182800.0,9748000000.0,183900.0,184400.0,179400.0,53639.0,1581153000.0
319400,20450.0,34616000000.0,20200.0,21000.0,19365.0,1699769.0,
214370,41800.0,3622000000.0,44050.0,44050.0,40900.0,86776.0,1379208000.0
030530,28400.0,18247000000.0,29450.0,29500.0,28200.0,634513.0,
140860,312000.0,16295000000.0,314000.0,319500.0,307500.0,51620.0,3582692999.9999995
058610,97400.0,20798000000.0,100500.0,101700.0,97300.0,210638.0,14755418000.0
087010,91500.0,56265000000.0,98300.0,99100.0,91500.0,596872.0,122354914000.00002
140410,69000.0,4462000000.0,68000.0,69500.0,66500.0,65730.0,
263750,32600.0,5765000000.0,33250.0,33500.0,32400.0,175928.0,1441821000.0
089030,55100.0,31089000000.0,54300.0,56000.0,53200.0,564232.0,
032820,11560.0,24200000000.0,12190.0,12310.0,11560.0,2043929.0,
214150,30350.0,5095000000.0,30750.0,30900.0,29750.0,168803.0,1546841000.0
347850,42850.0,24487000000.0,44800.0,45100.0,42750.0,564439.0,
237690,92900.0,9164000000.0,96800.0,96900.0,91800.0,98684.0,3243014999.9999995
323280,62700.0,23132000000.0,59700.0,63800.0,58500.0,375212.0,24574525000.0
036540,11580.0,57807000000.0,11400.0,11870.0,11320.0,4960297.0,
078600,114600.0,36165000000.0,112500.0,117900.0,110800.0,314668.0,29177207000.0
096530,38150.0,14498000000.0,38600.0,39600.0,37400.0,380523.0,7587036999.999999
089970,67100.0,35994000000.0,65000.0,68900.0,64200.0,536131.0,31284033000.0
041510,77500.0,4589000000.0,79500.0,79600.0,76100.0,59219.0,1293160000.0
420770,137500.0,8661000000.0,134100.0,138500.0,132300.0,64056.0,0.0
068760,38800.0,1967000000.0,39850.0,40500.0,38800.0,50379.0,1212775000.0
183300,33450.0,9173000000.0,33300.0,34650.0,32850.0,271242.0,5262735000.0
060370,31900.0,5042000000.0,33500.0,34000.0,31900.0,155828.0,1971394000.0
083650,53600.0,17932000000.0,56500.0,56700.0,53100.0,332614.0,11816319000.0
007390,24550.0,4387000000.0,24700.0,24900.0,24100.0,178902.0,2453732000.0
0009K0,24250.0,2602000000.0,25650.0,25750.0,24050.0,106598.0,1824485000.0
218410,58500.0,15982000000.0,59000.0,59700.0,57200.0,273415.0,12707232000.0
437730,48100.0,13065000000.0,51000.0,51500.0,47600.0,264406.0,12750725000.0
290650,56400.0,20532000000.0,57200.0,58300.0,54600.0,361797.0,7065600000.000001
204270,26250.0,55101000000.0,25800.0,27800.0,25000.0,2076091.0,
039200,37700.0,4426000000.0,39500.0,39950.0,37400.0,116633.0,2388176000.0
232140,17130.0,27761000000.0,17190.0,17520.0,16750.0,1613653.0,
035900,39550.0,14832000000.0,38600.0,39550.0,37400.0,382556.0,5593352000.0
950160,16030.0,6424000000.0,16810.0,16810.0,16000.0,396158.0,
347700,25200.0,42856000000.0,25600.0,26475.0,24100.0,1678218.0,
003380,11410.0,5322000000.0,11500.0,11640.0,11300.0,462669.0,
356860,53800.0,40140000000.0,50500.0,54600.0,50200.0,761280.0,37192812000.0
166090,64200.0,12940000000.0,62000.0,66300.0,61300.0,201217.0,6315372000.0
082920,27950.0,8430000000.0,29800.0,29850.0,27400.0,299886.0,3351227999.9999995
950260,25350.0,16290000000.0,27500.0,27850.0,24550.0,635660.0,
241710,111400.0,8172000000.0,117900.0,119200.0,111400.0,72091.0,2145993000.0
056190,31350.0,7315000000.0,30900.0,32600.0,30850.0,230317.0,2161317000.0
195940,39700.0,5072000000.0,40550.0,40900.0,39700.0,126325.0,791027000.0
101490,52700.0,16288000000.0,53200.0,54200.0,52100.0,305737.0,15963856000.000002
417200,16450.0,40036000000.0,15520.0,16600.0,14820.0,2523576.0,
252990,18270.0,8216000000.0,18840.0,19120.0,18130.0,439862.0,
127120,28750.0,5273000000.0,27900.0,30000.0,26200.0,187018.0,2537111000.0
083450,57700.0,12969000000.0,55800.0,58900.0,55700.0,224494.0,10578425000.0
036830,49600.0,6824000000.0,48600.0,51500.0,47500.0,136748.0,4554572000.0
086450,22400.0,6807000000.0,22450.0,23000.0,22100.0,303305.0,4383085000.0
293490,9350.0,4472000000.0,10090.0,10110.0,9190.0,468731.0,
033790,11580.0,71977000000.0,10030.0,11600.0,9850.0,6476290.0,
458870,25850.0,3489000000.0,25550.0,26400.0,24600.0,135780.0,2137466999.9999998
161580,41900.0,12261000000.0,40900.0,43000.0,40500.0,291588.0,15701307000.0
327260,53200.0,28583000000.0,53400.0,55300.0,51300.0,535140.0,
160190,30950.0,12993000000.0,34050.0,34650.0,30100.0,405889.0,
491000,37500.0,4301000000.0,37800.0,39250.0,36600.0,113510.0,
295310,74200.0,15078000000.0,71800.0,76800.0,70200.0,201384.0,7751857000.0
445680,53500.0,7532000000.0,59800.0,59900.0,52500.0,136649.0,6210680000.0
388210,95200.0,11108000000.0,89800.0,96700.0,89600.0,116933.0,5880387000.0
100790,17120.0,6607000000.0,16810.0,17670.0,16210.0,386253.0,
065350,32350.0,2131000000.0,32950.0,33300.0,32250.0,65309.0,1324192000.0
031330,8570.0,2206000000.0,8610.0,8670.0,8410.0,258026.0,
074600,32500.0,8311000000.0,31700.0,33200.0,31500.0,254978.0,4105803000.0
041960,11360.0,3538000000.0,11000.0,11500.0,10770.0,318239.0,
328130,11370.0,10513000000.0,11210.0,11560.0,10650.0,934230.0,11692590000.0
281740,12820.0,6167000000.0,12760.0,13150.0,12610.0,478915.0,
115180,22350.0,4429000000.0,23450.0,24000.0,20800.0,201311.0,2321282000.0
053800,75300.0,11209000000.0,75900.0,78500.0,72500.0,149118.0,11450135000.0
032500,19820.0,2437000000.0,20050.0,20350.0,18650.0,122709.0,1790882999.9999998
059090,24800.0,19988000000.0,22850.0,25450.0,22850.0,808962.0,16134330000.0
388720,69500.0,1788000000.0,70200.0,71500.0,68300.0,25739.0,1022749000.0
251970,65500.0,5445000000.0,66800.0,68000.0,64700.0,82079.0,1600024000.0000002
425420,64500.0,8831000000.0,64800.0,67400.0,63300.0,135815.0,4953714000.0
119850,48300.0,22736000000.0,51100.0,51200.0,47500.0,463718.0,13380728000.0
035760,36150.0,3924000000.0,35400.0,36150.0,34150.0,111755.0,586564000.0
064290,60600.0,12868000000.0,58500.0,62500.0,57500.0,209891.0,
137400,33000.0,4867000000.0,32550.0,33500.0,32200.0,147770.0,3961614999.9999995
121600,63500.0,5137000000.0,63100.0,64800.0,62800.0,80309.0,3485841000.0
033100,48350.0,3403000000.0,49350.0,49600.0,47950.0,70166.0,2094925000.0
033640,33300.0,12811000000.0,31350.0,33800.0,31300.0,388040.0,7385448000.0
038500,7080.0,98659000000.0,8080.0,8510.0,6870.0,12744009.0,
085660,8200.0,1291000000.0,8560.0,8670.0,8150.0,156735.0,496605999.99999994
006730,11860.0,6495000000.0,11960.0,12220.0,11560.0,546760.0,
014620,28700.0,3853000000.0,29150.0,29450.0,28700.0,133058.0,1263353000.0
171090,75000.0,4486000000.0,73500.0,77900.0,72500.0,59219.0,2750769000.0
490470,22300.0,23174000000.0,22550.0,23200.0,22050.0,1026717.0,
122870,40450.0,3094000000.0,41750.0,41950.0,40000.0,76383.0,752990000.0
099320,68600.0,6720000000.0,75300.0,75900.0,68600.0,94955.0,3112557000.0
213420,29950.0,3458000000.0,29750.0,30600.0,29300.0,115793.0,1206643000.0
476830,26300.0,7408000000.0,27500.0,27550.0,26250.0,278293.0,6631057000.0
036810,33850.0,3196000000.0,34550.0,35150.0,33500.0,93322.0,2574744000.0
053610,81400.0,5691000000.0,80500.0,82500.0,79600.0,70029.0,1326673000.0
090360,75100.0,7413000000.0,78600.0,78700.0,75100.0,97148.0,4174875000.0
090710,6090.0,5385000000.0,6280.0,6350.0,6040.0,883465.0,
102710,50600.0,5446000000.0,50000.0,51500.0,49800.0,107035.0,2446360000.0
044490,35550.0,3123000000.0,36400.0,36400.0,34800.0,87603.0,2379110000.0
253590,16150.0,10902000000.0,15970.0,16520.0,15710.0,674343.0,
032190,18450.0,895000000.0,18940.0,19000.0,18450.0,48063.0,315955000.0
466100,22700.0,5628000000.0,23100.0,23400.0,22100.0,248526.0,3654446999.9999995
456160,42000.0,8601000000.0,43150.0,44800.0,40700.0,201448.0,8362108000.000001
122640,32200.0,6540000000.0,31850.0,33550.0,31550.0,199970.0,
092870,53300.0,13315000000.0,53000.0,54000.0,51400.0,252898.0,
041830,51000.0,3518000000.0,54000.0,54200.0,50700.0,67802.0,1455058000.0
023160,26250.0,2560000000.0,26850.0,27050.0,26200.0,96469.0,1682491000.0
189300,63000.0,6444000000.0,69700.0,69800.0,62900.0,99588.0,3666100999.9999995
476060,14870.0,2419000000.0,15240.0,15290.0,14750.0,161871.0,3066175000.0
222080,8680.0,6969000000.0,8520.0,8870.0,8400.0,804296.0,
048410,6930.0,7328000000.0,7270.0,7340.0,6820.0,1045972.0,
225570,10010.0,2371000000.0,10500.0,10500.0,9750.0,238674.0,623388000.0
024850,18610.0,7665000000.0,17900.0,18860.0,17200.0,416645.0,
077360,14110.0,10477000000.0,13770.0,14550.0,13300.0,748038.0,
093320,131100.0,548000000.0,127100.0,133100.0,126400.0,4238.0,162337000.0
126340,87000.0,10787000000.0,92000.0,92000.0,86400.0,121364.0,9930223000.0
253450,20700.0,1483000000.0,21050.0,21150.0,20400.0,71440.0,197348000.0
124500,26500.0,6193000000.0,27550.0,28000.0,25850.0,232442.0,5037295000.0
144960,14000.0,20355000000.0,13240.0,14345.0,13000.0,1469330.0,
046890,10400.0,1764000000.0,10410.0,10560.0,10260.0,169114.0,1046571999.9999999
219130,95400.0,3992000000.0,97700.0,99600.0,95000.0,41361.0,
050890,9860.0,6764000000.0,10020.0,10200.0,9750.0,682294.0,
078350,38950.0,12385000000.0,36150.0,39500.0,36150.0,323139.0,0.0
080580,27800.0,8120000000.0,28100.0,28500.0,25850.0,293936.0,
045100,33350.0,1826000000.0,33350.0,34200.0,33200.0,54153.0,991877000.0
214430,78900.0,2558000000.0,79900.0,80900.0,75300.0,32651.0,740430000.0
047920,13130.0,87910000000.0,12970.0,14200.0,12500.0,6558809.0,97444080000.0
399720,47950.0,9503000000.0,48600.0,49400.0,47100.0,197085.0,17718688000.0
067630,4520.0,2972000000.0,4300.0,4600.0,4300.0,660991.0,
009520,13180.0,1878000000.0,13280.0,13430.0,13000.0,142230.0,982417000.0
069540,4870.0,73728000000.0,5220.0,5310.0,4755.0,15003225.0,
089890,33000.0,6556000000.0,33200.0,34050.0,32600.0,196538.0,4125124000.0000005
358570,8460.0,2661000000.0,8960.0,8970.0,8260.0,314514.0,1109522000.0
042000,22200.0,5294000000.0,23000.0,24000.0,21650.0,236794.0,3967557999.9999995
060250,13330.0,1401000000.0,13500.0,13540.0,13140.0,104999.0,
101160,32150.0,939000000.0,32400.0,32800.0,31950.0,28954.0,481686000.0
383310,25250.0,2268000000.0,25750.0,25850.0,24850.0,89258.0,
112040,15500.0,2805000000.0,15680.0,15800.0,15360.0,180402.0,719330000.0
052400,35950.0,2222000000.0,36000.0,36550.0,35300.0,61726.0,604972000.0
079940,38900.0,437000000.0,39000.0,39050.0,38350.0,11299.0,89137000.0
094170,24950.0,1986000000.0,25100.0,25450.0,24100.0,80455.0,1337461000.0
104830,41000.0,2753000000.0,40900.0,41850.0,40200.0,67273.0,1030411999.9999999
052020,7550.0,864000000.0,7700.0,7720.0,7350.0,115639.0,
356680,17950.0,21952000000.0,18680.0,19030.0,17390.0,1214861.0,
290550,25550.0,13282000000.0,23700.0,25950.0,23000.0,528744.0,
174900,25550.0,4450000000.0,26500.0,26600.0,25050.0,172495.0,
037460,31200.0,769000000.0,31300.0,31500.0,30500.0,24809.0,
348340,21400.0,14238000000.0,21150.0,22450.0,20100.0,666357.0,
468530,44400.0,7901000000.0,42750.0,46600.0,40800.0,178787.0,6467149000.000001
099190,16580.0,303000000.0,16870.0,16900.0,16350.0,18304.0,198321000.0
211050,9910.0,315000000.0,9990.0,10070.0,9690.0,31918.0,159350000.0
033160,19860.0,29556000000.0,20400.0,20900.0,19200.0,1468649.0,
098120,58500.0,5701000000.0,60500.0,61100.0,58200.0,95607.0,
365340,37350.0,985000000.0,38150.0,38300.0,37050.0,26161.0,686755000.0
348370,22000.0,7858000000.0,23450.0,23700.0,20000.0,359183.0,5378733000.0
086900,65900.0,1124000000.0,67700.0,67700.0,65800.0,16947.0,524841000.0
417840,20900.0,67162000000.0,19220.0,21600.0,18820.0,3250633.0,
056080,12540.0,12444000000.0,12230.0,12790.0,11560.0,1006379.0,
082270,10530.0,1130000000.0,11140.0,11210.0,10450.0,105725.0,582895000.0
025980,4900.0,3054000000.0,4930.0,4980.0,4850.0,624142.0,
089010,28250.0,3624000000.0,28400.0,29350.0,28100.0,126211.0,5149005000.0
200470,10790.0,19197000000.0,9990.0,11100.0,9940.0,1793385.0,
278280,38450.0,1353000000.0,39250.0,39850.0,38400.0,34698.0,368062000.0
041190,5890.0,5469000000.0,6080.0,6110.0,5850.0,924438.0,
034950,103500.0,70000000.0,103400.0,104000.0,103200.0,674.0,53741000.00000001
376900,26850.0,2650000000.0,27700.0,27800.0,26450.0,98495.0,2615051000.0
376300,19590.0,2192000000.0,18970.0,19590.0,18560.0,113982.0,1172635000.0
015750,5810.0,687000000.0,5930.0,5990.0,5800.0,117116.0,383748000.0
159010,34750.0,5654000000.0,32600.0,35550.0,32600.0,163721.0,
125490,12680.0,10261000000.0,13000.0,13250.0,12610.0,795043.0,
033500,15210.0,1132000000.0,15740.0,15750.0,15040.0,74297.0,502670000.0
018290,12940.0,4019000000.0,13600.0,13720.0,12870.0,305668.0,3818939000.0000005
019210,12150.0,4283000000.0,12480.0,12540.0,12120.0,349436.0,
475960,33250.0,1579000000.0,33950.0,35550.0,33200.0,46597.0,721097000.0
336570,5000.0,2825000000.0,5100.0,5370.0,4875.0,566355.0,
272290,22300.0,2305000000.0,22200.0,22650.0,21750.0,103304.0,1046704000.0000001
079370,14330.0,4336000000.0,14130.0,14580.0,13920.0,303731.0,
368770,13450.0,1987000000.0,14110.0,14110.0,13450.0,145467.0,
340570,27400.0,1203000000.0,28500.0,28800.0,27400.0,43410.0,944539000.0
460930,12350.0,1181000000.0,12920.0,12920.0,12300.0,94600.0,797951000.0
107640,48350.0,9075000000.0,47100.0,48650.0,45800.0,191657.0,5696174000.0
035890,2100.0,385000000.0,2160.0,2185.0,2100.0,181502.0,
078340,36000.0,2755000000.0,36800.0,37400.0,34650.0,76511.0,513075000.0
170920,41100.0,7807000000.0,41400.0,42250.0,40400.0,188850.0,
027360,3550.0,4214000000.0,3640.0,3665.0,3490.0,1177690.0,
030520,17520.0,5634000000.0,18380.0,18530.0,17420.0,315147.0,18165135000.0
441270,10000.0,11140000000.0,9300.0,10100.0,9110.0,1134394.0,7389760000.0
067160,37650.0,1821000000.0,36750.0,37775.0,36150.0,49148.0,509611000.00000006
078130,3735.0,298000000.0,3800.0,3845.0,3575.0,79406.0,
475830,19270.0,5874000000.0,20000.0,20100.0,19190.0,302200.0,5320479000.0
348210,40000.0,3563000000.0,38650.0,40750.0,37700.0,89625.0,2190166000.0
114810,14650.0,2312000000.0,14600.0,15200.0,14540.0,155857.0,1120613000.0
052710,21950.0,9519000000.0,21800.0,22700.0,21000.0,433644.0,
013030,34450.0,663000000.0,34950.0,35400.0,34250.0,19142.0,197647000.0
486990,18950.0,5672000000.0,19800.0,19820.0,18810.0,294227.0,5380864000.0
187660,6320.0,5512000000.0,6680.0,6720.0,6280.0,861960.0,
215200,38950.0,2320000000.0,37700.0,39100.0,37700.0,59807.0,350416000.0
241770,39450.0,225000000.0,39050.0,39900.0,38500.0,5766.0,66507000.00000001
204620,5720.0,2164000000.0,5800.0,5890.0,5700.0,373865.0,
330860,32950.0,10327000000.0,31850.0,33900.0,31350.0,314689.0,
101730,4790.0,3466000000.0,5000.0,5000.0,4745.0,713394.0,6242445000.0
397030,14560.0,5495000000.0,15220.0,15340.0,14510.0,369809.0,3652969000.0
372320,26150.0,1695000000.0,25500.0,26800.0,24150.0,67307.0,1559951000.0
039440,25200.0,4064000000.0,24300.0,25950.0,24250.0,160255.0,2736149000.0
393890,11470.0,12215000000.0,10500.0,11780.0,10320.0,1074031.0,
332570,8410.0,8961000000.0,8780.0,8890.0,8410.0,1036401.0,
236200,55100.0,1036000000.0,55300.0,55700.0,54200.0,18753.0,542030000.0
200710,28300.0,3045000000.0,29150.0,29200.0,28050.0,106745.0,4099260000.0000005
138080,30750.0,6467000000.0,31600.0,31850.0,29000.0,212967.0,
095660,17580.0,725000000.0,18350.0,18360.0,17530.0,40884.0,94247000.0
092190,8290.0,764000000.0,8040.0,8410.0,7850.0,93406.0,
025900,7520.0,900000000.0,7370.0,7540.0,7270.0,121580.0,336033000.0
078160,9590.0,552000000.0,9960.0,9980.0,9540.0,56860.0,286703000.0
477850,21150.0,5447000000.0,21350.0,22150.0,20850.0,253463.0,
069080,12020.0,1915000000.0,12390.0,12390.0,11980.0,157531.0,79383000.0
092730,23150.0,769000000.0,24000.0,24200.0,23000.0,33015.0,338258000.0
354320,57300.0,20607000000.0,49500.0,59200.0,48650.0,372292.0,
046970,8330.0,17154000000.0,8300.0,8660.0,8030.0,2037698.0,
025320,3955.0,994000000.0,3995.0,4030.0,3940.0,250063.0,717430000.0
036800,7980.0,293000000.0,8130.0,8160.0,7980.0,36353.0,99916000.0
110990,18920.0,1367000000.0,19040.0,19110.0,18580.0,72435.0,998283000.0
168360,15890.0,3396000000.0,16370.0,16580.0,15850.0,209480.0,11894443000.0
060280,8620.0,1883000000.0,8710.0,8910.0,8490.0,217195.0,
389470,26600.0,3702000000.0,29250.0,29250.0,26600.0,135452.0,3818722000.0000005
078020,6380.0,165000000.0,6480.0,6480.0,6330.0,25922.0,
003800,31700.0,57000000.0,32050.0,32050.0,31700.0,1777.0,
456010,24150.0,16180000000.0,25100.0,25150.0,23150.0,674947.0,
482630,15970.0,5183000000.0,15200.0,16100.0,15180.0,327273.0,
425040,15610.0,11647000000.0,15280.0,15830.0,15040.0,748165.0,
006910,6940.0,4619000000.0,7140.0,7190.0,6940.0,656780.0,
093520,28600.0,212000000.0,28450.0,28950.0,28250.0,7420.0,79512000.0
091580,25500.0,12990000000.0,25100.0,26200.0,24800.0,505673.0,
036620,3750.0,491000000.0,3855.0,3855.0,3740.0,130594.0,102936999.99999999
064260,4450.0,1989000000.0,4500.0,4510.0,4380.0,448504.0,
017890,16190.0,2096000000.0,16080.0,16350.0,15970.0,130170.0,
036200,10910.0,2514000000.0,10750.0,11080.0,10630.0,229932.0,1734061000.0000002
121440,7720.0,49000000.0,7730.0,7770.0,7650.0,6365.0,
061970,4640.0,1282000000.0,4690.0,4770.0,4610.0,273926.0,
018000,1112.0,1266000000.0,1170.0,1180.0,1110.0,1106705.0,
215600,2340.0,1150000000.0,2380.0,2380.0,2300.0,492334.0,
117730,14340.0,725000000.0,14740.0,14740.0,14100.0,50380.0,1068280000.0
448900,53200.0,2244000000.0,55000.0,55500.0,53000.0,41860.0,1347439000.0
446540,11090.0,9126000000.0,11010.0,11940.0,10960.0,799924.0,
234340,22850.0,3546000000.0,22700.0,23400.0,22400.0,154510.0,
455900,20500.0,4019000000.0,22150.0,22950.0,20500.0,190082.0,1458848000.0
265520,20600.0,751000000.0,20000.0,20850.0,19950.0,36616.0,450792000.00000006
206650,8420.0,2591000000.0,8650.0,9060.0,8360.0,298536.0,
086390,14440.0,2281000000.0,14580.0,15000.0,14300.0,155942.0,1712324000.0
900290,3280.0,568000000.0,3400.0,3400.0,3255.0,172348.0,
424870,3300.0,1488000000.0,3435.0,3445.0,3290.0,445821.0,2091363000.0000002
199800,33450.0,881000000.0,32650.0,33700.0,31200.0,27351.0,656644000.0
115450,3175.0,29604000000.0,2900.0,3540.0,2875.0,8964432.0,
160980,27450.0,3137000000.0,27600.0,28600.0,27150.0,112921.0,
049070,18770.0,1084000000.0,18850.0,19060.0,18480.0,57576.0,350751000.0
042520,20650.0,2899000000.0,22550.0,22550.0,20150.0,140102.0,1072092999.9999999
025770,7840.0,77000000.0,7870.0,7920.0,7740.0,9829.0,
054950,24200.0,382000000.0,24250.0,24600.0,24050.0,15695.0,524669000.0
084110,23100.0,580000000.0,23750.0,23850.0,23000.0,24917.0,533384000.00000006
452430,35350.0,999000000.0,35500.0,36250.0,34800.0,28118.0,718384000.0
092460,17050.0,311000000.0,17130.0,17130.0,16620.0,18425.0,201435000.0
488900,10000.0,1216000000.0,10200.0,10370.0,9830.0,121299.0,1599588000.0
484590,7000.0,873000000.0,7120.0,7190.0,7000.0,123499.0,
200670,25650.0,754000000.0,26000.0,26050.0,25100.0,29667.0,438101000.0
035810,4460.0,364000000.0,4470.0,4525.0,4415.0,81513.0,
314130,5470.0,3346000000.0,5290.0,5700.0,5060.0,629587.0,
136480,2685.0,510000000.0,2650.0,2685.0,2650.0,190787.0,
085910,20500.0,5524000000.0,19200.0,21100.0,19100.0,272410.0,
228760,11320.0,1048000000.0,11610.0,11780.0,11110.0,92438.0,382031000.0
012210,12170.0,26499000000.0,13410.0,13470.0,12070.0,2112843.0,
448280,9460.0,26000000.0,9510.0,9510.0,9360.0,2766.0,12971000.0
203650,2755.0,7473000000.0,2870.0,2925.0,2700.0,2680476.0,
389500,41550.0,2449000000.0,42500.0,42900.0,40650.0,59016.0,
386380,14720.0,10852000000.0,15590.0,15620.0,14520.0,721991.0,
042370,10510.0,4793000000.0,10750.0,10860.0,10300.0,451268.0,
352480,20200.0,310000000.0,21250.0,21300.0,19950.0,15323.0,146033000.0
317330,13410.0,1202000000.0,13910.0,13990.0,13150.0,88845.0,795851000.0
378340,12680.0,859000000.0,12880.0,12990.0,12490.0,67473.0,677960000.0
493280,18460.0,1349000000.0,18850.0,19100.0,18210.0,72572.0,
394280,10400.0,767000000.0,10170.0,10480.0,10090.0,74209.0,485506000.0
094360,12760.0,1169000000.0,12860.0,13150.0,12610.0,90753.0,933170000.0
101930,5950.0,273000000.0,6170.0,6170.0,5850.0,45776.0,271065000.0
100120,30300.0,863000000.0,29700.0,31000.0,29350.0,28663.0,
254490,18820.0,3235000000.0,18560.0,19290.0,18465.0,171241.0,
304360,21750.0,912000000.0,23200.0,23200.0,21600.0,41290.0,671284000.0
036710,5130.0,949000000.0,5080.0,5300.0,5000.0,185454.0,
452280,14050.0,6513000000.0,14200.0,14760.0,13850.0,454225.0,
060720,11410.0,605000000.0,11610.0,11690.0,11310.0,52897.0,
309710,21000.0,0.0,0.0,0.0,0.0,0.0,
035600,9710.0,177000000.0,9710.0,9730.0,9600.0,18264.0,35886000.0
267980,34800.0,152000000.0,34700.0,35150.0,34700.0,4372.0,67564000.0
182400,3670.0,0.0,0.0,0.0,0.0,0.0,
468670,23350.0,50535000000.0,25300.0,27700.0,23350.0,1976882.0,
472850,4605.0,320000000.0,4650.0,4695.0,4550.0,69633.0,187914000.0
051500,22300.0,171000000.0,21750.0,22300.0,21400.0,7853.0,75577000.0
294570,26050.0,1297000000.0,26350.0,26550.0,25600.0,49805.0,1047274000.0
266690,13910.0,223911000000.0,13410.0,15960.0,11600.0,15439499.0,
272110,32700.0,2361000000.0,32200.0,33500.0,32100.0,71669.0,
071200,10750.0,1037000000.0,11000.0,11050.0,10110.0,98135.0,
416180,28800.0,2147000000.0,28400.0,29800.0,27350.0,74422.0,1941601000.0
287840,17320.0,591000000.0,18040.0,18100.0,17280.0,33854.0,182544000.0
089980,16150.0,220000000.0,16140.0,16490.0,16060.0,13502.0,301803000.0
099440,3775.0,682000000.0,3820.0,3820.0,3725.0,181394.0,
091700,5150.0,729000000.0,5240.0,5250.0,5080.0,142593.0,
098070,23150.0,1523000000.0,23750.0,23750.0,22900.0,65801.0,1026287000.0
445090,23500.0,1922000000.0,24000.0,24350.0,23100.0,81278.0,6695059999.999999
151860,5390.0,166000000.0,5380.0,5410.0,5320.0,30972.0,
121800,3320.0,0.0,0.0,0.0,0.0,0.0,
068930,9240.0,340000000.0,9130.0,9270.0,9100.0,36952.0,
005160,4710.0,94596000000.0,3910.0,4905.0,3865.0,20893510.0,
024840,5870.0,5557000000.0,6120.0,6120.0,5770.0,936635.0,
484120,23250.0,1556000000.0,23750.0,24150.0,22650.0,65738.0,666797000.0
043150,17070.0,717000000.0,17540.0,17540.0,17050.0,41851.0,114825000.0
377460,4080.0,0.0,0.0,0.0,0.0,0.0,
112290,12520.0,2956000000.0,12320.0,12800.0,12170.0,235791.0,
032580,7620.0,3211000000.0,7750.0,7840.0,7300.0,423557.0,
073490,33100.0,1258000000.0,33400.0,33950.0,32750.0,37694.0,
243840,6500.0,5901000000.0,6150.0,6580.0,6110.0,923762.0,
023410,3220.0,471000000.0,3250.0,3250.0,3200.0,146230.0,
439090,15150.0,1158000000.0,15900.0,15910.0,15150.0,75097.0,1286643000.0
389650,29700.0,1694000000.0,31000.0,31000.0,28250.0,57878.0,1356836000.0
0035S0,23900.0,27223000000.0,26600.0,27950.0,23900.0,1064014.0,
036030,4990.0,165000000.0,5050.0,5070.0,4840.0,32941.0,
461300,18250.0,352000000.0,17710.0,18320.0,17610.0,19639.0,
389260,13500.0,712000000.0,13590.0,13650.0,13290.0,52896.0,
0011T0,5140.0,638000000.0,5300.0,5450.0,5100.0,122904.0,
377450,13850.0,160000000.0,14280.0,14280.0,13800.0,11525.0,
061090,43800.0,1043000000.0,43700.0,44500.0,42550.0,23841.0,917384000.0
450950,6340.0,488000000.0,6020.0,6410.0,6010.0,77049.0,399173000.0
114190,9110.0,853000000.0,9320.0,9330.0,8900.0,93230.0,811698000.0
083310,13310.0,2513000000.0,12890.0,13840.0,12880.0,186532.0,
099430,3840.0,620000000.0,3850.0,3910.0,3790.0,161350.0,
108860,8750.0,978000000.0,9030.0,9030.0,8720.0,110793.0,1607794000.0000002
043370,11210.0,106000000.0,11010.0,11290.0,10940.0,9419.0,66342000.0
064850,20550.0,481000000.0,20350.0,21000.0,20300.0,23344.0,
067390,5560.0,226000000.0,5590.0,5640.0,5480.0,40892.0,
036890,10600.0,1255000000.0,11200.0,11200.0,10600.0,116194.0,620176000.0
340450,9870.0,4849000000.0,10010.0,10130.0,9560.0,495777.0,
064820,7560.0,365000000.0,7810.0,7870.0,7520.0,48017.0,183118000.0
200130,8090.0,246000000.0,8180.0,8200.0,7860.0,30525.0,130256000.0
462350,6860.0,11728000000.0,6600.0,7300.0,6060.0,1711724.0,
011560,22950.0,2202000000.0,23750.0,23750.0,22750.0,95614.0,
126600,3680.0,4458000000.0,3650.0,3755.0,3570.0,1220631.0,
144510,14600.0,478000000.0,15080.0,15080.0,14530.0,32405.0,217868000.0
180400,2330.0,77000000.0,2375.0,2420.0,2275.0,32869.0,
376270,31600.0,447000000.0,32800.0,32800.0,30850.0,14240.0,204168000.0
243070,19000.0,507000000.0,19450.0,19450.0,18910.0,26594.0,203310000.0
382800,7130.0,19147000000.0,7020.0,7430.0,6830.0,2689077.0,
298830,4240.0,467000000.0,4280.0,4350.0,4225.0,109380.0,
215000,35750.0,223000000.0,36050.0,36050.0,35450.0,6244.0,144629000.0
078150,2355.0,5338000000.0,2310.0,2460.0,2310.0,2225189.0,
067080,12000.0,739000000.0,12130.0,12230.0,11850.0,61407.0,748735000.0
293780,7940.0,617000000.0,8090.0,8090.0,7520.0,79018.0,
486510,11340.0,33563000000.0,12410.0,13780.0,11340.0,2653877.0,
419530,21700.0,3485000000.0,22300.0,22650.0,21250.0,159431.0,4220628000.0
0008Z0,23450.0,420000000.0,23700.0,23750.0,23000.0,17961.0,222751000.0
018310,15040.0,107000000.0,14950.0,15130.0,14880.0,7109.0,19597000.0
065710,42900.0,289000000.0,43200.0,43300.0,42500.0,6722.0,
023760,1400.0,43000000.0,1404.0,1408.0,1398.0,30630.0,
237880,12180.0,1193000000.0,12500.0,13050.0,12170.0,94869.0,1044225000.0
216080,5900.0,476000000.0,5990.0,6020.0,5820.0,80558.0,
095500,7090.0,623000000.0,7160.0,7210.0,7020.0,87589.0,444966000.0
064550,8460.0,971000000.0,8670.0,8700.0,8380.0,113893.0,740931000.0
187870,15720.0,9553000000.0,13400.0,16270.0,13200.0,623202.0,
065680,24050.0,159000000.0,23900.0,24250.0,23300.0,6680.0,105349000.0
190510,15410.0,619000000.0,15460.0,15670.0,15340.0,40050.0,282767000.0
094480,5530.0,1087000000.0,5640.0,5650.0,5490.0,195484.0,
365270,9770.0,924000000.0,10160.0,10200.0,9650.0,93082.0,
0001A0,8490.0,301000000.0,8720.0,8720.0,8430.0,35365.0,
126730,24600.0,3713000000.0,25000.0,25450.0,24450.0,149670.0,
176750,7570.0,247000000.0,7660.0,7660.0,7460.0,32811.0,597517000.0
405100,17540.0,1085000000.0,17680.0,18430.0,17220.0,60414.0,
206640,9790.0,180000000.0,9860.0,9950.0,9770.0,18216.0,215767000.0
263860,23600.0,9176000000.0,23000.0,24450.0,22300.0,386405.0,
241520,8010.0,662000000.0,8230.0,8260.0,8000.0,81688.0,
382900,24300.0,1244000000.0,24650.0,25200.0,24050.0,50984.0,2019490000.0
307180,5720.0,1980000000.0,5650.0,5760.0,5490.0,352487.0,
439960,6490.0,8672000000.0,7010.0,7230.0,6420.0,1324169.0,
053300,5310.0,915000000.0,5370.0,5390.0,5250.0,171879.0,
045390,2975.0,1065000000.0,2975.0,3015.0,2945.0,357624.0,
256840,3060.0,5966000000.0,3225.0,3240.0,3040.0,1926143.0,
950170,4290.0,91000000.0,4300.0,4400.0,4205.0,21148.0,
005710,10430.0,62000000.0,10420.0,10470.0,10300.0,6004.0,26917999.999999996
452450,5800.0,5530000000.0,5860.0,6270.0,5750.0,915370.0,
084990,4530.0,19025000000.0,3965.0,4955.0,3765.0,4086490.0,
475400,17670.0,956000000.0,18490.0,18490.0,17450.0,53428.0,566126000.0
125020,5950.0,2372000000.0,6080.0,6150.0,5880.0,394973.0,
019010,4325.0,229000000.0,4275.0,4370.0,4260.0,53021.0,
053030,6340.0,276000000.0,6450.0,6560.0,6340.0,43242.0,136952000.0
049430,22900.0,1228000000.0,22200.0,23000.0,21850.0,54115.0,
380540,8450.0,0.0,0.0,0.0,0.0,0.0,
462860,2870.0,3386000000.0,2800.0,2980.0,2740.0,1182564.0,
481070,14330.0,45000000.0,14730.0,14730.0,13970.0,3170.0,106224999.99999999
459510,15360.0,387000000.0,15800.0,15800.0,15260.0,25120.0,457155000.0
036170,3225.0,589000000.0,3280.0,3280.0,3120.0,182667.0,
014940,4340.0,409000000.0,4440.0,4440.0,4325.0,93965.0,
058970,15970.0,280000000.0,16360.0,16460.0,15780.0,17404.0,195752000.0
403850,13680.0,3307000000.0,12570.0,13810.0,12400.0,245324.0,1949824000.0
036190,32700.0,210000000.0,33950.0,33950.0,32400.0,6405.0,
234690,10840.0,2379000000.0,10760.0,11250.0,10670.0,217800.0,
119610,17030.0,728000000.0,16910.0,17430.0,16800.0,42742.0,
217730,2065.0,698000000.0,2230.0,2235.0,2050.0,331858.0,
314930,6520.0,197000000.0,6700.0,6710.0,6310.0,30388.0,136133000.0
353810,5850.0,316000000.0,5920.0,5920.0,5790.0,54229.0,
351320,4445.0,1116000000.0,4450.0,4580.0,4115.0,258582.0,
080720,2410.0,0.0,0.0,0.0,0.0,0.0,
051160,14220.0,2883000000.0,13780.0,14325.0,13680.0,205446.0,
194700,10490.0,502000000.0,10590.0,10640.0,10380.0,47859.0,278691000.0
163730,14950.0,2522000000.0,14700.0,15450.0,14500.0,167426.0,
143240,17750.0,171000000.0,17500.0,17760.0,17500.0,9669.0,
083930,12950.0,711000000.0,12720.0,13060.0,12600.0,54992.0,
372170,23800.0,1009000000.0,23550.0,25450.0,23350.0,41800.0,627557000.0
388050,10130.0,3010000000.0,10240.0,10550.0,10000.0,293065.0,
066620,25200.0,189000000.0,25100.0,25500.0,24600.0,7552.0,
013120,2075.0,138000000.0,2100.0,2100.0,2040.0,66843.0,
394800,5900.0,6991000000.0,6230.0,6260.0,5900.0,1151961.0,26930765000.000004
086670,18880.0,690000000.0,18900.0,19270.0,18670.0,36419.0,
016790,994.0,0.0,0.0,0.0,0.0,0.0,
036560,11870.0,72000000.0,11990.0,11990.0,11720.0,6151.0,
041920,10050.0,580000000.0,10310.0,10360.0,9820.0,57638.0,
126700,12500.0,911000000.0,12310.0,12720.0,12130.0,73143.0,
102940,14250.0,878000000.0,14810.0,14810.0,14160.0,61165.0,320576000.0
052330,10450.0,54000000.0,10460.0,10530.0,10380.0,5190.0,
034810,5850.0,15000000.0,5900.0,5930.0,5820.0,2627.0,
199430,16450.0,835000000.0,17260.0,17610.0,16000.0,50075.0,932760000.0
464080,10160.0,768000000.0,10510.0,10590.0,10050.0,75052.0,
024060,12200.0,6698000000.0,12040.0,12270.0,11900.0,553775.0,
082800,3010.0,291000000.0,3055.0,3055.0,2965.0,97119.0,
068790,8200.0,293000000.0,8220.0,8260.0,8120.0,35681.0,
214180,13990.0,552000000.0,14200.0,14330.0,13970.0,39145.0,
220100,7040.0,436000000.0,6990.0,7180.0,6800.0,61845.0,394600000.0
054210,7170.0,1007000000.0,7180.0,7310.0,7030.0,140539.0,
355150,23250.0,3596000000.0,24450.0,24850.0,23250.0,150780.0,
092070,15530.0,1670000000.0,14680.0,15960.0,14650.0,108435.0,
012860,2445.0,1360000000.0,2460.0,2520.0,2380.0,557625.0,
251370,9920.0,2244000000.0,10150.0,10730.0,9910.0,218570.0,
484810,11550.0,710000000.0,11890.0,11930.0,11490.0,60719.0,
192440,28650.0,55000000.0,28600.0,28650.0,28150.0,1927.0,
094820,11800.0,885000000.0,11960.0,12160.0,11680.0,74467.0,
138610,15650.0,301000000.0,16050.0,16230.0,15610.0,19056.0,329042000.0
230240,13350.0,1410000000.0,13880.0,13880.0,13300.0,104582.0,
260970,61300.0,637000000.0,62700.0,63000.0,60600.0,10347.0,
104480,1950.0,858000000.0,1869.0,1976.0,1869.0,441929.0,
357550,32400.0,63000000.0,32500.0,32850.0,31750.0,1967.0,20928000.0
304100,13970.0,1030000000.0,14880.0,15000.0,13820.0,72591.0,956642000.0000001
488280,16250.0,10081000000.0,16280.0,16690.0,15200.0,631032.0,
264850,5790.0,814000000.0,5880.0,5940.0,5740.0,139145.0,
308430,13580.0,273000000.0,14090.0,14100.0,13390.0,19987.0,212268000.0
084850,7720.0,95000000.0,7720.0,7740.0,7550.0,12404.0,46892000.0
0015G0,14920.0,551000000.0,15350.0,15400.0,14800.0,36739.0,
013990,5300.0,799000000.0,5260.0,5310.0,5240.0,151368.0,
489460,11810.0,767000000.0,11910.0,12030.0,11600.0,64736.0,
123330,21800.0,3520000000.0,21750.0,22400.0,20900.0,163750.0,
119830,6520.0,578000000.0,6590.0,6700.0,6350.0,88037.0,
149950,12580.0,742000000.0,12630.0,12960.0,12250.0,58514.0,
088800,2270.0,408000000.0,2315.0,2375.0,2235.0,177979.0,
143160,15960.0,40000000.0,15990.0,15990.0,15770.0,2528.0,
092130,14200.0,36000000.0,14190.0,14260.0,14120.0,2513.0,
042510,15390.0,38864000000.0,16460.0,17180.0,14820.0,2460985.0,
039860,4485.0,672000000.0,4555.0,4600.0,4415.0,148898.0,
086820,6590.0,540000000.0,6820.0,6820.0,6410.0,82921.0,
270660,13380.0,255000000.0,13700.0,13700.0,13100.0,19115.0,215391999.99999997
264450,11570.0,438000000.0,11610.0,11760.0,11530.0,37671.0,
108380,17680.0,235000000.0,18280.0,18280.0,17630.0,13225.0,114808000.0
445180,9840.0,323000000.0,9830.0,9940.0,9660.0,32971.0,
032620,3235.0,169000000.0,3230.0,3245.0,3180.0,52692.0,
199820,7580.0,625000000.0,7870.0,7870.0,7450.0,82121.0,
418550,5250.0,243000000.0,5340.0,5380.0,5200.0,45958.0,
046120,4960.0,1423000000.0,5140.0,5250.0,4810.0,284995.0,
478340,14450.0,4128000000.0,15290.0,15290.0,14400.0,282096.0,
141000,13840.0,59684000000.0,14330.0,14980.0,13070.0,4259961.0,
038390,10000.0,38000000.0,9930.0,10040.0,9930.0,3843.0,
245620,741.0,0.0,0.0,0.0,0.0,0.0,
042420,20500.0,217000000.0,21200.0,21200.0,20250.0,10554.0,
051370,7120.0,1126000000.0,7120.0,7250.0,6960.0,158467.0,
318060,14830.0,1725000000.0,16240.0,16350.0,14830.0,114034.0,
432720,11650.0,1253000000.0,11700.0,12000.0,11550.0,106586.0,
194480,13540.0,588000000.0,13860.0,14000.0,13510.0,42992.0,187312000.0
156100,7350.0,4002000000.0,6880.0,7500.0,6680.0,561710.0,
0082N0,12340.0,602000000.0,13070.0,13140.0,12100.0,48886.0,
950140,8200.0,86000000.0,8340.0,8340.0,8100.0,10563.0,
086890,3980.0,187000000.0,4040.0,4050.0,3960.0,46648.0,
289080,2695.0,1554000000.0,2690.0,2770.0,2650.0,571924.0,
065660,16190.0,273000000.0,15980.0,16340.0,15580.0,17156.0,151414000.0
267320,2815.0,36031000000.0,2710.0,3060.0,2700.0,12337630.0,
049630,6910.0,1075000000.0,7040.0,7400.0,6880.0,154400.0,
039830,14960.0,268000000.0,15270.0,15270.0,14820.0,17860.0,
307750,2975.0,52198000000.0,2725.0,3270.0,2560.0,17171962.0,
158430,6550.0,24118000000.0,6700.0,6740.0,6160.0,3736842.0,
417500,4875.0,3489000000.0,4705.0,5050.0,4660.0,715608.0,
066410,1153.0,0.0,0.0,0.0,0.0,0.0,
290690,3000.0,2356000000.0,3220.0,3225.0,2975.0,770205.0,
122990,6200.0,267000000.0,6440.0,6480.0,6190.0,42690.0,
093190,8260.0,53000000.0,8400.0,8400.0,8020.0,6396.0,
388790,5170.0,1721000000.0,5300.0,5320.0,5040.0,331072.0,
274090,11460.0,5852000000.0,12360.0,12360.0,11230.0,499375.0,
032940,8670.0,944000000.0,8680.0,8900.0,8600.0,108138.0,
204610,2830.0,101000000.0,2850.0,2855.0,2790.0,35627.0,
146320,12320.0,1077000000.0,11600.0,12650.0,11600.0,87974.0,
123860,13000.0,70000000.0,12900.0,13000.0,12660.0,5487.0,
396300,5940.0,31483000000.0,5770.0,6370.0,5710.0,5115010.0,
226590,14680.0,431000000.0,14680.0,15020.0,14300.0,29273.0,
101360,8840.0,3478000000.0,9540.0,9640.0,8800.0,378299.0,15431083000.000002
093640,4785.0,43000000.0,4760.0,4795.0,4650.0,9099.0,
041520,12890.0,113000000.0,12730.0,13100.0,12650.0,8807.0,
255220,1041.0,2014000000.0,1086.0,1087.0,1033.0,1924997.0,
011040,5080.0,70000000.0,5070.0,5080.0,5020.0,13929.0,
078070,9160.0,212000000.0,9270.0,9270.0,8970.0,23280.0,
072870,13070.0,131000000.0,13050.0,13160.0,13050.0,10039.0,
102120,8740.0,1762000000.0,8580.0,8930.0,8570.0,200989.0,
023910,25850.0,108000000.0,25950.0,26100.0,25700.0,4178.0,
402030,12390.0,171000000.0,12820.0,12820.0,12240.0,13748.0,123438000.0
024800,4395.0,200000000.0,4225.0,4395.0,4170.0,46664.0,
067280,26100.0,147000000.0,26300.0,26300.0,25900.0,5643.0,
054450,10160.0,432000000.0,10150.0,10460.0,10040.0,41975.0,
067290,2745.0,4901000000.0,2890.0,2890.0,2725.0,1771498.0,
123410,5500.0,378000000.0,5650.0,5700.0,5490.0,68082.0,
489500,23900.0,874000000.0,23100.0,24400.0,22600.0,36762.0,
322310,16300.0,1319000000.0,16150.0,16670.0,15600.0,80891.0,
118990,6220.0,173000000.0,6190.0,6280.0,6140.0,27890.0,
475040,2835.0,613000000.0,2930.0,2930.0,2825.0,213971.0,
142210,7340.0,4359000000.0,7000.0,7430.0,6960.0,601743.0,
220260,4725.0,618000000.0,4690.0,4825.0,4635.0,130079.0,
041020,3045.0,279000000.0,3180.0,3180.0,3040.0,90664.0,
452190,6310.0,94874000000.0,6040.0,7080.0,6040.0,14024880.0,
007330,10000.0,45000000.0,9990.0,10020.0,9960.0,4533.0,
179290,4635.0,144000000.0,4660.0,4740.0,4595.0,31058.0,
080160,7930.0,294000000.0,7970.0,8120.0,7890.0,36946.0,
0088M0,15160.0,1441000000.0,14940.0,15430.0,14520.0,95548.0,
205500,1787.0,132000000.0,1799.0,1799.0,1720.0,75157.0,
054800,14400.0,32000000.0,14520.0,14590.0,14310.0,2217.0,
069510,13640.0,46000000.0,13510.0,13640.0,13430.0,3407.0,
042600,11920.0,251000000.0,11710.0,12120.0,11520.0,20966.0,
494120,9650.0,703000000.0,10420.0,10420.0,9380.0,71431.0,384640000.0
413630,4030.0,2204000000.0,4235.0,4235.0,4015.0,539968.0,
474650,25500.0,1103000000.0,26800.0,26800.0,24850.0,43645.0,
0161M0,12000.0,19550000000.0,12930.0,13400.0,11920.0,1518032.0,
0039P0,7760.0,2985000000.0,8070.0,8070.0,7600.0,382154.0,
052260,4850.0,3700000000.0,5050.0,5110.0,4735.0,756635.0,
046440,4005.0,113000000.0,4030.0,4030.0,3975.0,28289.0,
105330,9040.0,685000000.0,9150.0,9350.0,8300.0,75529.0,
264660,14860.0,373000000.0,14660.0,15200.0,14520.0,24971.0,
049960,15360.0,62000000.0,15220.0,15400.0,15100.0,4074.0,
256940,7190.0,171000000.0,7280.0,7320.0,7130.0,23684.0,
232680,10880.0,750000000.0,10790.0,11170.0,10530.0,68516.0,
950250,4040.0,1461000000.0,4130.0,4235.0,3980.0,360436.0,
147830,7210.0,752000000.0,7230.0,7340.0,7090.0,104349.0,
023600,9000.0,135000000.0,9070.0,9070.0,8970.0,15027.0,
101970,9680.0,1480000000.0,10090.0,12100.0,9620.0,134208.0,
115310,9590.0,32000000.0,9640.0,9650.0,9320.0,3356.0,
083500,17080.0,10500000000.0,14750.0,17430.0,14500.0,634777.0,
469610,15860.0,400000000.0,15810.0,16270.0,15580.0,25203.0,497647999.99999994
048870,1606.0,208000000.0,1618.0,1625.0,1577.0,130158.0,
071280,9200.0,894000000.0,9120.0,9240.0,8900.0,97826.0,
089600,12330.0,58000000.0,12440.0,12440.0,12220.0,4665.0,
212560,10400.0,995000000.0,10560.0,10560.0,10040.0,96701.0,
228850,8440.0,463000000.0,8140.0,8510.0,8050.0,55662.0,
005990,10440.0,83000000.0,10650.0,10660.0,10180.0,8029.0,
037070,6930.0,573000000.0,6780.0,6930.0,6780.0,83483.0,
115500,11540.0,3059000000.0,11750.0,12030.0,11180.0,264787.0,
052860,7750.0,402000000.0,7440.0,7790.0,7150.0,53333.0,
054920,4875.0,4733000000.0,5200.0,5310.0,4770.0,948472.0,
265740,7680.0,2044000000.0,7650.0,7850.0,7460.0,265902.0,
0007C0,17030.0,1799000000.0,18350.0,18360.0,16920.0,103533.0,
060150,2995.0,60000000.0,3020.0,3020.0,2970.0,20194.0,
059120,7450.0,1877000000.0,7530.0,7650.0,7310.0,250504.0,
321550,4540.0,492000000.0,4830.0,4830.0,4400.0,108159.0,
148150,3830.0,161000000.0,3885.0,3930.0,3800.0,41794.0,
172670,15190.0,2233000000.0,14610.0,15490.0,14610.0,148819.0,
035610,4965.0,463000000.0,4810.0,4980.0,4765.0,93613.0,
003100,20450.0,95000000.0,20200.0,20450.0,20200.0,4688.0,
126640,3815.0,1646000000.0,3785.0,3875.0,3720.0,434694.0,
136540,10880.0,157000000.0,11030.0,11030.0,10800.0,14377.0,
387690,17470.0,6784000000.0,18700.0,18880.0,17350.0,377174.0,
297090,4865.0,231000000.0,4980.0,5060.0,4800.0,47040.0,
114840,7950.0,455000000.0,8430.0,8430.0,7820.0,56750.0,278329000.0
217190,10060.0,12846000000.0,9130.0,10650.0,9120.0,1280195.0,
095700,2905.0,518000000.0,3005.0,3015.0,2900.0,176875.0,
001540,10140.0,189000000.0,10140.0,10330.0,10020.0,18671.0,
322510,5140.0,547000000.0,5360.0,5360.0,5000.0,106036.0,
038290,12180.0,242000000.0,12460.0,12460.0,12110.0,19804.0,
240550,6300.0,352000000.0,6380.0,6410.0,6230.0,55953.0,
047770,3485.0,850000000.0,3490.0,3535.0,3455.0,243132.0,
419050,2305.0,53901000000.0,1873.0,2305.0,1861.0,24728893.0,
457550,14130.0,0.0,0.0,0.0,0.0,0.0,
285490,12380.0,308000000.0,12610.0,12690.0,12210.0,24842.0,
039840,9750.0,329000000.0,9840.0,9850.0,9510.0,34102.0,259981999.99999997
282880,11170.0,251000000.0,11100.0,11380.0,11020.0,22392.0,
049720,9110.0,135000000.0,9090.0,9150.0,9080.0,14871.0,
009780,7400.0,53000000.0,7520.0,7600.0,7320.0,7218.0,
408920,3010.0,53000000.0,3070.0,3070.0,2910.0,17763.0,
140670,10120.0,412000000.0,10500.0,10550.0,10120.0,40192.0,
072950,16110.0,12173000000.0,16090.0,16640.0,15600.0,753113.0,
451760,7850.0,596000000.0,8140.0,8150.0,7610.0,75109.0,
035080,11590.0,487000000.0,11450.0,11890.0,11420.0,41920.0,
094840,13180.0,237000000.0,13010.0,13270.0,12950.0,18045.0,
300080,7800.0,375000000.0,8090.0,8110.0,7780.0,47369.0,433040999.99999994
0010S0,12850.0,14051000000.0,15200.0,15270.0,12800.0,1012981.0,
402490,7580.0,630000000.0,7640.0,7860.0,7530.0,81743.0,
417010,6360.0,929000000.0,6570.0,6890.0,6290.0,143049.0,
037350,8420.0,1083000000.0,8470.0,8550.0,8200.0,129176.0,
222040,6190.0,578000000.0,6300.0,6300.0,5980.0,94697.0,
259630,10430.0,2150000000.0,10500.0,10830.0,10000.0,202966.0,
080420,1599.0,6000000.0,1604.0,1608.0,1576.0,3710.0,
950190,9780.0,107000000.0,9620.0,9780.0,9620.0,11014.0,
290720,3320.0,354000000.0,3300.0,3500.0,3240.0,105314.0,
036690,2885.0,0.0,0.0,0.0,0.0,0.0,
0015N0,9990.0,5865000000.0,10770.0,10770.0,9500.0,592892.0,
053260,6690.0,1034000000.0,6860.0,6860.0,6670.0,153153.0,
473980,11480.0,1301000000.0,10470.0,11480.0,10140.0,116729.0,359918000.0
047310,3410.0,1156000000.0,3255.0,3535.0,3235.0,337472.0,
361390,12800.0,703000000.0,13000.0,13060.0,12510.0,55082.0,
056090,6000.0,817000000.0,6000.0,6110.0,5710.0,138332.0,
086980,1982.0,3501000000.0,1722.0,1995.0,1719.0,1808915.0,
166480,2340.0,301000000.0,2330.0,2380.0,2295.0,129032.0,
079960,16370.0,462000000.0,16680.0,16680.0,16330.0,28133.0,
417030,21350.0,15193000000.0,27500.0,27950.0,21150.0,637161.0,
321370,1740.0,4598000000.0,1905.0,1905.0,1740.0,2560040.0,
027710,1101.0,70000000.0,1104.0,1108.0,1090.0,63869.0,
105740,12050.0,11817000000.0,11450.0,12090.0,10740.0,1027507.0,
293580,1290.0,252000000.0,1287.0,1303.0,1265.0,196113.0,
108230,3195.0,178000000.0,3220.0,3255.0,3175.0,55660.0,
073010,3020.0,417000000.0,3070.0,3085.0,2990.0,137983.0,
458650,8050.0,61000000.0,8170.0,8190.0,8010.0,7481.0,
418420,3935.0,412000000.0,4130.0,4130.0,3930.0,103536.0,
331920,10830.0,772000000.0,10200.0,10860.0,9870.0,74742.0,
211270,8020.0,1899000000.0,8720.0,8720.0,8010.0,232422.0,
039560,2820.0,788000000.0,2825.0,2900.0,2770.0,279341.0,
299030,15050.0,853000000.0,15890.0,16180.0,14860.0,55631.0,379501000.0
053080,9240.0,286000000.0,9290.0,9600.0,9190.0,30701.0,
308080,5840.0,338000000.0,5850.0,5920.0,5700.0,58278.0,
095190,1825.0,124000000.0,1866.0,1869.0,1816.0,67378.0,
101170,8810.0,335000000.0,9000.0,9050.0,8720.0,37825.0,
115440,10950.0,3628000000.0,11360.0,11500.0,10660.0,327746.0,
297890,1615.0,246000000.0,1631.0,1642.0,1600.0,152183.0,
336680,3015.0,31000000.0,3015.0,3040.0,2950.0,10221.0,
474610,8180.0,499000000.0,8160.0,8380.0,8080.0,60992.0,
443670,4905.0,2701000000.0,5200.0,5240.0,4880.0,539289.0,
338840,7630.0,386000000.0,8190.0,8190.0,7600.0,49602.0,409245000.00000006
021320,5490.0,139000000.0,5660.0,5810.0,5470.0,24998.0,
067990,4020.0,152000000.0,3985.0,4025.0,3970.0,37943.0,
008830,6100.0,1168000000.0,6360.0,6460.0,5880.0,190536.0,
255440,8960.0,795000000.0,8620.0,9000.0,8560.0,89750.0,
041590,2370.0,0.0,0.0,0.0,0.0,0.0,
129920,7130.0,990000000.0,7340.0,7340.0,6920.0,139793.0,
138360,1312.0,854000000.0,1325.0,1333.0,1271.0,655583.0,
290740,11460.0,230000000.0,11310.0,11700.0,10830.0,20120.0,
411080,7530.0,10295000000.0,8280.0,8350.0,7300.0,1331365.0,
396470,7130.0,448000000.0,7080.0,7280.0,7010.0,62584.0,
017510,7510.0,659000000.0,7680.0,7690.0,7430.0,87677.0,
333430,3710.0,389000000.0,3755.0,3785.0,3645.0,105409.0,
049520,3685.0,209000000.0,3710.0,3720.0,3615.0,57022.0,
493330,14120.0,838000000.0,12810.0,14210.0,12810.0,60610.0,
474170,6360.0,479000000.0,7030.0,7030.0,6350.0,73564.0,
134580,2295.0,1261000000.0,2370.0,2400.0,2200.0,553382.0,
311320,8930.0,368000000.0,9010.0,9300.0,8800.0,40657.0,
054050,7010.0,77000000.0,7100.0,7110.0,7010.0,10945.0,
063570,3290.0,20000000.0,3320.0,3325.0,3285.0,5935.0,
125210,6810.0,2507000000.0,6380.0,6970.0,6210.0,369776.0,
217270,2460.0,122000000.0,2475.0,2475.0,2420.0,49923.0,
131030,6360.0,249000000.0,6360.0,6490.0,6210.0,39229.0,
217820,2360.0,517000000.0,2375.0,2465.0,2360.0,215250.0,
041440,6230.0,346000000.0,6310.0,6420.0,6200.0,55397.0,
018120,16780.0,11000000.0,16850.0,16850.0,16610.0,686.0,
209640,3900.0,1531000000.0,3965.0,4055.0,3815.0,389442.0,
338220,7870.0,1259000000.0,8020.0,8150.0,7760.0,158389.0,2737766000.0
278650,6310.0,32844000000.0,5300.0,6310.0,5190.0,5605492.0,
122450,2445.0,72000000.0,2535.0,2535.0,2445.0,29103.0,
317770,2960.0,344000000.0,2940.0,3015.0,2855.0,117294.0,
334970,1408.0,33000000.0,1419.0,1451.0,1372.0,23543.0,
310200,2095.0,647000000.0,2140.0,2185.0,2070.0,304745.0,
051360,11660.0,84000000.0,11670.0,11740.0,11480.0,7250.0,54104000.0
036630,7790.0,7000000.0,7750.0,8070.0,7750.0,884.0,
053350,4945.0,317000000.0,4945.0,5010.0,4770.0,64841.0,
090850,4820.0,216000000.0,4910.0,4910.0,4815.0,44605.0,
389020,15640.0,749000000.0,16390.0,16390.0,15640.0,47191.0,
123040,1724.0,92000000.0,1714.0,1751.0,1680.0,53532.0,
038540,1950.0,15000000.0,2010.0,2010.0,1938.0,7695.0,
201490,3290.0,3416000000.0,3335.0,3350.0,3200.0,1051203.0,
051980,9690.0,607000000.0,10000.0,10140.0,9640.0,61566.0,
040300,2255.0,128000000.0,2250.0,2280.0,2215.0,57099.0,
036010,8030.0,616000000.0,8120.0,8280.0,7950.0,75752.0,
261780,3685.0,1756000000.0,3680.0,3785.0,3550.0,476605.0,
106190,10000.0,90000000.0,9950.0,10140.0,9870.0,9091.0,
339950,2365.0,27000000.0,2400.0,2400.0,2340.0,11504.0,
053700,3970.0,273000000.0,3975.0,4000.0,3905.0,69144.0,
039340,4815.0,5000000.0,4815.0,4840.0,4770.0,1078.0,
120240,14730.0,95000000.0,14800.0,14850.0,14660.0,6456.0,
242040,3060.0,575000000.0,3150.0,3170.0,3055.0,185871.0,
130580,6860.0,148000000.0,6860.0,6920.0,6790.0,21588.0,
067900,5800.0,52000000.0,5890.0,5900.0,5800.0,8890.0,
246710,2200.0,231000000.0,2240.0,2305.0,2135.0,106241.0,
439580,3095.0,2992000000.0,3100.0,3230.0,2970.0,966995.0,
073560,1505.0,43000000.0,1506.0,1513.0,1504.0,28852.0,
079650,5200.0,2046000000.0,5430.0,5430.0,5130.0,391064.0,
289930,7900.0,312000000.0,8130.0,8140.0,7850.0,39008.0,
048910,8250.0,3950000000.0,7450.0,8410.0,7350.0,495825.0,
453450,13040.0,113000000.0,13280.0,13280.0,12720.0,8737.0,
175250,1670.0,132000000.0,1681.0,1681.0,1630.0,80295.0,
100590,6000.0,4818000000.0,5950.0,6220.0,5790.0,800070.0,
0017J0,3395.0,3765000000.0,3415.0,3565.0,3305.0,1099506.0,
235980,2985.0,274000000.0,3050.0,3090.0,2945.0,91380.0,
153890,8480.0,935000000.0,8680.0,8760.0,8320.0,109347.0,
091440,2765.0,357000000.0,2770.0,2770.0,2670.0,131787.0,
136150,12190.0,878000000.0,12900.0,12900.0,11690.0,72824.0,
306620,2130.0,508000000.0,2155.0,2230.0,2110.0,234140.0,
173130,7810.0,592000000.0,7870.0,8060.0,7720.0,75283.0,
100700,2325.0,68000000.0,2340.0,2370.0,2315.0,29243.0,
091120,5940.0,239000000.0,5860.0,5990.0,5700.0,40331.0,
475230,9330.0,511000000.0,9780.0,9780.0,9300.0,54400.0,
059210,3740.0,171000000.0,3775.0,3815.0,3690.0,45655.0,
307930,6510.0,101000000.0,6540.0,6540.0,6350.0,15641.0,
109740,3950.0,55000000.0,4175.0,4175.0,3860.0,14208.0,
045970,3855.0,340000000.0,3850.0,3920.0,3760.0,87875.0,
366030,4475.0,120000000.0,4580.0,4645.0,4450.0,26608.0,
033560,5920.0,304000000.0,5580.0,6000.0,5550.0,51556.0,
323990,4345.0,232000000.0,4400.0,4400.0,4255.0,53511.0,
309960,4350.0,81000000.0,4330.0,4350.0,4235.0,18976.0,
086960,2360.0,767000000.0,2360.0,2400.0,2310.0,324997.0,
006620,3515.0,105000000.0,3615.0,3615.0,3505.0,29634.0,
088130,5690.0,389000000.0,5540.0,5810.0,5470.0,68473.0,
246720,6070.0,0.0,0.0,0.0,0.0,0.0,
0011A0,10650.0,1326000000.0,11100.0,11260.0,10510.0,122773.0,
357580,8430.0,1382000000.0,8460.0,8580.0,7690.0,165441.0,
097800,3640.0,4334000000.0,3560.0,3850.0,3545.0,1177076.0,
063170,5580.0,96000000.0,5550.0,5580.0,5420.0,17496.0,
250060,3060.0,389000000.0,3120.0,3195.0,3020.0,126480.0,
352090,3660.0,72000000.0,3650.0,3690.0,3640.0,19639.0,
049950,11150.0,211000000.0,11150.0,11360.0,10980.0,18801.0,
192410,3900.0,890000000.0,3500.0,3950.0,3480.0,238125.0,
099750,7180.0,80000000.0,7180.0,7260.0,7100.0,11247.0,
037030,3830.0,910000000.0,3980.0,3980.0,3800.0,235753.0,
123010,4825.0,2235000000.0,4750.0,4890.0,4605.0,468866.0,
100130,1706.0,19734000000.0,1608.0,1869.0,1608.0,11185331.0,
322180,4535.0,354000000.0,4475.0,4620.0,4415.0,78226.0,
021080,2030.0,178000000.0,2040.0,2040.0,2005.0,88374.0,
412350,6670.0,2295000000.0,6500.0,7050.0,6470.0,338131.0,
066790,2205.0,0.0,0.0,0.0,0.0,0.0,
182360,6260.0,76000000.0,6340.0,6340.0,6080.0,12273.0,
298540,6710.0,68000000.0,6500.0,6720.0,6460.0,10235.0,
475580,7120.0,349000000.0,7290.0,7290.0,7060.0,48834.0,
042500,4345.0,389000000.0,4315.0,4365.0,4280.0,90162.0,
348350,9900.0,282000000.0,9880.0,10130.0,9580.0,28333.0,
052900,1262.0,923000000.0,1231.0,1282.0,1216.0,735456.0,
068240,2530.0,0.0,0.0,0.0,0.0,0.0,
307870,1296.0,731000000.0,1250.0,1310.0,1211.0,579842.0,
357880,1727.0,595000000.0,1778.0,1818.0,1720.0,343309.0,
362320,4620.0,188000000.0,4245.0,4620.0,4210.0,42783.0,
109670,16370.0,5209000000.0,16060.0,18140.0,15800.0,302945.0,
223250,3880.0,1391000000.0,3935.0,3935.0,3740.0,361815.0,
085670,3880.0,1111000000.0,3730.0,3955.0,3700.0,287894.0,
187790,3080.0,137000000.0,3150.0,3180.0,3040.0,44320.0,
017650,10800.0,0.0,0.0,0.0,0.0,0.0,
002230,5130.0,120000000.0,5170.0,5230.0,5100.0,23320.0,
052420,9670.0,187000000.0,9670.0,9700.0,9390.0,19669.0,
036220,6560.0,234000000.0,6700.0,6730.0,6460.0,35394.0,
101330,4050.0,692000000.0,4140.0,4205.0,4000.0,169517.0,
032300,8570.0,1012000000.0,8770.0,8930.0,8570.0,116417.0,
189330,9960.0,3553000000.0,10320.0,11150.0,9600.0,340684.0,
074430,1045.0,27000000.0,1045.0,1046.0,1029.0,25523.0,
282720,7700.0,97000000.0,7740.0,7750.0,7490.0,12811.0,
205100,1380.0,0.0,0.0,0.0,0.0,0.0,
330350,7040.0,448000000.0,7150.0,7150.0,6990.0,63578.0,
246960,2720.0,797000000.0,2860.0,2870.0,2540.0,297970.0,
432470,10510.0,1624000000.0,10130.0,10960.0,10100.0,152002.0,
040420,5830.0,122000000.0,5810.0,5830.0,5790.0,20933.0,
053580,7050.0,63000000.0,7220.0,7220.0,6910.0,8975.0,
109610,1855.0,159000000.0,1850.0,1896.0,1830.0,86383.0,
044990,11780.0,24000000.0,11810.0,12100.0,11660.0,2058.0,
005860,2295.0,511000000.0,2335.0,2340.0,2275.0,222024.0,
089230,2280.0,2198000000.0,1972.0,2470.0,1972.0,978368.0,
093920,4825.0,166000000.0,4715.0,4840.0,4700.0,35010.0,
023900,7120.0,21000000.0,7140.0,7140.0,7030.0,3032.0,
047560,7630.0,197000000.0,8050.0,8050.0,7590.0,25502.0,
380550,7350.0,835000000.0,7870.0,7980.0,7290.0,112484.0,
062970,2975.0,4221000000.0,3200.0,3205.0,2940.0,1392547.0,
142280,3735.0,34357000000.0,4060.0,4465.0,3695.0,8513268.0,
323350,11170.0,4070000000.0,9700.0,11650.0,9680.0,372055.0,
013310,2300.0,123000000.0,2325.0,2325.0,2275.0,53609.0,
009300,13980.0,4000000.0,14050.0,14050.0,13710.0,260.0,
054540,6800.0,734000000.0,7070.0,7070.0,6670.0,107898.0,
234030,3735.0,970000000.0,3750.0,3825.0,3560.0,259514.0,
251120,10120.0,315000000.0,9920.0,10450.0,9800.0,31083.0,
048530,2845.0,262000000.0,2860.0,2865.0,2755.0,93280.0,
226400,4250.0,165000000.0,4200.0,4275.0,4145.0,39175.0,
033290,1560.0,91000000.0,1532.0,1568.0,1530.0,58254.0,
900260,1900.0,22000000.0,1938.0,1938.0,1865.0,11590.0,
004650,9500.0,143000000.0,9480.0,9510.0,9420.0,15057.0,
457370,10800.0,2855000000.0,10990.0,11300.0,10590.0,259734.0,
065450,2950.0,766000000.0,2945.0,2990.0,2915.0,259304.0,
117670,13000.0,10483000000.0,13520.0,14950.0,12650.0,761046.0,
357230,2095.0,34000000.0,2085.0,2115.0,2075.0,16073.0,
096240,8430.0,31000000.0,8500.0,8500.0,8420.0,3668.0,
086710,7070.0,68000000.0,7060.0,7190.0,6930.0,9651.0,
066590,2230.0,284000000.0,2275.0,2275.0,2200.0,127854.0,
330730,4720.0,77000000.0,4660.0,4720.0,4630.0,16540.0,
394420,7810.0,1149000000.0,8530.0,8580.0,7760.0,143820.0,
478560,3320.0,122000000.0,3355.0,3445.0,3290.0,36065.0,
078140,7700.0,187000000.0,7740.0,7850.0,7600.0,24202.0,
048550,882.0,2073000000.0,995.0,995.0,863.0,2328612.0,
187420,2610.0,10887000000.0,2175.0,2780.0,2155.0,4172992.0,
234300,3130.0,58000000.0,3085.0,3140.0,3080.0,18527.0,
037760,2515.0,128000000.0,2475.0,2535.0,2460.0,51359.0,
072020,9160.0,71000000.0,9210.0,9210.0,9140.0,7752.0,
303810,2650.0,1821000000.0,2740.0,2780.0,2650.0,672844.0,
263720,6920.0,47000000.0,6950.0,6950.0,6700.0,6832.0,
006140,5700.0,2033000000.0,5740.0,5950.0,5520.0,354392.0,
052460,5800.0,820000000.0,5880.0,6070.0,5700.0,140615.0,
147760,4235.0,715000000.0,4035.0,4365.0,4015.0,171400.0,
198440,1387.0,731000000.0,1413.0,1417.0,1351.0,526217.0,
291650,2765.0,212000000.0,2730.0,2870.0,2670.0,75978.0,
094860,1586.0,74000000.0,1596.0,1599.0,1550.0,47030.0,
038110,2045.0,169000000.0,2015.0,2055.0,1999.0,83378.0,
049180,1009.0,0.0,0.0,0.0,0.0,0.0,
183490,990.0,0.0,0.0,0.0,0.0,0.0,
066700,2255.0,40000000.0,2280.0,2280.0,2205.0,17659.0,
215100,4105.0,163000000.0,4160.0,4200.0,4070.0,39625.0,
360070,10190.0,134000000.0,10350.0,10510.0,10020.0,13015.0,
078890,4520.0,162000000.0,4500.0,4620.0,4420.0,35990.0,
058820,562.0,0.0,0.0,0.0,0.0,0.0,
036640,5090.0,234000000.0,5070.0,5100.0,5040.0,46109.0,
067000,1190.0,263000000.0,1196.0,1200.0,1165.0,223808.0,
025950,9900.0,201000000.0,10000.0,10000.0,9820.0,20434.0,
388870,6410.0,320000000.0,6520.0,6660.0,6410.0,49122.0,
140070,2235.0,47000000.0,2225.0,2260.0,2190.0,21302.0,
382840,5400.0,207000000.0,5270.0,5540.0,5245.0,38497.0,
066980,1529.0,339000000.0,1587.0,1587.0,1520.0,220190.0,
294630,3100.0,292000000.0,3075.0,3160.0,3065.0,94134.0,
162300,1979.0,376000000.0,2045.0,2045.0,1969.0,188671.0,
107600,14480.0,280000000.0,14750.0,14940.0,13590.0,19282.0,
029480,1364.0,67000000.0,1378.0,1378.0,1340.0,49854.0,
412540,3935.0,0.0,0.0,0.0,0.0,0.0,
104040,3015.0,135000000.0,3115.0,3265.0,3000.0,44423.0,
185490,1870.0,100000000.0,1879.0,1903.0,1854.0,53303.0,
046210,1774.0,11279000000.0,1365.0,1774.0,1281.0,6709894.0,
032540,3855.0,74000000.0,3765.0,3865.0,3735.0,19469.0,
131370,1512.0,67000000.0,1513.0,1514.0,1470.0,44619.0,
063080,12210.0,84000000.0,12450.0,12450.0,12060.0,6915.0,
054670,5590.0,19000000.0,5570.0,5650.0,5560.0,3463.0,
302550,2645.0,143000000.0,2625.0,2665.0,2530.0,55277.0,
277880,4035.0,380000000.0,3960.0,4065.0,3875.0,95006.0,
0015S0,8110.0,165000000.0,8340.0,8340.0,7880.0,20422.0,
418470,9330.0,122000000.0,9280.0,9410.0,9240.0,13155.0,
331380,2160.0,75000000.0,2220.0,2220.0,2005.0,35684.0,
381620,6080.0,255000000.0,6070.0,6220.0,5820.0,43121.0,
004590,5310.0,103000000.0,5380.0,5380.0,5260.0,19284.0,
104540,5930.0,1084000000.0,5880.0,6190.0,5770.0,181424.0,
137950,3570.0,186000000.0,3570.0,3770.0,3480.0,52139.0,
079810,3680.0,246000000.0,3675.0,3800.0,3595.0,66160.0,
225530,2180.0,75000000.0,2110.0,2185.0,2050.0,34592.0,
475430,4430.0,458000000.0,4390.0,4485.0,4300.0,103619.0,
950130,2240.0,189000000.0,2345.0,2345.0,2220.0,83635.0,
0117P0,5560.0,190000000.0,5570.0,5620.0,5500.0,34249.0,
263600,4940.0,2076000000.0,5100.0,5360.0,4805.0,406825.0,
365330,1564.0,641000000.0,1656.0,1664.0,1550.0,405012.0,
007820,3350.0,249000000.0,3465.0,3510.0,3310.0,73843.0,
066430,1994.0,381000000.0,2005.0,2025.0,1990.0,190680.0,
012790,6510.0,107000000.0,6530.0,6600.0,6470.0,16434.0,
014950,7750.0,2053000000.0,8080.0,8210.0,7720.0,260046.0,
041910,5870.0,259000000.0,5960.0,6070.0,5850.0,43627.0,
066310,8400.0,413000000.0,8560.0,8570.0,8380.0,48710.0,
058400,5880.0,22000000.0,5980.0,5980.0,5830.0,3840.0,
065510,7140.0,139000000.0,7250.0,7250.0,7010.0,19642.0,
038680,3895.0,361000000.0,3895.0,3960.0,3800.0,92615.0,
084730,6960.0,82000000.0,6980.0,7010.0,6860.0,11847.0,
047820,3160.0,59000000.0,3350.0,3350.0,3090.0,18688.0,
011320,3995.0,160000000.0,3995.0,4035.0,3940.0,40112.0,
000440,12390.0,149000000.0,12300.0,12480.0,12250.0,12073.0,
302430,7840.0,694000000.0,7810.0,8200.0,7810.0,86147.0,
389030,1950.0,515000000.0,2070.0,2080.0,1890.0,258997.0,
024880,3840.0,95000000.0,3850.0,3850.0,3790.0,24832.0,
040910,4210.0,28000000.0,4250.0,4250.0,4095.0,6669.0,
088390,8150.0,19000000.0,8350.0,8350.0,8100.0,2297.0,
303360,5930.0,145000000.0,5960.0,6050.0,5850.0,24373.0,
389140,5350.0,150000000.0,5550.0,5550.0,5350.0,27567.0,
396270,2320.0,347000000.0,2340.0,2390.0,2290.0,148737.0,
049080,8980.0,1286000000.0,9400.0,9430.0,8850.0,141775.0,
208140,2330.0,230000000.0,2275.0,2335.0,2265.0,99730.0,
073640,654.0,0.0,0.0,0.0,0.0,0.0,
253840,4545.0,1886000000.0,4740.0,4750.0,4540.0,409644.0,
168330,2390.0,29000000.0,2390.0,2390.0,2215.0,12608.0,
170030,4930.0,65000000.0,4940.0,5020.0,4850.0,13140.0,
413390,6700.0,108000000.0,6680.0,6800.0,6600.0,16079.0,
041930,4965.0,51000000.0,5000.0,5000.0,4910.0,10260.0,
149980,4385.0,72000000.0,4475.0,4495.0,4385.0,16168.0,
124560,1946.0,40000000.0,1961.0,1985.0,1942.0,20281.0,
451250,7350.0,23000000.0,7450.0,7450.0,7340.0,3125.0,
089790,7280.0,2684000000.0,7000.0,7490.0,6980.0,370506.0,
102370,2900.0,62000000.0,2915.0,2915.0,2815.0,21392.0,
011370,3715.0,57000000.0,3780.0,3780.0,3700.0,15208.0,
0007J0,9530.0,622000000.0,9800.0,9800.0,9290.0,65363.0,
012700,2880.0,14000000.0,2900.0,2920.0,2875.0,4778.0,
030960,4645.0,324000000.0,4500.0,4900.0,4480.0,69184.0,
451220,9420.0,555000000.0,9170.0,9500.0,9010.0,59405.0,
347890,4355.0,38000000.0,4395.0,4395.0,4275.0,8813.0,
299660,2505.0,1637000000.0,2590.0,2635.0,2455.0,652524.0,
058630,3930.0,48000000.0,3950.0,4005.0,3915.0,12121.0,
263800,4545.0,398000000.0,4710.0,4710.0,4520.0,87367.0,
155650,3885.0,457000000.0,3735.0,3935.0,3710.0,118375.0,
371950,3120.0,1622000000.0,3470.0,3470.0,3045.0,510705.0,
060590,3040.0,186000000.0,3040.0,3070.0,3000.0,61205.0,
054620,3980.0,55000000.0,4005.0,4080.0,3915.0,13770.0,
417790,6990.0,49000000.0,6980.0,7030.0,6870.0,7381.0,
010280,5610.0,353000000.0,5890.0,5890.0,5510.0,62523.0,
060570,4925.0,17000000.0,5010.0,5010.0,4680.0,3526.0,
137080,6800.0,970000000.0,6760.0,7230.0,6420.0,139988.0,
038460,2870.0,268000000.0,2870.0,2895.0,2810.0,93652.0,
171120,2020.0,38000000.0,2040.0,2040.0,2005.0,19068.0,
019550,900.0,164000000.0,909.0,915.0,895.0,181980.0,
080010,7350.0,6000000.0,7300.0,7350.0,7260.0,805.0,
020710,3605.0,124000000.0,3575.0,3650.0,3570.0,34477.0,
090470,4135.0,113000000.0,4015.0,4200.0,3975.0,27526.0,
900110,6530.0,313000000.0,6570.0,6600.0,6030.0,48571.0,
212710,7430.0,401000000.0,7480.0,7560.0,7300.0,54008.0,
017480,4665.0,29000000.0,4660.0,4675.0,4615.0,6302.0,
040160,6060.0,26000000.0,6150.0,6310.0,6000.0,4281.0,
045660,8700.0,52000000.0,8660.0,8820.0,8520.0,6010.0,
234920,5310.0,0.0,0.0,0.0,0.0,0.0,
039980,4980.0,224000000.0,5060.0,5240.0,4905.0,44887.0,
083790,930.0,104000000.0,900.0,935.0,894.0,114631.0,
179530,2290.0,685000000.0,2230.0,2310.0,2155.0,304748.0,
377480,10000.0,218000000.0,10210.0,10210.0,9970.0,21668.0,
128660,2860.0,100000000.0,2855.0,2875.0,2820.0,35212.0,
347860,1682.0,330000000.0,1700.0,1702.0,1600.0,199964.0,
053280,2825.0,31000000.0,2795.0,2870.0,2795.0,10915.0,
205470,2860.0,1418000000.0,3060.0,3060.0,2755.0,493829.0,
417970,11020.0,76000000.0,11110.0,11240.0,10800.0,6931.0,
104460,6700.0,39000000.0,6750.0,6810.0,6620.0,5751.0,
347000,1862.0,99000000.0,1856.0,1875.0,1830.0,53495.0,
024740,2140.0,139000000.0,2150.0,2170.0,2105.0,65277.0,
294140,2825.0,33000000.0,2830.0,2935.0,2775.0,11599.0,
110790,2995.0,9000000.0,2975.0,3000.0,2920.0,3029.0,
332370,5280.0,15000000.0,5050.0,5300.0,5050.0,2861.0,
228670,4475.0,346000000.0,4370.0,4520.0,4340.0,77834.0,
067170,2545.0,926000000.0,2715.0,2715.0,2515.0,356015.0,
067570,1656.0,18000000.0,1680.0,1680.0,1643.0,11103.0,
092040,986.0,132000000.0,1000.0,1010.0,971.0,134210.0,
054040,4325.0,148000000.0,4450.0,4450.0,4320.0,34009.0,
320000,10020.0,616000000.0,10150.0,10180.0,9850.0,61221.0,
065530,1447.0,366000000.0,1478.0,1480.0,1427.0,252993.0,
039010,8020.0,304000000.0,7990.0,8120.0,7750.0,38379.0,
019540,5100.0,104000000.0,5030.0,5130.0,4965.0,20492.0,
049550,3500.0,37000000.0,3460.0,3590.0,3370.0,10533.0,
109860,7540.0,6000000.0,7350.0,7580.0,7350.0,743.0,
096350,1860.0,163000000.0,1900.0,1908.0,1855.0,87518.0,
487580,2710.0,547000000.0,2745.0,2755.0,2680.0,201979.0,
002800,4470.0,233000000.0,4605.0,4605.0,4470.0,51681.0,
024830,8120.0,14000000.0,8060.0,8330.0,8010.0,1692.0,
337930,2330.0,102000000.0,2355.0,2360.0,2315.0,43778.0,
217330,2925.0,304000000.0,3045.0,3070.0,2925.0,102132.0,
076610,1110.0,574000000.0,1150.0,1158.0,1107.0,511785.0,
026150,3850.0,116000000.0,3925.0,3975.0,3810.0,30150.0,
039610,6480.0,677000000.0,6550.0,6650.0,6390.0,103814.0,
067920,6130.0,684000000.0,6220.0,6270.0,5990.0,112105.0,
460940,5000.0,139000000.0,5160.0,5160.0,5000.0,27458.0,
208370,2605.0,333000000.0,2655.0,2675.0,2575.0,126714.0,
0004V0,6090.0,418000000.0,6200.0,6250.0,6030.0,68606.0,
067370,5480.0,12000000.0,5530.0,5570.0,5400.0,2209.0,
048430,5810.0,62000000.0,5820.0,5850.0,5780.0,10629.0,
214260,7480.0,65000000.0,7640.0,7640.0,7340.0,8768.0,
241790,6670.0,528000000.0,6550.0,6780.0,6490.0,79247.0,
065170,2380.0,1138000000.0,2355.0,2440.0,2255.0,486484.0,
265560,6210.0,76000000.0,6240.0,6260.0,6150.0,12206.0,
123420,6380.0,58000000.0,6300.0,6390.0,6280.0,9211.0,
095270,4605.0,145000000.0,4450.0,4770.0,4450.0,31866.0,
060310,1247.0,215000000.0,1176.0,1247.0,1170.0,175927.0,
004780,4160.0,57000000.0,4160.0,4280.0,4160.0,13355.0,
111710,3205.0,83000000.0,3130.0,3205.0,3125.0,26180.0,
122350,1720.0,36945000000.0,1625.0,1997.0,1625.0,20030747.0,
153710,4490.0,58000000.0,4500.0,4670.0,4400.0,12891.0,
273640,5990.0,204000000.0,5820.0,5990.0,5740.0,35039.0,
291230,2730.0,65000000.0,2735.0,2735.0,2630.0,24337.0,
331740,6720.0,157000000.0,6950.0,6960.0,6670.0,23211.0,
096250,5540.0,70000000.0,5620.0,5690.0,5500.0,12592.0,
360350,11990.0,160000000.0,12100.0,12250.0,11620.0,13527.0,
204840,4200.0,103000000.0,4140.0,4245.0,4050.0,24990.0,
262260,4315.0,61000000.0,4440.0,4440.0,4290.0,14034.0,
091590,5540.0,422000000.0,5670.0,5700.0,5430.0,76098.0,
0218L0,12320.0,88000000.0,12550.0,12580.0,12190.0,7189.0,
061040,7170.0,28000000.0,7180.0,7290.0,7040.0,3886.0,
014970,4370.0,49000000.0,4405.0,4450.0,4280.0,11203.0,
321820,4155.0,744000000.0,3980.0,4310.0,3870.0,179713.0,
282620,11050.0,459000000.0,11390.0,11390.0,11040.0,41367.0,
456070,5870.0,308000000.0,5950.0,5980.0,5770.0,52287.0,
950220,1892.0,410000000.0,1915.0,1929.0,1850.0,218058.0,
032850,3890.0,235000000.0,3960.0,4015.0,3880.0,59578.0,
040350,3250.0,119000000.0,3405.0,3405.0,3200.0,36545.0,
036000,2795.0,92000000.0,2880.0,2880.0,2690.0,33366.0,
382480,1630.0,79000000.0,1616.0,1645.0,1593.0,48763.0,
424960,3890.0,30000000.0,3985.0,3985.0,3865.0,7664.0,
082210,1828.0,68000000.0,1816.0,1845.0,1816.0,37364.0,
033130,1714.0,75000000.0,1690.0,1737.0,1690.0,43882.0,
251630,3990.0,83000000.0,3980.0,4070.0,3870.0,20926.0,
192250,9000.0,1111000000.0,9280.0,9620.0,8680.0,121833.0,
228340,3170.0,365000000.0,3220.0,3240.0,3070.0,116606.0,
0156T0,8140.0,235000000.0,8290.0,8290.0,8080.0,28823.0,
222110,4670.0,3000000.0,4735.0,4735.0,4670.0,536.0,
126880,2715.0,190000000.0,2785.0,2830.0,2650.0,70089.0,
214680,3760.0,91000000.0,3775.0,3830.0,3695.0,24217.0,
241690,2560.0,23000000.0,2610.0,2610.0,2560.0,9069.0,
460870,3120.0,210000000.0,3090.0,3140.0,3030.0,67872.0,
001840,2215.0,0.0,0.0,0.0,0.0,0.0,
127710,1419.0,182000000.0,1406.0,1429.0,1378.0,128034.0,
043650,3500.0,38000000.0,3535.0,3535.0,3485.0,11010.0,
048770,3980.0,411000000.0,4010.0,4035.0,3930.0,103497.0,
318160,6650.0,88000000.0,6960.0,6960.0,6600.0,13824.0,
008370,5200.0,46000000.0,5270.0,5270.0,5170.0,8889.0,
294090,1490.0,0.0,0.0,0.0,0.0,0.0,
081150,2560.0,563000000.0,2605.0,2605.0,2530.0,220824.0,
214270,1368.0,32000000.0,1394.0,1394.0,1330.0,23628.0,
049480,1970.0,380000000.0,1998.0,2020.0,1968.0,191687.0,
066670,3310.0,58000000.0,3260.0,3310.0,3260.0,17525.0,
089850,4200.0,28000000.0,4350.0,4350.0,4165.0,6675.0,
216050,5070.0,74000000.0,5010.0,5080.0,4985.0,14769.0,
005670,6170.0,46000000.0,6200.0,6200.0,6110.0,7510.0,
100030,18750.0,184000000.0,18220.0,18850.0,18220.0,9981.0,
225190,4355.0,708000000.0,4655.0,4660.0,4335.0,160152.0,
043610,1055.0,0.0,0.0,0.0,0.0,0.0,
041460,3320.0,91000000.0,3365.0,3375.0,3280.0,27298.0,
355690,6390.0,1526000000.0,5730.0,6480.0,5730.0,245273.0,
299170,1469.0,945000000.0,1474.0,1507.0,1452.0,641132.0,
203400,3380.0,0.0,0.0,0.0,0.0,0.0,
315640,2070.0,273000000.0,2185.0,2185.0,2070.0,129328.0,
056360,6200.0,531000000.0,6460.0,6550.0,6190.0,84422.0,
010470,5060.0,24000000.0,5090.0,5140.0,5000.0,4701.0,
0155E0,11030.0,1167000000.0,11390.0,11630.0,11030.0,103412.0,
010240,5170.0,19000000.0,5180.0,5180.0,5140.0,3754.0,
261520,5880.0,300000000.0,5840.0,6070.0,5800.0,50548.0,
049470,2560.0,65000000.0,2520.0,2650.0,2500.0,25430.0,
263690,5300.0,31000000.0,5230.0,5300.0,5230.0,5820.0,
215360,6570.0,73000000.0,6550.0,6660.0,6440.0,11062.0,
424980,10130.0,329000000.0,9940.0,10460.0,9910.0,32389.0,
003310,1693.0,141000000.0,1710.0,1735.0,1652.0,83521.0,
050960,8870.0,7000000.0,9000.0,9000.0,8750.0,783.0,
448710,11320.0,183000000.0,11400.0,11400.0,10800.0,16421.0,
039420,2600.0,34000000.0,2645.0,2650.0,2585.0,13216.0,
016250,11830.0,24000000.0,11950.0,11950.0,11730.0,2027.0,
352910,4705.0,53000000.0,4845.0,4845.0,4610.0,11459.0,
064240,1704.0,47000000.0,1699.0,1732.0,1651.0,27625.0,
175140,2365.0,20000000.0,2420.0,2420.0,2320.0,8529.0,
221800,3615.0,107000000.0,3825.0,3825.0,3605.0,28852.0,
033320,3085.0,39000000.0,3135.0,3135.0,3080.0,12565.0,
036090,1385.0,162000000.0,1417.0,1420.0,1371.0,116501.0,
483350,2640.0,694000000.0,2630.0,2690.0,2520.0,264683.0,
039020,2605.0,208000000.0,2630.0,2630.0,2570.0,80340.0,
487400,5720.0,775000000.0,6100.0,6120.0,5600.0,134038.0,
025550,2300.0,95000000.0,2345.0,2345.0,2290.0,41104.0,
033170,3415.0,970000000.0,3400.0,3695.0,3235.0,276776.0,
900300,2840.0,184000000.0,2960.0,2960.0,2775.0,64875.0,
053620,6780.0,299000000.0,6670.0,6930.0,6600.0,44096.0,
463020,6480.0,250000000.0,6640.0,6670.0,6480.0,38377.0,
099520,1284.0,0.0,0.0,0.0,0.0,0.0,
053050,1930.0,254000000.0,1891.0,1962.0,1881.0,131743.0,
045340,6750.0,160000000.0,6830.0,6830.0,6720.0,23609.0,
443250,5330.0,39000000.0,5330.0,5500.0,5280.0,7241.0,
191420,7100.0,8000000.0,7100.0,7210.0,7050.0,1171.0,
059270,5140.0,142000000.0,5280.0,5300.0,5050.0,27735.0,
094850,4095.0,48000000.0,4175.0,4175.0,4080.0,11630.0,
054300,975.0,245000000.0,999.0,999.0,949.0,252567.0,
950200,2975.0,155000000.0,3000.0,3025.0,2895.0,52377.0,
333620,5200.0,115000000.0,5240.0,5260.0,5070.0,23449.0,
317530,3250.0,202000000.0,3240.0,3315.0,3050.0,62373.0,
014470,1059.0,38000000.0,1084.0,1084.0,1050.0,36104.0,
088280,3280.0,222000000.0,3160.0,3340.0,3100.0,69571.0,
033310,1414.0,65000000.0,1420.0,1431.0,1395.0,46432.0,
007370,3995.0,31000000.0,3995.0,4010.0,3950.0,7881.0,
037440,4055.0,204000000.0,4055.0,4085.0,4000.0,50495.0,
033230,1111.0,111000000.0,1129.0,1130.0,1083.0,100671.0,
348150,2880.0,44000000.0,2825.0,2975.0,2810.0,15356.0,
092300,2770.0,145000000.0,2710.0,2790.0,2690.0,52410.0,
420570,9510.0,277000000.0,9950.0,9950.0,9420.0,28949.0,
340930,806.0,0.0,0.0,0.0,0.0,0.0,
464490,4810.0,106000000.0,4990.0,4990.0,4740.0,21871.0,
170790,8560.0,180000000.0,8570.0,8700.0,8340.0,21288.0,
217480,499.0,0.0,0.0,0.0,0.0,0.0,
061250,6500.0,25000000.0,6440.0,6510.0,6410.0,3858.0,
459100,4060.0,18000000.0,4130.0,4190.0,4045.0,4428.0,
040610,3195.0,30000000.0,3200.0,3225.0,3160.0,9333.0,
145170,3215.0,402000000.0,3205.0,3445.0,3205.0,122596.0,
419080,5000.0,105000000.0,4955.0,5120.0,4850.0,21159.0,
0013V0,5470.0,693000000.0,5620.0,5810.0,5470.0,123432.0,
238090,1778.0,25000000.0,1736.0,1779.0,1680.0,14566.0,
064800,2115.0,42000000.0,2225.0,2225.0,2100.0,19784.0,
024910,1509.0,66000000.0,1475.0,1514.0,1475.0,44110.0,
036670,5020.0,71000000.0,5070.0,5090.0,4970.0,14246.0,
435570,7080.0,9000000.0,7070.0,7180.0,6930.0,1318.0,
105760,5290.0,247000000.0,5120.0,5340.0,5120.0,46974.0,
340810,3850.0,620000000.0,3760.0,3870.0,3590.0,165956.0,
226340,6390.0,22288000000.0,6930.0,8390.0,6320.0,2973789.0,
081180,6070.0,972000000.0,6550.0,6580.0,6000.0,156851.0,
457600,3895.0,337000000.0,4160.0,4200.0,3825.0,83865.0,
109080,9460.0,159000000.0,9800.0,9840.0,9450.0,16560.0,
288180,7200.0,118000000.0,7460.0,7650.0,7200.0,16080.0,
071670,5320.0,81000000.0,5500.0,5540.0,5290.0,15187.0,
393210,3405.0,1148000000.0,3660.0,3660.0,3360.0,327774.0,
290660,1241.0,570000000.0,1299.0,1300.0,1220.0,455282.0,
900120,4690.0,12000000.0,4880.0,4880.0,4660.0,2518.0,
370090,6210.0,98000000.0,6300.0,6300.0,6090.0,15787.0,
053270,1936.0,84000000.0,1978.0,1978.0,1920.0,43318.0,
179900,2460.0,696000000.0,2500.0,2625.0,2325.0,286313.0,
039240,1958.0,25000000.0,1963.0,1969.0,1930.0,12929.0,
036120,1500.0,280000000.0,1519.0,1530.0,1464.0,188055.0,
043710,3035.0,24000000.0,3015.0,3200.0,3005.0,7769.0,
054930,17440.0,51000000.0,17660.0,17660.0,17260.0,2970.0,
317830,4850.0,75000000.0,4885.0,4990.0,4810.0,15444.0,
027050,1303.0,27000000.0,1294.0,1313.0,1294.0,20505.0,
053160,8650.0,34000000.0,8660.0,8970.0,8480.0,3960.0,
104620,3080.0,122000000.0,3140.0,3140.0,3070.0,39491.0,
019990,5300.0,458000000.0,5610.0,5610.0,5290.0,84863.0,
163280,3800.0,154000000.0,3890.0,3890.0,3800.0,40297.0,
391710,1206.0,63000000.0,1245.0,1245.0,1204.0,51696.0,
024950,4145.0,13000000.0,4160.0,4215.0,4125.0,3137.0,
046940,2835.0,4935000000.0,2720.0,3230.0,2715.0,1657288.0,
314140,5910.0,77000000.0,5890.0,5910.0,5700.0,13325.0,
015710,2895.0,15000000.0,2955.0,2955.0,2890.0,5273.0,
094940,6050.0,159000000.0,6195.0,6195.0,5990.0,26277.0,
042110,1046.0,233000000.0,1072.0,1074.0,1029.0,222147.0,
088910,1964.0,162000000.0,1953.0,1973.0,1935.0,83041.0,
393970,2825.0,0.0,0.0,0.0,0.0,0.0,
347740,1680.0,36000000.0,1699.0,1699.0,1652.0,21695.0,
256630,4335.0,15000000.0,4360.0,4360.0,4250.0,3437.0,
311690,3845.0,32000000.0,3880.0,3950.0,3820.0,8262.0,
246690,2100.0,58000000.0,2125.0,2125.0,2045.0,27806.0,
052790,4570.0,219000000.0,4695.0,4715.0,4530.0,47722.0,
317850,5990.0,253000000.0,6000.0,6040.0,5910.0,42514.0,
373200,1991.0,1332000000.0,1858.0,2250.0,1850.0,648668.0,
143540,1116.0,1643000000.0,1047.0,1274.0,1030.0,1431841.0,
196300,5220.0,1700000000.0,4945.0,5970.0,4945.0,303727.0,
063440,1090.0,48000000.0,1084.0,1098.0,1076.0,44342.0,
463480,3985.0,53000000.0,4105.0,4140.0,3940.0,13180.0,
452400,5430.0,70000000.0,5390.0,5430.0,5200.0,13395.0,
038010,5470.0,16000000.0,5460.0,5500.0,5420.0,2933.0,
376290,2780.0,6000000.0,2840.0,2840.0,2710.0,2209.0,
065130,3065.0,155000000.0,3050.0,3160.0,2995.0,50106.0,
060560,1920.0,15000000.0,1934.0,1934.0,1875.0,8013.0,
219550,1177.0,40000000.0,1230.0,1230.0,1165.0,34243.0,
150900,4160.0,584000000.0,4225.0,4340.0,4085.0,139549.0,
044340,2720.0,94000000.0,2770.0,2770.0,2690.0,34454.0,
217500,1527.0,210000000.0,1571.0,1574.0,1500.0,137542.0,
122310,3335.0,13000000.0,3355.0,3355.0,3265.0,3863.0,
321260,1721.0,91000000.0,1717.0,1738.0,1695.0,53113.0,
131400,8120.0,506000000.0,8000.0,8200.0,7620.0,64169.0,
042040,5580.0,96000000.0,5210.0,5580.0,5180.0,17961.0,
459550,1916.0,826000000.0,2035.0,2035.0,1916.0,426416.0,
199550,3245.0,116000000.0,3190.0,3275.0,3090.0,36641.0,
114450,2400.0,1169000000.0,2470.0,2470.0,2355.0,488152.0,
348080,3740.0,127000000.0,3880.0,3880.0,3655.0,34069.0,
408470,4525.0,136000000.0,4580.0,4690.0,4495.0,29976.0,
479960,6710.0,95000000.0,6490.0,6780.0,6490.0,14297.0,
053450,3230.0,61000000.0,3280.0,3325.0,3210.0,18824.0,
189860,4920.0,381000000.0,5010.0,5040.0,4860.0,77553.0,
382150,3655.0,57000000.0,3745.0,3795.0,3640.0,15436.0,
418250,6550.0,0.0,0.0,0.0,0.0,0.0,
059100,6700.0,143000000.0,6870.0,6870.0,6450.0,21567.0,
277070,3445.0,4000000.0,3600.0,3600.0,3360.0,1166.0,
900340,1320.0,71000000.0,1386.0,1386.0,1305.0,53073.0,
023440,521.0,0.0,0.0,0.0,0.0,0.0,
365660,3490.0,862000000.0,3730.0,3735.0,3480.0,243752.0,
232830,2835.0,456000000.0,3030.0,3055.0,2800.0,157460.0,
317870,5290.0,39000000.0,5320.0,5500.0,5250.0,7316.0,
440290,1700.0,40000000.0,1712.0,1712.0,1687.0,23826.0,
361570,1623.0,24000000.0,1615.0,1646.0,1569.0,14575.0,
317690,2315.0,65000000.0,2440.0,2440.0,2295.0,27702.0,
384470,2590.0,81000000.0,2620.0,2630.0,2540.0,31456.0,
189980,1157.0,40000000.0,1155.0,1159.0,1139.0,35114.0,
094970,2760.0,196000000.0,2755.0,2770.0,2725.0,71592.0,
471820,4080.0,8000000.0,4050.0,4130.0,4040.0,1987.0,
032960,2620.0,138000000.0,2845.0,2845.0,2580.0,51872.0,
340360,859.0,253000000.0,850.0,860.0,793.0,303664.0,
260930,2380.0,36000000.0,2385.0,2410.0,2310.0,15386.0,
073110,5170.0,24000000.0,5200.0,5200.0,5140.0,4715.0,
053980,2420.0,23000000.0,2440.0,2450.0,2410.0,9598.0,
200350,4590.0,2330000000.0,4165.0,4950.0,4155.0,505972.0,
229000,1957.0,0.0,0.0,0.0,0.0,0.0,
460470,3025.0,78000000.0,3110.0,3145.0,2950.0,25624.0,
453860,7090.0,53000000.0,7130.0,7130.0,6980.0,7490.0,
0010V0,8890.0,27000000.0,8810.0,9120.0,8790.0,3054.0,
222420,937.0,139000000.0,967.0,967.0,923.0,148057.0,
051390,3980.0,2000000.0,4000.0,4050.0,3955.0,621.0,
198080,2095.0,27000000.0,2095.0,2100.0,2080.0,12947.0,
476040,6850.0,128000000.0,7320.0,7400.0,6850.0,18420.0,
050120,3315.0,4000000.0,3450.0,3450.0,3255.0,1119.0,
072990,3100.0,79000000.0,3180.0,3180.0,3085.0,25536.0,
082850,4635.0,142000000.0,4610.0,4845.0,4515.0,30384.0,
373160,3305.0,2000000.0,3335.0,3380.0,3275.0,464.0,
159580,2235.0,63000000.0,2245.0,2245.0,2180.0,28625.0,
068330,1012.0,32000000.0,1040.0,1040.0,1012.0,31711.0,
227950,1295.0,116000000.0,1265.0,1306.0,1218.0,91769.0,
072470,2365.0,9000000.0,2365.0,2370.0,2315.0,3877.0,
033340,460.0,0.0,0.0,0.0,0.0,0.0,
037950,2630.0,43000000.0,2685.0,2765.0,2630.0,16249.0,
066130,3470.0,11000000.0,3500.0,3520.0,3465.0,3223.0,
178780,2380.0,45000000.0,2355.0,2435.0,2350.0,18833.0,
014190,1250.0,41000000.0,1297.0,1297.0,1244.0,32992.0,
288330,416.0,0.0,0.0,0.0,0.0,0.0,
083550,3250.0,131000000.0,3285.0,3332.0,3125.0,40549.0,
900250,1230.0,42000000.0,1246.0,1247.0,1215.0,34528.0,
466410,8740.0,24000000.0,8890.0,8890.0,8580.0,2722.0,
189690,1610.0,83000000.0,1533.0,1610.0,1521.0,52995.0,
086060,5070.0,102000000.0,4905.0,5100.0,4905.0,20667.0,
129890,958.0,48000000.0,944.0,970.0,944.0,49838.0,
258610,1191.0,24000000.0,1184.0,1218.0,1180.0,20238.0,
054780,2200.0,405000000.0,2175.0,2250.0,2080.0,188510.0,
290670,5480.0,41000000.0,5500.0,5600.0,5320.0,7566.0,
263020,3085.0,82000000.0,3095.0,3120.0,3055.0,26545.0,
065440,1562.0,434000000.0,1603.0,1611.0,1530.0,277895.0,
022220,817.0,4000000.0,802.0,825.0,801.0,5121.0,
199480,4150.0,40000000.0,4165.0,4165.0,4030.0,9886.0,
307280,5960.0,24000000.0,5940.0,5990.0,5840.0,4035.0,
413640,5850.0,18000000.0,5870.0,5870.0,5720.0,3092.0,
140520,1997.0,51000000.0,2010.0,2010.0,1991.0,25381.0,
256150,5010.0,3000000.0,5000.0,5040.0,4985.0,532.0,
056700,1422.0,25000000.0,1411.0,1427.0,1401.0,17942.0,
084650,2775.0,165000000.0,2760.0,2850.0,2700.0,60004.0,
190650,6450.0,18000000.0,6500.0,6500.0,6360.0,2826.0,
100660,3270.0,42000000.0,3220.0,3295.0,3200.0,12861.0,
263700,2115.0,78000000.0,2170.0,2255.0,2090.0,36109.0,
452200,1682.0,81000000.0,1681.0,1696.0,1587.0,48427.0,
002290,3300.0,16000000.0,3275.0,3350.0,3275.0,4772.0,
261200,2585.0,32000000.0,2660.0,2680.0,2575.0,12251.0,
461030,2845.0,34000000.0,3000.0,3000.0,2845.0,11787.0,
263810,2560.0,41000000.0,2575.0,2600.0,2540.0,16138.0,
066900,1790.0,5000000.0,1770.0,1809.0,1720.0,2985.0,
099410,2905.0,109000000.0,2970.0,2970.0,2870.0,37500.0,
136410,3685.0,35000000.0,3692.0,3725.0,3650.0,9608.0,
286750,2525.0,29000000.0,2570.0,2590.0,2485.0,11605.0,
184230,2145.0,235000000.0,2270.0,2300.0,2100.0,108575.0,
263770,1704.0,4000000.0,1705.0,1705.0,1635.0,2188.0,
007530,1814.0,62000000.0,1813.0,1845.0,1802.0,33857.0,
044960,3185.0,150000000.0,3125.0,3200.0,3125.0,47687.0,
045510,1278.0,134000000.0,1231.0,1286.0,1228.0,105865.0,
104200,2695.0,84000000.0,2685.0,2730.0,2580.0,31420.0,
223310,2930.0,67000000.0,2845.0,3000.0,2840.0,23069.0,
446840,3625.0,31000000.0,3630.0,3700.0,3450.0,8661.0,
037230,1336.0,30000000.0,1330.0,1336.0,1321.0,22456.0,
049830,6480.0,2000000.0,6450.0,6570.0,6390.0,389.0,
064090,798.0,0.0,0.0,0.0,0.0,0.0,
469750,5760.0,359000000.0,5860.0,5960.0,5600.0,61878.0,
450330,4815.0,53000000.0,5140.0,5150.0,4785.0,10873.0,
171010,2745.0,159000000.0,2745.0,2860.0,2700.0,57072.0,
053950,1999.0,209000000.0,2100.0,2105.0,1984.0,103098.0,
027830,725.0,68000000.0,718.0,756.0,707.0,93808.0,
007680,2945.0,17000000.0,3015.0,3015.0,2945.0,5742.0,
025880,2325.0,45000000.0,2335.0,2350.0,2315.0,19208.0,
224110,7640.0,9000000.0,7610.0,7690.0,7520.0,1123.0,
273060,3945.0,10000000.0,4010.0,4010.0,3890.0,2529.0,
203450,2745.0,93000000.0,2775.0,2830.0,2700.0,33965.0,
121890,2900.0,355000000.0,2860.0,2905.0,2845.0,127855.0,
215380,2290.0,417000000.0,2380.0,2390.0,2245.0,182559.0,
465480,3785.0,15000000.0,3755.0,3875.0,3745.0,4084.0,
050860,1704.0,5000000.0,1715.0,1715.0,1688.0,3184.0,
046310,2335.0,18000000.0,2360.0,2360.0,2335.0,7552.0,
221840,2050.0,15000000.0,2080.0,2080.0,2010.0,7643.0,
352700,1452.0,5000000.0,1453.0,1453.0,1450.0,3162.0,
019770,3275.0,11000000.0,3285.0,3305.0,3265.0,3451.0,
221980,9420.0,3000000.0,9410.0,9420.0,9280.0,302.0,
038070,4070.0,25000000.0,4115.0,4115.0,4005.0,6247.0,
051490,2665.0,30000000.0,2660.0,2740.0,2630.0,11308.0,
238120,2660.0,63000000.0,2770.0,2770.0,2645.0,23461.0,
239890,3800.0,11000000.0,3790.0,3820.0,3730.0,2804.0,
101240,3305.0,13000000.0,3270.0,3320.0,3265.0,4042.0,
218150,1834.0,134000000.0,1907.0,1929.0,1800.0,72643.0,
052220,1625.0,26000000.0,1645.0,1650.0,1605.0,15882.0,
290090,4985.0,35000000.0,4710.0,4990.0,4600.0,7189.0,
348030,3860.0,595000000.0,3505.0,3955.0,3465.0,158377.0,
177900,3850.0,93000000.0,3895.0,3930.0,3805.0,24092.0,
035460,2480.0,485000000.0,2625.0,2630.0,2475.0,192162.0,
250000,5480.0,3000000.0,5370.0,5500.0,5370.0,568.0,
081580,2385.0,80000000.0,2400.0,2415.0,2370.0,33370.0,
258790,7390.0,266000000.0,7320.0,7630.0,7250.0,35680.0,
097870,4350.0,21000000.0,4330.0,4400.0,4300.0,4802.0,
122690,1599.0,20000000.0,1590.0,1599.0,1580.0,12421.0,
049120,2900.0,7000000.0,2820.0,2970.0,2820.0,2407.0,
046390,2130.0,20000000.0,2070.0,2135.0,2070.0,9697.0,
234100,2515.0,29000000.0,2615.0,2615.0,2500.0,11448.0,
219420,3175.0,53000000.0,3170.0,3180.0,3145.0,16832.0,
042940,5330.0,105000000.0,5380.0,5380.0,5200.0,19888.0,
026040,2205.0,84000000.0,2185.0,2210.0,2135.0,38834.0,
0010F0,3265.0,18669000000.0,2775.0,3445.0,2705.0,5770407.0,
043910,3200.0,713000000.0,3210.0,3505.0,3160.0,215943.0,
208710,2740.0,116000000.0,2830.0,2830.0,2685.0,42236.0,
434480,2930.0,407000000.0,3025.0,3065.0,2900.0,136583.0,
086040,2260.0,5000000.0,2290.0,2290.0,2245.0,2048.0,
037370,4175.0,31000000.0,4310.0,4310.0,4150.0,7367.0,
332290,4535.0,59000000.0,4450.0,4690.0,4415.0,13072.0,
284620,1087.0,0.0,0.0,0.0,0.0,0.0,
260660,2340.0,35000000.0,2365.0,2375.0,2305.0,15037.0,
057540,602.0,0.0,0.0,0.0,0.0,0.0,
045060,2110.0,32000000.0,2105.0,2145.0,2090.0,15144.0,
065500,1000.0,69000000.0,1036.0,1036.0,993.0,69245.0,
068940,778.0,0.0,0.0,0.0,0.0,0.0,
153460,5470.0,44000000.0,5460.0,5540.0,5260.0,8116.0,
263050,959.0,0.0,0.0,0.0,0.0,0.0,
207760,2125.0,12000000.0,2190.0,2190.0,2115.0,5493.0,
024120,3060.0,33000000.0,3075.0,3075.0,3035.0,10840.0,
060850,4325.0,151000000.0,4250.0,4415.0,4190.0,35169.0,
387570,6250.0,41000000.0,6140.0,6390.0,6060.0,6613.0,
014570,3190.0,34000000.0,3210.0,3210.0,3130.0,10604.0,
109820,1720.0,463000000.0,1800.0,1811.0,1695.0,268526.0,
204020,1803.0,7000000.0,1797.0,1825.0,1790.0,4036.0,
186230,3200.0,29000000.0,3150.0,3210.0,3085.0,9284.0,
089140,2275.0,121000000.0,2300.0,2370.0,2275.0,52466.0,
079190,1710.0,226000000.0,1799.0,1799.0,1640.0,132972.0,
123570,1561.0,8000000.0,1627.0,1630.0,1561.0,5093.0,
363250,4065.0,9000000.0,4110.0,4195.0,4060.0,2188.0,
452300,2440.0,183000000.0,2485.0,2510.0,2425.0,74411.0,
318410,6210.0,47000000.0,6220.0,6270.0,6080.0,7581.0,
290120,2180.0,7000000.0,2215.0,2215.0,2155.0,3435.0,
060540,1319.0,18000000.0,1331.0,1339.0,1290.0,13444.0,
127980,2910.0,34000000.0,3040.0,3040.0,2865.0,11865.0,
431190,4600.0,379000000.0,4310.0,4700.0,4310.0,82767.0,
039290,3935.0,32000000.0,4160.0,4160.0,3900.0,8145.0,
065950,1211.0,55000000.0,1206.0,1218.0,1161.0,46139.0,
377030,2380.0,80000000.0,2390.0,2470.0,2300.0,33442.0,
430690,3120.0,398000000.0,3190.0,3255.0,3000.0,127142.0,
075130,2105.0,61000000.0,2145.0,2145.0,2070.0,29270.0,
106240,1274.0,87000000.0,1272.0,1277.0,1201.0,68847.0,
057030,2075.0,28000000.0,2095.0,2110.0,2050.0,13363.0,
045300,3200.0,484000000.0,3005.0,3275.0,3005.0,151662.0,
417860,7170.0,104000000.0,7300.0,7300.0,7060.0,14644.0,
099220,5350.0,57000000.0,5180.0,5390.0,5180.0,10650.0,
066360,1402.0,12000000.0,1491.0,1491.0,1401.0,8404.0,
064520,1500.0,7000000.0,1474.0,1500.0,1450.0,4541.0,
073570,2785.0,373000000.0,2690.0,3035.0,2685.0,131421.0,
476080,4150.0,65000000.0,4125.0,4185.0,4090.0,15787.0,
131090,4365.0,65000000.0,4360.0,4365.0,4230.0,15046.0,
270520,835.0,590000000.0,881.0,881.0,808.0,710747.0,
296640,6430.0,70000000.0,6470.0,6470.0,6200.0,10958.0,
270870,3700.0,2000000.0,3700.0,3710.0,3675.0,459.0,
038060,689.0,0.0,0.0,0.0,0.0,0.0,
215090,1429.0,22000000.0,1422.0,1430.0,1373.0,15863.0,
406820,2340.0,3043000000.0,2580.0,2835.0,2330.0,1189459.0,
169330,1801.0,99000000.0,1779.0,1882.0,1779.0,54458.0,
432430,1997.0,52000000.0,2035.0,2035.0,1966.0,26168.0,
032790,1210.0,75000000.0,1200.0,1223.0,1187.0,62351.0,
196450,3620.0,44000000.0,3670.0,3780.0,3520.0,12396.0,
310870,1496.0,122000000.0,1559.0,1559.0,1494.0,81043.0,
006920,3000.0,70000000.0,3015.0,3030.0,2960.0,23338.0,
335810,1488.0,4000000.0,1492.0,1500.0,1475.0,2867.0,
069920,1346.0,485000000.0,1370.0,1500.0,1275.0,358358.0,
397810,6290.0,6000000.0,6530.0,6530.0,6270.0,887.0,
133750,1386.0,7000000.0,1381.0,1390.0,1358.0,5097.0,
052600,2805.0,29000000.0,2815.0,2840.0,2790.0,10483.0,
419120,2280.0,56000000.0,2285.0,2295.0,2235.0,24715.0,
153490,3140.0,24000000.0,3140.0,3270.0,3075.0,7552.0,
220180,1350.0,13000000.0,1354.0,1354.0,1296.0,9516.0,
408900,986.0,21000000.0,1000.0,1000.0,941.0,21113.0,
200780,3020.0,4000000.0,3080.0,3080.0,3005.0,1339.0,
038620,2125.0,5000000.0,2090.0,2145.0,2090.0,2574.0,
148930,3150.0,14000000.0,3180.0,3180.0,3100.0,4368.0,
033830,1694.0,22000000.0,1698.0,1714.0,1675.0,12738.0,
091340,2735.0,131000000.0,2610.0,2760.0,2610.0,47924.0,
364950,3855.0,46000000.0,3770.0,3910.0,3750.0,11939.0,
087600,3910.0,1000000.0,3890.0,3970.0,3860.0,321.0,
064480,2670.0,80000000.0,2565.0,2700.0,2555.0,30712.0,
031510,1138.0,10000000.0,1129.0,1138.0,1121.0,8446.0,
037330,726.0,0.0,0.0,0.0,0.0,0.0,
462980,1747.0,39000000.0,1755.0,1762.0,1706.0,22523.0,
159910,3040.0,42000000.0,3075.0,3075.0,2970.0,13981.0,
900270,2550.0,71000000.0,2585.0,2585.0,2500.0,28006.0,
021650,1936.0,1000000.0,1936.0,1941.0,1925.0,549.0,
012620,7190.0,17000000.0,7260.0,7260.0,7130.0,2389.0,
080520,2790.0,24000000.0,2825.0,2850.0,2750.0,8696.0,
271830,1070.0,88000000.0,1095.0,1115.0,1070.0,81366.0,
383930,2465.0,578000000.0,2155.0,2480.0,2080.0,243103.0,
318020,2560.0,12000000.0,2645.0,2645.0,2525.0,4608.0,
356890,2630.0,55000000.0,2655.0,2655.0,2510.0,21130.0,
073540,2745.0,69000000.0,2760.0,2810.0,2710.0,24957.0,
016600,2240.0,21000000.0,2190.0,2250.0,2180.0,9446.0,
258830,412.0,0.0,0.0,0.0,0.0,0.0,
311390,2455.0,78000000.0,2495.0,2520.0,2400.0,31858.0,
208860,9140.0,18000000.0,9250.0,9260.0,8930.0,1962.0,
025440,3180.0,44000000.0,3155.0,3200.0,3090.0,14000.0,
464280,5590.0,35000000.0,5600.0,5640.0,5450.0,6396.0,
462510,3505.0,107000000.0,3485.0,3610.0,3390.0,30821.0,
263920,3140.0,15000000.0,3250.0,3250.0,3100.0,4703.0,
462310,3895.0,30000000.0,3815.0,3905.0,3790.0,7749.0,
376980,3150.0,31000000.0,3205.0,3225.0,3015.0,9723.0,
032860,3800.0,307000000.0,3265.0,3880.0,3260.0,85802.0,
075970,1668.0,104000000.0,1666.0,1750.0,1662.0,61907.0,
197140,2350.0,32000000.0,2300.0,2350.0,2300.0,13557.0,
101670,538.0,1039000000.0,530.0,623.0,526.0,1830071.0,
148250,2240.0,267000000.0,2030.0,2245.0,1985.0,124135.0,
173940,1980.0,15000000.0,2000.0,2000.0,1967.0,7348.0,
090410,3305.0,14000000.0,3390.0,3390.0,3285.0,4155.0,
452160,3155.0,9000000.0,3170.0,3175.0,3090.0,2740.0,
246250,1969.0,0.0,0.0,0.0,0.0,0.0,
300120,3045.0,65000000.0,3025.0,3075.0,2950.0,21469.0,
367000,3590.0,6000000.0,3510.0,3590.0,3495.0,1767.0,
444530,4675.0,9000000.0,4730.0,4730.0,4600.0,1842.0,
097780,1475.0,14000000.0,1440.0,1525.0,1440.0,9191.0,
038870,2135.0,23000000.0,2125.0,2200.0,2035.0,10827.0,
464580,1621.0,4000000.0,1635.0,1635.0,1576.0,2563.0,
262840,2910.0,54000000.0,2900.0,2940.0,2845.0,18547.0,
226330,1227.0,73000000.0,1221.0,1282.0,1205.0,59350.0,
070590,2140.0,15000000.0,2160.0,2160.0,2080.0,7073.0,
369370,2975.0,25000000.0,2990.0,2990.0,2890.0,8504.0,
336060,3080.0,6000000.0,3115.0,3195.0,3035.0,2065.0,
407400,2025.0,46000000.0,2080.0,2155.0,2010.0,22331.0,
351870,2650.0,52000000.0,2395.0,2650.0,2355.0,21238.0,
033540,2830.0,11000000.0,2790.0,2830.0,2750.0,4124.0,
099390,3600.0,61000000.0,3655.0,3690.0,3555.0,16827.0,
019570,2810.0,31000000.0,3020.0,3020.0,2725.0,10849.0,
020180,3835.0,78000000.0,3870.0,3870.0,3820.0,20213.0,
038950,2885.0,3000000.0,2840.0,2890.0,2795.0,1088.0,
237820,2290.0,41000000.0,2295.0,2295.0,2235.0,18025.0,
900070,1093.0,100000000.0,1090.0,1123.0,1071.0,92093.0,
071850,1210.0,14000000.0,1205.0,1229.0,1190.0,11663.0,
317240,1000.0,112000000.0,999.0,1003.0,976.0,112708.0,
043340,614.0,12000000.0,585.0,617.0,582.0,20089.0,
109960,1927.0,2000000.0,1865.0,1937.0,1865.0,1269.0,
188260,2085.0,9000000.0,2065.0,2100.0,2040.0,4284.0,
128540,1083.0,20000000.0,1135.0,1135.0,1077.0,18467.0,
079170,5550.0,4000000.0,5620.0,5620.0,5520.0,802.0,
031310,964.0,41000000.0,998.0,998.0,950.0,42191.0,
333050,5820.0,46000000.0,5850.0,5860.0,5680.0,8038.0,
351330,3455.0,32000000.0,3530.0,3530.0,3400.0,9271.0,
050110,4890.0,184000000.0,5040.0,5110.0,4815.0,37599.0,
318010,3565.0,2000000.0,3565.0,3570.0,3510.0,539.0,
043220,1710.0,0.0,0.0,0.0,0.0,0.0,
388610,5290.0,128000000.0,5700.0,5700.0,5220.0,23838.0,
130500,1936.0,45000000.0,1979.0,1979.0,1892.0,23675.0,
365590,1525.0,465000000.0,1458.0,1760.0,1458.0,287087.0,
068050,1013.0,68000000.0,1022.0,1043.0,934.0,68299.0,
007770,7990.0,5000000.0,7650.0,8000.0,7650.0,631.0,
239610,5200.0,2000000.0,5200.0,5200.0,5020.0,452.0,
119500,2365.0,59000000.0,2365.0,2375.0,2325.0,25296.0,
002680,3610.0,464000000.0,3920.0,4070.0,3610.0,118922.0,
254120,910.0,0.0,0.0,0.0,0.0,0.0,
101400,1843.0,194000000.0,1806.0,1851.0,1710.0,107910.0,
088340,6390.0,31000000.0,6440.0,6440.0,6280.0,4869.0,
067010,2560.0,57000000.0,2530.0,2575.0,2525.0,22251.0,
373170,1844.0,28000000.0,1881.0,1881.0,1829.0,15277.0,
187270,2745.0,9000000.0,2790.0,2835.0,2720.0,3150.0,
160550,997.0,15000000.0,988.0,1010.0,988.0,15417.0,
089150,1617.0,47000000.0,1644.0,1644.0,1604.0,29156.0,
225220,1444.0,69000000.0,1402.0,1444.0,1401.0,48290.0,
068100,2320.0,17000000.0,2335.0,2335.0,2210.0,7405.0,
131220,3710.0,14000000.0,3750.0,3750.0,3585.0,3710.0,
091970,3670.0,116000000.0,3500.0,3785.0,3340.0,32927.0,
008470,1645.0,11000000.0,1605.0,1650.0,1605.0,6659.0,
066910,1797.0,129000000.0,1720.0,1805.0,1651.0,73418.0,
195500,1715.0,68000000.0,1718.0,1718.0,1680.0,40335.0,
450520,1858.0,116000000.0,1861.0,1907.0,1726.0,64706.0,
038880,3635.0,36000000.0,3660.0,3720.0,3560.0,9969.0,
398120,2300.0,82000000.0,2300.0,2335.0,2260.0,35760.0,
198940,1365.0,30000000.0,1359.0,1375.0,1330.0,22332.0,
093380,2750.0,29000000.0,2810.0,2820.0,2750.0,10287.0,
139670,1923.0,11000000.0,1890.0,1929.0,1890.0,5978.0,
376180,1462.0,24000000.0,1457.0,1499.0,1457.0,15951.0,
288620,3880.0,38000000.0,3980.0,3980.0,3805.0,10000.0,
114630,1571.0,22000000.0,1574.0,1601.0,1533.0,14334.0,
236810,1590.0,28000000.0,1595.0,1644.0,1550.0,17575.0,
048470,2790.0,32000000.0,2820.0,2820.0,2755.0,11402.0,
078590,2695.0,103000000.0,2740.0,2750.0,2580.0,38265.0,
215790,666.0,0.0,0.0,0.0,0.0,0.0,
368970,2385.0,182000000.0,2345.0,2450.0,2345.0,75801.0,
115480,2210.0,19000000.0,2285.0,2285.0,2160.0,8790.0,
123840,1719.0,9000000.0,1651.0,1729.0,1630.0,5080.0,
359090,2325.0,27000000.0,2350.0,2375.0,2250.0,11702.0,
016670,2620.0,7000000.0,2620.0,2620.0,2515.0,2799.0,
096630,1682.0,72000000.0,1629.0,1764.0,1600.0,42537.0,
027040,1918.0,219000000.0,2005.0,2005.0,1912.0,112210.0,
191410,1721.0,153000000.0,1722.0,1742.0,1690.0,88850.0,
297570,3850.0,26000000.0,3995.0,4200.0,3810.0,6581.0,
080530,2400.0,26000000.0,2420.0,2435.0,2325.0,11076.0,
043200,1270.0,57000000.0,1243.0,1275.0,1236.0,44976.0,
017000,2270.0,25000000.0,2305.0,2305.0,2265.0,10870.0,
047080,1067.0,26000000.0,1081.0,1094.0,1035.0,23838.0,
458350,3045.0,55000000.0,3110.0,3110.0,2945.0,18266.0,
069140,1740.0,18000000.0,1751.0,1758.0,1710.0,10280.0,
016920,1020.0,18000000.0,1020.0,1021.0,999.0,18098.0,
032750,2900.0,7000000.0,2910.0,2910.0,2890.0,2447.0,
058110,1630.0,149000000.0,1686.0,1687.0,1544.0,91586.0,
290270,2720.0,56000000.0,2805.0,2880.0,2715.0,20195.0,
290520,1657.0,30000000.0,1656.0,1695.0,1567.0,18850.0,
290560,1164.0,141000000.0,1220.0,1225.0,1150.0,120023.0,
069410,2540.0,28000000.0,2545.0,2565.0,2480.0,11199.0,
238490,2300.0,26000000.0,2270.0,2355.0,2200.0,11420.0,
134060,5450.0,12000000.0,5270.0,5500.0,5230.0,2175.0,
363260,4005.0,22000000.0,4000.0,4160.0,4000.0,5435.0,
105550,1643.0,37000000.0,1643.0,1660.0,1626.0,22627.0,
900310,2005.0,9000000.0,2120.0,2120.0,1947.0,4792.0,
355390,1606.0,482000000.0,1755.0,1760.0,1549.0,295861.0,
079000,3550.0,9000000.0,3570.0,3575.0,3505.0,2657.0,
033050,802.0,8000000.0,808.0,819.0,799.0,9594.0,
103840,1560.0,43000000.0,1560.0,1590.0,1529.0,27978.0,
322780,1675.0,17000000.0,1632.0,1700.0,1593.0,10087.0,
052300,1570.0,40000000.0,1630.0,1630.0,1558.0,25647.0,
146060,1058.0,11000000.0,1082.0,1082.0,1045.0,9980.0,
072770,612.0,0.0,0.0,0.0,0.0,0.0,
013720,2080.0,13000000.0,2130.0,2130.0,2080.0,6232.0,
096690,6280.0,4000000.0,6110.0,6550.0,6070.0,692.0,
054090,1008.0,23000000.0,1009.0,1017.0,986.0,23234.0,
057680,1592.0,49000000.0,1611.0,1647.0,1571.0,30428.0,
206400,670.0,61000000.0,676.0,684.0,636.0,92504.0,
060230,1285.0,58000000.0,1338.0,1346.0,1276.0,45155.0,
090150,5980.0,9000000.0,6130.0,6130.0,5860.0,1478.0,
023770,2795.0,116000000.0,2640.0,2900.0,2600.0,42168.0,
177830,2200.0,49000000.0,2110.0,2220.0,2110.0,22575.0,
415380,2175.0,36000000.0,2170.0,2225.0,2155.0,16527.0,
060380,1263.0,8000000.0,1298.0,1298.0,1261.0,6198.0,
328380,3620.0,28000000.0,3560.0,3747.0,3560.0,7707.0,
378800,2680.0,120000000.0,2715.0,2720.0,2640.0,44745.0,
140430,2315.0,334000000.0,2515.0,2520.0,2300.0,140313.0,
405920,1915.0,23000000.0,1939.0,1939.0,1800.0,12164.0,
368600,956.0,0.0,0.0,0.0,0.0,0.0,
148780,3920.0,139000000.0,3985.0,4040.0,3850.0,35303.0,
318000,2820.0,10000000.0,2770.0,2820.0,2740.0,3696.0,
053290,1490.0,24000000.0,1475.0,1569.0,1475.0,16499.0,
193250,1840.0,28000000.0,1821.0,1876.0,1700.0,15446.0,
021880,1157.0,7000000.0,1162.0,1162.0,1138.0,6128.0,
475660,3090.0,91000000.0,3415.0,3420.0,3060.0,28727.0,
043590,1803.0,265000000.0,1979.0,1979.0,1621.0,152912.0,
016100,1277.0,5000000.0,1274.0,1322.0,1264.0,3569.0,
131180,4140.0,2000000.0,4110.0,4175.0,4100.0,534.0,
054940,3655.0,380000000.0,3560.0,3795.0,3505.0,104195.0,
044780,1308.0,34000000.0,1311.0,1323.0,1306.0,25959.0,
083660,1388.0,19000000.0,1422.0,1475.0,1357.0,13502.0,
317120,1582.0,75000000.0,1620.0,1626.0,1546.0,47588.0,
138070,1373.0,59000000.0,1415.0,1447.0,1338.0,42537.0,
001810,1080.0,20000000.0,1119.0,1120.0,1080.0,17801.0,
429270,3325.0,532000000.0,3250.0,3395.0,3100.0,164924.0,
123750,1729.0,11000000.0,1735.0,1737.0,1655.0,6313.0,
464500,1702.0,30000000.0,1725.0,1760.0,1683.0,17622.0,
115160,5520.0,27000000.0,5720.0,5720.0,5460.0,4814.0,
219750,1812.0,17000000.0,1850.0,1850.0,1773.0,9641.0,
101680,2820.0,20000000.0,2755.0,2830.0,2705.0,7370.0,
083640,5150.0,14000000.0,5380.0,5380.0,5130.0,2633.0,
065690,1968.0,33000000.0,1921.0,1971.0,1921.0,17091.0,
115530,2755.0,40000000.0,2960.0,2960.0,2605.0,14392.0,
035200,2545.0,42000000.0,2500.0,2595.0,2500.0,16760.0,
206560,922.0,45000000.0,907.0,931.0,907.0,48925.0,
389680,2810.0,207000000.0,2895.0,3020.0,2710.0,74480.0,
267790,3040.0,8000000.0,3095.0,3095.0,3000.0,2577.0,
032680,1010.0,114000000.0,990.0,1055.0,979.0,111978.0,
039740,2900.0,18000000.0,2920.0,2920.0,2850.0,6212.0,
377330,2845.0,5000000.0,2795.0,2855.0,2655.0,1947.0,
188040,4945.0,21000000.0,5000.0,5080.0,4700.0,4330.0,
051380,1503.0,14000000.0,1506.0,1506.0,1499.0,9304.0,
065370,3120.0,41000000.0,3240.0,3240.0,3015.0,13211.0,
257370,1838.0,12000000.0,1811.0,1880.0,1756.0,6626.0,
237750,3525.0,14000000.0,3495.0,3540.0,3460.0,3876.0,
076080,1013.0,15000000.0,1020.0,1035.0,995.0,15164.0,
247660,3685.0,657000000.0,3890.0,3890.0,3460.0,181583.0,
208350,2815.0,21000000.0,2850.0,2935.0,2755.0,7546.0,
036480,6000.0,19000000.0,6050.0,6150.0,5960.0,3076.0,
301300,1729.0,16000000.0,1796.0,1796.0,1621.0,9283.0,
210120,2345.0,1546000000.0,1900.0,2345.0,1900.0,675412.0,
361670,4000.0,50000000.0,3930.0,4080.0,3750.0,12445.0,
417180,3965.0,7000000.0,3965.0,4075.0,3915.0,1818.0,
020400,2490.0,33000000.0,2530.0,2560.0,2490.0,13089.0,
347770,997.0,165000000.0,940.0,1000.0,907.0,173029.0,
018680,1933.0,19000000.0,1933.0,1934.0,1905.0,10125.0,
032800,1487.0,11000000.0,1480.0,1489.0,1480.0,7587.0,
033200,2440.0,4000000.0,2435.0,2480.0,2360.0,1786.0,
352940,2060.0,10000000.0,2005.0,2100.0,2005.0,4715.0,
187220,1940.0,18000000.0,2005.0,2055.0,1940.0,9049.0,
298060,2320.0,9000000.0,2345.0,2375.0,2305.0,3972.0,
017250,1059.0,18000000.0,1058.0,1065.0,1050.0,17287.0,
192390,1859.0,41000000.0,1865.0,1865.0,1850.0,22076.0,
115570,2775.0,14000000.0,2700.0,2775.0,2655.0,5037.0,
424760,2190.0,49000000.0,2145.0,2230.0,2145.0,22669.0,
007720,1096.0,7000000.0,1102.0,1102.0,1090.0,6850.0,
013810,1506.0,48000000.0,1518.0,1518.0,1492.0,32039.0,
070300,621.0,1515000000.0,678.0,707.0,604.0,2379085.0,
238200,2690.0,3000000.0,2610.0,2720.0,2610.0,1211.0,
432980,2555.0,10000000.0,2710.0,2715.0,2555.0,3908.0,
053060,1240.0,58000000.0,1235.0,1249.0,1223.0,46826.0,
098660,1750.0,10000000.0,1702.0,1750.0,1702.0,5738.0,
303530,2975.0,12000000.0,3055.0,3055.0,2940.0,3910.0,
032080,1010.0,0.0,0.0,0.0,0.0,0.0,
027580,1827.0,63000000.0,1909.0,1920.0,1825.0,33745.0,
222980,1960.0,23000000.0,1980.0,2025.0,1959.0,11622.0,
039310,1193.0,12000000.0,1168.0,1199.0,1168.0,10417.0,
115610,1822.0,173000000.0,1998.0,1998.0,1799.0,94448.0,
200230,2265.0,49000000.0,2355.0,2355.0,2260.0,21327.0,
032280,1324.0,31000000.0,1321.0,1329.0,1306.0,23168.0,
092600,2380.0,250000000.0,2605.0,2665.0,2300.0,104427.0,
215480,1997.0,11000000.0,2010.0,2070.0,1988.0,5643.0,
054220,1697.0,96000000.0,1697.0,1700.0,1647.0,57573.0,
083470,1000.0,803000000.0,990.0,1000.0,906.0,809740.0,
095910,583.0,0.0,0.0,0.0,0.0,0.0,
018700,1270.0,15000000.0,1266.0,1275.0,1206.0,12102.0,
331520,2160.0,15000000.0,2230.0,2230.0,2135.0,6934.0,
277410,5500.0,12000000.0,5630.0,5630.0,5400.0,2243.0,
274400,2325.0,46000000.0,2260.0,2485.0,2230.0,19328.0,
063760,2265.0,61000000.0,2165.0,2265.0,2135.0,27533.0,
440320,2100.0,22000000.0,2145.0,2145.0,2055.0,10639.0,
342870,3845.0,52000000.0,3860.0,3965.0,3800.0,13474.0,
045520,3200.0,33000000.0,3285.0,3285.0,3200.0,10138.0,
067730,2150.0,20000000.0,2190.0,2190.0,2130.0,9099.0,
455180,1413.0,113000000.0,1289.0,1415.0,1261.0,85940.0,
044480,3115.0,18000000.0,3145.0,3255.0,3080.0,5747.0,
241840,2160.0,46000000.0,2240.0,2240.0,2105.0,21376.0,
024940,2050.0,62000000.0,2060.0,2080.0,2025.0,30134.0,
372800,2905.0,211000000.0,2905.0,2905.0,2810.0,74648.0,
154040,9450.0,69000000.0,10180.0,10260.0,9260.0,7226.0,
096870,2445.0,165000000.0,2640.0,2640.0,2330.0,67784.0,
438700,1823.0,15000000.0,1877.0,1877.0,1803.0,8446.0,
289220,910.0,25000000.0,901.0,943.0,900.0,27300.0,
353590,1573.0,12000000.0,1565.0,1578.0,1532.0,7958.0,
043360,2250.0,11000000.0,2295.0,2295.0,2210.0,4805.0,
065060,3380.0,7000000.0,3320.0,3380.0,3235.0,2030.0,
362990,1205.0,5000000.0,1229.0,1229.0,1205.0,4125.0,
130740,1790.0,24000000.0,1819.0,1819.0,1763.0,13401.0,
065150,1266.0,31000000.0,1261.0,1280.0,1232.0,24916.0,
340440,3550.0,135000000.0,3730.0,3730.0,3505.0,37451.0,
088290,2525.0,50000000.0,2515.0,2540.0,2440.0,20014.0,
405000,3745.0,28000000.0,3880.0,3880.0,3640.0,7520.0,
131100,3120.0,154000000.0,3550.0,3575.0,3065.0,47863.0,
276730,851.0,19000000.0,853.0,861.0,830.0,22405.0,
019660,1440.0,35000000.0,1426.0,1441.0,1397.0,24651.0,
021040,925.0,105000000.0,917.0,1090.0,917.0,105882.0,
079950,1453.0,35000000.0,1442.0,1487.0,1440.0,24335.0,
344860,1334.0,86000000.0,1298.0,1356.0,1290.0,65079.0,
080470,2745.0,8000000.0,2705.0,2750.0,2705.0,2750.0,
038530,3850.0,41000000.0,4260.0,4260.0,3675.0,10764.0,
353190,2520.0,23000000.0,2610.0,2610.0,2500.0,9177.0,
113810,3040.0,22000000.0,3200.0,3200.0,3025.0,7000.0,
050760,1208.0,38000000.0,1209.0,1240.0,1178.0,31369.0,
275630,3755.0,6000000.0,4145.0,4145.0,3745.0,1449.0,
069330,1160.0,14000000.0,1211.0,1211.0,1160.0,11996.0,
154030,1621.0,12000000.0,1630.0,1630.0,1620.0,7559.0,
252500,2355.0,15000000.0,2470.0,2470.0,2350.0,6377.0,
023790,1490.0,455000000.0,1573.0,1573.0,1475.0,302207.0,
085810,1376.0,20000000.0,1425.0,1425.0,1371.0,14149.0,
073190,1622.0,0.0,0.0,0.0,0.0,0.0,
214610,2290.0,0.0,0.0,0.0,0.0,0.0,
227610,980.0,48000000.0,994.0,1000.0,971.0,48780.0,
403490,2040.0,13000000.0,2065.0,2075.0,1995.0,6245.0,
048830,1000.0,144000000.0,1035.0,1035.0,994.0,143211.0,
031860,6930.0,0.0,0.0,0.0,0.0,0.0,
014100,1584.0,31000000.0,1533.0,1585.0,1520.0,19826.0,
224060,3610.0,5152000000.0,3840.0,4350.0,3605.0,1316901.0,
026910,2345.0,197000000.0,2310.0,2450.0,2260.0,84263.0,
051780,2440.0,36000000.0,2370.0,2480.0,2370.0,14721.0,
056730,1250.0,15000000.0,1345.0,1349.0,1250.0,11734.0,
279600,3945.0,8000000.0,3780.0,3945.0,3780.0,2067.0,
110020,2040.0,32000000.0,2035.0,2140.0,2010.0,15897.0,
018620,2660.0,25000000.0,2610.0,2715.0,2610.0,9595.0,
373110,1064.0,77000000.0,1031.0,1064.0,1026.0,73686.0,
078860,2975.0,31000000.0,2915.0,3015.0,2895.0,10466.0,
084440,4770.0,14000000.0,4910.0,5010.0,4750.0,2928.0,
196700,1267.0,32000000.0,1265.0,1275.0,1259.0,25275.0,
037400,3465.0,144000000.0,3360.0,3720.0,3360.0,40785.0,
137940,1848.0,40000000.0,1852.0,1975.0,1822.0,21719.0,
365900,2465.0,133000000.0,2560.0,2560.0,2465.0,53597.0,
195990,1103.0,13000000.0,1100.0,1121.0,1094.0,11669.0,
309930,932.0,13000000.0,900.0,937.0,865.0,14386.0,
0197V0,1917.0,107000000.0,1917.0,1920.0,1907.0,55608.0,
419540,2890.0,19000000.0,2840.0,2995.0,2840.0,6462.0,
306040,1841.0,542000000.0,1836.0,1955.0,1755.0,293491.0,
065650,1545.0,35000000.0,1463.0,1553.0,1463.0,23267.0,
482680,2055.0,0.0,0.0,0.0,0.0,0.0,
477380,2080.0,30000000.0,2075.0,2080.0,2070.0,14606.0,
241820,6040.0,0.0,0.0,0.0,0.0,0.0,
0200G0,1903.0,350000000.0,1910.0,1917.0,1903.0,183254.0,
009730,2075.0,284000000.0,1993.0,2195.0,1993.0,134767.0,
225590,3200.0,237000000.0,3045.0,3230.0,2960.0,75123.0,
050090,696.0,0.0,0.0,0.0,0.0,0.0,
009620,4620.0,67000000.0,4635.0,4815.0,4585.0,14401.0,
469480,3780.0,379000000.0,3780.0,3865.0,3710.0,99909.0,
034940,2570.0,150000000.0,2745.0,2745.0,2530.0,58443.0,
376930,1538.0,68000000.0,1515.0,1601.0,1462.0,44605.0,
475460,2790.0,252000000.0,2740.0,2845.0,2625.0,92197.0,
0072Z0,1980.0,13000000.0,1988.0,1988.0,1978.0,6737.0,
477340,2065.0,2000000.0,2065.0,2070.0,2065.0,1053.0,
285800,4295.0,38000000.0,4265.0,4350.0,4015.0,8997.0,
0101C0,1986.0,2000000.0,1972.0,1987.0,1972.0,870.0,
0130H0,1989.0,4000000.0,1995.0,1999.0,1989.0,1795.0,
030350,973.0,0.0,0.0,0.0,0.0,0.0,
0044K0,1996.0,18000000.0,1998.0,1999.0,1984.0,9235.0,
473050,2105.0,782000000.0,2105.0,2110.0,2100.0,371553.0,
0115H0,1998.0,4000000.0,1996.0,1999.0,1996.0,2116.0,
489480,2200.0,0.0,0.0,0.0,0.0,0.0,
478440,2070.0,16000000.0,2065.0,2070.0,2060.0,7663.0,
479880,2070.0,16000000.0,2070.0,2070.0,2060.0,7845.0,
101000,1427.0,107000000.0,1542.0,1574.0,1409.0,72189.0,
0165X0,1940.0,12000000.0,1939.0,1943.0,1936.0,6064.0,
0099W0,1985.0,0.0,1982.0,1990.0,1982.0,72.0,
054410,2410.0,57000000.0,2500.0,2505.0,2375.0,23464.0,
0209J0,1905.0,309000000.0,1905.0,1907.0,1900.0,162061.0,
304840,561.0,0.0,0.0,0.0,0.0,0.0,
352770,5250.0,0.0,0.0,0.0,0.0,0.0,
498390,2735.0,332000000.0,2790.0,2795.0,2725.0,120615.0,
244460,1651.0,0.0,0.0,0.0,0.0,0.0,
0134X0,1989.0,91000000.0,1985.0,1989.0,1984.0,45824.0,
177350,1343.0,30000000.0,1350.0,1360.0,1331.0,22570.0,
335870,3955.0,19000000.0,3920.0,3955.0,3705.0,5036.0,
0164H0,1955.0,71000000.0,1953.0,1955.0,1951.0,36335.0,
481890,2075.0,37000000.0,2065.0,2075.0,2060.0,17698.0,
0096B0,1997.0,31000000.0,1989.0,1998.0,1980.0,15609.0,
0099X0,2180.0,222000000.0,2205.0,2220.0,2165.0,101460.0,
0097F0,1991.0,0.0,1991.0,1991.0,1979.0,97.0,
489730,2042.0,3000000.0,2035.0,2050.0,2035.0,1312.0,
478390,2070.0,23000000.0,2065.0,2070.0,2065.0,10958.0,
0093G0,1992.0,0.0,1988.0,1995.0,1988.0,226.0,
054180,2295.0,0.0,0.0,0.0,0.0,0.0,
354200,788.0,1687000000.0,708.0,900.0,708.0,2044793.0,
060480,1140.0,482000000.0,1108.0,1330.0,1005.0,406187.0,
0037T0,1995.0,62000000.0,1995.0,1998.0,1984.0,31004.0,
492220,2030.0,7000000.0,2035.0,2035.0,2030.0,3581.0,
482520,2065.0,0.0,0.0,0.0,0.0,0.0,
028080,5170.0,0.0,0.0,0.0,0.0,0.0,
418620,406.0,1409000000.0,531.0,537.0,397.0,2938390.0,
0091W0,2050.0,0.0,2040.0,2055.0,2040.0,227.0,
0131D0,1969.0,19000000.0,1963.0,1972.0,1963.0,9591.0,
0054V0,1996.0,28000000.0,2000.0,2000.0,1994.0,14181.0,
065570,764.0,0.0,0.0,0.0,0.0,0.0,
035620,655.0,175000000.0,620.0,655.0,603.0,278401.0,
0041L0,2010.0,25000000.0,2000.0,2010.0,1999.0,12734.0,
477760,2070.0,10000000.0,2070.0,2075.0,2067.0,5052.0,
065770,1145.0,907000000.0,951.0,1145.0,895.0,842683.0,
0088D0,2070.0,5000000.0,2075.0,2075.0,2055.0,2341.0,
0132G0,1996.0,19000000.0,1996.0,1998.0,1995.0,9688.0,
239340,2200.0,51000000.0,2480.0,2480.0,2180.0,22234.0,
103230,1645.0,138000000.0,1541.0,1688.0,1541.0,84379.0,
469900,2095.0,174000000.0,2100.0,2100.0,2095.0,83045.0,
482690,2085.0,4000000.0,2085.0,2085.0,2080.0,2128.0,
474660,2095.0,196000000.0,2090.0,2095.0,2085.0,94100.0,
0071M0,2005.0,31000000.0,1997.0,2010.0,1997.0,15383.0,
060260,865.0,711000000.0,1060.0,1060.0,860.0,757910.0,
474490,2090.0,12000000.0,2080.0,2092.0,2080.0,5972.0,
487360,2030.0,12000000.0,2030.0,2035.0,2030.0,6071.0,
477470,2075.0,21000000.0,2070.0,2075.0,2060.0,10046.0,
289010,814.0,487000000.0,768.0,972.0,768.0,563953.0,
0105P0,2000.0,0.0,1999.0,2000.0,1999.0,81.0,
496070,2005.0,1000000.0,2010.0,2010.0,2000.0,743.0,
060900,1710.0,194000000.0,1805.0,1885.0,1706.0,109133.0,
131760,1288.0,139000000.0,1308.0,1369.0,1258.0,104969.0,
0129K0,1976.0,11000000.0,1979.0,1984.0,1973.0,5433.0,
0096D0,1990.0,0.0,1998.0,1998.0,1990.0,8.0,
486630,2055.0,2000000.0,2055.0,2060.0,2050.0,1032.0,
001000,2245.0,1380000000.0,1746.0,2245.0,1746.0,647146.0,
142760,516.0,906000000.0,485.0,574.0,485.0,1685072.0,
0098T0,2005.0,40000000.0,2010.0,2010.0,2000.0,20016.0,
493790,2022.0,12000000.0,2025.0,2025.0,2020.0,5727.0,
012340,486.0,1278000000.0,386.0,486.0,379.0,2792639.0,
0004Y0,2000.0,1000000.0,2000.0,2020.0,1999.0,624.0,
489210,2052.0,11000000.0,2050.0,2055.0,2050.0,5222.0,
377220,1873.0,58000000.0,1950.0,1986.0,1870.0,30552.0,
303030,1155.0,60000000.0,1115.0,1199.0,1100.0,52393.0,
0130D0,1968.0,4000000.0,1961.0,1979.0,1960.0,1863.0,
043100,520.0,0.0,0.0,0.0,0.0,0.0,
006050,2970.0,322000000.0,2770.0,3335.0,2770.0,104335.0,
478110,2060.0,3000000.0,2055.0,2065.0,2055.0,1505.0,
466690,2015.0,25000000.0,2015.0,2020.0,2000.0,12383.0,
0041B0,2020.0,35000000.0,2010.0,2020.0,2000.0,17640.0,
305090,538.0,0.0,0.0,0.0,0.0,0.0,
240600,1170.0,606000000.0,1000.0,1170.0,1000.0,543148.0,
488060,2050.0,9000000.0,2040.0,2050.0,2040.0,4266.0,
288980,263.0,816000000.0,211.0,263.0,210.0,3242493.0,
106080,1650.0,0.0,0.0,0.0,0.0,0.0,
208640,682.0,291000000.0,665.0,776.0,649.0,410049.0,
484130,2045.0,38000000.0,2040.0,2045.0,2040.0,18751.0,
473950,2062.0,4000000.0,2055.0,2065.0,2055.0,1860.0,
487720,2120.0,6000000.0,2135.0,2135.0,2090.0,2724.0,
487830,2045.0,12000000.0,2045.0,2045.0,2035.0,5734.0,
468760,2080.0,0.0,0.0,0.0,0.0,0.0,
472230,2105.0,348000000.0,2105.0,2110.0,2105.0,165494.0,
067770,1031.0,0.0,0.0,0.0,0.0,0.0,
0068Y0,1999.0,10000000.0,1992.0,2005.0,1992.0,4770.0,
308100,326.0,366000000.0,302.0,326.0,302.0,1136809.0,
0041J0,1998.0,21000000.0,1993.0,1998.0,1987.0,10756.0,
03481K,5860.0,1000000.0,5860.0,5860.0,5800.0,109.0,
087260,247.0,0.0,0.0,0.0,0.0,0.0,
475250,2095.0,0.0,2090.0,2095.0,2090.0,15.0,
250930,1160.0,18000000.0,1160.0,1160.0,1160.0,15154.0,
079970,596.0,0.0,0.0,0.0,0.0,0.0,
474930,2100.0,5000000.0,2100.0,2100.0,2090.0,2427.0,
065420,940.0,0.0,0.0,0.0,0.0,0.0,
276040,327.0,0.0,0.0,0.0,0.0,0.0,
473000,2082.0,0.0,2080.0,2085.0,2080.0,78.0,
475240,2095.0,11000000.0,2095.0,2095.0,2090.0,5188.0,
900100,1096.0,0.0,0.0,0.0,0.0,0.0,
291810,409.0,0.0,0.0,0.0,0.0,0.0,
044180,205.0,0.0,0.0,0.0,0.0,0.0,
313760,468.0,0.0,0.0,0.0,0.0,0.0,
052770,312.0,0.0,0.0,0.0,0.0,0.0,
225430,698.0,0.0,0.0,0.0,0.0,0.0,
199730,903.0,70000000.0,903.0,903.0,903.0,77515.0,
025870,1059.0,0.0,0.0,0.0,0.0,0.0,
011080,559.0,254000000.0,559.0,559.0,559.0,455122.0,
058450,599.0,0.0,0.0,0.0,0.0,0.0,
035290,384.0,0.0,0.0,0.0,0.0,0.0,
021045,1992.0,3000000.0,2000.0,2000.0,1957.0,1651.0,
312610,37.0,0.0,0.0,0.0,0.0,0.0,
032685,6150.0,77000000.0,6500.0,7810.0,6150.0,11128.0,
