종목코드,현재가,거래대금,시가,고가,저가,거래량
005930,274000.0,5853217000000.0,264000.0,275000.0,263500.0,21530035.0
000660,1868000.0,4798608000000.0,1872000.0,1888000.0,1847000.0,2565611.0
005935,208000.0,833255000000.0,199800.0,209000.0,199600.0,4037038.0
402340,1127000.0,552983000000.0,1087000.0,1137000.0,1080000.0,493710.0
009150,1429000.0,791252000000.0,1432000.0,1443000.0,1396000.0,556739.0
373220,352000.0,108533000000.0,365000.0,365500.0,351500.0,307061.0
005380,359000.0,159766000000.0,365500.0,365500.0,358500.0,443769.0
207940,1402000.0,41616000000.0,1398000.0,1410000.0,1389000.0,29771.0
105560,177500.0,118663000000.0,175000.0,178900.0,174900.0,669875.0
028260,367500.0,112359000000.0,353000.0,369000.0,352500.0,307318.0
032830,291000.0,92438000000.0,287500.0,294500.0,284500.0,317979.0
012450,1067000.0,121609000000.0,1112000.0,1129000.0,1059000.0,112847.0
034020,85300.0,138068000000.0,86800.0,86900.0,84900.0,1614402.0
055550,113100.0,113459000000.0,111100.0,114000.0,110000.0,1005242.0
329180,450500.0,93175000000.0,457500.0,460000.0,445000.0,207128.0
000270,120000.0,94928000000.0,121500.0,121600.0,119100.0,792070.0
006400,533000.0,148967000000.0,546000.0,546000.0,528000.0,279509.0
068270,181400.0,43194000000.0,179500.0,181900.0,178200.0,238816.0
034730,575000.0,55278000000.0,557000.0,580000.0,554000.0,96702.0
086790,135700.0,56301000000.0,134400.0,136000.0,133000.0,416566.0
012330,373000.0,76598000000.0,380500.0,380500.0,370500.0,205302.0
066570,202500.0,96775000000.0,199600.0,203500.0,198000.0,481170.0
010120,209000.0,53572000000.0,209500.0,211500.0,204500.0,257455.0
035420,197900.0,116616000000.0,198400.0,198700.0,196100.0,590874.0
000810,651000.0,30221000000.0,652000.0,658000.0,642000.0,46442.0
298040,2917000.0,78746000000.0,2905000.0,2967000.0,2890000.0,26992.0
316140,36450.0,41413000000.0,36300.0,36650.0,36000.0,1138355.0
069500,111700.0,2119780000000.0,,,,
267260,714000.0,37958000000.0,725000.0,732000.0,712000.0,52914.0
005490,317000.0,59329000000.0,325500.0,327500.0,316000.0,185942.0
042660,81800.0,39076000000.0,83600.0,83700.0,81700.0,476446.0
009540,339000.0,44554000000.0,338500.0,344750.0,334000.0,131849.0
096770,140700.0,77914000000.0,142400.0,145000.0,138000.0,555707.0
010130,1123000.0,9069000000.0,1132000.0,1132000.0,1116000.0,8074.0
000150,1432000.0,114274000000.0,1478000.0,1478000.0,1422000.0,79495.0
042700,236500.0,77422000000.0,237500.0,238500.0,232500.0,327666.0
138040,129900.0,21677000000.0,125200.0,129900.0,125200.0,168056.0
360750,26340.0,679892000000.0,,,,
011200,21100.0,9646000000.0,21000.0,21150.0,20750.0,460242.0
015760,30850.0,23975000000.0,30900.0,31050.0,30600.0,778906.0
017670,87000.0,65208000000.0,88500.0,88500.0,86800.0,746341.0
051910,258500.0,45177000000.0,265500.0,266500.0,257000.0,173566.0
010140,20600.0,43334000000.0,20950.0,20950.0,20400.0,2106153.0
033780,173800.0,29826000000.0,171900.0,174400.0,171800.0,171852.0
018260,224500.0,25521000000.0,219500.0,226500.0,216500.0,114170.0
006800,31950.0,20658000000.0,31700.0,32200.0,31400.0,650883.0
010950,153900.0,51161000000.0,149700.0,155500.0,149000.0,333239.0
003550,111300.0,15089000000.0,111400.0,112100.0,110200.0,135549.0
267250,211000.0,26417000000.0,213000.0,215500.0,205000.0,125633.0
079550,725000.0,95801000000.0,765000.0,780000.0,723000.0,128656.0
024110,20000.0,14598000000.0,20100.0,20200.0,20000.0,727468.0
003670,178100.0,38604000000.0,184000.0,184000.0,177600.0,216276.0
086280,203000.0,31258000000.0,203000.0,204000.0,198900.0,155445.0
035720,33200.0,35563000000.0,33600.0,33600.0,33000.0,1071340.0
272210,76500.0,125645000000.0,82900.0,83000.0,75300.0,1609912.0
000720,125600.0,46990000000.0,126700.0,128100.0,123500.0,373675.0
278470,366000.0,47239000000.0,370500.0,371000.0,358000.0,129385.0
030200,53100.0,11997000000.0,52800.0,53600.0,52600.0,225480.0
064350,118800.0,33631000000.0,124000.0,124400.0,118800.0,280361.0
047810,129600.0,18317000000.0,131500.0,132300.0,129000.0,140768.0
005830,188300.0,17408000000.0,186000.0,189300.0,185500.0,92608.0
011070,519000.0,76455000000.0,533000.0,536000.0,514000.0,147096.0
133690,182540.0,597849000000.0,,,,
003490,28850.0,31634000000.0,29150.0,29300.0,28700.0,1094788.0
078930,113300.0,20462000000.0,113600.0,115100.0,112300.0,180558.0
443060,233500.0,21132000000.0,241000.0,241500.0,230000.0,90608.0
379800,23940.0,384280000000.0,,,,
102110,111945.0,1618043000000.0,,,,
071050,184400.0,18732000000.0,182200.0,184400.0,182100.0,102025.0
028050,52000.0,78664000000.0,52000.0,53200.0,50700.0,1522473.0
396500,38245.0,336298000000.0,,,,
047050,57800.0,32663000000.0,58100.0,58600.0,57000.0,565719.0
006260,322500.0,28331000000.0,325500.0,331000.0,316500.0,88206.0
307950,361000.0,12585000000.0,368500.0,368500.0,360000.0,34781.0
005940,26300.0,14301000000.0,25550.0,26450.0,25400.0,548780.0
379810,27290.0,535374000000.0,,,,
003230,1276000.0,34704000000.0,1291000.0,1302000.0,1275000.0,27046.0
323410,20100.0,13794000000.0,20450.0,20450.0,20050.0,682365.0
000500,318500.0,100438000000.0,324000.0,340500.0,308500.0,314251.0
180640,138500.0,5478000000.0,137900.0,139700.0,136900.0,39597.0
488770,105580.0,58930000000.0,,,,
259960,200000.0,14090000000.0,202500.0,203000.0,198400.0,70401.0
090430,145000.0,28551000000.0,142500.0,147300.0,140200.0,196784.0
0126Z0,327000.0,8585000000.0,331000.0,331500.0,325500.0,26202.0
007660,110300.0,132774000000.0,105000.0,111500.0,104900.0,1216975.0
016360,88200.0,22470000000.0,85600.0,88300.0,85400.0,257053.0
278530,40430.0,28867000000.0,,,,
047040,18290.0,87680000000.0,19050.0,19050.0,18090.0,4763631.0
161390,58600.0,18402000000.0,60100.0,60500.0,57900.0,313649.0
021240,99500.0,15124000000.0,100500.0,102500.0,98600.0,151193.0
352820,162500.0,30716000000.0,166600.0,166600.0,162000.0,188060.0
000880,131300.0,11749000000.0,133100.0,134100.0,127800.0,89941.0
459580,1075330.0,896506000000.0,,,,
039490,264500.0,8169000000.0,262000.0,264500.0,260500.0,31059.0
064400,69500.0,26733000000.0,70500.0,70500.0,69100.0,383749.0
267270,136700.0,24513000000.0,141900.0,141900.0,134900.0,178750.0
128940,505000.0,19795000000.0,507000.0,512000.0,500000.0,39056.0
062040,205000.0,35593000000.0,211500.0,211500.0,201500.0,174153.0
009830,27600.0,43932000000.0,28600.0,28700.0,27300.0,1590238.0
032640,14490.0,19006000000.0,14240.0,14570.0,14210.0,1313202.0
498400,20730.0,125070000000.0,,,,
326030,77600.0,6575000000.0,78300.0,78700.0,77300.0,84482.0
005387,173400.0,22962000000.0,173400.0,174800.0,171000.0,132637.0
122630,114060.0,1658437000000.0,,,,
381180,43450.0,59509000000.0,,,,
091160,135250.0,175617000000.0,,,,
001440,29700.0,106005000000.0,31500.0,31550.0,29700.0,3505659.0
175330,31000.0,8004000000.0,30700.0,31100.0,30400.0,259301.0
000990,131900.0,81497000000.0,125200.0,132500.0,122500.0,634936.0
0167A0,18320.0,200719000000.0,,,,
241560,58100.0,7844000000.0,59400.0,59700.0,58000.0,134101.0
000100,75600.0,13061000000.0,75900.0,76000.0,75200.0,172745.0
377300,39900.0,7943000000.0,40750.0,40800.0,39800.0,197374.0
353200,101900.0,42677000000.0,103700.0,104200.0,101200.0,417705.0
088350,5780.0,13032000000.0,5870.0,5870.0,5730.0,2253203.0
029780,43250.0,4566000000.0,43800.0,43800.0,43150.0,105347.0
052690,129600.0,46015000000.0,133500.0,134600.0,128300.0,351684.0
138930,15750.0,9044000000.0,15590.0,15800.0,15520.0,576695.0
004020,35100.0,21477000000.0,35650.0,35950.0,34900.0,609350.0
088980,9780.0,5247000000.0,9790.0,9820.0,9760.0,535772.0
229200,14045.0,267974000000.0,,,,
310970,49995.0,731000000.0,,,,
148020,112540.0,111811000000.0,,,,
454910,69600.0,12334000000.0,69600.0,70600.0,68300.0,176860.0
051900,299000.0,13765000000.0,293500.0,301000.0,291000.0,46118.0
036570,206500.0,10251000000.0,208500.0,209500.0,204500.0,49563.0
271560,111200.0,7524000000.0,112000.0,112500.0,110500.0,67586.0
066970,107500.0,50031000000.0,110100.0,110100.0,104600.0,468053.0
011790,88000.0,8910000000.0,87800.0,89400.0,86200.0,101041.0
458730,14750.0,25438000000.0,,,,
034220,8520.0,21039000000.0,8400.0,8580.0,8300.0,2477990.0
0162Z0,13900.0,59774000000.0,,,,
001450,49100.0,10964000000.0,47950.0,49350.0,47700.0,225331.0
395160,41650.0,150913000000.0,,,,
082740,49900.0,20306000000.0,51200.0,51200.0,49800.0,404291.0
005385,173700.0,12038000000.0,173900.0,174500.0,171000.0,69656.0
411060,27050.0,15056000000.0,,,,
360200,26640.0,22102000000.0,,,,
002380,465000.0,6573000000.0,465500.0,466500.0,453500.0,14238.0
381170,31755.0,17908000000.0,,,,
001040,128700.0,8567000000.0,127000.0,129900.0,126600.0,66579.0
395270,59450.0,83312000000.0,,,,
423160,110850.0,7704000000.0,,,,
010060,191000.0,77123000000.0,202500.0,202500.0,190800.0,397304.0
367380,31370.0,11054000000.0,,,,
273130,109660.0,1365000000.0,,,,
103590,73000.0,28824000000.0,76600.0,76700.0,72600.0,391751.0
233740,6905.0,271057000000.0,,,,
008930,50800.0,5090000000.0,48550.0,51300.0,48500.0,101630.0
161890,145500.0,21951000000.0,143500.0,146400.0,140000.0,152363.0
018880,3345.0,9045000000.0,3420.0,3440.0,3325.0,2703520.0
357870,58090.0,10676000000.0,,,,
004170,357500.0,15691000000.0,362000.0,364000.0,352000.0,43716.0
102780,26340.0,12334000000.0,,,,
375500,85100.0,20908000000.0,86900.0,87400.0,82700.0,246170.0
036460,35550.0,3106000000.0,35500.0,36100.0,35400.0,87101.0
487240,37095.0,80948000000.0,,,,
012750,83600.0,2130000000.0,82800.0,84600.0,82200.0,25409.0
111770,71400.0,2492000000.0,71600.0,73100.0,71100.0,34609.0
336260,48150.0,39759000000.0,49700.0,49750.0,47500.0,826017.0
006360,36600.0,44561000000.0,37100.0,37600.0,35350.0,1224169.0
192820,275000.0,14343000000.0,270000.0,278000.0,264500.0,52693.0
023530,109500.0,16448000000.0,113300.0,113300.0,108700.0,149292.0
028670,5790.0,5975000000.0,5710.0,5840.0,5660.0,1037002.0
455890,55570.0,6334000000.0,,,,
022100,20350.0,4090000000.0,20900.0,20900.0,20250.0,199804.0
035250,14330.0,2661000000.0,14350.0,14390.0,14250.0,185961.0
0043B0,103720.0,15159000000.0,,,,
011780,119400.0,4995000000.0,120000.0,120000.0,117900.0,41892.0
031210,41450.0,1097000000.0,41700.0,41950.0,41100.0,26389.0
017800,74000.0,3296000000.0,73900.0,74300.0,73100.0,44612.0
007340,49200.0,8158000000.0,49150.0,50600.0,47400.0,167737.0
251270,34550.0,4351000000.0,34550.0,34700.0,33950.0,126503.0
139130,18070.0,3070000000.0,18000.0,18260.0,17910.0,169518.0
302440,35650.0,1881000000.0,35350.0,36050.0,35200.0,52812.0
139260,141200.0,32634000000.0,,,,
004800,163000.0,3042000000.0,160300.0,165500.0,160100.0,18592.0
011170,63600.0,8489000000.0,63100.0,64900.0,62500.0,132882.0
003690,14960.0,1833000000.0,14970.0,15010.0,14780.0,123064.0
472150,20965.0,85704000000.0,,,,
426030,47950.0,25559000000.0,,,,
097950,174600.0,6768000000.0,175000.0,177200.0,174000.0,38605.0
383220,68400.0,3456000000.0,68700.0,69800.0,68000.0,50270.0
085620,19350.0,1450000000.0,19500.0,19790.0,19210.0,74308.0
486290,10625.0,20906000000.0,,,,
481050,1023490.0,33971000000.0,,,,
026960,25400.0,894000000.0,25400.0,25650.0,25200.0,35137.0
0193T0,11955.0,203608000000.0,,,,
278540,39825.0,1607000000.0,,,,
009420,46800.0,7961000000.0,47550.0,47900.0,46300.0,168978.0
004990,24400.0,1388000000.0,24450.0,24600.0,24250.0,56958.0
450080,34250.0,6659000000.0,35200.0,35350.0,34100.0,193782.0
005440,13180.0,6302000000.0,13140.0,13450.0,13000.0,477671.0
004370,394500.0,9553000000.0,389000.0,399000.0,387000.0,24158.0
282330,138700.0,3363000000.0,137600.0,140500.0,136200.0,24212.0
161510,25000.0,12025000000.0,,,,
449170,111930.0,7056000000.0,,,,
489790,46750.0,7574000000.0,47850.0,47900.0,46500.0,161699.0
014680,215500.0,5252000000.0,214000.0,218000.0,211000.0,24361.0
000240,24500.0,1131000000.0,24750.0,24800.0,24300.0,46154.0
001720,140000.0,857000000.0,140300.0,143300.0,139900.0,6096.0
483650,183100.0,26664000000.0,181800.0,186600.0,176100.0,145567.0
005850,49250.0,2454000000.0,50300.0,50400.0,49150.0,49577.0
018670,244000.0,1380000000.0,244500.0,246500.0,242500.0,5650.0
204320,47300.0,12063000000.0,48100.0,48100.0,47100.0,254720.0
103140,78000.0,4532000000.0,80000.0,80300.0,77900.0,57687.0
279570,5380.0,2277000000.0,5410.0,5460.0,5360.0,422122.0
385540,102755.0,72000000.0,,,,
020150,41400.0,11050000000.0,43050.0,44200.0,41250.0,261196.0
069960,99900.0,5964000000.0,98600.0,100900.0,97500.0,59793.0
009970,165900.0,998000000.0,166000.0,169200.0,165100.0,5981.0
456600,59780.0,10905000000.0,,,,
112610,50400.0,11770000000.0,51300.0,52000.0,49550.0,234173.0
051600,46150.0,3514000000.0,47100.0,47150.0,46000.0,75679.0
081660,38500.0,3476000000.0,38300.0,39100.0,38000.0,90083.0
284430,21065.0,8448000000.0,,,,
002790,26600.0,2889000000.0,25900.0,26950.0,25700.0,108890.0
139480,73100.0,4931000000.0,73700.0,73700.0,72800.0,67376.0
030000,17430.0,4464000000.0,17450.0,17480.0,17310.0,256949.0
292150,39300.0,22506000000.0,,,,
007070,23300.0,3165000000.0,23400.0,23650.0,23050.0,135631.0
073240,6780.0,8205000000.0,7080.0,7110.0,6770.0,1187772.0
457190,63900.0,3886000000.0,65600.0,65700.0,63700.0,60408.0
000155,475000.0,7839000000.0,485000.0,488000.0,471000.0,16392.0
294400,146685.0,8526000000.0,,,,
229640,59900.0,13205000000.0,61100.0,61600.0,58200.0,221887.0
214980,114420.0,1582000000.0,,,,
181710,56300.0,6339000000.0,59000.0,59000.0,55300.0,112694.0
462870,30800.0,725000000.0,31550.0,31600.0,30650.0,23540.0
089860,49200.0,3552000000.0,49550.0,51000.0,48850.0,71599.0
442580,105370.0,50408000000.0,,,,
439260,46400.0,1526000000.0,47050.0,47050.0,46050.0,32988.0
071970,51100.0,5268000000.0,51700.0,51800.0,50600.0,103119.0
105190,111955.0,31878000000.0,,,,
441640,12480.0,10235000000.0,,,,
475150,50200.0,21868000000.0,51200.0,51200.0,50000.0,435379.0
120110,57100.0,7966000000.0,56700.0,58000.0,56000.0,139655.0
023590,39400.0,585000000.0,39800.0,39800.0,39100.0,14900.0
305720,14375.0,58684000000.0,,,,
475630,1077815.0,88744000000.0,,,,
0195S0,10165.0,102718000000.0,,,,
001120,41650.0,3958000000.0,42100.0,42450.0,41450.0,94117.0
368590,30445.0,4490000000.0,,,,
000120,70700.0,1907000000.0,70700.0,71000.0,70100.0,27017.0
446770,79750.0,6314000000.0,,,,
395400,5270.0,1280000000.0,5070.0,5330.0,5070.0,243836.0
020560,7700.0,303000000.0,7730.0,7850.0,7700.0,38950.0
008770,40100.0,4938000000.0,40850.0,40850.0,40100.0,122600.0
001430,43800.0,5168000000.0,44700.0,44750.0,42200.0,118378.0
006040,35500.0,692000000.0,35700.0,35900.0,35100.0,19497.0
329200,4080.0,9271000000.0,,,,
0177N0,14615.0,46806000000.0,,,,
294870,23500.0,2911000000.0,23650.0,23900.0,23300.0,123437.0
012630,25900.0,1875000000.0,26650.0,27100.0,25500.0,72083.0
0193W0,12870.0,112347000000.0,,,,
477080,107640.0,827000000.0,,,,
610063,55835.0,0.0,,,,
281820,77100.0,14210000000.0,74300.0,77100.0,73400.0,187963.0
152100,113365.0,34295000000.0,,,,
001820,146000.0,170697000000.0,147100.0,155300.0,142000.0,1154917.0
379780,23030.0,4801000000.0,,,,
487230,20050.0,19215000000.0,,,,
093370,13900.0,43451000000.0,14590.0,14680.0,13800.0,3103689.0
453850,7135.0,9263000000.0,,,,
009155,509000.0,14503000000.0,520000.0,525000.0,506000.0,28400.0
226490,71870.0,6769000000.0,,,,
006280,125700.0,2247000000.0,122000.0,126500.0,121900.0,17980.0
011210,53600.0,2968000000.0,54500.0,54500.0,53300.0,55244.0
001800,24000.0,907000000.0,24200.0,24450.0,23950.0,37530.0
466920,27250.0,17218000000.0,,,,
091230,142690.0,21928000000.0,,,,
232080,14315.0,134132000000.0,,,,
298020,317500.0,2764000000.0,328000.0,328000.0,316000.0,8642.0
097230,15200.0,3151000000.0,15880.0,15880.0,15060.0,207103.0
00680K,10740.0,2897000000.0,10500.0,10820.0,10380.0,273857.0
005070,40700.0,2552000000.0,42000.0,42000.0,40550.0,62328.0
322000,118600.0,47688000000.0,125000.0,125000.0,118000.0,400005.0
361610,16210.0,3842000000.0,16130.0,16750.0,15810.0,236926.0
530031,3280.0,2100000000.0,,,,
390390,54375.0,29484000000.0,,,,
157450,112670.0,2198000000.0,,,,
448330,17535.0,7776000000.0,,,,
700026,107810.0,0.0,,,,
415640,10280.0,1992000000.0,10320.0,10420.0,10130.0,194989.0
436140,106020.0,0.0,,,,
007310,314000.0,572000000.0,313500.0,318000.0,312500.0,1815.0
003540,26400.0,1092000000.0,26000.0,26450.0,25900.0,41731.0
069620,108300.0,1067000000.0,109800.0,109900.0,108100.0,9816.0
007810,52300.0,5374000000.0,52400.0,52700.0,51300.0,103171.0
438080,14065.0,4902000000.0,,,,
192080,58300.0,1275000000.0,57800.0,58800.0,57600.0,21885.0
000815,409500.0,3805000000.0,407500.0,411500.0,403000.0,9346.0
001740,6090.0,4977000000.0,6300.0,6310.0,6080.0,809018.0
0072R0,12925.0,9653000000.0,,,,
066575,69700.0,4492000000.0,68500.0,69900.0,67800.0,64874.0
300720,16260.0,566000000.0,16240.0,16290.0,16060.0,35056.0
280360,127400.0,1844000000.0,127100.0,128800.0,125600.0,14455.0
330590,4010.0,537000000.0,4050.0,4090.0,3990.0,132757.0
004000,44500.0,2005000000.0,44550.0,44800.0,44250.0,45052.0
030610,10000.0,142000000.0,10010.0,10050.0,9970.0,14213.0
356540,101155.0,11998000000.0,,,,
0183J0,7665.0,9416000000.0,,,,
469150,61480.0,15458000000.0,,,,
494310,86480.0,207288000000.0,,,,
497570,21955.0,3466000000.0,,,,
465580,24775.0,11559000000.0,,,,
000210,51900.0,2682000000.0,54500.0,54600.0,51400.0,51214.0
494890,32170.0,3352000000.0,,,,
0139F0,102255.0,22000000.0,,,,
455850,25905.0,47047000000.0,,,,
445290,30900.0,5936000000.0,,,,
017960,20550.0,2873000000.0,21050.0,21100.0,20350.0,139040.0
006340,13540.0,28819000000.0,14000.0,14080.0,13350.0,2114521.0
000080,15070.0,1003000000.0,14860.0,15150.0,14820.0,66818.0
494300,9130.0,10028000000.0,,,,
469830,54470.0,10779000000.0,,,,
0195R0,11700.0,81231000000.0,,,,
449180,17160.0,8663000000.0,,,,
295040,41900.0,2387000000.0,,,,
451540,52725.0,578000000.0,,,,
0117V0,19410.0,18616000000.0,,,,
479520,106515.0,397000000.0,,,,
446720,13525.0,2533000000.0,,,,
449450,51860.0,12909000000.0,,,,
003160,35400.0,64764000000.0,31500.0,36300.0,31200.0,1860403.0
003530,4655.0,6152000000.0,4600.0,4720.0,4580.0,1323620.0
003240,893000.0,773000000.0,893000.0,907000.0,885000.0,866.0
760009,107510.0,0.0,,,,
006120,56700.0,818000000.0,56000.0,57600.0,55800.0,14375.0
315930,81195.0,1935000000.0,,,,
487340,106045.0,1560000000.0,,,,
495050,32805.0,2162000000.0,,,,
237350,89080.0,16164000000.0,,,,
402970,14985.0,3231000000.0,,,,
451800,5350.0,547000000.0,5290.0,5750.0,5220.0,102334.0
192400,27000.0,237000000.0,27000.0,27100.0,26700.0,8840.0
195870,56300.0,10253000000.0,58200.0,58200.0,55800.0,181053.0
438100,15310.0,3357000000.0,,,,
000370,8070.0,2603000000.0,8100.0,8160.0,7940.0,323091.0
032350,11690.0,1374000000.0,11730.0,11750.0,11540.0,117664.0
077970,23050.0,1922000000.0,23600.0,23600.0,22950.0,83183.0
0048J0,13800.0,9206000000.0,,,,
003090,15900.0,917000000.0,15770.0,15980.0,15660.0,57838.0
009240,39250.0,804000000.0,38650.0,39550.0,38650.0,20439.0
305540,18320.0,7968000000.0,,,,
003570,27450.0,482000000.0,28450.0,28450.0,27350.0,17487.0
071320,78000.0,2110000000.0,76800.0,78600.0,75800.0,27177.0
030190,15370.0,384000000.0,15350.0,15450.0,15120.0,25110.0
185750,64600.0,878000000.0,64100.0,64800.0,63800.0,13655.0
051915,115900.0,2893000000.0,119800.0,121600.0,115700.0,24678.0
285130,51300.0,1533000000.0,51000.0,52000.0,50300.0,29839.0
479080,53860.0,733000000.0,,,,
034230,9540.0,1786000000.0,9660.0,9660.0,9510.0,186829.0
009450,60300.0,1386000000.0,61100.0,61500.0,60100.0,22837.0
005300,94500.0,1019000000.0,94200.0,95600.0,94000.0,10761.0
079160,5280.0,1416000000.0,5250.0,5460.0,5240.0,265309.0
003470,4535.0,947000000.0,4485.0,4560.0,4430.0,209981.0
0117L0,10175.0,89000000.0,,,,
0177R0,11700.0,23597000000.0,,,,
466940,27330.0,11619000000.0,,,,
475720,12835.0,6955000000.0,,,,
006110,56500.0,6917000000.0,60100.0,60200.0,55900.0,121193.0
071055,145100.0,2746000000.0,148700.0,148700.0,144300.0,18881.0
498410,11875.0,15811000000.0,,,,
0219E0,8585.0,35876000000.0,,,,
004490,59000.0,2400000000.0,60100.0,60400.0,58900.0,40390.0
000670,43850.0,4669000000.0,47600.0,47850.0,43000.0,105005.0
153130,113155.0,1245000000.0,,,,
490590,14495.0,10697000000.0,,,,
441800,29280.0,3890000000.0,,,,
069660,111600.0,46826000000.0,,,,
0025N0,12020.0,1882000000.0,,,,
272580,57170.0,5165000000.0,,,,
144600,10695.0,4989000000.0,,,,
550082,55810.0,0.0,,,,
114800,978.0,461022000000.0,,,,
457480,18695.0,3467000000.0,,,,
005090,53600.0,4031000000.0,54100.0,55300.0,51700.0,75605.0
365550,3115.0,917000000.0,3065.0,3180.0,3045.0,292717.0
476550,6760.0,6546000000.0,,,,
252670,69.0,234367000000.0,,,,
100840,36750.0,2869000000.0,36800.0,37350.0,36150.0,78056.0
036530,46300.0,165000000.0,46500.0,46500.0,45900.0,3598.0
499790,37950.0,1580000000.0,38600.0,38950.0,37650.0,41533.0
005180,84500.0,1718000000.0,84000.0,85900.0,83500.0,20315.0
481060,7320.0,2735000000.0,,,,
137310,6150.0,516000000.0,6090.0,6180.0,6070.0,84231.0
005690,12370.0,30359000000.0,12710.0,13070.0,12280.0,2406340.0
456610,60080.0,2263000000.0,,,,
094800,7850.0,420000000.0,7700.0,7920.0,7700.0,53607.0
214320,18130.0,1097000000.0,18170.0,18220.0,17930.0,60640.0
0061Z0,51070.0,175000000.0,,,,
418660,40895.0,7250000000.0,,,,
100090,11570.0,5689000000.0,11980.0,12000.0,11570.0,487718.0
298050,161100.0,1212000000.0,165100.0,165800.0,159900.0,7462.0
329750,13065.0,2668000000.0,,,,
700028,203305.0,367000000.0,,,,
462330,985.0,54094000000.0,,,,
003850,8220.0,313000000.0,8290.0,8320.0,8180.0,38095.0
580058,53905.0,0.0,,,,
434730,59560.0,4642000000.0,,,,
367760,60230.0,13541000000.0,,,,
0127P0,10525.0,2371000000.0,,,,
290130,48810.0,4735000000.0,,,,
458760,10810.0,5034000000.0,,,,
364980,10030.0,28501000000.0,,,,
371460,9485.0,1246000000.0,,,,
064960,25550.0,1148000000.0,26000.0,26000.0,25500.0,44719.0
495850,32545.0,1703000000.0,,,,
488080,37450.0,176151000000.0,,,,
482730,11705.0,5918000000.0,,,,
0167B0,12090.0,7836000000.0,,,,
0101N0,21120.0,9081000000.0,,,,
456040,74300.0,1445000000.0,75600.0,75600.0,74000.0,19415.0
069260,16220.0,471000000.0,16150.0,16300.0,16100.0,29067.0
293940,5480.0,346000000.0,5460.0,5540.0,5460.0,62747.0
0148J0,9785.0,35295000000.0,,,,
314250,63325.0,1580000000.0,,,,
002960,508000.0,270000000.0,508000.0,509000.0,504000.0,535.0
102970,17670.0,5357000000.0,,,,
090460,19470.0,16681000000.0,20100.0,20150.0,19300.0,851123.0
005880,2030.0,1544000000.0,2020.0,2045.0,2005.0,763199.0
268280,130500.0,93000000.0,132400.0,133200.0,130200.0,713.0
0007F0,10190.0,616000000.0,,,,
017940,94400.0,611000000.0,95700.0,95900.0,93900.0,6455.0
000400,2075.0,283000000.0,2065.0,2085.0,2025.0,138202.0
017900,11060.0,212304000000.0,10780.0,12190.0,10590.0,18422042.0
0091P0,17940.0,23637000000.0,,,,
491010,25240.0,1847000000.0,,,,
434060,16815.0,1495000000.0,,,,
001060,27200.0,883000000.0,27950.0,28000.0,26950.0,32323.0
001570,9900.0,0.0,0.0,0.0,0.0,0.0
093050,21600.0,83000000.0,21650.0,22000.0,21600.0,3854.0
006650,96700.0,2609000000.0,100000.0,100000.0,96700.0,26646.0
138540,48200.0,5082000000.0,,,,
0015B0,19355.0,6152000000.0,,,,
000640,92600.0,435000000.0,93600.0,94000.0,92500.0,4674.0
453340,19140.0,1860000000.0,18540.0,19350.0,18480.0,97401.0
317450,42250.0,357000000.0,42600.0,42600.0,41950.0,8481.0
001680,17760.0,792000000.0,17840.0,18010.0,17650.0,44520.0
383800,8060.0,478000000.0,8000.0,8070.0,7970.0,59696.0
002840,136200.0,123000000.0,131900.0,136300.0,131500.0,913.0
014820,21050.0,419000000.0,21250.0,21550.0,21000.0,19822.0
248070,12760.0,797000000.0,12560.0,12800.0,12400.0,63066.0
489250,12700.0,3389000000.0,,,,
033240,27700.0,1403000000.0,27550.0,27700.0,26950.0,51409.0
277630,72930.0,4581000000.0,,,,
079900,40950.0,1479000000.0,41900.0,41900.0,40800.0,35832.0
251600,15335.0,2380000000.0,,,,
484790,8190.0,2113000000.0,,,,
108320,35950.0,1065000000.0,35800.0,36400.0,35800.0,29528.0
491620,10580.0,6366000000.0,,,,
00088K,39600.0,2397000000.0,40550.0,40950.0,38550.0,60444.0
466950,31155.0,1875000000.0,,,,
0019K0,13445.0,2704000000.0,,,,
075580,10160.0,624000000.0,10370.0,10450.0,10140.0,61194.0
423920,85150.0,6036000000.0,,,,
025540,56200.0,742000000.0,55900.0,56800.0,55800.0,13185.0
449190,22455.0,3519000000.0,,,,
016380,5640.0,935000000.0,5730.0,5750.0,5620.0,164804.0
336370,7990.0,1944000000.0,8140.0,8300.0,7700.0,246848.0
396520,13625.0,6425000000.0,,,,
451000,107095.0,5000000.0,,,,
477050,53585.0,10358000000.0,,,,
114090,8940.0,407000000.0,9030.0,9030.0,8930.0,45496.0
001510,2380.0,3756000000.0,2350.0,2410.0,2330.0,1579676.0
494670,21580.0,10080000000.0,,,,
178920,18650.0,487000000.0,18490.0,18650.0,18320.0,26273.0
455030,11885.0,1290000000.0,,,,
003300,17560.0,94000000.0,17900.0,18020.0,17540.0,5337.0
371160,6630.0,2219000000.0,,,,
0220W0,6400.0,7299000000.0,6370.0,6550.0,6200.0,1142386.0
192650,8200.0,20781000000.0,7610.0,8280.0,7520.0,2599714.0
005810,37350.0,278000000.0,37700.0,37950.0,37200.0,7443.0
284740,23900.0,161000000.0,24000.0,24000.0,23450.0,6805.0
001270,51600.0,119000000.0,51200.0,52000.0,50000.0,2364.0
00104K,126600.0,639000000.0,124000.0,126600.0,122600.0,5112.0
002350,5470.0,501000000.0,5550.0,5580.0,5460.0,91308.0
0105E0,12850.0,3383000000.0,,,,
058650,130200.0,176000000.0,131800.0,132900.0,129500.0,1352.0
452260,2720.0,3206000000.0,2675.0,2730.0,2625.0,1196560.0
007700,13480.0,127000000.0,13830.0,13830.0,13450.0,9449.0
315960,79580.0,5089000000.0,,,,
001530,25350.0,904000000.0,26750.0,26900.0,25350.0,34979.0
009410,1638.0,362000000.0,1671.0,1672.0,1627.0,220997.0
003620,2570.0,860000000.0,2580.0,2585.0,2530.0,335780.0
004710,9770.0,4751000000.0,10040.0,10040.0,9620.0,485719.0
496020,52555.0,110000000.0,,,,
365780,81995.0,339000000.0,,,,
361580,63480.0,9995000000.0,,,,
496080,32700.0,3419000000.0,,,,
462010,4675.0,6632000000.0,,,,
444200,45860.0,4495000000.0,,,,
435420,14110.0,3638000000.0,,,,
463250,33810.0,8965000000.0,,,,
251350,39015.0,1215000000.0,,,,
460860,10060.0,1097000000.0,10280.0,10280.0,10060.0,108092.0
438330,115215.0,324000000.0,,,,
484870,18150.0,2094000000.0,19350.0,19380.0,18140.0,113349.0
114260,61605.0,695000000.0,,,,
003545,20200.0,381000000.0,19950.0,20250.0,19950.0,18965.0
029460,44600.0,4201000000.0,41550.0,45000.0,40700.0,95751.0
019170,9350.0,1294000000.0,9410.0,9470.0,9280.0,138228.0
448290,17785.0,3723000000.0,,,,
001500,7890.0,200000000.0,7910.0,7930.0,7870.0,25464.0
476800,4200.0,1828000000.0,,,,
002990,12960.0,13173000000.0,13480.0,13520.0,12950.0,1006851.0
0163Y0,9595.0,4287000000.0,,,,
161000,9810.0,756000000.0,10100.0,10100.0,9810.0,76464.0
004690,131300.0,1076000000.0,132200.0,132300.0,129700.0,8244.0
145990,46000.0,97000000.0,47000.0,47100.0,46000.0,2098.0
377740,4650.0,131000000.0,4640.0,4680.0,4615.0,28382.0
483280,12020.0,1842000000.0,,,,
039130,30450.0,705000000.0,30600.0,30700.0,30200.0,23175.0
490490,10895.0,1904000000.0,,,,
0190C0,7650.0,3201000000.0,,,,
002240,16960.0,155000000.0,17180.0,17250.0,16830.0,9151.0
385560,50380.0,875000000.0,,,,
009900,8700.0,11249000000.0,7950.0,8980.0,7820.0,1308585.0
448730,5000.0,1955000000.0,5550.0,5550.0,4960.0,381967.0
000070,58500.0,139000000.0,58600.0,58800.0,57600.0,2388.0
004700,68200.0,47000000.0,66500.0,68200.0,64900.0,726.0
005250,9620.0,383000000.0,9690.0,9700.0,9515.0,39877.0
090435,42800.0,1904000000.0,42650.0,42950.0,41550.0,44747.0
499660,1002205.0,26880000000.0,,,,
471230,103155.0,491000000.0,,,,
451060,35760.0,3853000000.0,,,,
010780,15140.0,873000000.0,15480.0,15480.0,15130.0,57244.0
249420,14140.0,1533000000.0,14260.0,14340.0,14100.0,107887.0
243880,343495.0,30544000000.0,,,,
002030,216500.0,259000000.0,217500.0,221000.0,214500.0,1191.0
008060,14240.0,374000000.0,14300.0,14340.0,14140.0,26366.0
003030,106900.0,1498000000.0,109300.0,111000.0,106400.0,13757.0
293180,111975.0,5486000000.0,,,,
034310,12030.0,110000000.0,12160.0,12170.0,11910.0,9254.0
447770,13840.0,1444000000.0,,,,
016610,10310.0,326000000.0,10260.0,10360.0,10160.0,31656.0
005945,23000.0,1419000000.0,22500.0,23150.0,22450.0,62188.0
760013,86695.0,1215000000.0,,,,
474220,15270.0,931000000.0,,,,
003280,1790.0,4466000000.0,1807.0,1812.0,1767.0,2493097.0
471990,25730.0,18954000000.0,,,,
0023A0,24505.0,2951000000.0,,,,
0016X0,51475.0,37000000.0,,,,
0162M0,10050.0,58000000.0,,,,
130660,12890.0,1935000000.0,13050.0,13080.0,12820.0,149872.0
448300,23160.0,1835000000.0,,,,
072710,89500.0,240000000.0,90600.0,90600.0,89000.0,2686.0
0173Y0,11440.0,12211000000.0,,,,
403550,10860.0,60000000.0,10980.0,11050.0,10680.0,5610.0
306200,145200.0,450000000.0,150500.0,150500.0,145000.0,3074.0
148070,103895.0,183000000.0,,,,
426020,32265.0,2901000000.0,,,,
092230,96700.0,83000000.0,98000.0,98000.0,95800.0,861.0
014830,60300.0,344000000.0,61200.0,61400.0,60200.0,5687.0
302450,72390.0,2023000000.0,,,,
271940,11150.0,281000000.0,11490.0,11530.0,11150.0,25060.0
001200,4175.0,658000000.0,4155.0,4195.0,4125.0,158115.0
0210A0,7475.0,16476000000.0,,,,
385720,25955.0,810000000.0,,,,
005389,171500.0,1439000000.0,171200.0,172200.0,169400.0,8417.0
0060H0,12710.0,1373000000.0,,,,
020000,18560.0,6628000000.0,17840.0,18700.0,17710.0,360807.0
357120,4090.0,303000000.0,4115.0,4120.0,4040.0,74604.0
480260,53860.0,48000000.0,,,,
003000,4020.0,575000000.0,4020.0,4020.0,3945.0,144289.0
241180,34650.0,483000000.0,,,,
005420,10290.0,541000000.0,10500.0,10570.0,10190.0,52747.0
473290,10895.0,869000000.0,,,,
002810,21250.0,168000000.0,21450.0,21450.0,21000.0,7948.0
015360,14400.0,160000000.0,14390.0,14690.0,14370.0,11133.0
484880,23385.0,10394000000.0,,,,
016590,9700.0,70000000.0,9890.0,9890.0,9580.0,7264.0
476760,8910.0,2924000000.0,,,,
458250,34600.0,1147000000.0,,,,
520054,190555.0,298000000.0,,,,
344820,23800.0,180000000.0,24150.0,24150.0,23500.0,7620.0
317400,9790.0,7565000000.0,9870.0,9930.0,9510.0,781175.0
183190,10530.0,190000000.0,10920.0,10920.0,10510.0,17941.0
001940,26650.0,121000000.0,26400.0,27050.0,26400.0,4572.0
0046A0,9570.0,5721000000.0,,,,
029530,38550.0,136000000.0,38700.0,38900.0,38250.0,3555.0
008730,15090.0,382000000.0,15000.0,15200.0,14780.0,25451.0
385550,114265.0,193000000.0,,,,
245710,28825.0,999000000.0,,,,
194370,12760.0,288000000.0,12700.0,12810.0,12590.0,22762.0
439860,113390.0,1000000.0,,,,
132030,24340.0,1194000000.0,,,,
474590,47115.0,3975000000.0,,,,
126560,3365.0,266000000.0,3365.0,3375.0,3325.0,79204.0
469070,10950.0,3999000000.0,,,,
031430,10490.0,379000000.0,10420.0,10540.0,10350.0,36298.0
006220,9670.0,933000000.0,9750.0,9800.0,9600.0,95968.0
310960,65235.0,1970000000.0,,,,
0040Y0,8050.0,3699000000.0,,,,
092790,13950.0,4342000000.0,14210.0,14230.0,13680.0,311692.0
091180,25615.0,1859000000.0,,,,
0080G0,10250.0,16570000000.0,,,,
060980,39950.0,323000000.0,40000.0,40000.0,39350.0,8171.0
0131V0,10965.0,2077000000.0,,,,
000157,398500.0,166000000.0,375000.0,399000.0,375000.0,432.0
027410,3710.0,172000000.0,3740.0,3750.0,3705.0,46279.0
0144L0,9655.0,1692000000.0,,,,
02826K,239000.0,2139000000.0,230000.0,249000.0,228000.0,9040.0
007690,37800.0,243000000.0,37650.0,38600.0,37550.0,6414.0
0120G0,47050.0,800000000.0,48100.0,48100.0,47050.0,16860.0
950210,5820.0,158000000.0,6000.0,6000.0,5760.0,27233.0
089590,4320.0,538000000.0,4360.0,4410.0,4310.0,123868.0
442570,17505.0,1789000000.0,,,,
0094M0,17410.0,14632000000.0,,,,
006405,215000.0,691000000.0,218500.0,218500.0,213500.0,3200.0
217590,14430.0,37909000000.0,15200.0,16170.0,14310.0,2511245.0
0026S0,12855.0,1012000000.0,,,,
105630,8670.0,403000000.0,8830.0,8910.0,8640.0,46206.0
104700,9510.0,257000000.0,9360.0,9600.0,9250.0,27618.0
279530,17490.0,2339000000.0,,,,
011760,26150.0,602000000.0,26700.0,26800.0,26050.0,22875.0
170900,35550.0,79000000.0,35200.0,35900.0,35100.0,2230.0
003350,15260.0,11380000000.0,15470.0,15590.0,14600.0,751102.0
0182R0,10970.0,11730000000.0,,,,
005610,39650.0,100000000.0,40350.0,40400.0,39400.0,2537.0
0167Z0,7560.0,4702000000.0,,,,
472170,14070.0,2087000000.0,,,,
011930,16760.0,1753000000.0,17000.0,17110.0,16620.0,104520.0
015860,6850.0,470000000.0,7050.0,7050.0,6810.0,68381.0
001230,2165.0,603000000.0,2190.0,2190.0,2135.0,279773.0
0052D0,15440.0,1437000000.0,,,,
190620,102085.0,84000000.0,,,,
017810,8810.0,182000000.0,8830.0,8890.0,8730.0,20821.0
456880,12165.0,1073000000.0,,,,
570090,55835.0,0.0,,,,
462900,12675.0,6267000000.0,,,,
0043Y0,19830.0,1179000000.0,,,,
453810,11350.0,503000000.0,,,,
002310,8340.0,387000000.0,8560.0,8560.0,8250.0,46731.0
385510,37810.0,1487000000.0,,,,
448630,15280.0,1049000000.0,,,,
012030,1633.0,560000000.0,1628.0,1637.0,1594.0,347088.0
270810,13980.0,2059000000.0,,,,
024720,9500.0,138000000.0,9360.0,9600.0,9340.0,14693.0
0052S0,11585.0,988000000.0,,,,
145720,37400.0,348000000.0,38000.0,38050.0,37350.0,9264.0
096760,4360.0,238000000.0,4365.0,4405.0,4325.0,54464.0
009290,6400.0,969000000.0,6300.0,6490.0,6300.0,151404.0
097520,18200.0,734000000.0,19100.0,19100.0,18190.0,39736.0
010580,2845.0,38838000000.0,2520.0,2945.0,2495.0,13906180.0
002020,24350.0,1040000000.0,25000.0,25000.0,23800.0,42929.0
485540,15555.0,1151000000.0,,,,
010820,6430.0,3294000000.0,6510.0,6670.0,6240.0,513963.0
000430,5040.0,899000000.0,4900.0,5080.0,4810.0,180207.0
0111P0,10875.0,1012000000.0,,,,
020120,8390.0,4960000000.0,8420.0,8500.0,7580.0,624179.0
381970,6350.0,457000000.0,6610.0,6610.0,6290.0,71955.0
009160,4720.0,179000000.0,4740.0,4750.0,4635.0,38069.0
0008S0,9705.0,2939000000.0,,,,
126720,21500.0,272000000.0,21800.0,21800.0,21350.0,12653.0
454780,99370.0,0.0,,,,
010955,75700.0,1165000000.0,74100.0,76000.0,73400.0,15562.0
481190,17245.0,1653000000.0,,,,
025860,6080.0,825000000.0,6260.0,6260.0,6060.0,135186.0
475300,23260.0,19911000000.0,,,,
272450,5770.0,191000000.0,5820.0,5820.0,5680.0,33326.0
433330,21985.0,2796000000.0,,,,
002710,11470.0,1715000000.0,11500.0,11630.0,11310.0,149469.0
483320,25565.0,10074000000.0,,,,
123890,2440.0,291000000.0,2470.0,2470.0,2425.0,119066.0
136340,103940.0,2150000000.0,,,,
004310,9270.0,24956000000.0,10000.0,10060.0,9220.0,2598838.0
200880,10960.0,241000000.0,11140.0,11170.0,10950.0,21981.0
091170,16735.0,9797000000.0,,,,
108670,32950.0,353000000.0,33200.0,33450.0,32750.0,10709.0
489030,6300.0,7604000000.0,,,,
244920,13050.0,304000000.0,13320.0,13320.0,12250.0,23342.0
105840,14550.0,4674000000.0,15450.0,15500.0,14540.0,316170.0
471780,38100.0,6038000000.0,,,,
0098F0,16600.0,9368000000.0,,,,
034830,1160.0,172000000.0,1168.0,1169.0,1155.0,148577.0
0038A0,15395.0,1587000000.0,,,,
016800,25350.0,20000000.0,25600.0,25950.0,25350.0,782.0
003120,21900.0,28000000.0,22300.0,22300.0,21750.0,1319.0
497880,50110.0,5756000000.0,,,,
018250,11020.0,172000000.0,11280.0,11330.0,11010.0,15553.0
005720,5530.0,86000000.0,5580.0,5610.0,5510.0,15538.0
570022,58025.0,0.0,,,,
026890,7460.0,417000000.0,7650.0,7650.0,7370.0,56076.0
001750,19130.0,166000000.0,19300.0,19310.0,19120.0,8689.0
441680,10935.0,751000000.0,,,,
475080,7930.0,961000000.0,,,,
033270,17940.0,143000000.0,18080.0,18080.0,17840.0,7985.0
084690,7830.0,193000000.0,8010.0,8010.0,7790.0,24606.0
001390,4255.0,599000000.0,4400.0,4400.0,4255.0,139555.0
461490,14650.0,476000000.0,,,,
084010,8150.0,202000000.0,8200.0,8260.0,8000.0,25068.0
273140,114610.0,219000000.0,,,,
122900,8340.0,248000000.0,8330.0,8420.0,8270.0,29915.0
005950,10600.0,2226000000.0,10910.0,10910.0,10500.0,209166.0
453870,11120.0,844000000.0,,,,
0094K0,99465.0,1223000000.0,,,,
473330,7940.0,2033000000.0,,,,
439870,87090.0,626000000.0,,,,
058430,4635.0,504000000.0,4810.0,4815.0,4630.0,107778.0
002900,6650.0,1986000000.0,6780.0,6830.0,6570.0,298467.0
004430,11390.0,1363000000.0,11600.0,11710.0,11240.0,119714.0
421320,28345.0,1917000000.0,,,,
307520,22160.0,4577000000.0,,,,
471040,29800.0,780000000.0,,,,
017390,54600.0,156000000.0,54800.0,54800.0,54100.0,2867.0
286940,17820.0,103000000.0,18330.0,18330.0,17820.0,5754.0
0183V0,12030.0,8986000000.0,,,,
423170,60000.0,2595000000.0,,,,
213610,22395.0,270000000.0,,,,
486830,53375.0,152000000.0,,,,
078520,10610.0,618000000.0,10780.0,10980.0,10500.0,57656.0
123320,115010.0,9690000000.0,,,,
010690,7570.0,549000000.0,7660.0,7660.0,7490.0,72588.0
037710,34600.0,460000000.0,35050.0,35200.0,34600.0,13207.0
003200,11470.0,935000000.0,11980.0,11980.0,11310.0,81681.0
091810,2550.0,269000000.0,2605.0,2625.0,2540.0,104910.0
0162Y0,7625.0,1889000000.0,,,,
0228G0,10365.0,5245000000.0,,,,
196230,117015.0,271000000.0,,,,
409820,20350.0,1251000000.0,,,,
004360,13450.0,117000000.0,13540.0,13540.0,13330.0,8784.0
005430,80800.0,339000000.0,79800.0,81700.0,79400.0,4211.0
139230,13065.0,705000000.0,,,,
472920,97915.0,0.0,,,,
005680,12680.0,285000000.0,12670.0,12840.0,12550.0,22619.0
483340,22530.0,1412000000.0,,,,
432320,1670.0,1265000000.0,1761.0,1761.0,1645.0,755045.0
495230,31895.0,1457000000.0,,,,
364970,6710.0,3332000000.0,,,,
283580,15145.0,2944000000.0,,,,
334890,3595.0,184000000.0,3630.0,3630.0,3575.0,51225.0
228790,4315.0,10797000000.0,,,,
388420,28110.0,1015000000.0,,,,
493810,11500.0,1049000000.0,,,,
448540,26565.0,900000000.0,,,,
0053L0,9225.0,1858000000.0,,,,
005500,18480.0,340000000.0,18460.0,18500.0,18240.0,18549.0
298690,1508.0,59000000.0,1507.0,1509.0,1495.0,39539.0
003960,26800.0,171000000.0,27100.0,27250.0,26750.0,6354.0
007160,48800.0,38000000.0,48900.0,49300.0,48450.0,786.0
001790,2820.0,330000000.0,2900.0,2900.0,2820.0,116401.0
0182S0,12885.0,2671000000.0,,,,
053690,22050.0,8874000000.0,22500.0,24050.0,21450.0,397554.0
044820,25150.0,239000000.0,25650.0,25700.0,24750.0,9527.0
003920,42500.0,163000000.0,43000.0,43000.0,42150.0,3830.0
136490,10120.0,1921000000.0,10150.0,10480.0,10000.0,189451.0
003070,9430.0,231000000.0,9410.0,9720.0,9170.0,24820.0
363580,57170.0,4227000000.0,,,,
404990,3820.0,185000000.0,3845.0,3920.0,3700.0,48416.0
226320,10700.0,118000000.0,10730.0,10790.0,10550.0,11135.0
030210,3840.0,231000000.0,3785.0,3865.0,3750.0,60460.0
363570,86070.0,364000000.0,,,,
348950,1182.0,0.0,0.0,0.0,0.0,0.0
025000,56000.0,138000000.0,56300.0,56500.0,55500.0,2477.0
472160,19310.0,5419000000.0,,,,
000680,2940.0,221000000.0,2960.0,2995.0,2910.0,75216.0
329650,14040.0,172000000.0,,,,
008490,20000.0,297000000.0,20600.0,20600.0,19960.0,14795.0
0092C0,50290.0,19000000.0,,,,
001470,5820.0,0.0,0.0,0.0,0.0,0.0
0089D0,13580.0,1533000000.0,,,,
044450,10030.0,429000000.0,10070.0,10080.0,9940.0,43045.0
005010,4025.0,565000000.0,4070.0,4070.0,3980.0,140523.0
002320,14570.0,141000000.0,14380.0,14590.0,14330.0,9787.0
117700,7195.0,13210000000.0,,,,
092200,5790.0,1196000000.0,5940.0,5940.0,5730.0,205886.0
452360,13185.0,1595000000.0,,,,
000540,3485.0,79000000.0,3510.0,3520.0,3410.0,22881.0
478150,18410.0,417000000.0,,,,
001460,35800.0,113000000.0,36550.0,36550.0,35300.0,3201.0
134380,10160.0,17000000.0,10750.0,10750.0,10160.0,1699.0
001340,4940.0,372000000.0,4905.0,4940.0,4860.0,75861.0
437080,96080.0,169000000.0,,,,
498270,14730.0,659000000.0,,,,
000490,7710.0,683000000.0,7880.0,7880.0,7700.0,88092.0
003650,127600.0,243000000.0,127600.0,128900.0,127100.0,1907.0
0030R0,3710.0,36000000.0,3725.0,3750.0,3710.0,9684.0
003720,6500.0,1353000000.0,6600.0,6600.0,6330.0,210386.0
0104N0,21400.0,1356000000.0,,,,
009680,10140.0,92000000.0,10190.0,10250.0,10090.0,9080.0
458260,45885.0,696000000.0,,,,
034120,11870.0,47000000.0,11910.0,11970.0,11840.0,3968.0
500029,22000.0,36000000.0,,,,
433500,59375.0,2351000000.0,,,,
442320,34975.0,376000000.0,,,,
000050,7990.0,228000000.0,8050.0,8060.0,7970.0,28483.0
488980,52195.0,65000000.0,,,,
028100,19430.0,1335000000.0,19500.0,19580.0,18700.0,69645.0
422420,6625.0,783000000.0,,,,
475560,14680.0,297000000.0,14780.0,15210.0,14610.0,20142.0
03473K,383000.0,251000000.0,380000.0,388500.0,380000.0,656.0
0151S0,15920.0,4122000000.0,,,,
305080,12075.0,643000000.0,,,,
271050,1720.0,8479000000.0,,,,
0233J0,10795.0,7625000000.0,,,,
266160,33800.0,596000000.0,,,,
900140,1107.0,148000000.0,1115.0,1124.0,1106.0,133844.0
035510,15260.0,3081000000.0,15910.0,16060.0,15180.0,198083.0
157500,11985.0,2325000000.0,,,,
033920,7460.0,256000000.0,7610.0,7610.0,7450.0,34293.0
332930,146470.0,46000000.0,,,,
000320,15940.0,68000000.0,15950.0,16210.0,15850.0,4316.0
001250,2565.0,849000000.0,2565.0,2580.0,2525.0,334009.0
490090,16215.0,1009000000.0,,,,
0119H0,9900.0,227000000.0,,,,
000650,146900.0,182000000.0,143600.0,147200.0,141800.0,1259.0
267770,87370.0,5750000000.0,,,,
035150,10600.0,97000000.0,10750.0,10750.0,10400.0,9318.0
486450,19135.0,345000000.0,,,,
0232A0,100255.0,201000000.0,,,,
088260,3290.0,286000000.0,3330.0,3350.0,3275.0,86727.0
051905,99400.0,1478000000.0,98600.0,99700.0,97300.0,14973.0
013580,23050.0,1021000000.0,23550.0,23550.0,22900.0,44275.0
244580,7880.0,2608000000.0,,,,
017860,11630.0,565000000.0,12150.0,12150.0,11590.0,47878.0
520094,102445.0,1000000.0,,,,
011500,13050.0,406000000.0,13500.0,13500.0,13040.0,30929.0
0005A0,9440.0,2023000000.0,,,,
530145,11900.0,1049000000.0,,,,
004980,8230.0,183000000.0,8220.0,8340.0,8110.0,22425.0
000480,4290.0,50000000.0,4275.0,4290.0,4255.0,11741.0
003555,66400.0,155000000.0,66800.0,67000.0,66400.0,2342.0
0069M0,13645.0,2775000000.0,,,,
377190,2250.0,758000000.0,2350.0,2370.0,2240.0,332829.0
037270,3095.0,288000000.0,3110.0,3140.0,3060.0,92920.0
100250,3080.0,125000000.0,3110.0,3110.0,3055.0,40865.0
005960,8570.0,580000000.0,8680.0,8750.0,8410.0,67892.0
500099,19660.0,58000000.0,,,,
298000,51800.0,921000000.0,53600.0,53600.0,51000.0,17783.0
480040,14435.0,3617000000.0,,,,
117580,7090.0,621000000.0,7070.0,7130.0,7040.0,87796.0
039570,7510.0,49000000.0,7590.0,7590.0,7440.0,6670.0
0115D0,7520.0,5032000000.0,,,,
495060,28585.0,1686000000.0,,,,
000390,7120.0,571000000.0,7080.0,7170.0,7000.0,80608.0
302190,49855.0,63000000.0,,,,
0047A0,12785.0,241000000.0,,,,
0093A0,35030.0,3998000000.0,,,,
433980,15845.0,644000000.0,,,,
0204D0,5695.0,3024000000.0,,,,
495550,33385.0,616000000.0,,,,
500069,191860.0,0.0,,,,
004560,12710.0,595000000.0,13000.0,13200.0,12580.0,46569.0
414780,13980.0,2637000000.0,,,,
530104,191460.0,140000000.0,,,,
002420,6110.0,170000000.0,6000.0,6220.0,5810.0,28368.0
339770,3805.0,128000000.0,3825.0,3825.0,3755.0,33834.0
053210,4000.0,88000000.0,4025.0,4030.0,3980.0,22284.0
003520,1033.0,441000000.0,1054.0,1068.0,1010.0,426837.0
001630,37650.0,89000000.0,38200.0,38200.0,37550.0,2388.0
0082V0,11260.0,544000000.0,,,,
463050,11195.0,2685000000.0,,,,
095570,4150.0,290000000.0,4160.0,4180.0,4100.0,70147.0
003547,19530.0,204000000.0,19480.0,19550.0,19360.0,10546.0
102460,10090.0,131000000.0,10140.0,10150.0,9960.0,13102.0
0091C0,9390.0,407000000.0,,,,
429000,13010.0,718000000.0,,,,
016580,9940.0,273000000.0,10090.0,10090.0,9890.0,27509.0
466930,23380.0,1902000000.0,,,,
473460,24240.0,459000000.0,,,,
001130,10900.0,355000000.0,11170.0,11170.0,10860.0,32455.0
015230,6780.0,329000000.0,6810.0,6820.0,6680.0,48609.0
494330,32795.0,1198000000.0,,,,
0005G0,53230.0,555000000.0,,,,
0192Z0,100775.0,1007000000.0,,,,
480020,10250.0,3427000000.0,,,,
128820,4025.0,287000000.0,4015.0,4080.0,3995.0,71462.0
003610,5670.0,154000000.0,5740.0,5740.0,5600.0,27351.0
033530,6730.0,175000000.0,6810.0,6830.0,6660.0,26205.0
102260,3575.0,310000000.0,3695.0,3720.0,3565.0,85745.0
000140,7800.0,29000000.0,7880.0,7880.0,7800.0,3777.0
332500,75135.0,3015000000.0,,,,
122090,84245.0,2217000000.0,,,,
077500,8300.0,2399000000.0,8310.0,8630.0,8120.0,288814.0
487570,48000.0,89000000.0,48100.0,48300.0,47150.0,1888.0
009470,27000.0,1797000000.0,26800.0,27200.0,26300.0,67252.0
213500,7500.0,217000000.0,7590.0,7600.0,7470.0,28933.0
000520,8220.0,1894000000.0,7740.0,8300.0,7530.0,234184.0
0190G0,9340.0,2407000000.0,,,,
483290,10185.0,1818000000.0,,,,
261260,5325.0,229000000.0,,,,
494220,50585.0,4494000000.0,,,,
003220,7870.0,138000000.0,7860.0,7900.0,7770.0,17658.0
0099L0,99470.0,9000000.0,,,,
002100,8980.0,159000000.0,9060.0,9080.0,8960.0,17702.0
0040X0,9415.0,1593000000.0,,,,
000700,6700.0,392000000.0,6570.0,6860.0,6550.0,58578.0
000300,4200.0,0.0,0.0,0.0,0.0,0.0
234080,10940.0,102000000.0,10950.0,11010.0,10910.0,9355.0
016450,4325.0,55000000.0,4400.0,4400.0,4280.0,12989.0
233160,7620.0,13482000000.0,,,,
403790,58755.0,6000000.0,,,,
007860,7310.0,335000000.0,7460.0,7470.0,7300.0,45499.0
412570,1169.0,6355000000.0,,,,
025560,6170.0,1458000000.0,6090.0,6240.0,5980.0,237313.0
520098,28540.0,129000000.0,,,,
461950,4760.0,5202000000.0,,,,
002150,5070.0,293000000.0,5080.0,5230.0,4970.0,58367.0
014710,9880.0,40000000.0,10090.0,10110.0,9750.0,4055.0
003460,2980.0,99000000.0,2995.0,2995.0,2945.0,33462.0
490600,8820.0,1515000000.0,,,,
241590,2770.0,264000000.0,2785.0,2785.0,2675.0,97421.0
472870,6900.0,1338000000.0,,,,
337160,49065.0,325000000.0,,,,
480030,9760.0,1501000000.0,,,,
200250,20750.0,72000000.0,,,,
0064K0,12575.0,1531000000.0,,,,
491820,44440.0,2118000000.0,,,,
237370,15595.0,763000000.0,,,,
0193G0,8600.0,1572000000.0,,,,
160580,16640.0,1244000000.0,,,,
000860,12410.0,63000000.0,12520.0,12520.0,12230.0,5168.0
101530,5530.0,0.0,0.0,0.0,0.0,0.0
530134,1789.0,6114000000.0,,,,
002170,53200.0,58000000.0,53600.0,53600.0,53200.0,1089.0
013890,7270.0,82000000.0,7500.0,7500.0,7200.0,11274.0
488720,48590.0,417000000.0,,,,
006805,11750.0,289000000.0,11640.0,11750.0,11480.0,24886.0
460850,5280.0,186000000.0,5390.0,5390.0,5240.0,35145.0
152870,112705.0,119000000.0,,,,
272560,114875.0,2294000000.0,,,,
090350,7780.0,248000000.0,7920.0,8000.0,7750.0,31595.0
570051,31090.0,1000000.0,,,,
394670,10645.0,241000000.0,,,,
004380,7500.0,279000000.0,7590.0,7600.0,7350.0,37599.0
400760,2825.0,179000000.0,2840.0,2855.0,2785.0,64027.0
011785,51000.0,125000000.0,50500.0,51000.0,50200.0,2483.0
00279K,21700.0,73000000.0,21300.0,21900.0,21200.0,3407.0
0005D0,14530.0,6644000000.0,,,,
0051G0,12255.0,917000000.0,,,,
0180V0,7950.0,1586000000.0,,,,
007570,7890.0,168000000.0,7880.0,7940.0,7820.0,21493.0
354500,14190.0,1245000000.0,,,,
000970,6590.0,204000000.0,6570.0,6595.0,6490.0,31336.0
462520,12650.0,56000000.0,12560.0,12670.0,12500.0,4460.0
001780,1548.0,463000000.0,1598.0,1598.0,1541.0,296811.0
219480,33110.0,352000000.0,,,,
0151P0,15050.0,1749000000.0,,,,
458210,110770.0,199000000.0,,,,
003830,111800.0,29000000.0,112500.0,114100.0,110200.0,263.0
001045,65600.0,263000000.0,64700.0,65900.0,64000.0,4041.0
004090,11670.0,1249000000.0,11710.0,11870.0,11640.0,106553.0
550089,148115.0,0.0,,,,
138520,36645.0,413000000.0,,,,
016880,1845.0,73000000.0,1845.0,1853.0,1808.0,40489.0
438560,100140.0,128000000.0,,,,
0127M0,12255.0,471000000.0,,,,
0153K0,12255.0,926000000.0,,,,
272550,9750.0,85000000.0,9640.0,9750.0,9460.0,8956.0
097955,110600.0,872000000.0,110800.0,111700.0,109500.0,7893.0
293480,8240.0,202000000.0,8290.0,8290.0,8150.0,24698.0
271980,9940.0,130000000.0,9900.0,10130.0,9890.0,13179.0
0048K0,8110.0,2883000000.0,,,,
004970,9080.0,19000000.0,9080.0,9160.0,9030.0,2192.0
491610,105020.0,350000000.0,,,,
464240,52045.0,1000000.0,,,,
0104H0,11885.0,259000000.0,,,,
530136,14465.0,753000000.0,,,,
700023,144345.0,0.0,,,,
481180,16525.0,996000000.0,,,,
025820,4290.0,431000000.0,4370.0,4390.0,4270.0,100255.0
004150,3460.0,192000000.0,3495.0,3495.0,3435.0,55798.0
245340,34915.0,796000000.0,,,,
071840,6000.0,54000000.0,6010.0,6040.0,5970.0,9026.0
498180,93130.0,0.0,,,,
0041E0,16315.0,4546000000.0,,,,
000020,5010.0,244000000.0,5050.0,5060.0,4945.0,49000.0
0199C0,9260.0,4087000000.0,,,,
143860,35105.0,352000000.0,,,,
107590,60200.0,4000000.0,60100.0,60500.0,60000.0,73.0
500037,69750.0,16000000.0,,,,
015890,4770.0,37000000.0,4845.0,4845.0,4765.0,7789.0
495330,32410.0,221000000.0,,,,
003480,4710.0,31000000.0,4730.0,4730.0,4675.0,6769.0
094280,11980.0,83000000.0,12060.0,12060.0,11890.0,6993.0
0131W0,102255.0,419000000.0,,,,
451530,34890.0,616000000.0,,,,
008350,1067.0,671000000.0,1069.0,1082.0,1055.0,631427.0
139220,8120.0,2135000000.0,,,,
004080,14700.0,222000000.0,14680.0,14920.0,14610.0,15190.0
760007,34160.0,2000000.0,,,,
007540,47300.0,1078000000.0,47500.0,48400.0,47000.0,22688.0
0092B0,16340.0,1953000000.0,,,,
520066,22515.0,463000000.0,,,,
476030,17295.0,318000000.0,,,,
471760,14530.0,4366000000.0,,,,
570050,26725.0,0.0,,,,
081000,9400.0,191000000.0,9280.0,9450.0,9100.0,20622.0
001080,3790.0,121000000.0,3910.0,3980.0,3755.0,31561.0
012610,3170.0,324000000.0,3240.0,3250.0,3160.0,101781.0
463680,22790.0,334000000.0,,,,
024090,11490.0,12000000.0,11550.0,11580.0,11490.0,1047.0
0091M0,10160.0,13000000.0,,,,
304660,7215.0,446000000.0,,,,
018470,5120.0,279000000.0,5180.0,5180.0,5010.0,54735.0
001210,10350.0,16036000000.0,10940.0,11220.0,10340.0,1515448.0
004960,11200.0,239000000.0,11400.0,11530.0,10980.0,21468.0
003010,10190.0,4318000000.0,10460.0,10770.0,9610.0,425970.0
001520,1208.0,13841000000.0,1455.0,1482.0,1208.0,10475447.0
014280,4410.0,194000000.0,4480.0,4480.0,4395.0,44135.0
411420,27180.0,238000000.0,,,,
461500,104895.0,0.0,,,,
009270,1120.0,222000000.0,1135.0,1136.0,1110.0,198202.0
457990,33385.0,7333000000.0,,,,
325010,44150.0,46000000.0,,,,
192090,12370.0,1422000000.0,,,,
214390,5350.0,51000000.0,5410.0,5480.0,5350.0,9520.0
002210,1321.0,107000000.0,1372.0,1372.0,1321.0,81002.0
092220,3160.0,5542000000.0,2945.0,3265.0,2905.0,1776942.0
0123G0,6140.0,1198000000.0,,,,
267290,21500.0,172000000.0,22050.0,22050.0,21450.0,8010.0
448100,114760.0,1864000000.0,,,,
463290,109395.0,138000000.0,,,,
0074K0,17000.0,526000000.0,,,,
009070,4190.0,1565000000.0,4100.0,4275.0,4035.0,372195.0
438570,97580.0,36000000.0,,,,
001360,1326.0,319000000.0,1317.0,1349.0,1304.0,241354.0
447620,16000.0,475000000.0,,,,
350520,3380.0,123000000.0,3380.0,3420.0,3355.0,36512.0
078000,13470.0,25000000.0,13640.0,13640.0,13270.0,1875.0
0000Y0,102005.0,2000000.0,,,,
013520,2465.0,103000000.0,2580.0,2580.0,2430.0,41721.0
210540,11170.0,125000000.0,11190.0,11300.0,11100.0,11268.0
006060,2225.0,337000000.0,2340.0,2340.0,2220.0,150417.0
011690,3350.0,304000000.0,3395.0,3445.0,3320.0,90652.0
760011,7925.0,51000000.0,,,,
114820,104755.0,2259000000.0,,,,
037560,1578.0,87000000.0,1585.0,1588.0,1562.0,55636.0
002620,7650.0,1000000.0,7640.0,7650.0,7590.0,190.0
328370,39400.0,55000000.0,,,,
570106,48850.0,0.0,,,,
005800,13540.0,2000000.0,13560.0,13630.0,13480.0,213.0
0181B0,10020.0,2519000000.0,,,,
0184L0,100515.0,9321000000.0,,,,
089470,3780.0,137000000.0,3850.0,3860.0,3750.0,36427.0
214420,5010.0,219000000.0,5080.0,5100.0,5000.0,43657.0
469170,5895.0,1705000000.0,,,,
550092,120220.0,0.0,,,,
476450,52845.0,105000000.0,,,,
491230,52585.0,1634000000.0,,,,
332940,49645.0,917000000.0,,,,
008970,1148.0,808000000.0,1178.0,1189.0,1140.0,694545.0
399110,20805.0,256000000.0,,,,
015590,2215.0,279000000.0,2220.0,2270.0,2115.0,126436.0
227840,12920.0,48000000.0,12910.0,13030.0,12710.0,3790.0
319640,25550.0,173000000.0,,,,
0085P0,9695.0,1773000000.0,,,,
377990,23690.0,1010000000.0,,,,
014530,3325.0,436000000.0,3360.0,3375.0,3275.0,131442.0
182480,13150.0,101000000.0,,,,
0168K0,5505.0,3472000000.0,,,,
0209D0,7975.0,5928000000.0,,,,
570116,57800.0,20000000.0,,,,
034590,26400.0,5000000.0,26550.0,26550.0,26250.0,190.0
002390,8340.0,109000000.0,8540.0,8540.0,8250.0,13087.0
016740,4000.0,79000000.0,4025.0,4025.0,3945.0,19920.0
367770,22235.0,489000000.0,,,,
079430,5650.0,62000000.0,5750.0,5750.0,5650.0,10888.0
016710,7030.0,52000000.0,7020.0,7030.0,6930.0,7513.0
023450,32300.0,28000000.0,32150.0,32350.0,31950.0,878.0
083420,4700.0,74000000.0,4700.0,4720.0,4635.0,15960.0
37550L,53300.0,151000000.0,54700.0,54900.0,51100.0,2902.0
002460,11090.0,46000000.0,11250.0,11250.0,10850.0,4271.0
326240,44310.0,565000000.0,,,,
017550,1802.0,380000000.0,1847.0,1848.0,1785.0,211364.0
488500,12395.0,126000000.0,,,,
0000J0,27990.0,1253000000.0,,,,
0162L0,13845.0,8209000000.0,,,,
304940,32775.0,125000000.0,,,,
251340,2400.0,43253000000.0,,,,
0036R0,19875.0,269000000.0,,,,
0191W0,100795.0,0.0,,,,
0135Y0,100120.0,6000000.0,,,,
372330,6635.0,487000000.0,,,,
309230,29920.0,154000000.0,,,,
0174B0,14805.0,965000000.0,,,,
011810,3530.0,0.0,0.0,0.0,0.0,0.0
530061,36405.0,175000000.0,,,,
530055,108785.0,49000000.0,,,,
266370,69995.0,1417000000.0,,,,
013570,4120.0,155000000.0,4120.0,4147.0,4080.0,37744.0
0138Y0,9765.0,1089000000.0,,,,
0132K0,7940.0,504000000.0,,,,
0221V0,100620.0,188000000.0,,,,
496090,32575.0,136000000.0,,,,
0080Y0,8330.0,2969000000.0,,,,
476850,22145.0,1030000000.0,,,,
464930,20625.0,179000000.0,,,,
570019,7150.0,1000000.0,,,,
004100,2920.0,663000000.0,2985.0,2985.0,2820.0,228701.0
008040,7590.0,71000000.0,7780.0,7780.0,7320.0,9491.0
006660,13140.0,3769000000.0,13270.0,13740.0,13040.0,282768.0
168580,34210.0,85000000.0,,,,
012800,1169.0,352000000.0,1199.0,1199.0,1165.0,299348.0
0193M0,50365.0,0.0,,,,
078935,59800.0,486000000.0,59800.0,60300.0,59000.0,8156.0
455860,4370.0,1387000000.0,,,,
464310,13575.0,167000000.0,,,,
465610,44060.0,260000000.0,,,,
012320,44650.0,391000000.0,45800.0,45850.0,44400.0,8732.0
120030,83900.0,20000000.0,84100.0,84100.0,82900.0,251.0
203780,35125.0,796000000.0,,,,
500050,52640.0,0.0,,,,
014580,3805.0,149000000.0,3770.0,3820.0,3735.0,39559.0
012200,3845.0,1620000000.0,3930.0,3955.0,3750.0,423155.0
004250,2850.0,45000000.0,2840.0,2860.0,2800.0,16302.0
530107,1742.0,28066000000.0,,,,
021820,10430.0,49000000.0,10760.0,10760.0,10430.0,4656.0
458030,55125.0,35000000.0,,,,
0176E0,9810.0,378000000.0,,,,
027970,2720.0,27000000.0,2730.0,2730.0,2685.0,10238.0
0137V0,11620.0,1956000000.0,,,,
248170,22400.0,682000000.0,22600.0,22700.0,22200.0,30355.0
011280,1443.0,197000000.0,1528.0,1528.0,1442.0,134767.0
035000,6300.0,127000000.0,6350.0,6350.0,6260.0,20244.0
010100,3350.0,229000000.0,3415.0,3415.0,3335.0,68323.0
475050,6915.0,1927000000.0,,,,
123690,6340.0,310000000.0,6410.0,6440.0,6310.0,48881.0
0122W0,51070.0,62000000.0,,,,
009580,1631.0,144000000.0,1640.0,1671.0,1630.0,87638.0
610037,7255.0,0.0,,,,
0177X0,9885.0,2850000000.0,,,,
394660,15390.0,64000000.0,,,,
267850,9080.0,26000000.0,9140.0,9140.0,9030.0,2958.0
119650,918.0,0.0,0.0,0.0,0.0,0.0
0142D0,10775.0,1381000000.0,,,,
013700,1675.0,255000000.0,1772.0,1773.0,1658.0,150457.0
002450,1100.0,87000000.0,1105.0,1105.0,1089.0,80178.0
114100,105665.0,4808000000.0,,,,
002780,6820.0,315000000.0,6960.0,6970.0,6800.0,46117.0
475280,10735.0,10000000.0,,,,
0008T0,17595.0,10286000000.0,,,,
264900,7750.0,92000000.0,7820.0,7820.0,7650.0,12039.0
008700,1258.0,170000000.0,1255.0,1271.0,1246.0,135170.0
417310,2380.0,145000000.0,2385.0,2395.0,2375.0,61240.0
195980,15510.0,180000000.0,,,,
580039,190365.0,50000000.0,,,,
433970,13950.0,319000000.0,,,,
002200,2830.0,80000000.0,2855.0,2855.0,2770.0,28531.0
067830,2305.0,89000000.0,2385.0,2385.0,2295.0,38440.0
473440,10855.0,12000000.0,,,,
0035T0,19460.0,279000000.0,,,,
308620,11350.0,399000000.0,,,,
014440,4705.0,101000000.0,4660.0,4825.0,4655.0,21457.0
363280,2060.0,23000000.0,2055.0,2065.0,2005.0,11565.0
008260,3275.0,222000000.0,3395.0,3395.0,3275.0,67100.0
007210,1429.0,37000000.0,1438.0,1440.0,1414.0,26242.0
032560,5490.0,49000000.0,5500.0,5520.0,5420.0,9121.0
014790,2465.0,46000000.0,2505.0,2505.0,2445.0,18794.0
486240,30050.0,29000000.0,,,,
298770,84515.0,3007000000.0,,,,
036580,2520.0,47000000.0,2555.0,2555.0,2495.0,18911.0
454320,43020.0,57000000.0,,,,
0066W0,12710.0,393000000.0,,,,
070960,1905.0,89000000.0,1980.0,1980.0,1860.0,46973.0
479620,26570.0,1045000000.0,,,,
325020,29535.0,138000000.0,,,,
006840,6890.0,45000000.0,6720.0,6940.0,6680.0,6644.0
211900,28050.0,138000000.0,,,,
0052T0,50730.0,0.0,,,,
143850,77280.0,164000000.0,,,,
453080,23195.0,93000000.0,,,,
019180,5020.0,248000000.0,5020.0,5060.0,4970.0,49697.0
269540,30080.0,1010000000.0,,,,
001275,30050.0,40000000.0,30250.0,30250.0,30050.0,1335.0
261270,8095.0,115000000.0,,,,
468380,10860.0,275000000.0,,,,
444490,20205.0,116000000.0,,,,
0007N0,112345.0,13000000.0,,,,
0197X0,5390.0,67939000000.0,,,,
001290,4095.0,249000000.0,4140.0,4230.0,4095.0,60104.0
610064,55130.0,0.0,,,,
33626K,6590.0,82000000.0,6700.0,6710.0,6470.0,12533.0
204480,23630.0,116000000.0,,,,
058850,2115.0,51000000.0,2120.0,2125.0,2105.0,24490.0
025620,4810.0,48000000.0,4770.0,4870.0,4665.0,10391.0
329670,21865.0,220000000.0,,,,
495040,32275.0,24000000.0,,,,
023000,2190.0,16000000.0,2220.0,2235.0,2185.0,7452.0
004140,1802.0,245000000.0,1779.0,1830.0,1761.0,136119.0
096775,68400.0,108000000.0,67800.0,69000.0,67600.0,1586.0
000850,38800.0,235000000.0,39550.0,39550.0,38100.0,6069.0
058860,2450.0,196000000.0,2525.0,2525.0,2450.0,79547.0
006090,9040.0,37000000.0,8640.0,9180.0,8640.0,4213.0
007610,4720.0,16517000000.0,5100.0,5350.0,4715.0,3304973.0
460960,10890.0,2109000000.0,,,,
004890,34800.0,9000000.0,35500.0,35550.0,34750.0,285.0
453330,18175.0,821000000.0,,,,
359210,36285.0,529000000.0,,,,
329660,17745.0,248000000.0,,,,
002600,137900.0,3000000.0,140900.0,140900.0,137700.0,24.0
461460,50995.0,4000000.0,,,,
485690,22620.0,121000000.0,,,,
139990,2130.0,39000000.0,2170.0,2170.0,2110.0,18610.0
109070,1550.0,0.0,0.0,0.0,0.0,0.0
475310,28200.0,8726000000.0,,,,
0017Y0,93910.0,12000000.0,,,,
337140,37005.0,293000000.0,,,,
003580,1588.0,547000000.0,1575.0,1631.0,1501.0,348109.0
500096,16075.0,0.0,,,,
449770,21080.0,211000000.0,,,,
108450,40005.0,691000000.0,,,,
023800,5060.0,51000000.0,5040.0,5130.0,5000.0,10200.0
0198A0,8680.0,6617000000.0,,,,
469060,35490.0,177000000.0,,,,
007980,1702.0,221000000.0,1710.0,1725.0,1700.0,129547.0
011700,2460.0,304000000.0,2545.0,2545.0,2455.0,122468.0
495750,32550.0,264000000.0,,,,
111380,13000.0,13000000.0,13130.0,13130.0,12860.0,1059.0
0018C0,10455.0,1083000000.0,,,,
0057H0,11670.0,539000000.0,,,,
0049M0,11185.0,180000000.0,,,,
138530,12050.0,477000000.0,,,,
550093,38895.0,201000000.0,,,,
069730,5400.0,93000000.0,5410.0,5480.0,5370.0,17310.0
0098N0,12955.0,375000000.0,,,,
002220,2910.0,266000000.0,2990.0,2995.0,2850.0,92311.0
009180,2750.0,47000000.0,2765.0,2770.0,2740.0,17326.0
000590,67000.0,5000000.0,67800.0,67800.0,67000.0,86.0
365040,36745.0,341000000.0,,,,
005740,5190.0,71000000.0,5300.0,5300.0,5080.0,13760.0
490480,28535.0,878000000.0,,,,
210780,23310.0,227000000.0,,,,
004840,3955.0,43000000.0,4040.0,4040.0,3935.0,10873.0
0080X0,10855.0,996000000.0,,,,
007590,5560.0,5000000.0,5590.0,5590.0,5550.0,941.0
228810,3095.0,587000000.0,,,,
0238F0,10710.0,5100000000.0,,,,
000105,65700.0,23000000.0,66000.0,66000.0,65300.0,361.0
084680,532.0,0.0,0.0,0.0,0.0,0.0
0225V0,11555.0,2411000000.0,,,,
163560,5400.0,133000000.0,5480.0,5500.0,5380.0,24633.0
013360,1387.0,102000000.0,1382.0,1394.0,1366.0,74497.0
272910,105770.0,5000000.0,,,,
570120,14965.0,123000000.0,,,,
0022T0,13030.0,681000000.0,,,,
001260,7550.0,85000000.0,7620.0,7700.0,7470.0,11345.0
475350,14670.0,330000000.0,,,,
292190,49295.0,2847000000.0,,,,
010960,3060.0,183000000.0,3105.0,3115.0,3035.0,59922.0
364960,6130.0,100000000.0,,,,
412770,12595.0,45000000.0,,,,
013870,3820.0,49000000.0,3900.0,3900.0,3780.0,12867.0
157490,7840.0,548000000.0,,,,
298340,56320.0,2000000000.0,,,,
473640,34530.0,621000000.0,,,,
005750,4370.0,116000000.0,4570.0,4570.0,4345.0,26511.0
0210E0,7475.0,1241000000.0,,,,
550091,35930.0,266000000.0,,,,
0102A0,8870.0,292000000.0,,,,
441540,26600.0,440000000.0,,,,
001020,2015.0,23000000.0,2015.0,2120.0,2010.0,11519.0
004770,2015.0,1789000000.0,2115.0,2155.0,1998.0,865299.0
0098Z0,95045.0,1000000.0,,,,
002795,11160.0,74000000.0,11040.0,11180.0,10990.0,6733.0
014160,655.0,0.0,0.0,0.0,0.0,0.0
338100,3795.0,284000000.0,3800.0,3805.0,3765.0,75290.0
095720,1246.0,15000000.0,1243.0,1250.0,1235.0,12233.0
055490,14780.0,132000000.0,14990.0,14990.0,14560.0,8989.0
063160,12880.0,129000000.0,12910.0,13090.0,12690.0,10123.0
084670,24400.0,256000000.0,24950.0,25200.0,23250.0,10517.0
0190Y0,8720.0,257000000.0,,,,
120115,25400.0,159000000.0,25350.0,25400.0,24900.0,6321.0
211560,34955.0,167000000.0,,,,
000230,6060.0,50000000.0,6120.0,6120.0,5920.0,8378.0
155660,4370.0,37000000.0,4450.0,4450.0,4370.0,8496.0
520095,27940.0,6900000000.0,,,,
000180,5000.0,30000000.0,5050.0,5050.0,4980.0,6104.0
009770,27900.0,20000000.0,28000.0,28000.0,27350.0,747.0
0113D0,11995.0,83000000.0,,,,
002720,3255.0,67000000.0,3290.0,3305.0,3240.0,20704.0
465330,11090.0,3389000000.0,,,,
031820,5680.0,87000000.0,5730.0,5740.0,5650.0,15338.0
530131,22860.0,2000000.0,,,,
0233A0,10705.0,4543000000.0,,,,
530126,34105.0,0.0,,,,
550084,34095.0,20000000.0,,,,
130730,103105.0,265000000.0,,,,
011150,1892.0,73000000.0,1900.0,1900.0,1873.0,38793.0
492500,51310.0,7000000.0,,,,
214330,6480.0,273000000.0,6670.0,6720.0,6460.0,41810.0
530115,67750.0,17000000.0,,,,
570100,22550.0,22000000.0,,,,
491700,112455.0,2000000.0,,,,
007280,2350.0,30000000.0,2445.0,2445.0,2300.0,13186.0
433880,18580.0,254000000.0,,,,
001560,8820.0,5000000.0,9050.0,9090.0,8820.0,620.0
278620,119105.0,540000000.0,,,,
228800,2595.0,336000000.0,,,,
004440,5220.0,317000000.0,5320.0,5550.0,5160.0,59925.0
458750,12765.0,331000000.0,,,,
010660,3015.0,167000000.0,3115.0,3135.0,3015.0,54554.0
079980,1920.0,53000000.0,1942.0,1942.0,1905.0,27858.0
610066,55165.0,0.0,,,,
019680,1642.0,22000000.0,1628.0,1645.0,1609.0,13706.0
071090,3270.0,15151000000.0,3230.0,3690.0,3160.0,4421606.0
530067,32985.0,127000000.0,,,,
453950,32825.0,302000000.0,,,,
024900,2015.0,199000000.0,1964.0,2040.0,1964.0,98985.0
266420,15980.0,168000000.0,,,,
277640,38355.0,898000000.0,,,,
100220,5000.0,43000000.0,5080.0,5080.0,4910.0,8808.0
261240,14285.0,1560000000.0,,,,
085310,8730.0,92000000.0,8900.0,8960.0,8700.0,10624.0
520081,64630.0,0.0,,,,
004720,2845.0,27000000.0,2910.0,2910.0,2820.0,9776.0
010040,1564.0,7000000.0,1558.0,1572.0,1529.0,4626.0
418670,18620.0,2551000000.0,,,,
002700,934.0,522000000.0,958.0,959.0,933.0,555182.0
520080,21300.0,0.0,,,,
058730,3155.0,691000000.0,3220.0,3250.0,3155.0,217442.0
700022,31835.0,0.0,,,,
306950,79565.0,77000000.0,,,,
252400,105895.0,97000000.0,,,,
520087,31735.0,2192000000.0,,,,
0123S0,10195.0,16000000.0,,,,
520092,31550.0,895000000.0,,,,
580010,10485.0,0.0,,,,
292770,58085.0,0.0,,,,
419890,107460.0,6000000.0,,,,
140700,20765.0,1555000000.0,,,,
018500,1331.0,76000000.0,1349.0,1388.0,1327.0,57149.0
210980,3340.0,832000000.0,3645.0,3645.0,3340.0,240925.0
495940,19680.0,65000000.0,,,,
005870,4390.0,177000000.0,4530.0,4530.0,4365.0,39987.0
016090,1399.0,38000000.0,1394.0,1400.0,1383.0,27465.0
017370,3380.0,56000000.0,3500.0,3500.0,3360.0,16574.0
455660,9360.0,151000000.0,,,,
068290,6170.0,45000000.0,6280.0,6300.0,6170.0,7294.0
072130,4850.0,68000000.0,4950.0,4950.0,4735.0,14313.0
480370,1895.0,496000000.0,2015.0,2035.0,1888.0,256648.0
760018,10205.0,0.0,,,,
0172V0,8605.0,701000000.0,,,,
520086,24425.0,0.0,,,,
014990,4060.0,1145000000.0,4090.0,4285.0,4025.0,277821.0
0115E0,14010.0,103000000.0,,,,
520100,12170.0,2938000000.0,,,,
476750,7485.0,337000000.0,,,,
0040S0,23765.0,391000000.0,,,,
453640,14080.0,329000000.0,,,,
009200,1452.0,29000000.0,1497.0,1497.0,1451.0,20470.0
0166S0,11505.0,354000000.0,,,,
372910,2160.0,2590000000.0,2250.0,2385.0,2110.0,1182708.0
500071,23895.0,0.0,,,,
491220,132720.0,408000000.0,,,,
440640,112810.0,116000000.0,,,,
004450,27600.0,6000000.0,27450.0,27700.0,27450.0,227.0
000220,3775.0,194000000.0,3845.0,3845.0,3765.0,51416.0
520101,11880.0,560000000.0,,,,
0181L0,7110.0,286000000.0,,,,
760016,59265.0,12000000.0,,,,
002760,986.0,42000000.0,990.0,1000.0,985.0,42395.0
580082,23550.0,134000000.0,,,,
610088,58620.0,110000000.0,,,,
006890,5050.0,502000000.0,4920.0,5160.0,4905.0,99212.0
275980,23425.0,44000000.0,,,,
0220WL,2470.0,302000000.0,2455.0,2490.0,2435.0,122646.0
111110,6430.0,21000000.0,6370.0,6430.0,6290.0,3404.0
700029,58180.0,266000000.0,,,,
500093,58080.0,13000000.0,,,,
304780,128815.0,53000000.0,,,,
580068,57955.0,1410000000.0,,,,
001465,26900.0,30000000.0,26900.0,26950.0,26650.0,1142.0
530133,57690.0,315000000.0,,,,
003925,30450.0,215000000.0,30300.0,30900.0,30250.0,7023.0
396690,1451.0,110000000.0,1418.0,1466.0,1418.0,76536.0
0226A0,11455.0,2890000000.0,,,,
075180,2980.0,59000000.0,2995.0,3010.0,2930.0,19933.0
479730,9695.0,227000000.0,,,,
37550K,27050.0,163000000.0,27300.0,27500.0,27050.0,6010.0
0194T0,10195.0,860000000.0,,,,
225040,67485.0,399000000.0,,,,
000725,53400.0,56000000.0,53800.0,53800.0,52900.0,1055.0
0000D0,9010.0,497000000.0,,,,
434960,112600.0,240000000.0,,,,
480310,21200.0,671000000.0,,,,
385590,24395.0,61000000.0,,,,
003780,4305.0,294000000.0,4400.0,4460.0,4300.0,67924.0
455960,12185.0,41000000.0,,,,
129260,1873.0,72000000.0,1885.0,1885.0,1860.0,38741.0
020760,902.0,0.0,0.0,0.0,0.0,0.0
278240,7820.0,369000000.0,,,,
520089,11075.0,0.0,,,,
442560,16460.0,170000000.0,,,,
520057,1744.0,6983000000.0,,,,
401470,9365.0,68000000.0,,,,
378850,2880.0,64000000.0,2920.0,2930.0,2875.0,22162.0
092440,1870.0,102000000.0,1889.0,1896.0,1856.0,54821.0
006980,17670.0,21000000.0,17650.0,17830.0,17340.0,1205.0
481430,97535.0,9000000.0,,,,
0141S0,8650.0,565000000.0,,,,
003475,4250.0,110000000.0,4190.0,4265.0,4185.0,26209.0
150460,7395.0,12000000.0,,,,
002630,913.0,0.0,0.0,0.0,0.0,0.0
090080,985.0,49000000.0,1000.0,1000.0,982.0,50590.0
001550,10400.0,225000000.0,10570.0,10590.0,10400.0,21555.0
28513K,25500.0,79000000.0,25400.0,25800.0,25350.0,3119.0
025530,3605.0,19000000.0,3630.0,3630.0,3595.0,5440.0
0046Y0,12495.0,114000000.0,,,,
0238P0,10290.0,2916000000.0,,,,
530113,53195.0,4000000.0,,,,
002410,1935.0,0.0,0.0,0.0,0.0,0.0
0113P0,102555.0,0.0,,,,
580076,26545.0,0.0,,,,
0041D0,13780.0,600000000.0,,,,
011390,50200.0,215000000.0,50300.0,51300.0,48650.0,4322.0
011230,2760.0,1507000000.0,2740.0,2870.0,2710.0,539699.0
253150,211200.0,354000000.0,,,,
261220,27425.0,2774000000.0,,,,
101280,30580.0,2137000000.0,,,,
0111J0,12065.0,1028000000.0,,,,
440910,22755.0,98000000.0,,,,
275300,30785.0,66000000.0,,,,
0118Z0,8770.0,84000000.0,,,,
123700,3340.0,17000000.0,3415.0,3415.0,3330.0,5240.0
012690,1424.0,145000000.0,1449.0,1449.0,1419.0,101589.0
580034,104065.0,0.0,,,,
261070,11155.0,867000000.0,,,,
003465,2960.0,8000000.0,3000.0,3000.0,2960.0,2698.0
023810,5170.0,39000000.0,5110.0,5170.0,5080.0,7772.0
006125,41850.0,94000000.0,43000.0,43000.0,41250.0,2258.0
152500,46820.0,841000000.0,,,,
445150,27785.0,169000000.0,,,,
021050,1080.0,119000000.0,1110.0,1110.0,1075.0,110011.0
570104,17080.0,0.0,,,,
004830,3250.0,59000000.0,3270.0,3300.0,3250.0,18197.0
530124,50935.0,7000000.0,,,,
0118S0,10935.0,191000000.0,,,,
010770,3475.0,69000000.0,3520.0,3520.0,3465.0,20077.0
000950,30200.0,20000000.0,30650.0,31000.0,29650.0,685.0
0185L0,7300.0,174000000.0,,,,
360140,23050.0,169000000.0,,,,
007815,17100.0,6000000.0,17100.0,17100.0,16750.0,371.0
006880,4285.0,87000000.0,4345.0,4425.0,4285.0,20188.0
007460,2040.0,225000000.0,2060.0,2070.0,1985.0,110690.0
218420,20615.0,835000000.0,,,,
005305,65200.0,44000000.0,65300.0,65300.0,64400.0,682.0
520072,16800.0,0.0,,,,
009190,1131.0,497000000.0,1136.0,1193.0,1123.0,431194.0
287180,55175.0,182000000.0,,,,
475260,10760.0,0.0,,,,
292560,8125.0,362000000.0,,,,
0139P0,13370.0,176000000.0,,,,
101140,4910.0,13000000.0,4950.0,5030.0,4760.0,2769.0
001620,2215.0,16000000.0,2175.0,2215.0,2165.0,7756.0
140950,87900.0,72000000.0,,,,
002140,1954.0,274000000.0,1997.0,1997.0,1927.0,140477.0
442260,39155.0,69000000.0,,,,
011000,2670.0,0.0,0.0,0.0,0.0,0.0
092780,3670.0,4779000000.0,4305.0,5120.0,3640.0,1123533.0
0220B0,11100.0,2311000000.0,,,,
114470,107110.0,62000000.0,,,,
461340,43815.0,42000000.0,,,,
316670,7015.0,1007000000.0,,,,
002920,1854.0,62000000.0,1844.0,1877.0,1844.0,33553.0
580056,23970.0,0.0,,,,
0020H0,22205.0,177000000.0,,,,
0000Z0,8150.0,541000000.0,,,,
009320,967.0,102000000.0,976.0,986.0,960.0,104843.0
453650,18970.0,156000000.0,,,,
004920,907.0,0.0,0.0,0.0,0.0,0.0
0178H0,10055.0,134000000.0,,,,
004410,1197.0,86000000.0,1195.0,1219.0,1185.0,72258.0
305050,72600.0,373000000.0,,,,
473590,19660.0,356000000.0,,,,
256750,15330.0,778000000.0,,,,
371470,8880.0,685000000.0,,,,
336160,99900.0,0.0,,,,
473490,31235.0,240000000.0,,,,
520056,23420.0,49000000.0,,,,
007110,603.0,0.0,0.0,0.0,0.0,0.0
123310,1089.0,3140000000.0,,,,
610061,23292.0,17000000.0,,,,
357250,1860.0,33000000.0,1831.0,1860.0,1826.0,17964.0
447430,16310.0,189000000.0,,,,
041650,2160.0,18000000.0,2210.0,2210.0,2155.0,8465.0
069460,2660.0,0.0,0.0,0.0,0.0,0.0
0086B0,9445.0,258000000.0,,,,
000910,2960.0,240000000.0,2950.0,3035.0,2920.0,80862.0
200030,40680.0,40000000.0,,,,
442090,30420.0,3000000.0,,,,
375770,25335.0,12000000.0,,,,
004540,1219.0,20000000.0,1263.0,1263.0,1215.0,16900.0
35320K,21650.0,50000000.0,21550.0,21800.0,21450.0,2346.0
196030,90325.0,14000000.0,,,,
429760,19610.0,19625000000.0,,,,
005030,486.0,0.0,0.0,0.0,0.0,0.0
0197W0,10000.0,738000000.0,,,,
520102,22455.0,21210000000.0,,,,
074610,5110.0,0.0,0.0,0.0,0.0,0.0
084870,2190.0,17000000.0,2260.0,2275.0,2125.0,8350.0
014910,2045.0,523000000.0,2060.0,2150.0,2030.0,251269.0
003080,2225.0,215000000.0,2210.0,2240.0,2190.0,97605.0
023350,4060.0,94000000.0,3955.0,4200.0,3905.0,23740.0
0132H0,7595.0,383000000.0,,,,
520078,14730.0,0.0,,,,
276990,24950.0,66000000.0,,,,
004910,3450.0,44000000.0,3420.0,3500.0,3400.0,12988.0
0141T0,50180.0,0.0,,,,
440650,11595.0,606000000.0,,,,
005320,1280.0,318000000.0,1349.0,1356.0,1240.0,248274.0
610078,36450.0,86000000.0,,,,
472830,7850.0,120000000.0,,,,
0089C0,11455.0,8000000.0,,,,
700027,43460.0,301000000.0,,,,
0207G0,7295.0,3427000000.0,,,,
520074,14455.0,0.0,,,,
487130,29900.0,235000000.0,,,,
004060,2140.0,128000000.0,2155.0,2190.0,2125.0,60192.0
520091,10825.0,13000000.0,,,,
008420,2105.0,246000000.0,2195.0,2195.0,2105.0,115345.0
238720,47610.0,86000000.0,,,,
0194M0,11805.0,709000000.0,,,,
481850,982.0,38000000.0,980.0,994.0,965.0,38739.0
002870,1220.0,1047000000.0,1300.0,1302.0,1110.0,864261.0
0189B0,8280.0,739000000.0,,,,
017180,1252.0,132000000.0,1298.0,1298.0,1245.0,105614.0
0186S0,8335.0,1610000000.0,,,,
026940,2125.0,309000000.0,2200.0,2205.0,2125.0,143333.0
475270,10730.0,0.0,,,,
009835,16680.0,165000000.0,16610.0,16750.0,16000.0,9963.0
0112X0,42170.0,22000000.0,,,,
000215,25000.0,52000000.0,25450.0,25850.0,24900.0,2081.0
570118,10535.0,99000000.0,,,,
100910,17525.0,34000000.0,,,,
520073,41815.0,0.0,,,,
0191M0,100815.0,0.0,,,,
610038,4160.0,12000000.0,,,,
472840,110810.0,194000000.0,,,,
019490,541.0,0.0,0.0,0.0,0.0,0.0
0192L0,10325.0,238000000.0,,,,
446070,3885.0,311000000.0,4045.0,4045.0,3870.0,79735.0
494840,12285.0,247000000.0,,,,
520099,3160.0,10717000000.0,,,,
550041,58685.0,0.0,,,,
448570,30415.0,2000000.0,,,,
476260,13235.0,2998000000.0,,,,
183700,97325.0,151000000.0,,,,
139320,18145.0,150000000.0,,,,
610101,40760.0,181000000.0,,,,
401170,10445.0,97000000.0,,,,
011330,4065.0,297000000.0,4175.0,4235.0,3985.0,72882.0
500095,6735.0,5000000.0,,,,
017040,932.0,0.0,0.0,0.0,0.0,0.0
428510,23740.0,159000000.0,,,,
322410,22815.0,41000000.0,,,,
0007G0,13055.0,44000000.0,,,,
491830,22745.0,284000000.0,,,,
580081,39710.0,33000000.0,,,,
008870,39650.0,4000000.0,39700.0,39700.0,39300.0,110.0
570119,39630.0,16000000.0,,,,
570117,1800.0,1605000000.0,,,,
530143,39570.0,307000000.0,,,,
011300,2295.0,194000000.0,2300.0,2365.0,2250.0,84816.0
570103,3955.0,5000000.0,,,,
275280,43825.0,535000000.0,,,,
520082,13130.0,0.0,,,,
009810,1930.0,31000000.0,1951.0,1995.0,1919.0,16308.0
139280,12260.0,29000000.0,,,,
023960,1031.0,7000000.0,1045.0,1045.0,1018.0,6879.0
027740,1224.0,122000000.0,1271.0,1271.0,1220.0,99868.0
011420,1410.0,24000000.0,1400.0,1445.0,1380.0,17298.0
047400,913.0,67000000.0,907.0,915.0,882.0,74873.0
134790,19050.0,3000000.0,19010.0,19100.0,18910.0,175.0
449690,50450.0,8000000.0,,,,
0222D0,10340.0,1535000000.0,,,,
145270,785.0,19000000.0,783.0,805.0,775.0,24890.0
500094,1780.0,852000000.0,,,,
352540,10925.0,368000000.0,,,,
0100K0,6190.0,3596000000.0,,,,
133820,997.0,23000000.0,998.0,1016.0,990.0,23526.0
195930,22950.0,61000000.0,,,,
570102,18350.0,230000000.0,,,,
147970,79125.0,1048000000.0,,,,
464470,47560.0,423000000.0,,,,
000890,1312.0,195000000.0,1354.0,1354.0,1310.0,147598.0
009140,23050.0,212000000.0,22300.0,25900.0,21650.0,9165.0
012280,3655.0,20000000.0,3700.0,3700.0,3615.0,5769.0
049800,1807.0,5000000.0,1815.0,1850.0,1807.0,2872.0
580077,12040.0,3000000.0,,,,
276970,7675.0,274000000.0,,,,
450910,13755.0,89000000.0,,,,
760024,7970.0,85000000.0,,,,
452250,4625.0,3000000.0,,,,
000760,12750.0,12000000.0,12730.0,13570.0,12640.0,960.0
0234N0,10485.0,4039000000.0,,,,
760005,35615.0,0.0,,,,
469050,32365.0,140000000.0,,,,
261250,15955.0,1710000000.0,,,,
400970,7070.0,76000000.0,,,,
276650,47115.0,6000000.0,,,,
570082,1764.0,12000000.0,,,,
365000,3490.0,167000000.0,,,,
104530,17185.0,84000000.0,,,,
0154F0,12335.0,348000000.0,,,,
520079,35095.0,0.0,,,,
407830,14610.0,37000000.0,,,,
474800,15935.0,851000000.0,,,,
570029,7005.0,0.0,,,,
520077,13940.0,101000000.0,,,,
0085N0,9625.0,86000000.0,,,,
0184E0,11165.0,1198000000.0,,,,
530117,34565.0,223000000.0,,,,
241390,15710.0,69000000.0,,,,
500085,34540.0,16000000.0,,,,
010640,2055.0,115000000.0,2130.0,2130.0,2000.0,56665.0
0023B0,16320.0,286000000.0,,,,
491090,18500.0,1080000000.0,,,,
004365,9210.0,9000000.0,9230.0,9330.0,9190.0,1065.0
012160,2175.0,38000000.0,2165.0,2270.0,2130.0,17632.0
008250,3100.0,94000000.0,3110.0,3130.0,3030.0,30774.0
500040,33930.0,10000000.0,,,,
520075,33905.0,0.0,,,,
610007,6775.0,0.0,,,,
006370,3130.0,193000000.0,3145.0,3165.0,3035.0,62598.0
510045,22525.0,0.0,,,,
005820,14670.0,23000000.0,14650.0,15000.0,13910.0,1643.0
099140,21040.0,24000000.0,,,,
580069,1819.0,289000000.0,,,,
449780,18685.0,110000000.0,,,,
143210,1199.0,0.0,0.0,0.0,0.0,0.0
013000,1168.0,15000000.0,1180.0,1182.0,1155.0,13315.0
138910,10155.0,272000000.0,,,,
0083S0,11940.0,723000000.0,,,,
385520,15530.0,26000000.0,,,,
105780,16565.0,26000000.0,,,,
465350,16525.0,295000000.0,,,,
0138T0,9440.0,145000000.0,,,,
051630,1558.0,898000000.0,1678.0,1703.0,1521.0,559841.0
498860,16500.0,174000000.0,,,,
459560,21995.0,33000000.0,,,,
475070,29880.0,112000000.0,,,,
380340,27340.0,67000000.0,,,,
0204S0,7315.0,1469000000.0,,,,
0089B0,11290.0,171000000.0,,,,
090370,1186.0,19000000.0,1178.0,1227.0,1164.0,16422.0
570069,32350.0,12000000.0,,,,
122260,104200.0,0.0,,,,
174360,23020.0,184000000.0,,,,
117460,13515.0,518000000.0,,,,
530118,10690.0,117000000.0,,,,
520096,12815.0,12343000000.0,,,,
002880,3415.0,47000000.0,3575.0,3595.0,3400.0,13770.0
156080,53195.0,1231000000.0,,,,
009460,2585.0,30000000.0,2610.0,2610.0,2460.0,12170.0
275290,35385.0,149000000.0,,,,
322400,9650.0,6000000.0,,,,
139270,17245.0,295000000.0,,,,
570127,31430.0,22000000.0,,,,
465660,24160.0,251000000.0,,,,
395290,4935.0,341000000.0,,,,
261140,24470.0,315000000.0,,,,
217770,1086.0,909000000.0,,,,
0218J0,9310.0,1385000000.0,,,,
352560,11765.0,410000000.0,,,,
010400,4090.0,26000000.0,4070.0,4250.0,4030.0,6382.0
459750,17810.0,7000000.0,,,,
003535,6490.0,87000000.0,6420.0,6620.0,6400.0,13362.0
245350,19450.0,30000000.0,,,,
476690,10360.0,81000000.0,,,,
014130,2625.0,7000000.0,2640.0,2640.0,2600.0,2843.0
256440,5085.0,133000000.0,,,,
153270,85835.0,271000000.0,,,,
395170,15445.0,200000000.0,,,,
001070,5810.0,20000000.0,5940.0,5940.0,5810.0,3472.0
415920,6550.0,204000000.0,,,,
570072,30750.0,0.0,,,,
426150,51005.0,1000000.0,,,,
025750,1903.0,22000000.0,1909.0,1909.0,1890.0,11893.0
450190,51055.0,18000000.0,,,,
0192M0,11875.0,322000000.0,,,,
0150K0,10910.0,309000000.0,,,,
469790,43615.0,21000000.0,,,,
227540,18375.0,63000000.0,,,,
446690,60960.0,223000000.0,,,,
024070,1980.0,28000000.0,1990.0,2000.0,1977.0,14466.0
494410,14445.0,2652000000.0,,,,
248270,26120.0,43000000.0,,,,
0155N0,7765.0,265000000.0,,,,
036420,1570.0,49000000.0,1574.0,1581.0,1533.0,31946.0
468630,10760.0,94000000.0,,,,
253250,104100.0,89000000.0,,,,
494340,20115.0,202000000.0,,,,
117680,12650.0,231000000.0,,,,
496770,16720.0,67000000.0,,,,
069640,1383.0,8000000.0,1387.0,1390.0,1330.0,6041.0
088790,2410.0,131000000.0,2475.0,2475.0,2375.0,54929.0
500102,14965.0,9000000.0,,,,
387270,25785.0,32000000.0,,,,
500035,14950.0,6000000.0,,,,
025890,2680.0,194000000.0,2625.0,2680.0,2560.0,73427.0
530148,29800.0,15000000.0,,,,
459790,20550.0,2000000.0,,,,
266360,9285.0,131000000.0,,,,
520065,14840.0,0.0,,,,
145850,118535.0,0.0,,,,
308170,3440.0,6000000.0,3435.0,3490.0,3350.0,2032.0
415340,14235.0,586000000.0,,,,
006740,4950.0,16000000.0,5190.0,5190.0,4880.0,3344.0
192720,57670.0,150000000.0,,,,
500023,14695.0,0.0,,,,
0192T0,6865.0,2788000000.0,,,,
610075,48600.0,9000000.0,,,,
261060,25560.0,756000000.0,,,,
006570,1907.0,27000000.0,1987.0,1988.0,1907.0,13991.0
002690,1430.0,5000000.0,1442.0,1450.0,1430.0,4136.0
0155M0,6435.0,180000000.0,,,,
003680,4635.0,243000000.0,4655.0,4740.0,4630.0,51974.0
0166N0,8190.0,143000000.0,,,,
0203S0,8555.0,165000000.0,,,,
489290,15065.0,22000000.0,,,,
0107F0,11220.0,77000000.0,,,,
118000,1294.0,17000000.0,1330.0,1330.0,1283.0,13804.0
520090,7135.0,68000000.0,,,,
007120,1036.0,28000000.0,1040.0,1079.0,998.0,27036.0
476070,10670.0,377000000.0,,,,
0013R0,7845.0,72000000.0,,,,
223190,28005.0,16000000.0,,,,
0223R0,9610.0,84000000.0,,,,
271060,9050.0,256000000.0,,,,
289480,13230.0,400000000.0,,,,
0224X0,9895.0,661000000.0,,,,
464920,23075.0,153000000.0,,,,
019175,13900.0,32000000.0,13800.0,14100.0,13800.0,2314.0
357430,905.0,15000000.0,911.0,916.0,895.0,17116.0
700013,27485.0,0.0,,,,
570047,27355.0,0.0,,,,
580049,13665.0,0.0,,,,
520083,27250.0,0.0,,,,
0049K0,11085.0,86000000.0,,,,
0164G0,12910.0,306000000.0,,,,
0137W0,10415.0,77000000.0,,,,
033250,4230.0,686000000.0,4695.0,4695.0,4075.0,160363.0
139250,17515.0,279000000.0,,,,
001380,1194.0,25000000.0,1217.0,1217.0,1180.0,21266.0
440340,11905.0,109000000.0,,,,
006345,10210.0,433000000.0,10200.0,10250.0,9800.0,42955.0
475380,10065.0,60000000.0,,,,
437350,12115.0,130000000.0,,,,
0198D0,10535.0,281000000.0,,,,
277540,33120.0,18000000.0,,,,
610028,26480.0,1000000.0,,,,
005110,1254.0,0.0,0.0,0.0,0.0,0.0
167860,90760.0,0.0,,,,
760004,9730.0,0.0,,,,
493420,12485.0,22000000.0,,,,
252710,76.0,4730000000.0,,,,
530063,26180.0,283000000.0,,,,
006490,1475.0,441000000.0,1501.0,1550.0,1409.0,302507.0
760026,17450.0,1046000000.0,,,,
550069,26150.0,0.0,,,,
003060,1602.0,172000000.0,1631.0,1659.0,1594.0,107016.0
071950,1800.0,42000000.0,1840.0,1840.0,1790.0,23821.0
510044,17320.0,0.0,,,,
610069,17240.0,893000000.0,,,,
483570,16060.0,22000000.0,,,,
0209Z0,7300.0,653000000.0,,,,
002355,3930.0,116000000.0,3945.0,3945.0,3900.0,29559.0
0115C0,10840.0,41000000.0,,,,
023150,4105.0,9000000.0,4225.0,4240.0,4065.0,2229.0
245360,12120.0,33000000.0,,,,
0047R0,15390.0,40000000.0,,,,
496120,33845.0,221000000.0,,,,
580057,12650.0,0.0,,,,
0152E0,10700.0,55000000.0,,,,
33637K,1487.0,9000000.0,1495.0,1495.0,1461.0,6526.0
481340,8510.0,152000000.0,,,,
292500,50165.0,407000000.0,,,,
580048,12470.0,0.0,,,,
414270,11575.0,35000000.0,,,,
610022,8285.0,0.0,,,,
159800,88265.0,23000000.0,,,,
185680,46325.0,75000000.0,,,,
292160,49250.0,29000000.0,,,,
004270,5400.0,31000000.0,5470.0,5500.0,5350.0,5920.0
530128,24530.0,22000000.0,,,,
0097L0,12510.0,76000000.0,,,,
368190,7610.0,1000000.0,,,,
479850,17970.0,548000000.0,,,,
610001,12110.0,0.0,,,,
295020,61150.0,3000000.0,,,,
003495,21700.0,19000000.0,21750.0,21800.0,21600.0,880.0
0103T0,8170.0,171000000.0,,,,
520093,2000.0,351000000.0,,,,
367740,43500.0,11000000.0,,,,
700017,23825.0,1000000.0,,,,
225130,47640.0,162000000.0,,,,
570124,11910.0,0.0,,,,
0177A0,9525.0,327000000.0,,,,
419430,8480.0,8000000.0,,,,
520047,23720.0,4000000.0,,,,
500100,11800.0,1000000.0,,,,
364690,39315.0,16000000.0,,,,
195970,16150.0,123000000.0,,,,
610089,1960.0,2655000000.0,,,,
138230,16215.0,37000000.0,,,,
030720,5050.0,126000000.0,5130.0,5130.0,4950.0,25402.0
570115,23490.0,1000000.0,,,,
0093D0,18045.0,242000000.0,,,,
530106,23435.0,167000000.0,,,,
570081,23400.0,0.0,,,,
012170,3200.0,70000000.0,3055.0,3250.0,2975.0,22425.0
009310,5330.0,0.0,0.0,0.0,0.0,0.0
261120,5285.0,40000000.0,,,,
005360,1230.0,220000000.0,1273.0,1273.0,1219.0,177758.0
0206G0,7860.0,1619000000.0,,,,
33626L,7730.0,2000000.0,7810.0,7920.0,7690.0,306.0
610103,22890.0,0.0,,,,
0047P0,14740.0,100000000.0,,,,
442550,14730.0,261000000.0,,,,
580072,11385.0,0.0,,,,
388280,6980.0,27000000.0,,,,
280930,16220.0,78000000.0,,,,
001420,2985.0,69000000.0,3005.0,3075.0,2860.0,23358.0
0127R0,16785.0,104000000.0,,,,
376410,24895.0,23000000.0,,,,
530116,4470.0,145000000.0,,,,
375760,24760.0,57000000.0,,,,
108590,111330.0,6000000.0,,,,
300950,5295.0,95000000.0,,,,
411540,17080.0,219000000.0,,,,
269420,21505.0,36000000.0,,,,
580073,21955.0,0.0,,,,
461600,8280.0,21000000.0,,,,
580070,21935.0,95000000.0,,,,
0239Z0,10960.0,8279000000.0,,,,
239660,121730.0,50000000.0,,,,
580067,10925.0,0.0,,,,
0026E0,11800.0,0.0,,,,
550087,10875.0,0.0,,,,
456680,5330.0,115000000.0,,,,
530138,21740.0,9000000.0,,,,
433220,29375.0,6000000.0,,,,
0186L0,9410.0,326000000.0,,,,
760012,30910.0,0.0,,,,
0065G0,8470.0,90000000.0,,,,
447660,13925.0,351000000.0,,,,
610047,10760.0,0.0,,,,
530119,21485.0,73000000.0,,,,
204450,2235.0,14000000.0,,,,
371450,13695.0,76000000.0,,,,
477730,7220.0,15000000.0,,,,
760028,2660.0,5706000000.0,,,,
461450,15180.0,83000000.0,,,,
580071,10615.0,20000000.0,,,,
337120,35240.0,0.0,,,,
0192S0,9580.0,979000000.0,,,,
530130,7015.0,514000000.0,,,,
008775,27950.0,6000000.0,28150.0,28500.0,27850.0,215.0
463300,13125.0,11000000.0,,,,
550088,20980.0,0.0,,,,
091220,17450.0,225000000.0,,,,
416090,13020.0,140000000.0,,,,
471460,45230.0,134000000.0,,,,
520106,10390.0,0.0,,,,
0231Z0,10370.0,543000000.0,,,,
0067V0,9415.0,14000000.0,,,,
469160,24315.0,621000000.0,,,,
0190M0,8605.0,60000000.0,,,,
438320,4780.0,102000000.0,,,,
610087,20605.0,0.0,,,,
570125,20600.0,0.0,,,,
0153X0,11135.0,222000000.0,,,,
289040,34310.0,3000000.0,,,,
500091,10290.0,0.0,,,,
760008,10285.0,0.0,,,,
002360,1850.0,211000000.0,1757.0,1932.0,1670.0,117636.0
253290,11420.0,28000000.0,,,,
226980,22835.0,46000000.0,,,,
004870,908.0,395000000.0,958.0,995.0,830.0,444967.0
550085,10270.0,0.0,,,,
000040,1043.0,26000000.0,1097.0,1115.0,1032.0,24854.0
489000,9310.0,1519000000.0,,,,
152380,64405.0,12000000.0,,,,
465670,16355.0,143000000.0,,,,
580089,20400.0,0.0,,,,
289250,35770.0,2000000.0,,,,
464600,22645.0,181000000.0,,,,
169950,25445.0,6000000.0,,,,
437070,58695.0,49000000.0,,,,
300640,6245.0,21000000.0,,,,
700012,20295.0,0.0,,,,
570122,10145.0,0.0,,,,
417630,19310.0,16000000.0,,,,
0239Y0,10130.0,755000000.0,,,,
760021,28745.0,0.0,,,,
530132,20080.0,211000000.0,,,,
00499K,24850.0,7000000.0,24500.0,24850.0,24000.0,313.0
304770,14070.0,65000000.0,,,,
520103,9985.0,41000000.0,,,,
610085,33265.0,0.0,,,,
580074,9965.0,0.0,,,,
520104,9960.0,24000000.0,,,,
015020,928.0,0.0,0.0,0.0,0.0,0.0
610018,9920.0,0.0,,,,
001685,14440.0,29000000.0,14520.0,14540.0,14160.0,2076.0
284980,22900.0,65000000.0,,,,
364990,4420.0,396000000.0,,,,
379790,17070.0,104000000.0,,,,
404120,24470.0,80000000.0,,,,
530112,19565.0,4000000.0,,,,
760022,9780.0,29000000.0,,,,
011090,1635.0,125000000.0,1632.0,1704.0,1608.0,75757.0
304760,48200.0,3000000.0,,,,
487950,13295.0,31000000.0,,,,
520105,9615.0,0.0,,,,
497780,10390.0,391000000.0,,,,
002070,4000.0,312000000.0,4255.0,4320.0,3940.0,76736.0
465770,2655.0,649000000.0,2800.0,2875.0,2635.0,238288.0
461910,38230.0,114000000.0,,,,
213630,20700.0,32000000.0,,,,
404260,23740.0,6000000.0,,,,
276000,21075.0,22000000.0,,,,
183710,94680.0,27000000.0,,,,
228820,18900.0,455000000.0,,,,
229720,37580.0,246000000.0,,,,
108675,18200.0,8000000.0,18310.0,18830.0,18200.0,454.0
610036,18675.0,7000000.0,,,,
0104P0,10950.0,224000000.0,,,,
580075,18585.0,0.0,,,,
445690,30925.0,0.0,,,,
445910,20525.0,19000000.0,,,,
093240,300.0,307000000.0,328.0,328.0,298.0,999259.0
461900,23020.0,30000000.0,,,,
0144M0,6655.0,196000000.0,,,,
407310,16635.0,11000000.0,,,,
006200,1942.0,83000000.0,1946.0,1966.0,1886.0,43413.0
580066,9075.0,0.0,,,,
0018Z0,18090.0,109000000.0,,,,
381560,17220.0,29000000.0,,,,
0198B0,12135.0,316000000.0,,,,
227830,72280.0,359000000.0,,,,
0193K0,12900.0,189000000.0,,,,
610040,18055.0,0.0,,,,
415760,13250.0,910000000.0,,,,
570071,17995.0,0.0,,,,
610003,8960.0,0.0,,,,
449580,16290.0,143000000.0,,,,
225060,16825.0,3000000.0,,,,
530140,17825.0,140000000.0,,,,
0223A0,11125.0,1944000000.0,,,,
500072,1766.0,396000000.0,,,,
292050,50455.0,813000000.0,,,,
289260,29430.0,42000000.0,,,,
391670,29430.0,0.0,,,,
195920,35265.0,10000000.0,,,,
008600,2620.0,0.0,0.0,0.0,0.0,0.0
009440,756.0,0.0,0.0,0.0,0.0,0.0
468370,10490.0,540000000.0,,,,
002820,1451.0,51000000.0,1478.0,1485.0,1398.0,35965.0
570121,8655.0,0.0,,,,
460660,11515.0,16000000.0,,,,
385600,11510.0,69000000.0,,,,
700034,11480.0,310000000.0,,,,
130680,8005.0,169000000.0,,,,
0086C0,9800.0,26000000.0,,,,
530123,17145.0,0.0,,,,
0203R0,50365.0,1000000.0,,,,
550097,17075.0,0.0,,,,
0105D0,8950.0,119000000.0,,,,
474920,18065.0,4000000.0,,,,
610104,16920.0,100000000.0,,,,
477490,18790.0,192000000.0,,,,
457690,10430.0,43000000.0,,,,
610025,16680.0,0.0,,,,
419650,5050.0,43000000.0,,,,
483330,15095.0,146000000.0,,,,
250730,9725.0,22000000.0,,,,
332620,88015.0,30000000.0,,,,
610081,32835.0,0.0,,,,
219390,8165.0,104000000.0,,,,
451600,84035.0,4000000.0,,,,
18064K,30350.0,23000000.0,30100.0,30400.0,30050.0,769.0
530120,16040.0,3000000.0,,,,
580050,15980.0,0.0,,,,
0233N0,10990.0,1884000000.0,,,,
131890,39835.0,42000000.0,,,,
432840,19830.0,59000000.0,,,,
494420,8785.0,56000000.0,,,,
265690,8535.0,0.0,,,,
236350,25420.0,15000000.0,,,,
413930,28215.0,667000000.0,,,,
760017,22105.0,0.0,,,,
005257,18240.0,1000000.0,18240.0,19610.0,18240.0,108.0
0207Z0,7165.0,62000000.0,,,,
0106J0,20455.0,1000000.0,20365.0,20455.0,20310.0,52.0
005725,4250.0,8000000.0,4330.0,4330.0,4250.0,2043.0
530095,15215.0,0.0,,,,
488290,43350.0,4000000.0,,,,
491510,17830.0,1000000.0,,,,
580090,15140.0,0.0,,,,
337150,25040.0,2000000.0,,,,
114460,99835.0,54000000.0,,,,
0222F0,13020.0,33000000.0,,,,
002025,12900.0,9000000.0,13170.0,13170.0,12870.0,709.0
580086,14900.0,107000000.0,,,,
570126,14885.0,0.0,,,,
610039,14855.0,0.0,,,,
272570,107280.0,0.0,,,,
453010,110025.0,60000000.0,,,,
0084E0,10140.0,1000000.0,,,,
387280,11535.0,47000000.0,,,,
104520,14570.0,0.0,,,,
453630,12140.0,53000000.0,,,,
570099,14565.0,0.0,,,,
0051A0,24150.0,59000000.0,,,,
520076,5780.0,35000000.0,,,,
244620,20585.0,1000000.0,,,,
570105,4800.0,0.0,,,,
484890,52615.0,151000000.0,,,,
530129,14275.0,0.0,,,,
409810,5485.0,190000000.0,,,,
404650,23690.0,14000000.0,,,,
234310,28405.0,0.0,,,,
438900,10875.0,205000000.0,,,,
570123,7045.0,0.0,,,,
453820,10800.0,18000000.0,,,,
000087,12350.0,7000000.0,12350.0,12350.0,12260.0,585.0
0090B0,6970.0,232000000.0,,,,
485810,11610.0,125000000.0,,,,
024890,1686.0,39000000.0,1702.0,1728.0,1673.0,23309.0
610024,13905.0,2000000.0,,,,
0088N0,11115.0,45000000.0,,,,
496130,25680.0,0.0,,,,
610072,27570.0,5000000.0,,,,
417450,16215.0,28000000.0,,,,
580051,9185.0,3000000.0,,,,
0153P0,9480.0,12000000.0,,,,
373490,24915.0,4000000.0,,,,
0013P0,12435.0,34000000.0,,,,
0194R0,9895.0,297000000.0,,,,
0127V0,10870.0,76000000.0,,,,
001795,2095.0,38000000.0,2125.0,2160.0,2090.0,18448.0
137610,5875.0,62000000.0,,,,
610062,67515.0,8000000.0,,,,
500024,6745.0,0.0,,,,
610035,13480.0,14000000.0,,,,
102960,13475.0,110000000.0,,,,
45226K,4635.0,17000000.0,4500.0,4635.0,4500.0,3842.0
0104G0,5725.0,329000000.0,,,,
472720,25870.0,6000000.0,,,,
610080,13390.0,0.0,,,,
760023,13335.0,1000000.0,,,,
0220A0,8870.0,169000000.0,,,,
500097,13300.0,0.0,,,,
0127T0,11040.0,28000000.0,,,,
580032,26475.0,119000000.0,,,,
760015,6600.0,81000000.0,,,,
0004G0,8795.0,87000000.0,,,,
487750,32900.0,174000000.0,,,,
0028X0,11370.0,24000000.0,,,,
015260,274.0,100000000.0,277.0,279.0,271.0,369027.0
580083,25770.0,0.0,,,,
0208N0,7765.0,74000000.0,,,,
520088,6385.0,28000000.0,,,,
279540,21140.0,10000000.0,,,,
410870,9055.0,45000000.0,,,,
530137,12670.0,2000000.0,,,,
00806K,10420.0,29000000.0,10360.0,10670.0,10250.0,2879.0
489860,14835.0,22000000.0,,,,
400570,11895.0,31000000.0,,,,
396510,7000.0,22000000.0,,,,
166400,25170.0,20000000.0,,,,
0015F0,10460.0,51000000.0,,,,
290080,7355.0,109000000.0,,,,
530092,2495.0,64000000.0,,,,
363510,112275.0,0.0,,,,
435550,17750.0,34000000.0,,,,
610071,12420.0,0.0,,,,
140710,6520.0,38000000.0,,,,
610030,12355.0,0.0,,,,
360150,3010.0,74000000.0,,,,
570074,12320.0,0.0,,,,
453060,111590.0,33000000.0,,,,
300610,5330.0,145000000.0,,,,
145995,33050.0,1000000.0,33050.0,33050.0,33050.0,54.0
580080,12200.0,4000000.0,,,,
520046,12190.0,25000000.0,,,,
610096,12140.0,100000000.0,,,,
520064,6035.0,0.0,,,,
457700,9140.0,8000000.0,,,,
610020,12050.0,4000000.0,,,,
332610,125425.0,18000000.0,,,,
251590,17190.0,67000000.0,,,,
700032,12015.0,10000000.0,,,,
140580,23995.0,0.0,,,,
610093,23920.0,0.0,,,,
570096,11940.0,0.0,,,,
395760,21680.0,1000000.0,,,,
530121,11905.0,0.0,,,,
084695,13010.0,26000000.0,13140.0,13190.0,13000.0,2040.0
404540,23730.0,18000000.0,,,,
0203D0,9075.0,24000000.0,,,,
580043,23590.0,22000000.0,,,,
282000,115360.0,2000000.0,,,,
428560,15685.0,12000000.0,,,,
0000H0,10220.0,10000000.0,,,,
610086,58745.0,0.0,,,,
530127,11745.0,0.0,,,,
610070,23450.0,1000000.0,,,,
269370,16605.0,17000000.0,,,,
453660,16585.0,3000000.0,,,,
269530,19310.0,6000000.0,,,,
354240,10465.0,18000000.0,,,,
266410,9590.0,83000000.0,,,,
004105,3485.0,62000000.0,3545.0,3550.0,3400.0,18026.0
580052,22990.0,3000000.0,,,,
610049,11450.0,0.0,,,,
435040,19065.0,29000000.0,,,,
550100,11400.0,0.0,,,,
610045,11390.0,0.0,,,,
610060,22730.0,0.0,,,,
530139,11295.0,0.0,,,,
430500,112720.0,165000000.0,,,,
580088,22505.0,58000000.0,,,,
0193L0,8150.0,10615000000.0,,,,
580047,11120.0,0.0,,,,
0216Z0,8885.0,652000000.0,,,,
0008E0,11690.0,6000000.0,,,,
252650,18440.0,99000000.0,,,,
500086,11045.0,0.0,,,,
448490,52555.0,12000000.0,,,,
0002C0,10195.0,22000000.0,,,,
407820,6105.0,61000000.0,,,,
580065,10900.0,0.0,,,,
610074,10895.0,0.0,,,,
610055,21730.0,0.0,,,,
0093B0,12780.0,18000000.0,,,,
38380K,7400.0,1000000.0,7320.0,7450.0,7320.0,137.0
610102,10765.0,1000000.0,,,,
610079,53510.0,0.0,,,,
570085,10700.0,0.0,,,,
0120X0,10085.0,0.0,10085.0,10085.0,10085.0,0.0
610051,10675.0,0.0,,,,
580064,21340.0,0.0,,,,
610058,21315.0,0.0,,,,
451150,17190.0,0.0,,,,
446700,10245.0,10000000.0,,,,
463640,13255.0,37000000.0,,,,
00781K,13500.0,0.0,13660.0,13660.0,13500.0,38.0
0068M0,11740.0,10000000.0,,,,
0227L0,10555.0,421000000.0,,,,
310080,9160.0,0.0,,,,
0224D0,10530.0,162000000.0,,,,
001067,50100.0,0.0,50100.0,50100.0,50100.0,2.0
419420,8760.0,24000000.0,,,,
0191S0,14200.0,45000000.0,,,,
464610,6770.0,127000000.0,,,,
580054,20950.0,4000000.0,,,,
760032,10445.0,1000000.0,,,,
371870,6520.0,4000000.0,,,,
291130,17380.0,3000000.0,,,,
580059,10420.0,2000000.0,,,,
280920,23150.0,0.0,,,,
0189Z0,10380.0,10000000.0,,,,
610076,51845.0,0.0,,,,
700011,10350.0,0.0,,,,
610056,20575.0,0.0,,,,
610057,20500.0,0.0,,,,
0113G0,11385.0,31000000.0,,,,
700036,2045.0,1534000000.0,,,,
610092,10220.0,0.0,,,,
460270,12595.0,92000000.0,,,,
610077,10195.0,0.0,,,,
140570,25480.0,2000000.0,,,,
610106,10170.0,0.0,,,,
610112,20270.0,0.0,,,,
610111,10110.0,0.0,,,,
237440,10110.0,13000000.0,,,,
385710,10075.0,5000000.0,,,,
004255,1892.0,0.0,1897.0,1897.0,1862.0,393.0
610098,9970.0,0.0,,,,
0094L0,7095.0,16000000.0,,,,
610068,9885.0,24000000.0,,,,
610082,9875.0,0.0,,,,
580087,9865.0,0.0,,,,
610034,9845.0,0.0,,,,
0219B0,12285.0,3341000000.0,,,,
487910,8190.0,45000000.0,,,,
139240,11160.0,148000000.0,,,,
003075,13240.0,0.0,13070.0,13380.0,13070.0,39.0
0227K0,9325.0,36000000.0,,,,
181480,81400.0,15000000.0,,,,
463690,17745.0,9000000.0,,,,
530064,648.0,14000000.0,,,,
570107,3885.0,0.0,,,,
580060,19415.0,0.0,,,,
0174R0,11420.0,42000000.0,,,,
429010,19390.0,4000000.0,,,,
281990,17600.0,0.0,,,,
610105,9680.0,0.0,,,,
117690,19350.0,5000000.0,,,,
019685,989.0,22000000.0,994.0,995.0,988.0,22636.0
0120J0,7670.0,125000000.0,,,,
0001P0,8480.0,16000000.0,,,,
482030,9030.0,73000000.0,,,,
580061,9470.0,0.0,,,,
399580,9465.0,15000000.0,,,,
145210,2240.0,0.0,0.0,0.0,0.0,0.0
354350,18045.0,12000000.0,,,,
700014,9365.0,0.0,,,,
498050,9820.0,31000000.0,,,,
580035,9300.0,0.0,,,,
230480,4605.0,19000000.0,,,,
301400,14175.0,57000000.0,,,,
341850,4605.0,50000000.0,,,,
461580,15345.0,44000000.0,,,,
456250,8005.0,30000000.0,,,,
610097,9205.0,0.0,,,,
700033,9185.0,0.0,,,,
550099,9160.0,18000000.0,,,,
760027,4580.0,1474000000.0,,,,
0194N0,11795.0,241000000.0,,,,
580063,18240.0,0.0,,,,
580053,18225.0,2000000.0,,,,
0084D0,11380.0,1000000.0,,,,
001755,19250.0,15000000.0,19280.0,19280.0,19150.0,808.0
520097,9080.0,43000000.0,,,,
494180,12970.0,2000000.0,,,,
610083,18055.0,0.0,,,,
497510,12840.0,19000000.0,,,,
105010,6415.0,35000000.0,,,,
0067Y0,9950.0,31000000.0,,,,
395150,1856.0,23000000.0,,,,
0133E0,8480.0,105000000.0,,,,
375270,13690.0,3000000.0,,,,
266390,14770.0,32000000.0,,,,
610100,8835.0,108000000.0,,,,
0184N0,8835.0,98000000.0,,,,
610084,8835.0,0.0,,,,
0216K0,8805.0,188000000.0,,,,
570094,8750.0,2000000.0,,,,
33637L,2310.0,1000000.0,2245.0,2310.0,2205.0,882.0
500068,12455.0,0.0,,,,
252000,19315.0,1000000.0,,,,
500101,8630.0,4000000.0,,,,
580085,8630.0,2000000.0,,,,
466810,5745.0,49000000.0,,,,
270800,15655.0,5000000.0,,,,
0221Z0,9060.0,141000000.0,,,,
215620,15940.0,0.0,,,,
610090,8600.0,0.0,,,,
435540,17170.0,37000000.0,,,,
520085,8580.0,0.0,,,,
580079,8570.0,107000000.0,,,,
0226G0,12160.0,16000000.0,,,,
530135,8510.0,0.0,,,,
550095,17015.0,0.0,,,,
449680,10005.0,0.0,,,,
217780,5485.0,85000000.0,,,,
610095,8455.0,221000000.0,,,,
610059,16900.0,0.0,,,,
381570,9920.0,19000000.0,,,,
700031,8430.0,49000000.0,,,,
0219Z0,10535.0,600000000.0,,,,
497520,12935.0,7000000.0,,,,
457930,28010.0,0.0,,,,
371150,6460.0,9000000.0,,,,
395750,20900.0,84000000.0,,,,
429980,16685.0,2000000.0,,,,
000225,3675.0,11000000.0,3690.0,3700.0,3625.0,3105.0
530114,8300.0,2000000.0,,,,
182490,13815.0,0.0,,,,
462340,16500.0,0.0,,,,
0226D0,10290.0,20000000.0,,,,
0215T0,9120.0,330000000.0,,,,
700035,8095.0,630000000.0,,,,
0214M0,9460.0,4000000.0,,,,
610094,8020.0,25000000.0,,,,
760025,11455.0,0.0,,,,
261110,16010.0,59000000.0,,,,
500036,3970.0,0.0,,,,
570097,7930.0,2000000.0,,,,
395280,3345.0,3000000.0,,,,
174350,20685.0,79000000.0,,,,
227550,12275.0,990000000.0,,,,
001515,4005.0,7000000.0,3940.0,4010.0,3940.0,1904.0
580062,15625.0,0.0,,,,
001065,22700.0,1000000.0,22000.0,22700.0,22000.0,45.0
189400,25860.0,0.0,,,,
610073,15490.0,0.0,,,,
480460,9095.0,7000000.0,,,,
487920,7715.0,26000000.0,,,,
530141,7695.0,0.0,,,,
225800,15060.0,36000000.0,,,,
435530,15310.0,1000000.0,,,,
570109,15250.0,0.0,,,,
494210,10885.0,75000000.0,,,,
438740,33770.0,11000000.0,,,,
570114,7590.0,0.0,,,,
437370,10785.0,6000000.0,,,,
285690,21535.0,0.0,,,,
0172Y0,9420.0,59000000.0,,,,
0094X0,8365.0,10000000.0,,,,
227570,20905.0,11000000.0,,,,
304670,12470.0,1000000.0,,,,
0176P0,13540.0,49000000.0,,,,
530142,7415.0,1000000.0,,,,
0005C0,11400.0,25000000.0,,,,
256450,14760.0,1000000.0,,,,
0218K0,10475.0,0.0,,,,
139660,8385.0,2000000.0,,,,
520084,7225.0,7000000.0,,,,
253280,11985.0,2000000.0,,,,
610099,7180.0,100000000.0,,,,
700030,1791.0,325000000.0,,,,
488480,12995.0,26000000.0,,,,
610091,14250.0,0.0,,,,
400590,14245.0,1000000.0,,,,
402460,14230.0,2000000.0,,,,
510043,7105.0,0.0,,,,
0138D0,12890.0,16000000.0,,,,
0082F0,10120.0,12000000.0,,,,
315270,18615.0,7000000.0,,,,
760006,7060.0,0.0,,,,
225050,15625.0,1000000.0,,,,
580078,7020.0,2000000.0,,,,
570111,35035.0,0.0,,,,
530056,1746.0,18000000.0,,,,
530122,6970.0,5000000.0,,,,
530060,6960.0,0.0,,,,
326230,10855.0,0.0,,,,
244670,11545.0,2000000.0,,,,
500098,6885.0,0.0,,,,
570101,6850.0,0.0,,,,
0036Z0,12430.0,9000000.0,,,,
570092,6775.0,17000000.0,,,,
044380,484.0,381000000.0,482.0,545.0,482.0,753251.0
570095,6715.0,0.0,,,,
450180,10325.0,0.0,,,,
0047N0,9535.0,3000000.0,,,,
289670,51740.0,15000000.0,,,,
456200,60145.0,0.0,,,,
000325,27100.0,0.0,28100.0,28100.0,27100.0,19.0
500067,9415.0,0.0,,,,
176950,60970.0,63000000.0,,,,
139290,23455.0,77000000.0,,,,
004985,8920.0,1000000.0,8960.0,8970.0,8820.0,213.0
250780,2425.0,764000000.0,,,,
138920,12905.0,1000000.0,,,,
550098,6330.0,210000000.0,,,,
570091,6325.0,0.0,,,,
001770,5200.0,534000000.0,5450.0,5790.0,4920.0,103499.0
580084,12625.0,0.0,,,,
530096,6260.0,0.0,,,,
316300,12495.0,1000000.0,,,,
004835,4420.0,23000000.0,4520.0,4520.0,4300.0,5414.0
429740,6150.0,5000000.0,,,,
0191B0,30735.0,42000000.0,,,,
0166T0,9405.0,0.0,,,,
012205,5220.0,46000000.0,5330.0,5330.0,5190.0,8848.0
400580,12185.0,20000000.0,,,,
570098,6085.0,3000000.0,,,,
368680,7590.0,8000000.0,,,,
760010,8635.0,0.0,,,,
469530,9385.0,2000000.0,,,,
451670,12000.0,0.0,,,,
307510,11985.0,58000000.0,,,,
0087F0,11785.0,43000000.0,,,,
483020,9050.0,31000000.0,,,,
433250,23500.0,0.0,,,,
0114X0,9005.0,4000000.0,,,,
314700,10545.0,10000000.0,,,,
401590,11340.0,0.0,,,,
0053M0,12835.0,9000000.0,,,,
26490K,7450.0,0.0,7390.0,7450.0,7370.0,27.0
219900,4115.0,1000000.0,,,,
610023,5755.0,1000000.0,,,,
0229F0,8140.0,26000000.0,,,,
570073,5690.0,0.0,,,,
407300,10305.0,0.0,,,,
267450,11250.0,0.0,,,,
291890,12500.0,5000000.0,,,,
0184V0,5305.0,179000000.0,,,,
090355,11980.0,3000000.0,12000.0,12000.0,11790.0,274.0
220130,6905.0,3000000.0,,,,
550096,11045.0,0.0,,,,
432600,55120.0,0.0,,,,
530094,5475.0,0.0,,,,
390400,6840.0,8000000.0,,,,
570108,10925.0,0.0,,,,
499150,10910.0,58000000.0,,,,
0102X0,9090.0,10000000.0,,,,
470310,18085.0,3000000.0,,,,
238670,13540.0,16000000.0,,,,
413220,4445.0,31000000.0,,,,
483030,11780.0,9000000.0,,,,
510027,1761.0,43000000.0,,,,
580044,1747.0,35000000.0,,,,
476310,9520.0,20000000.0,,,,
0015E0,10470.0,24000000.0,,,,
0174J0,8670.0,87000000.0,,,,
0154H0,9325.0,45000000.0,,,,
295000,50995.0,0.0,,,,
291630,3500.0,243000000.0,,,,
530062,39.0,0.0,,,,
0132D0,9185.0,3000000.0,,,,
411860,16550.0,20000000.0,,,,
760014,7020.0,0.0,,,,
0073X0,8895.0,7000000.0,,,,
002995,16720.0,224000000.0,18000.0,18000.0,14150.0,14094.0
490330,13915.0,271000000.0,,,,
0015K0,6955.0,7000000.0,,,,
267440,8000.0,0.0,,,,
498610,7970.0,2000000.0,,,,
610029,4690.0,7000000.0,,,,
550070,4675.0,0.0,,,,
0128D0,6630.0,19000000.0,,,,
391600,10290.0,14000000.0,,,,
474390,40465.0,1000000.0,,,,
266550,18340.0,0.0,,,,
0078V0,9130.0,1000000.0,,,,
227560,12475.0,12000000.0,,,,
000545,5810.0,0.0,5920.0,5920.0,5810.0,46.0
205720,1455.0,0.0,,,,
488200,12420.0,16000000.0,,,,
530125,4345.0,3000000.0,,,,
000145,9190.0,0.0,9200.0,9200.0,9070.0,77.0
373790,15275.0,7000000.0,,,,
277650,20995.0,7000000.0,,,,
009415,6390.0,5000000.0,6430.0,6430.0,6220.0,885.0
334690,5885.0,60000000.0,,,,
0050E0,8230.0,12000000.0,,,,
0131A0,7425.0,7000000.0,,,,
226380,5665.0,0.0,,,,
291680,7890.0,0.0,,,,
005965,17420.0,2000000.0,17500.0,17500.0,17420.0,153.0
225030,2265.0,17000000.0,,,,
252420,74.0,230000000.0,,,,
244660,9260.0,0.0,,,,
500041,736.0,0.0,,,,
243890,8145.0,148000000.0,,,,
014825,13100.0,2000000.0,13610.0,13620.0,13100.0,161.0
267490,4915.0,0.0,,,,
007575,7680.0,0.0,7680.0,7700.0,7510.0,105.0
427120,5025.0,4000000.0,,,,
570023,679.0,0.0,,,,
0079X0,9650.0,9000000.0,,,,
570110,16615.0,5000000.0,,,,
36328K,2740.0,13000000.0,2830.0,2920.0,2695.0,4994.0
321410,10530.0,0.0,,,,
005745,5190.0,0.0,5190.0,5190.0,5190.0,31.0
306530,6960.0,140000000.0,,,,
014285,5160.0,1000000.0,5600.0,5600.0,5110.0,358.0
454180,7360.0,0.0,,,,
491630,5100.0,4000000.0,,,,
014915,4705.0,12000000.0,4700.0,4815.0,4700.0,2614.0
476000,5025.0,1000000.0,,,,
280940,3440.0,18000000.0,,,,
145670,1247.0,117000000.0,,,,
488210,25625.0,109000000.0,,,,
000227,7870.0,3000000.0,7920.0,7920.0,7610.0,475.0
252410,1270.0,9000000.0,,,,
291620,4280.0,17000000.0,,,,
500051,1179.0,5000000.0,,,,
580033,4715.0,5000000.0,,,,
253230,71.0,177000000.0,,,,
275750,2445.0,5000000.0,,,,
001525,8520.0,237000000.0,10000.0,10000.0,8510.0,26863.0
008355,6990.0,2000000.0,7350.0,7350.0,6960.0,376.0
334700,3295.0,0.0,,,,
280320,21385.0,1000000.0,,,,
500030,56.0,1000000.0,,,,
700018,1770.0,0.0,,,,
570070,1671.0,0.0,,,,
253240,1266.0,32000000.0,,,,
306520,2305.0,11000000.0,,,,
253160,147.0,116000000.0,,,,
004545,3530.0,18000000.0,3505.0,4100.0,3505.0,4993.0
261920,11740.0,3000000.0,,,,
011155,5660.0,12000000.0,5630.0,5900.0,5630.0,2175.0
500038,1109.0,0.0,,,,
001527,5240.0,65000000.0,5800.0,5800.0,5240.0,12036.0
412560,1536.0,77000000.0,,,,
004415,4310.0,14000000.0,4370.0,4370.0,4310.0,3356.0
002785,10420.0,6000000.0,10800.0,10800.0,10200.0,611.0
465620,6340.0,0.0,,,,
002787,14640.0,41000000.0,16700.0,16700.0,14020.0,2775.0
196170,255000.0,45144000000.0,255500.0,260000.0,253500.0,176158.0
086520,79900.0,42137000000.0,81500.0,81500.0,79600.0,526762.0
247540,103400.0,20413000000.0,105300.0,105500.0,102500.0,197836.0
036930,205500.0,122527000000.0,208500.0,210000.0,202000.0,594658.0
277810,439500.0,13059000000.0,434500.0,440500.0,430000.0,29888.0
240810,129000.0,182119000000.0,124000.0,131000.0,121700.0,1426331.0
039030,484000.0,37355000000.0,455500.0,484000.0,454000.0,78841.0
058470,69800.0,29390000000.0,70100.0,70500.0,68500.0,421820.0
222800,130700.0,50042000000.0,126300.0,131200.0,124000.0,387266.0
403870,54700.0,69612000000.0,54000.0,55400.0,52700.0,1278483.0
108490,306000.0,47013000000.0,306500.0,311000.0,302000.0,153269.0
028300,31950.0,45706000000.0,30400.0,33400.0,29400.0,1437771.0
095340,199100.0,28898000000.0,188500.0,200500.0,186800.0,146632.0
319660,136900.0,53396000000.0,129300.0,139900.0,128100.0,394453.0
000250,161700.0,7518000000.0,161100.0,163400.0,160300.0,46450.0
087010,161400.0,10825000000.0,160100.0,162000.0,158000.0,67620.0
031980,170000.0,23358000000.0,161200.0,172400.0,159900.0,139993.0
214450,325000.0,17118000000.0,326500.0,329500.0,320500.0,52694.0
440110,65500.0,16347000000.0,62200.0,65600.0,60000.0,257667.0
084370,140400.0,18413000000.0,136700.0,142700.0,134500.0,131740.0
141080,81900.0,11589000000.0,81900.0,82900.0,80600.0,141713.0
298380,53900.0,28984000000.0,55300.0,55600.0,53300.0,534826.0
064760,267500.0,12256000000.0,265500.0,270500.0,261000.0,46021.0
131290,269500.0,30718000000.0,243500.0,269500.0,243000.0,119419.0
067310,44800.0,268448000000.0,39000.0,45400.0,38800.0,6156220.0
095610,149600.0,41008000000.0,138100.0,149900.0,137000.0,282859.0
310210,154600.0,21946000000.0,139300.0,157700.0,139000.0,144763.0
010170,17720.0,230198000000.0,18450.0,18590.0,17560.0,12868349.0
257720,41050.0,27618000000.0,41250.0,41350.0,40500.0,675697.0
357780,341000.0,5211000000.0,329500.0,342000.0,325500.0,15467.0
080220,75200.0,61295000000.0,73700.0,75800.0,73200.0,820281.0
145020,206000.0,11984000000.0,212500.0,213500.0,205000.0,57571.0
140410,79300.0,11731000000.0,75500.0,80000.0,74600.0,149272.0
226950,106100.0,30417000000.0,111700.0,115000.0,105600.0,278486.0
319400,21500.0,29008000000.0,22950.0,23000.0,21450.0,1328172.0
032820,13400.0,77837000000.0,14070.0,14790.0,13350.0,5570097.0
058610,99800.0,21183000000.0,98900.0,100900.0,97500.0,212789.0
263750,34750.0,6931000000.0,34550.0,35100.0,34150.0,199682.0
005290,42550.0,11198000000.0,41450.0,42750.0,41050.0,265438.0
214370,40300.0,1737000000.0,39950.0,40850.0,39550.0,43062.0
030530,26900.0,73721000000.0,26150.0,27850.0,25800.0,2744935.0
178320,32500.0,31517000000.0,33950.0,33950.0,32100.0,961670.0
347850,44600.0,17339000000.0,45350.0,45400.0,44150.0,388349.0
043260,26850.0,134295000000.0,27400.0,27750.0,25650.0,5020352.0
214150,30950.0,3963000000.0,31350.0,31350.0,30500.0,128745.0
098460,28500.0,25542000000.0,27950.0,28600.0,27400.0,903746.0
041510,83600.0,8320000000.0,80900.0,84700.0,80500.0,99843.0
083650,61500.0,22222000000.0,64700.0,64800.0,61200.0,357408.0
237690,91000.0,5301000000.0,93000.0,93300.0,90400.0,58114.0
131970,95000.0,70309000000.0,87100.0,96900.0,84450.0,761340.0
089030,48000.0,43166000000.0,45850.0,48900.0,45500.0,905784.0
437730,55700.0,178070000000.0,50600.0,60300.0,49300.0,3177645.0
140860,252000.0,3457000000.0,252500.0,257000.0,250000.0,13670.0
068760,39500.0,1514000000.0,39150.0,39700.0,38900.0,38463.0
036540,10550.0,280161000000.0,9050.0,11080.0,9010.0,26533230.0
060370,32600.0,4781000000.0,33700.0,33750.0,32400.0,145956.0
183300,31750.0,13462000000.0,31000.0,31750.0,29900.0,436359.0
007390,25000.0,3314000000.0,24450.0,25100.0,24200.0,134357.0
096530,34100.0,7870000000.0,33850.0,34800.0,33700.0,230050.0
218410,59700.0,66324000000.0,63800.0,64600.0,59100.0,1086059.0
204270,25200.0,68971000000.0,24000.0,26200.0,23900.0,2734135.0
089970,54600.0,20621000000.0,54900.0,55500.0,53400.0,378454.0
0009K0,21650.0,2173000000.0,21550.0,21850.0,21150.0,100914.0
078600,88900.0,10130000000.0,89800.0,89900.0,86600.0,114875.0
420770,109900.0,12036000000.0,111100.0,112800.0,106700.0,109940.0
323280,45500.0,5038000000.0,45400.0,46000.0,44700.0,110755.0
241710,129900.0,5670000000.0,130400.0,132600.0,127300.0,43641.0
039200,35850.0,2832000000.0,36700.0,37700.0,35700.0,77943.0
035900,38200.0,4517000000.0,38500.0,38600.0,38100.0,117815.0
082920,29300.0,4382000000.0,29200.0,29900.0,28600.0,150156.0
950160,15240.0,13624000000.0,15900.0,15910.0,15050.0,888275.0
127120,34350.0,13681000000.0,33500.0,34850.0,31800.0,404066.0
290650,45800.0,2338000000.0,46100.0,46450.0,45400.0,51075.0
003380,10850.0,3400000000.0,11010.0,11160.0,10810.0,310458.0
347700,23300.0,21117000000.0,24150.0,24150.0,22600.0,905216.0
232140,14250.0,140597000000.0,12020.0,14440.0,11960.0,10194370.0
166090,57400.0,5866000000.0,55800.0,57600.0,55600.0,103304.0
195940,38650.0,2244000000.0,38900.0,39050.0,38450.0,57853.0
252990,18090.0,14885000000.0,17380.0,18390.0,17380.0,823170.0
950260,21500.0,135460000000.0,18640.0,21950.0,18590.0,6570208.0
056190,28500.0,4365000000.0,28450.0,29450.0,27850.0,151341.0
086450,21100.0,7213000000.0,20900.0,21750.0,20800.0,340320.0
293490,8910.0,1940000000.0,9200.0,9200.0,8890.0,215553.0
458870,24800.0,2868000000.0,24550.0,25050.0,23950.0,117470.0
101490,43650.0,9373000000.0,41750.0,43900.0,41350.0,218177.0
417200,13750.0,12745000000.0,13700.0,13855.0,13170.0,942477.0
160190,29850.0,22110000000.0,27600.0,31000.0,26350.0,748611.0
356860,38100.0,10832000000.0,37450.0,38750.0,36900.0,284448.0
100790,16800.0,8295000000.0,17410.0,17740.0,16620.0,489810.0
083450,48300.0,4892000000.0,46450.0,48350.0,45900.0,102958.0
327260,49150.0,33281000000.0,50500.0,51300.0,48000.0,676110.0
014620,32750.0,7253000000.0,32200.0,34500.0,32100.0,218359.0
119850,52300.0,19265000000.0,52900.0,53100.0,51100.0,370495.0
035760,38600.0,2082000000.0,36450.0,38850.0,36450.0,54528.0
065350,30600.0,2532000000.0,31650.0,31650.0,30550.0,81878.0
115180,22200.0,1288000000.0,22100.0,22700.0,21600.0,57732.0
445680,48250.0,2665000000.0,45250.0,48700.0,45250.0,56158.0
031330,8290.0,2732000000.0,8420.0,8420.0,8180.0,329939.0
036830,40100.0,1962000000.0,41050.0,41150.0,39800.0,48919.0
099320,75000.0,2879000000.0,78100.0,78300.0,74600.0,37955.0
388720,69400.0,1270000000.0,69200.0,70500.0,67800.0,18294.0
122870,43700.0,3985000000.0,43400.0,44100.0,43200.0,91408.0
032500,19150.0,9999000000.0,20350.0,20400.0,18770.0,513082.0
388210,82000.0,6893000000.0,75400.0,82900.0,73200.0,86057.0
090710,6510.0,7924000000.0,6520.0,6640.0,6320.0,1224250.0
328130,10450.0,19921000000.0,9860.0,10500.0,9320.0,2021354.0
041830,57300.0,1422000000.0,57500.0,58200.0,57000.0,24748.0
053800,69100.0,6609000000.0,67200.0,69500.0,66000.0,96499.0
032190,19950.0,794000000.0,20200.0,20200.0,19780.0,39867.0
044490,37900.0,3491000000.0,37850.0,38200.0,37200.0,92556.0
074600,28750.0,5158000000.0,28200.0,28900.0,27750.0,180869.0
033100,47050.0,2167000000.0,48200.0,48200.0,47000.0,45840.0
161580,32200.0,4770000000.0,31500.0,32250.0,30950.0,150219.0
090360,77400.0,6728000000.0,78400.0,79700.0,77200.0,85988.0
491000,29700.0,3565000000.0,29950.0,31100.0,29300.0,118935.0
085660,8040.0,934000000.0,7990.0,8070.0,7830.0,117410.0
476830,26550.0,2868000000.0,27050.0,27250.0,26350.0,107222.0
251970,59700.0,3624000000.0,59600.0,61200.0,58000.0,60649.0
295310,59600.0,6283000000.0,60200.0,60500.0,58100.0,105355.0
189300,68200.0,2400000000.0,69400.0,69600.0,67600.0,35135.0
213420,29450.0,2290000000.0,29400.0,29850.0,29300.0,77438.0
041960,9720.0,2878000000.0,9910.0,10150.0,9670.0,290946.0
466100,23400.0,4215000000.0,23350.0,23650.0,22800.0,180893.0
038500,6690.0,1280000000.0,6840.0,6890.0,6670.0,190268.0
425420,58200.0,5444000000.0,56800.0,59000.0,56200.0,94137.0
225570,10800.0,1958000000.0,11180.0,11180.0,10400.0,180114.0
171090,69900.0,1670000000.0,71100.0,71800.0,69700.0,23754.0
006730,10990.0,1388000000.0,11050.0,11160.0,10930.0,125691.0
023160,27300.0,10339000000.0,26850.0,29200.0,26700.0,369673.0
122640,32500.0,28319000000.0,29600.0,33250.0,29200.0,879801.0
124500,30250.0,4880000000.0,30300.0,31150.0,30100.0,159878.0
281740,10670.0,1676000000.0,10760.0,10840.0,10550.0,157017.0
137400,29200.0,1739000000.0,29200.0,29250.0,28650.0,59946.0
048410,7090.0,6291000000.0,6830.0,7110.0,6780.0,904229.0
476060,15050.0,1826000000.0,14970.0,15320.0,14840.0,121084.0
093320,137600.0,621000000.0,139600.0,140700.0,136400.0,4501.0
059090,19980.0,2267000000.0,19980.0,20250.0,19810.0,113368.0
064290,50800.0,27243000000.0,49500.0,52100.0,47200.0,552685.0
036810,30200.0,9626000000.0,27350.0,30300.0,27050.0,326825.0
033790,7750.0,8167000000.0,8090.0,8140.0,7715.0,1034822.0
121600,52000.0,3740000000.0,53100.0,53100.0,50900.0,72547.0
033640,27550.0,8993000000.0,26400.0,28000.0,25950.0,328855.0
253450,20800.0,790000000.0,20700.0,21150.0,20600.0,37849.0
053610,68400.0,2478000000.0,66000.0,69100.0,64700.0,36633.0
102710,43000.0,2948000000.0,41600.0,43150.0,41300.0,69505.0
358570,9390.0,1548000000.0,9400.0,9760.0,9270.0,162705.0
126340,83500.0,14769000000.0,81400.0,85500.0,77800.0,179033.0
222080,7700.0,1782000000.0,7750.0,7770.0,7580.0,232769.0
475830,27300.0,122677000000.0,26450.0,29050.0,26200.0,4499610.0
046890,10150.0,2405000000.0,10000.0,10220.0,9800.0,239203.0
094170,27750.0,1279000000.0,27250.0,27950.0,26700.0,46819.0
253590,13020.0,17393000000.0,12340.0,13150.0,12230.0,1354419.0
050890,9290.0,17148000000.0,9990.0,9990.0,9200.0,1806745.0
077360,12350.0,14234000000.0,11610.0,12590.0,11470.0,1160764.0
079940,41550.0,897000000.0,40900.0,42150.0,39000.0,21712.0
045100,31850.0,2624000000.0,31950.0,32050.0,31300.0,82767.0
052400,37950.0,1070000000.0,38000.0,38400.0,37750.0,28174.0
456160,32100.0,1956000000.0,32050.0,32550.0,31750.0,60861.0
060250,13230.0,2562000000.0,13250.0,13490.0,13120.0,192381.0
490470,15590.0,2576000000.0,15660.0,15790.0,15310.0,165398.0
144960,12000.0,34512000000.0,10390.0,12120.0,10390.0,3000308.0
052020,7710.0,1226000000.0,7260.0,7730.0,7250.0,161601.0
009520,12570.0,1058000000.0,12830.0,12840.0,12550.0,83816.0
399720,43900.0,6241000000.0,43050.0,44900.0,42550.0,142218.0
112040,15200.0,1254000000.0,15130.0,15340.0,14990.0,82530.0
101160,31250.0,1791000000.0,30200.0,31250.0,29800.0,57753.0
376900,29450.0,2287000000.0,28150.0,29450.0,28000.0,79220.0
356680,17840.0,76609000000.0,17360.0,18450.0,17120.0,4276130.0
397030,18400.0,3295000000.0,18200.0,18950.0,18150.0,176920.0
025980,5210.0,4303000000.0,5120.0,5270.0,5100.0,829802.0
211050,10210.0,1122000000.0,10380.0,10530.0,10010.0,110567.0
037460,30550.0,1087000000.0,31450.0,31450.0,30450.0,35415.0
092870,38150.0,14658000000.0,35400.0,38550.0,35300.0,387071.0
086900,68100.0,674000000.0,67300.0,68200.0,66500.0,9997.0
033500,16450.0,967000000.0,16650.0,16650.0,16300.0,58914.0
056080,12790.0,6708000000.0,12510.0,12920.0,11860.0,533615.0
080580,23050.0,12476000000.0,22250.0,24100.0,21850.0,535717.0
027360,4000.0,32677000000.0,3935.0,4235.0,3915.0,8063451.0
214430,66000.0,1194000000.0,62300.0,66200.0,62200.0,18416.0
082270,10590.0,1362000000.0,10420.0,10710.0,10360.0,129080.0
098120,57600.0,11430000000.0,53800.0,58100.0,52600.0,202129.0
219130,75700.0,1972000000.0,72400.0,77400.0,70800.0,26398.0
035890,2285.0,828000000.0,2330.0,2410.0,2260.0,359232.0
386380,25250.0,204485000000.0,20200.0,25250.0,19610.0,8884384.0
099190,15970.0,446000000.0,16200.0,16200.0,15850.0,27967.0
019210,12680.0,8595000000.0,13300.0,13300.0,12610.0,674291.0
034950,103500.0,74000000.0,104000.0,104000.0,103100.0,718.0
015750,5870.0,833000000.0,5950.0,5950.0,5760.0,141594.0
041190,5860.0,63853000000.0,5710.0,6280.0,5600.0,10658619.0
348340,19910.0,7574000000.0,19520.0,19990.0,18640.0,388173.0
024850,14630.0,3071000000.0,14130.0,14900.0,13670.0,212295.0
460930,13070.0,1016000000.0,13280.0,13360.0,13070.0,77272.0
069540,4110.0,30149000000.0,4115.0,4330.0,4100.0,7203868.0
125490,12600.0,57280000000.0,11900.0,13180.0,11680.0,4548725.0
383310,21900.0,1980000000.0,22400.0,22400.0,21800.0,90434.0
089890,27450.0,6731000000.0,28150.0,29300.0,27100.0,238820.0
340570,28250.0,2269000000.0,27500.0,28250.0,27200.0,81310.0
365340,34950.0,4812000000.0,35350.0,40450.0,34400.0,130470.0
104830,35150.0,2477000000.0,33500.0,35200.0,33050.0,72387.0
348370,20200.0,2071000000.0,20050.0,20325.0,19890.0,102972.0
368770,13380.0,3350000000.0,14100.0,14110.0,13130.0,249677.0
336570,4915.0,2127000000.0,4950.0,4970.0,4795.0,436875.0
468530,39450.0,6064000000.0,35350.0,40100.0,34800.0,158266.0
278280,35550.0,924000000.0,36450.0,36900.0,35300.0,25838.0
013030,36900.0,2548000000.0,36950.0,38250.0,36600.0,68093.0
290550,21700.0,9027000000.0,21250.0,22450.0,20700.0,419506.0
078350,28200.0,33633000000.0,25400.0,29600.0,25150.0,1201876.0
332570,9300.0,40423000000.0,9220.0,9790.0,8860.0,4287911.0
067160,36800.0,781000000.0,36550.0,37300.0,36550.0,21183.0
101730,5030.0,5594000000.0,4850.0,5140.0,4735.0,1135381.0
0161M0,34300.0,978170000000.0,25250.0,34750.0,25000.0,33873840.0
078340,34500.0,3439000000.0,34650.0,35150.0,33750.0,99362.0
272290,20850.0,1275000000.0,20800.0,20900.0,20350.0,61522.0
204620,5840.0,3219000000.0,5900.0,6020.0,5770.0,548548.0
187660,6400.0,4761000000.0,6410.0,6770.0,6350.0,733492.0
376300,17200.0,427000000.0,17030.0,17370.0,16980.0,24862.0
241770,40000.0,984000000.0,39050.0,40000.0,37450.0,25528.0
030520,16670.0,1388000000.0,16960.0,17000.0,16630.0,82456.0
018290,11380.0,1511000000.0,11750.0,11820.0,11370.0,131102.0
114810,13870.0,4641000000.0,12630.0,13870.0,12630.0,342162.0
174900,19460.0,2221000000.0,19570.0,19860.0,19130.0,113645.0
089010,23150.0,1340000000.0,22550.0,23150.0,22150.0,58782.0
078130,3435.0,411000000.0,3520.0,3570.0,3395.0,119160.0
092190,8420.0,1124000000.0,8760.0,9000.0,8380.0,130470.0
095660,17710.0,376000000.0,17720.0,17940.0,17650.0,21152.0
092730,23550.0,1322000000.0,23000.0,23700.0,22450.0,56484.0
215200,36200.0,1214000000.0,35050.0,36200.0,34850.0,33903.0
439960,11550.0,5749000000.0,11600.0,11850.0,11310.0,498285.0
475960,27600.0,386000000.0,27400.0,27850.0,26900.0,14039.0
486990,17350.0,908000000.0,17540.0,17660.0,17140.0,52072.0
477850,20750.0,3753000000.0,21200.0,21400.0,20700.0,178867.0
042000,15210.0,653000000.0,14900.0,15280.0,14890.0,43144.0
107640,40550.0,2025000000.0,41700.0,41800.0,40550.0,49449.0
170920,34700.0,5045000000.0,34000.0,35250.0,33550.0,146322.0
078020,6570.0,296000000.0,6560.0,6600.0,6450.0,45388.0
006910,7410.0,4715000000.0,7640.0,7700.0,7400.0,628125.0
003800,32650.0,54000000.0,32650.0,32700.0,32250.0,1671.0
033160,14730.0,7762000000.0,14600.0,14800.0,13660.0,539865.0
018000,1239.0,1023000000.0,1256.0,1260.0,1237.0,822728.0
441270,8560.0,5029000000.0,8960.0,8960.0,8510.0,579361.0
236200,51200.0,678000000.0,52000.0,52000.0,50500.0,13255.0
200710,26300.0,2063000000.0,25200.0,26300.0,24950.0,79834.0
200470,8050.0,14572000000.0,7350.0,8250.0,7150.0,1845400.0
079370,11370.0,2578000000.0,11140.0,11700.0,10900.0,228744.0
078160,8990.0,353000000.0,8870.0,9030.0,8800.0,39587.0
025320,3815.0,706000000.0,3860.0,3860.0,3800.0,185021.0
036800,7700.0,646000000.0,8010.0,8030.0,7650.0,82877.0
348210,33000.0,1009000000.0,32250.0,33150.0,32000.0,30899.0
393890,10180.0,2318000000.0,10200.0,10400.0,9750.0,227930.0
448900,56600.0,3387000000.0,56000.0,58100.0,54600.0,59885.0
046970,7820.0,24725000000.0,8250.0,8430.0,7810.0,3065839.0
069080,11050.0,496000000.0,11050.0,11230.0,10980.0,44833.0
417840,14950.0,8873000000.0,14770.0,15300.0,14330.0,594326.0
389470,25650.0,9824000000.0,31050.0,31050.0,25550.0,356723.0
900290,3670.0,947000000.0,3425.0,3685.0,3355.0,265439.0
025900,6730.0,308000000.0,6900.0,6960.0,6700.0,45607.0
330860,27750.0,9154000000.0,26400.0,29400.0,25950.0,326633.0
138080,27250.0,13191000000.0,28550.0,29250.0,26700.0,475854.0
036620,3750.0,391000000.0,3715.0,3780.0,3695.0,104788.0
455900,21800.0,997000000.0,21300.0,21950.0,20850.0,45945.0
121440,7790.0,65000000.0,7760.0,7890.0,7760.0,8354.0
064260,4405.0,7990000000.0,4345.0,4540.0,4340.0,1803294.0
039440,21400.0,2483000000.0,20050.0,21400.0,19510.0,118865.0
110990,17550.0,1586000000.0,16990.0,17590.0,16770.0,91452.0
093520,27600.0,819000000.0,26450.0,28400.0,25950.0,29599.0
060280,7960.0,975000000.0,8110.0,8120.0,7890.0,122237.0
067630,2675.0,3070000000.0,2425.0,2865.0,2405.0,1135496.0
372320,21050.0,221000000.0,21450.0,21700.0,21000.0,10468.0
168360,14190.0,2201000000.0,13700.0,14350.0,13530.0,156188.0
052710,16900.0,17005000000.0,17070.0,17890.0,16450.0,997285.0
452430,38000.0,2417000000.0,39200.0,39650.0,36700.0,63648.0
488900,10760.0,1108000000.0,11300.0,11300.0,10700.0,101994.0
206650,8370.0,624000000.0,8490.0,8570.0,8350.0,74196.0
456010,21200.0,20144000000.0,22700.0,22750.0,20850.0,930741.0
215600,2215.0,828000000.0,2230.0,2230.0,2175.0,374324.0
061970,4330.0,2206000000.0,4065.0,4370.0,4010.0,517082.0
424870,3320.0,2798000000.0,3400.0,3400.0,3262.0,844420.0
482630,13810.0,1873000000.0,13150.0,13820.0,13000.0,138684.0
352480,22100.0,289000000.0,21900.0,22450.0,21750.0,13006.0
117730,13310.0,916000000.0,13250.0,13490.0,13010.0,68976.0
025770,8000.0,88000000.0,7960.0,8010.0,7910.0,11108.0
159010,22450.0,1714000000.0,22050.0,22750.0,21800.0,76746.0
035810,4610.0,282000000.0,4630.0,4635.0,4590.0,61302.0
234340,21100.0,19599000000.0,20450.0,22900.0,20400.0,911305.0
071200,12040.0,639000000.0,12700.0,12700.0,11890.0,52913.0
101930,6420.0,86000000.0,6410.0,6480.0,6320.0,13468.0
199800,32600.0,1103000000.0,31750.0,33550.0,31250.0,34106.0
017890,14150.0,284000000.0,14330.0,14330.0,14070.0,20086.0
036200,9480.0,3952000000.0,9160.0,9560.0,8970.0,419509.0
099440,4220.0,517000000.0,4210.0,4250.0,4135.0,123398.0
160980,26250.0,3155000000.0,24950.0,26500.0,24550.0,121487.0
265520,19000.0,818000000.0,18400.0,19060.0,18400.0,43356.0
042370,10910.0,20413000000.0,11750.0,11750.0,10880.0,1800712.0
049070,18140.0,408000000.0,18290.0,18330.0,18020.0,22445.0
472850,4955.0,137000000.0,5040.0,5040.0,4910.0,27712.0
091580,21350.0,6952000000.0,22550.0,22800.0,21100.0,322780.0
389500,42400.0,6457000000.0,40850.0,42950.0,39650.0,154640.0
425040,12820.0,94976000000.0,10250.0,13330.0,9930.0,7721661.0
136480,2640.0,369000000.0,2650.0,2650.0,2630.0,139646.0
228760,11270.0,2807000000.0,12180.0,12230.0,11240.0,243884.0
092460,16290.0,181000000.0,16430.0,16580.0,16290.0,10997.0
054950,23000.0,310000000.0,23000.0,23250.0,22850.0,13456.0
084110,21900.0,248000000.0,21850.0,22100.0,21600.0,11332.0
200670,24650.0,348000000.0,25250.0,25250.0,24550.0,14053.0
035600,9970.0,366000000.0,10040.0,10040.0,9900.0,36912.0
024840,6310.0,21284000000.0,6440.0,6880.0,6300.0,3267690.0
216080,7340.0,1858000000.0,7000.0,7480.0,6920.0,254608.0
203650,2685.0,17043000000.0,2830.0,2960.0,2670.0,6088029.0
086390,12860.0,3330000000.0,12420.0,12930.0,12210.0,262722.0
098070,24350.0,990000000.0,25000.0,25000.0,24200.0,40413.0
448280,9130.0,195000000.0,9510.0,9510.0,8750.0,21823.0
294570,26750.0,5023000000.0,26750.0,28000.0,26550.0,184450.0
309710,21000.0,0.0,0.0,0.0,0.0,0.0
484590,6500.0,961000000.0,6700.0,6700.0,6450.0,147321.0
378340,12300.0,303000000.0,12250.0,12330.0,11950.0,24877.0
446540,9140.0,4644000000.0,8560.0,9360.0,8520.0,508902.0
182400,3670.0,0.0,0.0,0.0,0.0,0.0
036890,12050.0,872000000.0,12200.0,12310.0,11860.0,72804.0
043150,17600.0,478000000.0,17880.0,17890.0,17450.0,27115.0
091700,5220.0,280000000.0,5190.0,5280.0,5100.0,53939.0
060720,11000.0,699000000.0,11030.0,11090.0,10820.0,64086.0
151860,5470.0,302000000.0,5600.0,5660.0,5440.0,54875.0
267980,33950.0,25000000.0,33950.0,34200.0,33800.0,735.0
317330,12700.0,480000000.0,13150.0,13150.0,12680.0,37615.0
287840,17300.0,435000000.0,17010.0,17840.0,16820.0,25126.0
0011T0,5520.0,1154000000.0,5650.0,5650.0,5350.0,210759.0
452280,13450.0,22394000000.0,13570.0,14270.0,13030.0,1641707.0
304360,20700.0,384000000.0,20450.0,20800.0,20400.0,18678.0
051500,21750.0,147000000.0,21950.0,22050.0,21550.0,6728.0
484120,23450.0,1739000000.0,22800.0,23750.0,22250.0,75467.0
012210,11120.0,13138000000.0,11200.0,11660.0,10860.0,1162887.0
121800,3320.0,0.0,0.0,0.0,0.0,0.0
439090,15620.0,631000000.0,15800.0,15800.0,15540.0,40306.0
094360,11970.0,4054000000.0,11210.0,12160.0,11010.0,344682.0
089980,15860.0,1108000000.0,16500.0,16520.0,15780.0,68681.0
377450,14610.0,306000000.0,15000.0,15000.0,14420.0,21014.0
377460,4080.0,0.0,0.0,0.0,0.0,0.0
042520,17720.0,3108000000.0,18250.0,18970.0,17560.0,173765.0
023410,3255.0,608000000.0,3255.0,3310.0,3220.0,186518.0
047920,7650.0,13236000000.0,6470.0,7980.0,6290.0,1819504.0
067390,5930.0,333000000.0,5830.0,6090.0,5830.0,55907.0
011560,24650.0,859000000.0,24850.0,25050.0,24200.0,35124.0
461300,18580.0,328000000.0,18670.0,18790.0,18390.0,17647.0
376270,33950.0,251000000.0,33700.0,34150.0,31500.0,7541.0
064820,7930.0,193000000.0,8010.0,8040.0,7850.0,24383.0
394280,9190.0,909000000.0,8950.0,9260.0,8720.0,100342.0
068930,8740.0,186000000.0,8850.0,8850.0,8720.0,21248.0
073490,31750.0,1421000000.0,32700.0,33000.0,31300.0,44306.0
272110,29900.0,7295000000.0,27600.0,30950.0,27600.0,247172.0
036030,4850.0,254000000.0,4970.0,4995.0,4805.0,52191.0
389650,28650.0,547000000.0,28800.0,30200.0,28400.0,18919.0
019010,4890.0,717000000.0,4940.0,4970.0,4810.0,146646.0
108860,8740.0,1114000000.0,9030.0,9030.0,8740.0,126107.0
045390,3330.0,1419000000.0,3280.0,3380.0,3260.0,426736.0
445090,21450.0,545000000.0,21500.0,21850.0,21100.0,25254.0
254490,16230.0,5371000000.0,15460.0,17190.0,15330.0,327090.0
043370,11150.0,272000000.0,11480.0,11480.0,10860.0,24739.0
243070,19490.0,411000000.0,19760.0,19820.0,19450.0,20984.0
389260,13030.0,851000000.0,13360.0,13390.0,12960.0,65318.0
065710,45200.0,222000000.0,45400.0,45500.0,45100.0,4903.0
481070,16200.0,164000000.0,16280.0,16750.0,15850.0,10024.0
180400,2320.0,130000000.0,2330.0,2380.0,2180.0,56690.0
100120,25400.0,284000000.0,25700.0,25800.0,24800.0,11255.0
190510,15990.0,1524000000.0,16150.0,16320.0,15880.0,95228.0
144510,14230.0,778000000.0,14550.0,14740.0,14180.0,54162.0
462350,6610.0,1491000000.0,6520.0,6720.0,6310.0,229423.0
215000,35650.0,255000000.0,35700.0,35700.0,35300.0,7197.0
094480,5680.0,4779000000.0,5650.0,5940.0,5590.0,830365.0
354320,34850.0,3404000000.0,37700.0,38050.0,34850.0,95188.0
023760,1411.0,36000000.0,1405.0,1411.0,1404.0,25381.0
462860,3100.0,53338000000.0,2710.0,3405.0,2705.0,16502728.0
200130,7720.0,210000000.0,7710.0,7820.0,7680.0,27220.0
114190,8490.0,470000000.0,8740.0,8740.0,8470.0,55083.0
0008Z0,23350.0,284000000.0,23950.0,24000.0,23300.0,12053.0
064550,8530.0,1437000000.0,8780.0,8790.0,8510.0,167191.0
237880,12180.0,440000000.0,12340.0,12370.0,12170.0,35917.0
125020,6270.0,5869000000.0,6450.0,6450.0,6150.0,936544.0
005710,10920.0,175000000.0,11100.0,11100.0,10300.0,16028.0
475400,18520.0,524000000.0,18770.0,18900.0,18320.0,28156.0
298830,4090.0,601000000.0,4160.0,4180.0,4070.0,146473.0
032580,6550.0,8674000000.0,5600.0,6650.0,5590.0,1390012.0
064850,19000.0,1002000000.0,18280.0,19290.0,17900.0,53512.0
018310,14700.0,134000000.0,14780.0,14780.0,14490.0,9207.0
0001A0,8470.0,472000000.0,8850.0,8850.0,8460.0,55132.0
416180,23850.0,147000000.0,24500.0,24700.0,23850.0,6092.0
241520,8070.0,779000000.0,8110.0,8270.0,8010.0,96346.0
243840,5520.0,740000000.0,5720.0,5720.0,5520.0,132846.0
382900,24250.0,2080000000.0,24400.0,24600.0,23950.0,85851.0
307180,5750.0,1559000000.0,5930.0,6010.0,5750.0,265994.0
199430,18700.0,1452000000.0,18760.0,19110.0,18340.0,77344.0
314130,3990.0,6752000000.0,3470.0,4110.0,3465.0,1727715.0
290690,3930.0,1001000000.0,4000.0,4000.0,3905.0,254665.0
950170,4270.0,47000000.0,4205.0,4285.0,4205.0,11176.0
049430,22950.0,481000000.0,22550.0,23250.0,22525.0,20877.0
036710,3930.0,391000000.0,3860.0,3970.0,3810.0,100388.0
353810,6270.0,315000000.0,6340.0,6340.0,6230.0,50236.0
112290,10240.0,628000000.0,10130.0,10290.0,9990.0,61627.0
206640,9450.0,157000000.0,9400.0,9540.0,9360.0,16584.0
014940,4540.0,521000000.0,4625.0,4625.0,4520.0,114394.0
380540,8450.0,0.0,0.0,0.0,0.0,0.0
493280,13900.0,9518000000.0,14910.0,15300.0,13510.0,679345.0
061090,37600.0,493000000.0,38800.0,38800.0,37500.0,12998.0
126730,23400.0,8356000000.0,24100.0,24650.0,23300.0,349528.0
459510,15750.0,492000000.0,15810.0,16030.0,15550.0,31175.0
099430,3315.0,290000000.0,3350.0,3370.0,3300.0,87174.0
065680,22100.0,90000000.0,22200.0,22250.0,21900.0,4104.0
036190,34000.0,54000000.0,34300.0,34300.0,33550.0,1610.0
058970,16430.0,281000000.0,16410.0,16670.0,16210.0,17037.0
314930,6820.0,136000000.0,6720.0,6920.0,6600.0,20271.0
095500,6540.0,235000000.0,6700.0,6730.0,6530.0,35764.0
067080,10870.0,397000000.0,11060.0,11110.0,10850.0,36284.0
365270,9120.0,497000000.0,9350.0,9360.0,8980.0,54465.0
053300,5100.0,1058000000.0,5200.0,5230.0,5070.0,205950.0
053030,6140.0,324000000.0,6090.0,6210.0,6090.0,52553.0
417030,34550.0,26618000000.0,31900.0,35550.0,31150.0,783880.0
217730,2120.0,305000000.0,2145.0,2145.0,2085.0,144489.0
256840,2910.0,4976000000.0,2755.0,2985.0,2755.0,1715307.0
078150,2065.0,1233000000.0,2065.0,2080.0,2010.0,598767.0
085910,14110.0,2452000000.0,13460.0,14390.0,13020.0,177203.0
450950,5150.0,66000000.0,5310.0,5310.0,5080.0,12827.0
024060,12850.0,13860000000.0,12890.0,13230.0,12760.0,1071236.0
388050,10290.0,2835000000.0,10630.0,10650.0,10280.0,271751.0
123330,24150.0,5747000000.0,25300.0,25300.0,23800.0,238168.0
080720,2410.0,0.0,0.0,0.0,0.0,0.0
126600,3065.0,137000000.0,3055.0,3065.0,2990.0,45361.0
115450,2010.0,1013000000.0,1997.0,2065.0,1901.0,505181.0
036560,12060.0,30000000.0,12200.0,12280.0,12050.0,2466.0
013120,2090.0,68000000.0,2095.0,2105.0,2070.0,32757.0
484810,12280.0,1045000000.0,12450.0,12590.0,12160.0,84361.0
034810,5980.0,60000000.0,6020.0,6020.0,5900.0,10105.0
046120,5570.0,2862000000.0,5750.0,5880.0,5550.0,506067.0
052330,10600.0,265000000.0,10760.0,10770.0,10530.0,24985.0
304100,14910.0,670000000.0,15360.0,15360.0,14910.0,44513.0
016790,994.0,0.0,0.0,0.0,0.0,0.0
452450,5190.0,766000000.0,5300.0,5300.0,5050.0,147139.0
194700,10230.0,584000000.0,10360.0,10430.0,10100.0,57316.0
403850,12960.0,2378000000.0,13280.0,13430.0,12800.0,182177.0
143240,17280.0,162000000.0,17350.0,17410.0,17000.0,9393.0
192440,29700.0,36000000.0,29700.0,30150.0,29450.0,1202.0
042420,22650.0,253000000.0,23050.0,23350.0,22450.0,11134.0
051160,11900.0,4134000000.0,12000.0,12760.0,11550.0,336669.0
066620,24500.0,63000000.0,25900.0,25900.0,24500.0,2471.0
086670,18500.0,2492000000.0,18190.0,18850.0,17860.0,134870.0
083310,10310.0,1031000000.0,9890.0,10470.0,9890.0,100174.0
084850,8080.0,165000000.0,7950.0,8100.0,7780.0,20649.0
108380,19090.0,684000000.0,19150.0,19190.0,18640.0,36089.0
094820,12050.0,1027000000.0,12560.0,12560.0,12050.0,84522.0
102940,13870.0,708000000.0,14050.0,14100.0,13750.0,51066.0
067290,3240.0,12172000000.0,3410.0,3410.0,3235.0,3688709.0
214180,13950.0,1522000000.0,13800.0,14400.0,13670.0,108396.0
318060,16060.0,530000000.0,15890.0,16240.0,15890.0,33078.0
464080,9900.0,1008000000.0,9700.0,10120.0,9550.0,100959.0
419530,17370.0,459000000.0,17390.0,17570.0,17060.0,26500.0
293780,6310.0,233000000.0,6200.0,6350.0,5960.0,37555.0
039830,16420.0,2122000000.0,15300.0,17240.0,15000.0,130238.0
036170,2865.0,2020000000.0,2665.0,2935.0,2617.0,721609.0
005160,3240.0,1697000000.0,3500.0,3500.0,3240.0,508531.0
088800,2320.0,1287000000.0,2430.0,2460.0,2255.0,551369.0
264850,5780.0,1566000000.0,5880.0,5970.0,5780.0,267460.0
308430,13530.0,228000000.0,13530.0,13650.0,13280.0,16983.0
082800,2875.0,494000000.0,2925.0,2950.0,2830.0,171334.0
230240,13060.0,3247000000.0,14110.0,14110.0,12900.0,242206.0
083930,11820.0,202000000.0,11770.0,11950.0,11720.0,17150.0
194480,14230.0,620000000.0,14560.0,14580.0,14110.0,43543.0
054210,6830.0,403000000.0,6860.0,6870.0,6760.0,59206.0
032940,9450.0,4248000000.0,9720.0,9980.0,9400.0,437046.0
092130,14270.0,23000000.0,14310.0,14410.0,14160.0,1583.0
475040,3190.0,1691000000.0,3330.0,3375.0,3185.0,517280.0
199820,7720.0,1108000000.0,8050.0,8050.0,7690.0,141755.0
405100,13950.0,354000000.0,14140.0,14140.0,13790.0,25400.0
176750,6010.0,108000000.0,6030.0,6070.0,5930.0,18154.0
143160,15910.0,68000000.0,16130.0,16130.0,15750.0,4283.0
270660,13430.0,205000000.0,13720.0,13770.0,13420.0,15181.0
382800,5350.0,4693000000.0,5150.0,5470.0,4995.0,891235.0
134580,3445.0,1103000000.0,3750.0,3940.0,3410.0,311800.0
274090,12260.0,11224000000.0,13100.0,13200.0,12260.0,883254.0
138610,14850.0,292000000.0,14890.0,15080.0,14720.0,19700.0
049630,7220.0,1169000000.0,7400.0,7440.0,7170.0,161353.0
149950,12340.0,2062000000.0,11810.0,12570.0,11620.0,171242.0
0015G0,14400.0,462000000.0,14500.0,14800.0,14220.0,32092.0
357550,30800.0,45000000.0,31000.0,31550.0,30300.0,1479.0
489460,11360.0,456000000.0,11690.0,11790.0,11300.0,40090.0
118990,6820.0,643000000.0,6750.0,6870.0,6650.0,94414.0
245620,741.0,0.0,0.0,0.0,0.0,0.0
122990,6510.0,420000000.0,6570.0,6620.0,6480.0,64382.0
104480,1835.0,389000000.0,1872.0,1872.0,1824.0,210894.0
038390,9960.0,145000000.0,10090.0,10090.0,9900.0,14526.0
012860,2270.0,1139000000.0,2420.0,2440.0,2270.0,490760.0
204610,2970.0,310000000.0,3020.0,3050.0,2950.0,104135.0
388790,5400.0,12812000000.0,5150.0,5890.0,5070.0,2337768.0
950140,8320.0,39000000.0,8390.0,8390.0,8130.0,4737.0
080160,8710.0,428000000.0,8920.0,8980.0,8650.0,48981.0
086820,6350.0,190000000.0,6470.0,6610.0,6240.0,30109.0
119830,6190.0,587000000.0,6160.0,6280.0,6040.0,95043.0
355150,21000.0,2336000000.0,21400.0,22050.0,20900.0,108998.0
234690,9070.0,867000000.0,9180.0,9270.0,9060.0,94931.0
024800,4610.0,161000000.0,4765.0,4765.0,4435.0,35454.0
260970,56100.0,408000000.0,55100.0,57700.0,54900.0,7297.0
123860,13350.0,148000000.0,13650.0,13650.0,13280.0,11048.0
289080,2690.0,4408000000.0,2750.0,2830.0,2680.0,1608548.0
123410,5810.0,266000000.0,5850.0,5890.0,5780.0,45523.0
402030,12890.0,134000000.0,13120.0,13200.0,12880.0,10329.0
372170,20200.0,84000000.0,20500.0,20500.0,19980.0,4196.0
474650,28000.0,781000000.0,28000.0,28650.0,27100.0,27855.0
068790,7260.0,115000000.0,7310.0,7460.0,7200.0,15805.0
478340,13870.0,20766000000.0,14130.0,15500.0,13530.0,1440384.0
032620,3075.0,57000000.0,3100.0,3125.0,3055.0,18642.0
340450,6770.0,550000000.0,6850.0,6880.0,6580.0,82022.0
041920,8600.0,375000000.0,8740.0,8790.0,8430.0,43634.0
126700,10690.0,280000000.0,10750.0,10900.0,10550.0,26161.0
066410,1153.0,0.0,0.0,0.0,0.0,0.0
039860,4190.0,658000000.0,4185.0,4275.0,4140.0,155719.0
413630,4380.0,7390000000.0,4370.0,4630.0,4325.0,1645214.0
119610,13900.0,245000000.0,14100.0,14100.0,13650.0,17657.0
093190,8200.0,110000000.0,8240.0,8240.0,8020.0,13657.0
226590,14700.0,4942000000.0,13730.0,15880.0,13510.0,333877.0
023910,26250.0,87000000.0,26150.0,26400.0,26000.0,3323.0
072870,13100.0,294000000.0,13290.0,13290.0,13000.0,22430.0
013990,4740.0,139000000.0,4800.0,4815.0,4735.0,29113.0
0082N0,11720.0,719000000.0,12240.0,12380.0,11510.0,60594.0
093640,4740.0,224000000.0,4585.0,4850.0,4580.0,47205.0
0015N0,12350.0,8423000000.0,13670.0,14250.0,12150.0,650005.0
011040,5030.0,123000000.0,5050.0,5050.0,4995.0,24569.0
264450,10550.0,415000000.0,11000.0,11000.0,10520.0,38791.0
263860,17000.0,3862000000.0,18070.0,18090.0,16960.0,222901.0
205500,1835.0,479000000.0,1820.0,1860.0,1745.0,264731.0
222040,7430.0,686000000.0,7450.0,7660.0,7370.0,91995.0
0007C0,19060.0,1628000000.0,20000.0,20000.0,19030.0,84517.0
054800,14780.0,95000000.0,14930.0,14990.0,14540.0,6514.0
418550,4775.0,357000000.0,5050.0,5080.0,4775.0,73421.0
041520,12540.0,336000000.0,12250.0,12540.0,11900.0,27196.0
432720,10710.0,2067000000.0,10590.0,10900.0,10070.0,195237.0
138360,1719.0,839000000.0,1705.0,1740.0,1685.0,490087.0
007330,10020.0,96000000.0,10110.0,10190.0,9970.0,9593.0
054450,9950.0,1060000000.0,9780.0,10100.0,9660.0,106289.0
488280,13860.0,4089000000.0,14380.0,14500.0,13700.0,289985.0
041020,3015.0,195000000.0,3060.0,3060.0,3000.0,64740.0
394800,4705.0,1633000000.0,4895.0,4910.0,4630.0,342737.0
078070,8690.0,116000000.0,8800.0,8800.0,8540.0,13493.0
046440,4060.0,235000000.0,4070.0,4070.0,4015.0,58265.0
051370,6260.0,189000000.0,6360.0,6360.0,6200.0,30144.0
179290,4505.0,796000000.0,4605.0,4675.0,4400.0,177015.0
065660,14570.0,360000000.0,15230.0,15230.0,14410.0,24585.0
101970,9850.0,33000000.0,10130.0,10130.0,9540.0,3420.0
092070,12570.0,392000000.0,12210.0,12850.0,12140.0,31336.0
300080,8810.0,324000000.0,8970.0,9020.0,8780.0,36582.0
187870,10470.0,669000000.0,10310.0,10750.0,10160.0,63430.0
023600,9050.0,47000000.0,9180.0,9180.0,9000.0,5190.0
049960,15410.0,28000000.0,15500.0,15530.0,15320.0,1828.0
489500,22600.0,189000000.0,22650.0,22650.0,21750.0,8518.0
042600,11590.0,89000000.0,12000.0,12010.0,11500.0,7666.0
005990,10820.0,13000000.0,10790.0,10830.0,10570.0,1168.0
086890,3525.0,138000000.0,3595.0,3600.0,3490.0,39155.0
148150,4030.0,321000000.0,4180.0,4185.0,3970.0,79299.0
089600,12550.0,188000000.0,12940.0,12940.0,12510.0,14720.0
0039P0,7610.0,11932000000.0,7760.0,8250.0,7540.0,1505258.0
035610,5210.0,190000000.0,5260.0,5410.0,5070.0,35877.0
069510,13010.0,36000000.0,13140.0,13140.0,12850.0,2799.0
265740,7890.0,13684000000.0,8250.0,8370.0,7620.0,1735063.0
115310,9500.0,123000000.0,9450.0,9590.0,9270.0,13027.0
073010,3505.0,584000000.0,3500.0,3510.0,3400.0,169126.0
047770,3720.0,2931000000.0,3755.0,3875.0,3690.0,773509.0
469610,15740.0,709000000.0,16150.0,16170.0,15700.0,44866.0
212560,10430.0,1577000000.0,10370.0,10650.0,10200.0,152231.0
054920,4970.0,18756000000.0,4935.0,5260.0,4860.0,3690845.0
321550,4665.0,531000000.0,4480.0,4720.0,4300.0,116011.0
147830,7000.0,845000000.0,7200.0,7200.0,6940.0,120333.0
228850,8430.0,977000000.0,8280.0,8530.0,8070.0,117077.0
114840,8340.0,147000000.0,8500.0,8520.0,8340.0,17553.0
163730,10840.0,3459000000.0,10010.0,10960.0,10010.0,324762.0
084990,3000.0,513000000.0,3055.0,3230.0,2985.0,166080.0
445180,8040.0,238000000.0,7700.0,8060.0,7675.0,30335.0
220100,6160.0,498000000.0,6200.0,6290.0,5980.0,81572.0
102120,7750.0,2285000000.0,7320.0,7940.0,7230.0,297392.0
067280,23150.0,86000000.0,23200.0,23200.0,22650.0,3758.0
126640,3900.0,2054000000.0,4060.0,4060.0,3850.0,523915.0
211270,9050.0,817000000.0,9400.0,9420.0,9050.0,89173.0
095700,2990.0,646000000.0,2895.0,3045.0,2800.0,217035.0
158430,5560.0,11961000000.0,5630.0,5910.0,5540.0,2089304.0
053260,7250.0,12420000000.0,7250.0,7810.0,6980.0,1691845.0
251370,7480.0,334000000.0,7390.0,7540.0,7300.0,44919.0
003100,20400.0,129000000.0,20450.0,20450.0,20100.0,6350.0
146320,10500.0,433000000.0,10050.0,10500.0,9850.0,42182.0
039840,9990.0,165000000.0,10000.0,10000.0,9810.0,16567.0
140670,10410.0,375000000.0,10580.0,10600.0,10250.0,35894.0
240550,6380.0,47669000000.0,5900.0,7340.0,5890.0,6970063.0
035080,11940.0,370000000.0,12200.0,12200.0,11820.0,30930.0
451760,8060.0,1023000000.0,8640.0,8640.0,7990.0,124276.0
201490,4055.0,33951000000.0,4220.0,4415.0,4005.0,8034017.0
290740,13160.0,990000000.0,13990.0,14370.0,13030.0,73338.0
457550,14210.0,576000000.0,14730.0,14760.0,14210.0,40059.0
136540,10780.0,50000000.0,10730.0,10810.0,10690.0,4657.0
417500,4030.0,538000000.0,4030.0,4055.0,3855.0,135371.0
101360,7410.0,233000000.0,7710.0,7880.0,7340.0,31309.0
048870,1491.0,256000000.0,1506.0,1510.0,1477.0,171694.0
059120,7140.0,1594000000.0,7230.0,7290.0,7060.0,222562.0
232680,9850.0,1227000000.0,9740.0,10040.0,9560.0,124067.0
417010,6470.0,816000000.0,6720.0,6720.0,6460.0,124770.0
001540,10000.0,706000000.0,10200.0,10200.0,9940.0,70434.0
049720,9110.0,106000000.0,9170.0,9170.0,9070.0,11661.0
387690,17080.0,22996000000.0,15880.0,17630.0,15850.0,1354017.0
264660,13380.0,270000000.0,13300.0,13390.0,13100.0,20321.0
950190,9990.0,498000000.0,9770.0,10120.0,9770.0,49975.0
285490,12240.0,260000000.0,12100.0,12260.0,11950.0,21481.0
038290,11910.0,110000000.0,12100.0,12100.0,11750.0,9260.0
105330,8030.0,249000000.0,8180.0,8290.0,8010.0,30746.0
282880,10990.0,350000000.0,11150.0,11290.0,10890.0,31764.0
402490,7570.0,7017000000.0,7000.0,7950.0,6850.0,928579.0
322310,13670.0,1227000000.0,13070.0,13760.0,12840.0,91559.0
037070,6400.0,309000000.0,6500.0,6510.0,6320.0,48455.0
142210,6150.0,806000000.0,6110.0,6250.0,6060.0,130909.0
156100,5700.0,845000000.0,6000.0,6000.0,5540.0,146939.0
080420,1595.0,6000000.0,1644.0,1649.0,1551.0,3709.0
060150,2790.0,125000000.0,2825.0,2830.0,2740.0,45390.0
267320,2205.0,269000000.0,2220.0,2235.0,2180.0,122309.0
079960,16740.0,358000000.0,17170.0,17170.0,16690.0,21299.0
338840,8200.0,187000000.0,8220.0,8280.0,8010.0,23040.0
322510,4900.0,700000000.0,5150.0,5450.0,4900.0,139485.0
408920,2915.0,29000000.0,2920.0,2920.0,2860.0,10045.0
474170,7070.0,346000000.0,7500.0,7500.0,7030.0,48717.0
036690,2885.0,0.0,0.0,0.0,0.0,0.0
021320,5860.0,100000000.0,6030.0,6030.0,5800.0,17094.0
027710,1123.0,218000000.0,1141.0,1141.0,1120.0,193521.0
052860,6990.0,519000000.0,6900.0,7040.0,6760.0,74903.0
361390,12820.0,322000000.0,13400.0,13460.0,12820.0,24748.0
950250,3495.0,11104000000.0,3080.0,3795.0,3080.0,3133776.0
042510,11230.0,5065000000.0,11550.0,11750.0,10970.0,446756.0
220260,3885.0,138000000.0,3900.0,3900.0,3825.0,35654.0
307750,2305.0,157000000.0,2340.0,2355.0,2295.0,67317.0
297090,4560.0,381000000.0,4580.0,4700.0,4460.0,83677.0
108230,3255.0,705000000.0,3315.0,3365.0,3230.0,214269.0
418420,4020.0,396000000.0,4150.0,4175.0,3955.0,98459.0
443670,5140.0,5783000000.0,5480.0,5550.0,5050.0,1105874.0
494120,8060.0,428000000.0,8190.0,8200.0,7920.0,53346.0
056090,1190.0,0.0,0.0,0.0,0.0,0.0
153890,10130.0,2271000000.0,10000.0,10600.0,9640.0,222914.0
331920,10860.0,362000000.0,11460.0,11460.0,10760.0,32875.0
396300,4575.0,1479000000.0,4675.0,4715.0,4465.0,321058.0
0011A0,12980.0,4767000000.0,12530.0,13250.0,12270.0,373431.0
0088M0,12200.0,500000000.0,12200.0,12450.0,12030.0,41060.0
255220,1099.0,1002000000.0,1124.0,1135.0,1095.0,904668.0
041440,6740.0,240000000.0,6720.0,6750.0,6640.0,35935.0
079650,6010.0,5207000000.0,6400.0,6430.0,5970.0,849814.0
115500,10010.0,1745000000.0,10400.0,10480.0,9930.0,172337.0
172670,13400.0,1574000000.0,12600.0,13510.0,12210.0,120475.0
095190,1834.0,133000000.0,1870.0,1899.0,1834.0,72144.0
321370,1693.0,14467000000.0,1839.0,1920.0,1686.0,8193660.0
017510,7830.0,1564000000.0,8160.0,8190.0,7790.0,197126.0
009780,6780.0,34000000.0,6800.0,6800.0,6680.0,5048.0
008830,6210.0,979000000.0,6350.0,6360.0,6170.0,157375.0
256940,5900.0,133000000.0,6050.0,6090.0,5860.0,22460.0
101170,8730.0,316000000.0,8880.0,8900.0,8590.0,36312.0
122450,2625.0,64000000.0,2645.0,2660.0,2605.0,24608.0
049520,3810.0,152000000.0,3790.0,3810.0,3745.0,40325.0
297890,1604.0,495000000.0,1625.0,1626.0,1585.0,309038.0
333430,3815.0,334000000.0,3835.0,3850.0,3770.0,87827.0
336680,2975.0,34000000.0,2970.0,2980.0,2915.0,11432.0
052260,3875.0,202000000.0,4000.0,4135.0,3875.0,51342.0
041590,2370.0,0.0,0.0,0.0,0.0,0.0
037350,7630.0,1140000000.0,7500.0,7650.0,7330.0,151349.0
094840,11750.0,162000000.0,12030.0,12030.0,11650.0,13671.0
452190,4810.0,1734000000.0,4950.0,4990.0,4765.0,357873.0
473980,10570.0,192000000.0,10550.0,10570.0,10240.0,18527.0
051980,1035.0,0.0,0.0,0.0,0.0,0.0
047310,3140.0,288000000.0,3150.0,3175.0,3100.0,91740.0
458650,7640.0,70000000.0,7750.0,7750.0,7470.0,9254.0
293580,1205.0,329000000.0,1257.0,1260.0,1183.0,272671.0
051360,11840.0,85000000.0,11780.0,11880.0,11660.0,7186.0
053080,8780.0,305000000.0,8820.0,9090.0,8660.0,34810.0
308080,5560.0,439000000.0,5680.0,5730.0,5490.0,78786.0
086980,1820.0,37000000.0,1838.0,1846.0,1819.0,20173.0
054050,7070.0,142000000.0,7080.0,7110.0,7040.0,20062.0
474610,7780.0,1132000000.0,8000.0,8210.0,7630.0,145611.0
141000,9230.0,220000000.0,9230.0,9300.0,9010.0,23953.0
389020,16180.0,1129000000.0,16350.0,16670.0,16000.0,69251.0
090850,4970.0,72000000.0,5050.0,5050.0,4935.0,14508.0
475230,10250.0,593000000.0,10780.0,10950.0,10230.0,57007.0
063570,3260.0,41000000.0,3310.0,3310.0,3225.0,12666.0
259630,9090.0,402000000.0,9350.0,9350.0,9000.0,44241.0
351320,3740.0,1273000000.0,4005.0,4125.0,3590.0,337014.0
071280,7240.0,869000000.0,7050.0,7400.0,6980.0,119952.0
018120,16720.0,5000000.0,16700.0,16730.0,16660.0,299.0
067990,3790.0,75000000.0,3795.0,3795.0,3755.0,19934.0
036630,7890.0,36000000.0,8030.0,8030.0,7380.0,4564.0
072950,13690.0,21057000000.0,14100.0,14710.0,13600.0,1504424.0
290720,2885.0,34000000.0,2870.0,2975.0,2820.0,11764.0
166480,2070.0,143000000.0,2080.0,2115.0,2055.0,68496.0
217270,2395.0,78000000.0,2455.0,2470.0,2370.0,32694.0
396470,6780.0,512000000.0,6740.0,6860.0,6650.0,75377.0
394420,9910.0,697000000.0,9410.0,10160.0,9350.0,70563.0
067900,5970.0,192000000.0,6030.0,6030.0,5910.0,32170.0
039340,4925.0,9000000.0,4935.0,4965.0,4870.0,1832.0
217820,2280.0,546000000.0,2280.0,2320.0,2230.0,240429.0
040300,2265.0,361000000.0,2260.0,2300.0,2235.0,159575.0
039560,2510.0,511000000.0,2645.0,2655.0,2495.0,200088.0
106190,10070.0,150000000.0,10090.0,10170.0,9980.0,15005.0
115440,9900.0,8514000000.0,10240.0,10730.0,9800.0,838062.0
339950,2370.0,50000000.0,2395.0,2400.0,2350.0,21174.0
311320,8430.0,348000000.0,8250.0,8540.0,8130.0,41516.0
246710,2230.0,200000000.0,2270.0,2280.0,2210.0,89000.0
073560,1534.0,122000000.0,1530.0,1540.0,1521.0,79867.0
038540,1918.0,197000000.0,1944.0,1947.0,1899.0,102767.0
299030,13270.0,217000000.0,13600.0,13600.0,13240.0,16278.0
209640,3730.0,2574000000.0,3780.0,3900.0,3685.0,682532.0
099750,7760.0,11791000000.0,7030.0,8600.0,6950.0,1462578.0
120240,14630.0,82000000.0,14640.0,14640.0,14350.0,5672.0
123040,1679.0,177000000.0,1682.0,1697.0,1639.0,106401.0
175250,1702.0,687000000.0,1585.0,1742.0,1585.0,411735.0
130580,6770.0,136000000.0,6880.0,6890.0,6680.0,20027.0
091440,2830.0,980000000.0,2780.0,2900.0,2780.0,346435.0
242040,3010.0,598000000.0,3110.0,3115.0,3005.0,196022.0
048550,1076.0,324000000.0,1079.0,1098.0,1050.0,301133.0
475580,7620.0,585000000.0,7700.0,7760.0,7530.0,76668.0
189330,11020.0,3416000000.0,12380.0,12450.0,11020.0,294751.0
063170,5800.0,353000000.0,6000.0,6040.0,5730.0,60068.0
334970,1324.0,378000000.0,1344.0,1344.0,1243.0,293194.0
053700,3840.0,579000000.0,3890.0,3910.0,3820.0,150653.0
109740,3985.0,98000000.0,4090.0,4190.0,3945.0,24369.0
366030,4510.0,271000000.0,4350.0,4550.0,4220.0,61280.0
357880,1882.0,2177000000.0,1876.0,2090.0,1858.0,1105493.0
131030,5760.0,117000000.0,5740.0,5800.0,5660.0,20488.0
289930,7730.0,344000000.0,7930.0,8030.0,7590.0,44396.0
323990,4365.0,481000000.0,4310.0,4475.0,4235.0,109258.0
100700,2310.0,377000000.0,2430.0,2430.0,2310.0,160297.0
021080,2100.0,331000000.0,2125.0,2135.0,2085.0,157851.0
261780,3480.0,4235000000.0,4025.0,4090.0,3460.0,1116146.0
198440,1651.0,1641000000.0,1768.0,1768.0,1636.0,974709.0
059210,3700.0,297000000.0,3750.0,3800.0,3685.0,80039.0
309960,4315.0,133000000.0,4265.0,4325.0,4230.0,31378.0
310200,1920.0,216000000.0,1920.0,1937.0,1900.0,113066.0
307930,6400.0,919000000.0,6200.0,6700.0,6070.0,142387.0
453450,12550.0,308000000.0,12650.0,12770.0,12420.0,24498.0
246720,6070.0,0.0,0.0,0.0,0.0,0.0
006620,3490.0,88000000.0,3535.0,3535.0,3465.0,25263.0
352090,3690.0,46000000.0,3690.0,3690.0,3605.0,12502.0
088130,5660.0,603000000.0,5900.0,5920.0,5600.0,105131.0
192410,3920.0,181000000.0,4095.0,4095.0,3840.0,46132.0
162300,2380.0,1806000000.0,2470.0,2535.0,2345.0,741753.0
053350,4465.0,161000000.0,4455.0,4465.0,4275.0,37022.0
125210,5950.0,999000000.0,6220.0,6390.0,5910.0,164735.0
250060,3040.0,314000000.0,3125.0,3135.0,3005.0,103302.0
083500,11760.0,788000000.0,11390.0,11910.0,11220.0,67276.0
014950,9700.0,9096000000.0,9950.0,10200.0,9590.0,920846.0
298540,6730.0,10000000.0,6690.0,6750.0,6620.0,1538.0
066790,2205.0,0.0,0.0,0.0,0.0,0.0
330350,7360.0,414000000.0,7360.0,7390.0,7220.0,56765.0
306620,2025.0,575000000.0,2015.0,2060.0,1990.0,285101.0
182360,6220.0,125000000.0,6480.0,6490.0,6090.0,19893.0
217190,7350.0,565000000.0,7590.0,7600.0,7280.0,76095.0
068240,2530.0,0.0,0.0,0.0,0.0,0.0
205100,1420.0,4890000000.0,1344.0,1493.0,1333.0,3401433.0
317770,2590.0,485000000.0,2610.0,2670.0,2445.0,189003.0
052420,9800.0,151000000.0,9740.0,9840.0,9700.0,15461.0
036010,7150.0,402000000.0,7120.0,7180.0,7010.0,56655.0
017650,10800.0,0.0,0.0,0.0,0.0,0.0
411080,6190.0,2478000000.0,6320.0,6470.0,6040.0,398397.0
036220,6600.0,326000000.0,6950.0,6950.0,6520.0,48967.0
042500,4210.0,104000000.0,4215.0,4250.0,4190.0,24578.0
049950,10630.0,143000000.0,10620.0,10800.0,10520.0,13451.0
348350,9590.0,203000000.0,9610.0,9670.0,9450.0,21315.0
235980,2730.0,198000000.0,2720.0,2805.0,2700.0,72426.0
187790,3025.0,407000000.0,3215.0,3215.0,2980.0,133410.0
002230,5050.0,114000000.0,5130.0,5130.0,5020.0,22519.0
005860,2360.0,826000000.0,2430.0,2445.0,2355.0,344984.0
439580,2740.0,793000000.0,2830.0,2870.0,2730.0,285228.0
255440,7050.0,551000000.0,7020.0,7240.0,6910.0,77424.0
173130,7050.0,495000000.0,7170.0,7350.0,7010.0,69792.0
037030,3605.0,1973000000.0,3950.0,3950.0,3570.0,535743.0
493330,11400.0,229000000.0,11600.0,11600.0,11210.0,20194.0
0007J0,11610.0,11230000000.0,10090.0,13190.0,9640.0,929993.0
109610,1865.0,71000000.0,1907.0,1907.0,1860.0,38084.0
045970,3465.0,78000000.0,3470.0,3550.0,3430.0,22604.0
040420,5810.0,179000000.0,5820.0,5820.0,5790.0,30891.0
457370,11260.0,23161000000.0,11660.0,12420.0,11100.0,1954471.0
307870,1222.0,459000000.0,1258.0,1269.0,1210.0,374853.0
362320,4365.0,130000000.0,4410.0,4540.0,4360.0,29476.0
074430,1010.0,149000000.0,1019.0,1033.0,1001.0,147356.0
086960,2120.0,19688000000.0,1989.0,2400.0,1955.0,8844325.0
093920,4845.0,59000000.0,4870.0,4870.0,4770.0,12285.0
023900,7150.0,597000000.0,7320.0,8160.0,7060.0,79539.0
432470,10270.0,1457000000.0,10560.0,10830.0,10210.0,138894.0
357230,2175.0,40000000.0,2165.0,2180.0,2145.0,18769.0
282720,7400.0,94000000.0,7610.0,7770.0,7400.0,12544.0
009300,14060.0,12000000.0,13960.0,14190.0,13720.0,864.0
223250,3630.0,21931000000.0,3100.0,4075.0,3065.0,5597396.0
048530,2890.0,166000000.0,2860.0,2950.0,2730.0,57838.0
053580,6880.0,65000000.0,7040.0,7040.0,6870.0,9332.0
380550,7300.0,9608000000.0,7000.0,8600.0,6880.0,1226997.0
062970,2940.0,6691000000.0,2990.0,3105.0,2925.0,2224135.0
066590,2285.0,172000000.0,2405.0,2405.0,2285.0,74180.0
013310,2270.0,162000000.0,2300.0,2300.0,2255.0,71248.0
047560,7490.0,264000000.0,7860.0,7980.0,7450.0,34661.0
226400,4250.0,763000000.0,4250.0,4295.0,4145.0,181906.0
322180,4080.0,282000000.0,4180.0,4250.0,4035.0,68974.0
419050,1524.0,538000000.0,1582.0,1582.0,1513.0,349930.0
054540,6700.0,329000000.0,6750.0,6780.0,6600.0,49122.0
052460,5960.0,922000000.0,5960.0,5970.0,5640.0,158564.0
234300,3185.0,293000000.0,3135.0,3225.0,3100.0,92431.0
096240,8420.0,73000000.0,8590.0,8590.0,8400.0,8622.0
900260,1871.0,31000000.0,1913.0,1949.0,1871.0,16429.0
033290,1523.0,70000000.0,1526.0,1529.0,1508.0,46466.0
100590,4990.0,9022000000.0,4990.0,5620.0,4835.0,1739571.0
058820,577.0,315000000.0,570.0,587.0,561.0,547420.0
049080,10060.0,5320000000.0,10560.0,10780.0,9950.0,515961.0
004650,9280.0,91000000.0,9350.0,9350.0,9200.0,9870.0
065450,2885.0,812000000.0,2900.0,2940.0,2835.0,281685.0
185490,1965.0,150000000.0,1960.0,1985.0,1900.0,76800.0
263720,6930.0,65000000.0,7140.0,7140.0,6870.0,9317.0
089230,2145.0,695000000.0,2050.0,2230.0,2035.0,327572.0
072020,9130.0,109000000.0,9110.0,9220.0,9110.0,11984.0
029480,1410.0,87000000.0,1419.0,1420.0,1391.0,62262.0
330730,4615.0,74000000.0,4575.0,4645.0,4530.0,16165.0
091120,4905.0,106000000.0,5100.0,5100.0,4860.0,21419.0
129920,5170.0,273000000.0,5330.0,5470.0,5000.0,53183.0
049180,1009.0,0.0,0.0,0.0,0.0,0.0
183490,990.0,0.0,0.0,0.0,0.0,0.0
066430,2140.0,795000000.0,2060.0,2155.0,2040.0,377005.0
294630,3160.0,464000000.0,3255.0,3255.0,3130.0,146370.0
025950,9950.0,142000000.0,10260.0,10260.0,9920.0,14181.0
048910,6610.0,338000000.0,6570.0,6800.0,6460.0,51245.0
215100,4080.0,158000000.0,4170.0,4170.0,4065.0,38563.0
357580,7020.0,2555000000.0,7160.0,7160.0,6540.0,374622.0
078890,4490.0,269000000.0,4615.0,4620.0,4410.0,60508.0
086710,6760.0,39000000.0,6970.0,6970.0,6740.0,5740.0
246960,2425.0,448000000.0,2305.0,2440.0,2275.0,186627.0
038110,1996.0,226000000.0,2040.0,2045.0,1992.0,112799.0
036640,5020.0,122000000.0,5030.0,5040.0,4975.0,24467.0
078140,7400.0,58000000.0,7590.0,7590.0,7380.0,7843.0
052900,1069.0,800000000.0,1037.0,1089.0,1020.0,756017.0
101330,3535.0,138000000.0,3595.0,3595.0,3510.0,38957.0
478560,3165.0,198000000.0,3090.0,3245.0,3060.0,62842.0
100130,1428.0,177000000.0,1451.0,1451.0,1427.0,123649.0
007820,3495.0,306000000.0,3535.0,3600.0,3465.0,86877.0
234030,3450.0,458000000.0,3500.0,3580.0,3365.0,132201.0
044990,10570.0,162000000.0,10700.0,10700.0,10360.0,15394.0
040160,6830.0,443000000.0,6860.0,7330.0,6550.0,64341.0
105740,7980.0,273000000.0,7970.0,8040.0,7910.0,34216.0
033560,4745.0,63000000.0,4685.0,4750.0,4595.0,13370.0
412540,3935.0,0.0,0.0,0.0,0.0,0.0
418470,9450.0,203000000.0,9470.0,9550.0,9360.0,21574.0
0015S0,8190.0,748000000.0,8450.0,8450.0,8060.0,90868.0
381620,6150.0,220000000.0,6230.0,6280.0,6080.0,35661.0
149980,4685.0,43000000.0,4790.0,4790.0,4615.0,9231.0
137950,3605.0,284000000.0,3690.0,3725.0,3545.0,78698.0
302550,2650.0,45000000.0,2675.0,2675.0,2550.0,17475.0
066980,1492.0,145000000.0,1502.0,1529.0,1473.0,97168.0
067000,1147.0,312000000.0,1130.0,1155.0,1116.0,274921.0
140070,2165.0,147000000.0,2150.0,2215.0,2090.0,68742.0
037760,2360.0,144000000.0,2380.0,2380.0,2330.0,61288.0
047820,3245.0,11000000.0,3280.0,3280.0,3215.0,3490.0
142280,3310.0,1275000000.0,3260.0,3410.0,3235.0,386418.0
251120,9110.0,160000000.0,8710.0,9380.0,8640.0,17503.0
063080,12000.0,1077000000.0,11760.0,12560.0,11650.0,90428.0
066700,2130.0,54000000.0,2130.0,2155.0,2090.0,25377.0
131370,1485.0,97000000.0,1510.0,1512.0,1483.0,65211.0
032540,3780.0,9000000.0,3795.0,3795.0,3700.0,2470.0
054670,5500.0,74000000.0,5550.0,5580.0,5490.0,13363.0
004590,5260.0,122000000.0,5390.0,5390.0,5260.0,22987.0
000440,12670.0,211000000.0,12720.0,12800.0,12470.0,16760.0
040350,3965.0,448000000.0,4320.0,4335.0,3895.0,109898.0
032300,7210.0,65000000.0,7500.0,7560.0,7200.0,8941.0
0117P0,5520.0,231000000.0,5580.0,5620.0,5460.0,41787.0
094860,1472.0,122000000.0,1492.0,1499.0,1443.0,83349.0
079810,3625.0,140000000.0,3700.0,3700.0,3620.0,38276.0
950130,2215.0,455000000.0,2320.0,2340.0,2215.0,201459.0
382840,5100.0,154000000.0,5250.0,5250.0,5050.0,30116.0
389140,5440.0,198000000.0,5410.0,5460.0,5260.0,36732.0
389030,1970.0,269000000.0,2005.0,2005.0,1921.0,138305.0
024880,3880.0,106000000.0,3890.0,3935.0,3805.0,27517.0
365330,1542.0,256000000.0,1577.0,1591.0,1539.0,165238.0
117670,11600.0,2845000000.0,11690.0,12850.0,11210.0,237427.0
102370,2980.0,53000000.0,2915.0,3045.0,2890.0,17660.0
282620,13140.0,1259000000.0,12880.0,13440.0,12810.0,96453.0
338220,5480.0,1964000000.0,5600.0,5650.0,5300.0,360061.0
124560,1980.0,53000000.0,1985.0,1999.0,1951.0,26881.0
084730,6900.0,152000000.0,6770.0,6910.0,6610.0,22247.0
019550,950.0,217000000.0,980.0,980.0,947.0,225925.0
225530,2105.0,20000000.0,2105.0,2110.0,2060.0,9398.0
041930,5030.0,153000000.0,5020.0,5100.0,4960.0,30344.0
0017J0,2530.0,561000000.0,2585.0,2610.0,2515.0,219669.0
058400,5760.0,84000000.0,5850.0,5900.0,5730.0,14561.0
088390,8120.0,33000000.0,8500.0,8500.0,8050.0,4060.0
475430,4270.0,354000000.0,4375.0,4385.0,4245.0,82438.0
331380,2060.0,24000000.0,2035.0,2150.0,2020.0,11544.0
073640,654.0,0.0,0.0,0.0,0.0,0.0
030960,4760.0,61000000.0,4840.0,4840.0,4730.0,12845.0
107600,13460.0,307000000.0,13500.0,13730.0,13230.0,22880.0
371950,3220.0,1355000000.0,3400.0,3585.0,3065.0,409238.0
263800,4660.0,680000000.0,4870.0,4900.0,4655.0,144051.0
168330,2380.0,25000000.0,2360.0,2400.0,2310.0,10505.0
012700,2900.0,13000000.0,2920.0,2930.0,2895.0,4588.0
253840,4500.0,699000000.0,4615.0,4635.0,4470.0,154644.0
412350,5150.0,906000000.0,5360.0,5360.0,5100.0,174949.0
090470,4300.0,474000000.0,4490.0,4700.0,4200.0,107571.0
011370,3720.0,56000000.0,3765.0,3765.0,3700.0,15101.0
083790,974.0,108000000.0,998.0,1000.0,948.0,111379.0
017480,4845.0,151000000.0,4930.0,4930.0,4785.0,31249.0
303810,2335.0,109000000.0,2340.0,2375.0,2315.0,46632.0
396270,2270.0,1107000000.0,2365.0,2450.0,2260.0,478662.0
038680,3745.0,208000000.0,3825.0,3825.0,3730.0,55354.0
040910,4090.0,30000000.0,4105.0,4200.0,4035.0,7357.0
020710,3705.0,437000000.0,3745.0,3805.0,3685.0,117275.0
451250,7250.0,28000000.0,7400.0,7400.0,7200.0,3915.0
060590,3060.0,43000000.0,3105.0,3105.0,3025.0,14139.0
0155E0,13470.0,62257000000.0,11750.0,14850.0,11380.0,4523636.0
066310,7960.0,1168000000.0,8480.0,8550.0,7960.0,142957.0
208140,2255.0,31000000.0,2260.0,2260.0,2235.0,13919.0
487400,7180.0,1096000000.0,7600.0,7600.0,7110.0,151142.0
012790,6140.0,160000000.0,6080.0,6190.0,6040.0,26086.0
024740,2235.0,111000000.0,2290.0,2305.0,2235.0,49042.0
048430,6370.0,911000000.0,6530.0,6560.0,6290.0,143289.0
320000,10590.0,1386000000.0,10750.0,11000.0,10520.0,129404.0
011320,3770.0,76000000.0,3760.0,3800.0,3730.0,20301.0
170030,4745.0,57000000.0,4800.0,4840.0,4715.0,11962.0
487580,2890.0,1131000000.0,3085.0,3085.0,2840.0,385591.0
058630,3875.0,208000000.0,3875.0,3900.0,3785.0,54523.0
038460,2870.0,260000000.0,2875.0,2885.0,2830.0,91167.0
060570,4890.0,35000000.0,5090.0,5090.0,4875.0,7143.0
065510,6660.0,76000000.0,6740.0,6740.0,6620.0,11412.0
360070,8840.0,95000000.0,8940.0,8940.0,8590.0,10852.0
039980,5030.0,234000000.0,5130.0,5190.0,5010.0,46164.0
080010,7350.0,15000000.0,7500.0,7500.0,7260.0,2047.0
234920,5310.0,0.0,0.0,0.0,0.0,0.0
171120,1998.0,50000000.0,1999.0,2005.0,1989.0,24930.0
347890,4215.0,36000000.0,4215.0,4300.0,4160.0,8537.0
045660,8680.0,173000000.0,8840.0,8840.0,8490.0,20061.0
413390,6190.0,116000000.0,6210.0,6340.0,6130.0,18814.0
0004V0,6500.0,1906000000.0,6670.0,6690.0,6270.0,293748.0
041910,5370.0,109000000.0,5440.0,5450.0,5300.0,20379.0
388870,5500.0,247000000.0,5620.0,5700.0,5420.0,44619.0
337930,2395.0,177000000.0,2460.0,2460.0,2370.0,73936.0
076610,1166.0,613000000.0,1167.0,1200.0,1162.0,519670.0
026150,4045.0,73000000.0,4185.0,4200.0,4025.0,18015.0
085670,2895.0,80000000.0,2980.0,2980.0,2890.0,27584.0
217330,3065.0,161000000.0,3060.0,3090.0,3035.0,52392.0
302430,7220.0,536000000.0,7400.0,7430.0,6940.0,73820.0
347000,1870.0,94000000.0,1891.0,1891.0,1820.0,50933.0
054040,4385.0,107000000.0,4480.0,4480.0,4360.0,24271.0
377480,9900.0,177000000.0,9900.0,10080.0,9850.0,17809.0
091590,5980.0,964000000.0,6190.0,6250.0,5910.0,158086.0
128660,2830.0,214000000.0,2875.0,2875.0,2805.0,75570.0
024830,8400.0,34000000.0,8430.0,8430.0,8310.0,4029.0
228670,4470.0,215000000.0,4625.0,4650.0,4400.0,48101.0
460940,5180.0,209000000.0,5230.0,5280.0,5120.0,40274.0
054620,3785.0,104000000.0,3830.0,3895.0,3730.0,27487.0
110790,2970.0,1000000.0,2950.0,2975.0,2915.0,301.0
096350,1885.0,258000000.0,1950.0,1972.0,1880.0,135685.0
417790,6630.0,48000000.0,6750.0,6750.0,6570.0,7255.0
228340,3470.0,1604000000.0,3765.0,3790.0,3440.0,447681.0
262260,4600.0,276000000.0,4450.0,4680.0,4360.0,60463.0
277880,3490.0,58000000.0,3605.0,3605.0,3490.0,16433.0
053280,2770.0,424000000.0,2880.0,2930.0,2765.0,152068.0
032850,4165.0,512000000.0,4185.0,4315.0,4147.0,120787.0
204840,4460.0,124000000.0,4510.0,4580.0,4415.0,27688.0
196490,6090.0,0.0,0.0,0.0,0.0,0.0
332370,5200.0,32000000.0,5330.0,5330.0,5120.0,6111.0
483350,3115.0,5615000000.0,2975.0,3365.0,2925.0,1779867.0
303360,5350.0,139000000.0,5340.0,5400.0,5240.0,26017.0
039010,7980.0,226000000.0,8070.0,8160.0,7850.0,28174.0
043610,1181.0,27000000.0,1192.0,1192.0,1172.0,22797.0
019540,5070.0,61000000.0,5130.0,5200.0,5000.0,12071.0
265560,6400.0,27000000.0,6390.0,6420.0,6350.0,4176.0
136150,8160.0,70000000.0,8310.0,8430.0,8000.0,8570.0
153710,4660.0,20000000.0,4710.0,4710.0,4615.0,4301.0
067570,1620.0,91000000.0,1625.0,1638.0,1608.0,56117.0
214260,7650.0,72000000.0,7490.0,7790.0,7400.0,9534.0
097800,2500.0,1265000000.0,2220.0,2600.0,2185.0,519608.0
290660,1591.0,1422000000.0,1548.0,1702.0,1509.0,882078.0
061040,7530.0,15000000.0,7570.0,7580.0,7210.0,2021.0
048770,4340.0,1960000000.0,4400.0,4410.0,4010.0,461816.0
067370,5570.0,48000000.0,5800.0,5830.0,5570.0,8544.0
004780,4275.0,103000000.0,4220.0,4310.0,4210.0,24097.0
100030,20700.0,152000000.0,19950.0,20900.0,19800.0,7532.0
104460,6430.0,190000000.0,6760.0,6800.0,6350.0,29188.0
109860,7430.0,3000000.0,7490.0,7490.0,7400.0,349.0
123420,6500.0,67000000.0,6500.0,6500.0,6380.0,10380.0
049550,3440.0,21000000.0,3500.0,3500.0,3400.0,6264.0
002800,4420.0,111000000.0,4460.0,4510.0,4395.0,25146.0
417970,10480.0,54000000.0,10630.0,10650.0,10260.0,5224.0
294140,2685.0,49000000.0,2665.0,2685.0,2500.0,18978.0
950220,1955.0,390000000.0,1966.0,1999.0,1915.0,199887.0
318160,7140.0,266000000.0,7320.0,7440.0,7100.0,36787.0
006140,4485.0,153000000.0,4570.0,4570.0,4450.0,34001.0
147760,3320.0,647000000.0,3150.0,3455.0,3140.0,196927.0
010280,5090.0,59000000.0,5100.0,5220.0,5000.0,11622.0
0156T0,8470.0,392000000.0,8510.0,8590.0,8450.0,46147.0
456070,5970.0,4022000000.0,6830.0,6890.0,5950.0,645282.0
137080,6130.0,59000000.0,6170.0,6270.0,6030.0,9602.0
014970,4425.0,112000000.0,4550.0,4550.0,4400.0,25214.0
205470,2655.0,112000000.0,2775.0,2775.0,2610.0,42175.0
299660,2220.0,608000000.0,2315.0,2320.0,2215.0,271367.0
067170,2380.0,672000000.0,2380.0,2520.0,2310.0,278327.0
323350,8140.0,207000000.0,8380.0,8380.0,8000.0,25390.0
111710,3165.0,111000000.0,3290.0,3290.0,3110.0,35118.0
104040,2430.0,259000000.0,2590.0,2590.0,2255.0,111953.0
033130,1751.0,18000000.0,1750.0,1767.0,1730.0,10484.0
049470,2755.0,966000000.0,2430.0,2755.0,2255.0,358186.0
340810,4650.0,6735000000.0,4205.0,5100.0,4205.0,1447732.0
043650,3630.0,96000000.0,3635.0,3635.0,3545.0,26875.0
0218L0,12280.0,169000000.0,12550.0,12550.0,12100.0,13784.0
212710,6660.0,293000000.0,6770.0,6840.0,6600.0,43941.0
096250,5460.0,89000000.0,5540.0,5640.0,5320.0,16197.0
067920,5860.0,370000000.0,6100.0,6100.0,5770.0,63067.0
041460,3390.0,92000000.0,3435.0,3465.0,3385.0,26895.0
451220,8150.0,523000000.0,8170.0,8200.0,7750.0,66181.0
424960,3885.0,47000000.0,4035.0,4035.0,3800.0,12110.0
008370,5330.0,51000000.0,5320.0,5330.0,5290.0,9661.0
241790,6380.0,5742000000.0,6450.0,7400.0,6170.0,848735.0
222110,4720.0,30000000.0,4800.0,4815.0,4710.0,6177.0
155650,3345.0,1130000000.0,3325.0,3485.0,3280.0,333464.0
270520,2740.0,218000000.0,2880.0,2915.0,2740.0,78549.0
082210,1814.0,197000000.0,1818.0,1905.0,1710.0,108011.0
036000,2745.0,93000000.0,2845.0,2845.0,2665.0,33928.0
214680,3780.0,293000000.0,3960.0,3960.0,3730.0,76734.0
039610,6060.0,280000000.0,6200.0,6200.0,6000.0,46124.0
081150,2590.0,160000000.0,2610.0,2610.0,2570.0,61605.0
054300,1080.0,131000000.0,1086.0,1095.0,1062.0,121827.0
092040,888.0,212000000.0,904.0,904.0,870.0,240184.0
001840,2215.0,0.0,0.0,0.0,0.0,0.0
382480,1585.0,60000000.0,1608.0,1608.0,1569.0,38039.0
331740,6390.0,154000000.0,6490.0,6500.0,6270.0,24190.0
294090,1490.0,0.0,0.0,0.0,0.0,0.0
900300,3020.0,201000000.0,3150.0,3150.0,2980.0,66009.0
065530,1290.0,300000000.0,1324.0,1340.0,1278.0,229614.0
005670,6170.0,267000000.0,6280.0,6290.0,6100.0,43541.0
010240,5270.0,43000000.0,5250.0,5290.0,5210.0,8166.0
065170,2210.0,754000000.0,2270.0,2285.0,2180.0,339056.0
347860,1460.0,199000000.0,1439.0,1500.0,1432.0,135228.0
064240,1763.0,46000000.0,1791.0,1838.0,1731.0,26264.0
039420,2665.0,26000000.0,2705.0,2720.0,2650.0,9822.0
036090,1436.0,3382000000.0,1396.0,1535.0,1366.0,2308025.0
241690,2495.0,46000000.0,2590.0,2590.0,2490.0,18517.0
123010,3020.0,265000000.0,2840.0,3090.0,2750.0,91632.0
203400,676.0,0.0,0.0,0.0,0.0,0.0
291230,2535.0,73000000.0,2520.0,2570.0,2490.0,29160.0
060310,1146.0,136000000.0,1130.0,1191.0,1123.0,117289.0
214270,1342.0,77000000.0,1297.0,1355.0,1290.0,58037.0
095270,4220.0,124000000.0,4435.0,4480.0,4220.0,28611.0
460870,3020.0,735000000.0,2790.0,3050.0,2705.0,249373.0
457600,4420.0,171000000.0,4550.0,4705.0,4405.0,37862.0
089850,4110.0,51000000.0,4300.0,4300.0,4105.0,12246.0
352910,4790.0,41000000.0,4880.0,4880.0,4790.0,8377.0
208370,2345.0,368000000.0,2355.0,2370.0,2255.0,159846.0
448710,11400.0,197000000.0,11600.0,11600.0,11060.0,17448.0
089790,5840.0,1222000000.0,5580.0,6030.0,5330.0,211561.0
066670,3220.0,22000000.0,3220.0,3235.0,3205.0,6981.0
216050,4930.0,60000000.0,4985.0,5000.0,4860.0,12151.0
365660,4455.0,1940000000.0,4485.0,4675.0,4405.0,430008.0
016250,11900.0,23000000.0,12200.0,12200.0,11790.0,1966.0
049480,1906.0,294000000.0,1966.0,1980.0,1906.0,152545.0
463020,6660.0,921000000.0,7180.0,7220.0,6600.0,135001.0
094850,4250.0,71000000.0,4280.0,4340.0,4250.0,16673.0
122350,1549.0,772000000.0,1621.0,1630.0,1548.0,493049.0
127710,1346.0,117000000.0,1299.0,1350.0,1292.0,87322.0
033320,3100.0,196000000.0,3145.0,3160.0,3090.0,63004.0
187420,1810.0,803000000.0,1750.0,1840.0,1674.0,456965.0
126880,2550.0,93000000.0,2555.0,2555.0,2485.0,36835.0
221800,3620.0,101000000.0,3725.0,3875.0,3620.0,27461.0
014470,1034.0,54000000.0,1063.0,1063.0,1033.0,52038.0
191420,7260.0,35000000.0,7730.0,7860.0,7250.0,4759.0
010470,4900.0,7000000.0,4925.0,4975.0,4865.0,1484.0
053620,6820.0,5000000.0,6800.0,6840.0,6760.0,770.0
056360,5940.0,1052000000.0,6260.0,6350.0,5830.0,174177.0
950200,3025.0,126000000.0,3090.0,3100.0,3010.0,41470.0
238090,1907.0,16000000.0,1950.0,1950.0,1825.0,8406.0
099520,1284.0,0.0,0.0,0.0,0.0,0.0
050960,8600.0,3000000.0,8710.0,8750.0,8540.0,338.0
045340,6780.0,122000000.0,6850.0,6850.0,6650.0,18182.0
225190,821.0,0.0,0.0,0.0,0.0,0.0
033310,1447.0,45000000.0,1464.0,1464.0,1431.0,30950.0
059270,5180.0,312000000.0,4980.0,5180.0,4850.0,61660.0
037440,4150.0,459000000.0,4230.0,4230.0,4145.0,110036.0
003310,1631.0,307000000.0,1647.0,1662.0,1624.0,187672.0
273640,5240.0,308000000.0,5110.0,5470.0,5030.0,58643.0
315640,1948.0,1095000000.0,2090.0,2295.0,1945.0,528825.0
064800,2235.0,76000000.0,2300.0,2410.0,2230.0,33708.0
036120,1625.0,82000000.0,1673.0,1673.0,1619.0,50054.0
333620,5150.0,43000000.0,5150.0,5200.0,5100.0,8386.0
054930,18860.0,3734000000.0,17860.0,22000.0,17630.0,192054.0
348080,4400.0,8493000000.0,4600.0,5400.0,4305.0,1749250.0
317530,3225.0,28000000.0,3225.0,3400.0,3075.0,8856.0
175140,2260.0,33000000.0,2285.0,2360.0,2235.0,14761.0
215360,6170.0,49000000.0,6170.0,6170.0,6040.0,8085.0
025550,2205.0,109000000.0,2255.0,2275.0,2195.0,49209.0
039020,2485.0,51000000.0,2535.0,2540.0,2475.0,20339.0
192250,7940.0,661000000.0,8300.0,8360.0,7900.0,81962.0
053050,1870.0,243000000.0,1888.0,1902.0,1870.0,129384.0
288180,7570.0,302000000.0,8230.0,8300.0,7570.0,38891.0
443250,5160.0,74000000.0,5190.0,5240.0,5010.0,14569.0
263690,4925.0,35000000.0,4890.0,4930.0,4870.0,7091.0
007370,3930.0,23000000.0,3955.0,3980.0,3930.0,5873.0
340930,806.0,0.0,0.0,0.0,0.0,0.0
263600,3480.0,267000000.0,3475.0,3720.0,3400.0,75338.0
251630,3470.0,101000000.0,3410.0,3490.0,3380.0,29230.0
081180,6260.0,609000000.0,6090.0,6450.0,5850.0,98571.0
053160,9200.0,72000000.0,9410.0,9620.0,9120.0,7742.0
040610,3235.0,41000000.0,3285.0,3285.0,3195.0,12843.0
391710,1291.0,395000000.0,1307.0,1345.0,1231.0,304503.0
024950,4435.0,44000000.0,4450.0,4520.0,4410.0,9907.0
217480,499.0,0.0,0.0,0.0,0.0,0.0
088280,3155.0,1924000000.0,2960.0,3680.0,2900.0,581709.0
036670,5070.0,70000000.0,5080.0,5080.0,4970.0,13929.0
061250,6430.0,331000000.0,6880.0,6880.0,6390.0,50465.0
024910,1505.0,33000000.0,1512.0,1523.0,1498.0,22169.0
420570,9210.0,659000000.0,9570.0,9740.0,9170.0,70261.0
435570,7050.0,4000000.0,6970.0,7080.0,6900.0,616.0
291650,1758.0,170000000.0,1574.0,1799.0,1574.0,99989.0
053270,1956.0,49000000.0,1973.0,1995.0,1947.0,25125.0
104540,3995.0,68000000.0,4095.0,4095.0,3995.0,16881.0
261520,5200.0,230000000.0,5300.0,5420.0,5130.0,43568.0
459100,3965.0,33000000.0,3985.0,4040.0,3950.0,8372.0
459550,2115.0,2101000000.0,2125.0,2210.0,2090.0,982709.0
104620,3170.0,406000000.0,3230.0,3260.0,3150.0,127818.0
170790,8330.0,83000000.0,8450.0,8450.0,8160.0,10060.0
043710,3065.0,5000000.0,3345.0,3345.0,3040.0,1688.0
027050,1319.0,125000000.0,1387.0,1389.0,1312.0,93925.0
370090,6150.0,84000000.0,6220.0,6320.0,6020.0,13571.0
109080,9330.0,557000000.0,9800.0,10000.0,9300.0,58285.0
046210,1152.0,215000000.0,1127.0,1197.0,1122.0,185343.0
340360,986.0,106000000.0,988.0,1000.0,938.0,107388.0
094940,6240.0,115000000.0,6230.0,6290.0,6190.0,18387.0
246690,2190.0,106000000.0,2170.0,2230.0,2130.0,48004.0
314140,6000.0,54000000.0,5950.0,6010.0,5810.0,9111.0
088910,2020.0,43000000.0,2025.0,2030.0,2005.0,21465.0
070300,1461.0,374000000.0,1480.0,1500.0,1424.0,256660.0
033230,1024.0,118000000.0,1020.0,1042.0,1007.0,115427.0
453860,8010.0,36000000.0,8180.0,8180.0,8000.0,4493.0
0013V0,5200.0,104000000.0,5190.0,5230.0,5150.0,20005.0
347740,1718.0,58000000.0,1762.0,1762.0,1715.0,33817.0
015710,2940.0,10000000.0,2945.0,2970.0,2900.0,3322.0
408470,4855.0,268000000.0,4830.0,4990.0,4745.0,55436.0
317850,6160.0,673000000.0,6440.0,6440.0,6010.0,108215.0
317830,4755.0,1725000000.0,4300.0,5360.0,4300.0,348985.0
039240,1896.0,103000000.0,1929.0,1931.0,1895.0,54089.0
348150,2630.0,96000000.0,2675.0,2685.0,2595.0,36669.0
105760,5010.0,98000000.0,5040.0,5040.0,4910.0,19671.0
256630,4400.0,4000000.0,4455.0,4455.0,4360.0,823.0
019990,5210.0,212000000.0,5480.0,5480.0,5160.0,40124.0
452400,5600.0,48000000.0,5570.0,5710.0,5520.0,8612.0
464490,4415.0,111000000.0,4515.0,4530.0,4410.0,24935.0
179530,1855.0,107000000.0,1809.0,1859.0,1736.0,60588.0
419080,4645.0,78000000.0,4830.0,4830.0,4640.0,16592.0
393970,2825.0,0.0,0.0,0.0,0.0,0.0
179900,2335.0,455000000.0,2330.0,2355.0,2210.0,199654.0
376290,2850.0,9000000.0,2895.0,2895.0,2785.0,3197.0
046940,2780.0,266000000.0,2850.0,2850.0,2740.0,95687.0
463480,4050.0,396000000.0,4335.0,4335.0,4030.0,95218.0
163280,3685.0,261000000.0,3955.0,3955.0,3615.0,70320.0
424980,8460.0,63000000.0,8520.0,8830.0,8420.0,7404.0
060560,1971.0,2000000.0,1995.0,1995.0,1953.0,1163.0
189860,5150.0,818000000.0,5290.0,5360.0,5100.0,156881.0
071670,4940.0,86000000.0,5040.0,5040.0,4905.0,17409.0
299170,1189.0,72000000.0,1194.0,1194.0,1157.0,61143.0
044340,2760.0,162000000.0,2850.0,2860.0,2750.0,58141.0
063440,1078.0,76000000.0,1093.0,1093.0,1053.0,70863.0
092300,2420.0,87000000.0,2460.0,2460.0,2400.0,35946.0
382150,3730.0,4223000000.0,3450.0,4250.0,3430.0,1106725.0
361570,1690.0,26000000.0,1730.0,1730.0,1680.0,15627.0
042110,1001.0,179000000.0,1014.0,1016.0,994.0,178519.0
122310,3295.0,7000000.0,3350.0,3450.0,3295.0,1985.0
150900,4095.0,344000000.0,4135.0,4175.0,4015.0,84379.0
033170,2795.0,3284000000.0,2200.0,2795.0,2130.0,1216009.0
384470,2665.0,133000000.0,2800.0,2800.0,2580.0,50165.0
418250,6550.0,0.0,0.0,0.0,0.0,0.0
321260,1689.0,160000000.0,1750.0,1750.0,1671.0,94306.0
440290,1725.0,40000000.0,1740.0,1744.0,1724.0,23018.0
311690,3630.0,19000000.0,3685.0,3800.0,3625.0,5268.0
217500,1490.0,40000000.0,1532.0,1540.0,1490.0,27040.0
059100,6700.0,165000000.0,6530.0,6700.0,6230.0,25047.0
355690,4910.0,320000000.0,5000.0,5060.0,4830.0,65250.0
900340,1320.0,64000000.0,1333.0,1353.0,1291.0,48731.0
023440,521.0,0.0,0.0,0.0,0.0,0.0
189980,1160.0,14000000.0,1186.0,1186.0,1152.0,12040.0
199550,3130.0,86000000.0,3235.0,3235.0,3045.0,27467.0
219550,1116.0,39000000.0,1199.0,1199.0,1060.0,34571.0
073110,5170.0,3000000.0,5170.0,5200.0,5120.0,621.0
198080,2135.0,239000000.0,2150.0,2155.0,2090.0,112744.0
229000,1957.0,0.0,0.0,0.0,0.0,0.0
038010,5090.0,33000000.0,5090.0,5110.0,5010.0,6443.0
471820,4050.0,15000000.0,4005.0,4120.0,3950.0,3789.0
178780,2450.0,9000000.0,2450.0,2475.0,2415.0,3721.0
131400,766.0,0.0,0.0,0.0,0.0,0.0
037950,2700.0,56000000.0,2755.0,2795.0,2700.0,20581.0
053980,2395.0,42000000.0,2400.0,2415.0,2375.0,17684.0
014190,1283.0,26000000.0,1305.0,1305.0,1278.0,20181.0
068330,1024.0,20000000.0,1080.0,1080.0,1024.0,19418.0
278650,2595.0,842000000.0,2595.0,2735.0,2405.0,322523.0
094970,2695.0,135000000.0,2715.0,2720.0,2650.0,50437.0
072990,3110.0,199000000.0,3110.0,3165.0,3065.0,63507.0
222420,930.0,73000000.0,953.0,977.0,923.0,77715.0
232830,2720.0,2689000000.0,3105.0,3220.0,2720.0,917981.0
083550,3310.0,21000000.0,3295.0,3350.0,3255.0,6201.0
317690,2225.0,89000000.0,2250.0,2285.0,2195.0,39966.0
260930,2315.0,37000000.0,2335.0,2350.0,2280.0,16236.0
042040,5160.0,39000000.0,5080.0,5280.0,5070.0,7540.0
051390,3940.0,24000000.0,3950.0,3980.0,3940.0,6007.0
143540,1000.0,54000000.0,1003.0,1015.0,990.0,54367.0
033340,460.0,0.0,0.0,0.0,0.0,0.0
900250,1244.0,133000000.0,1225.0,1286.0,1221.0,105967.0
0010V0,8700.0,34000000.0,8850.0,8950.0,8650.0,3820.0
072470,2350.0,12000000.0,2380.0,2380.0,2305.0,5158.0
082850,4575.0,57000000.0,4695.0,4695.0,4575.0,12460.0
099410,3165.0,125000000.0,3270.0,3270.0,3115.0,39595.0
208860,1303.0,0.0,0.0,0.0,0.0,0.0
050120,3260.0,9000000.0,3165.0,3260.0,3145.0,2924.0
288330,416.0,0.0,0.0,0.0,0.0,0.0
052790,4035.0,39000000.0,4085.0,4220.0,4000.0,9651.0
277070,3215.0,5000000.0,3240.0,3270.0,3190.0,1602.0
317870,4975.0,55000000.0,5000.0,5060.0,4895.0,11140.0
258610,1203.0,28000000.0,1199.0,1230.0,1182.0,23569.0
321820,2815.0,429000000.0,2880.0,2950.0,2760.0,151172.0
373200,1750.0,43000000.0,1826.0,1827.0,1731.0,24134.0
224110,8600.0,20000000.0,8390.0,8600.0,8390.0,2387.0
290670,5560.0,35000000.0,5700.0,5840.0,5550.0,6165.0
027830,809.0,76000000.0,830.0,838.0,800.0,93724.0
053450,2945.0,32000000.0,3050.0,3050.0,2925.0,10971.0
114450,2175.0,121000000.0,2225.0,2290.0,2170.0,54939.0
373160,3145.0,27000000.0,3055.0,3225.0,3050.0,8488.0
145170,2565.0,18000000.0,2585.0,2625.0,2555.0,7103.0
479960,6080.0,22000000.0,6030.0,6110.0,6000.0,3659.0
066130,3380.0,10000000.0,3350.0,3425.0,3350.0,2906.0
065130,2700.0,48000000.0,2710.0,2750.0,2665.0,18055.0
227950,1252.0,95000000.0,1270.0,1296.0,1241.0,75607.0
466410,8550.0,99000000.0,8460.0,9200.0,8370.0,11457.0
022220,828.0,11000000.0,815.0,861.0,815.0,13642.0
263020,3095.0,74000000.0,3110.0,3110.0,3065.0,23896.0
159580,2135.0,34000000.0,2150.0,2150.0,2085.0,16170.0
007680,3225.0,11000000.0,3200.0,3260.0,3200.0,3303.0
238120,2990.0,67000000.0,3100.0,3100.0,2905.0,22639.0
189690,1549.0,47000000.0,1540.0,1572.0,1484.0,31233.0
129890,929.0,57000000.0,943.0,951.0,929.0,60288.0
413640,5870.0,56000000.0,6000.0,6000.0,5780.0,9470.0
307280,5940.0,60000000.0,6070.0,6070.0,5880.0,10178.0
140520,1995.0,54000000.0,2025.0,2025.0,1991.0,27009.0
450330,5110.0,4000000.0,5150.0,5300.0,5110.0,686.0
037230,1397.0,56000000.0,1374.0,1415.0,1369.0,40746.0
086060,4830.0,62000000.0,4740.0,4935.0,4665.0,12863.0
226340,4955.0,769000000.0,5150.0,5150.0,4930.0,153655.0
190650,6490.0,37000000.0,6480.0,6510.0,6430.0,5737.0
256150,4935.0,16000000.0,4930.0,4945.0,4860.0,3299.0
053950,2110.0,351000000.0,2160.0,2220.0,2110.0,163020.0
056700,1416.0,55000000.0,1423.0,1423.0,1407.0,39154.0
261200,2600.0,90000000.0,2500.0,2625.0,2495.0,34879.0
263810,2580.0,34000000.0,2565.0,2590.0,2520.0,13375.0
452200,1686.0,71000000.0,1700.0,1703.0,1680.0,41949.0
476040,6200.0,151000000.0,6420.0,6580.0,6170.0,24182.0
199480,3990.0,73000000.0,4060.0,4060.0,3880.0,18339.0
196300,4285.0,24000000.0,4190.0,4390.0,4125.0,5713.0
002290,3260.0,51000000.0,3300.0,3310.0,3235.0,15492.0
007530,1811.0,40000000.0,1869.0,1869.0,1771.0,22176.0
042940,5900.0,281000000.0,5780.0,6090.0,5700.0,47704.0
066900,1770.0,9000000.0,1787.0,1787.0,1701.0,5354.0
136410,3650.0,53000000.0,3705.0,3705.0,3600.0,14531.0
460470,2660.0,49000000.0,2695.0,2790.0,2575.0,18594.0
184230,2125.0,630000000.0,2290.0,2290.0,2105.0,293312.0
263700,2060.0,31000000.0,2005.0,2060.0,1990.0,15279.0
393210,2550.0,1582000000.0,1999.0,2550.0,1996.0,651218.0
286750,2485.0,60000000.0,2535.0,2535.0,2415.0,24258.0
064090,798.0,0.0,0.0,0.0,0.0,0.0
065440,1450.0,298000000.0,1541.0,1541.0,1449.0,200698.0
360350,7260.0,324000000.0,6600.0,7460.0,6480.0,45044.0
109670,6750.0,217000000.0,6800.0,6940.0,6510.0,31945.0
218150,1923.0,136000000.0,1940.0,1991.0,1920.0,69859.0
263770,1656.0,9000000.0,1644.0,1658.0,1629.0,5765.0
465480,3870.0,21000000.0,3820.0,3890.0,3820.0,5365.0
044960,3100.0,32000000.0,3125.0,3125.0,3095.0,10462.0
221840,2080.0,28000000.0,2090.0,2090.0,2025.0,13897.0
049830,6340.0,6000000.0,6380.0,6440.0,6280.0,928.0
234100,2645.0,21000000.0,2700.0,2700.0,2645.0,7791.0
250000,5710.0,4000000.0,5750.0,5750.0,5610.0,782.0
025880,2305.0,100000000.0,2350.0,2350.0,2300.0,42937.0
100660,3050.0,29000000.0,3065.0,3110.0,3045.0,9366.0
037370,4440.0,123000000.0,4595.0,4595.0,4335.0,27553.0
219420,3335.0,49000000.0,3380.0,3380.0,3300.0,14679.0
352700,1455.0,36000000.0,1494.0,1494.0,1437.0,24548.0
221980,9450.0,15000000.0,9800.0,9800.0,9350.0,1511.0
050860,1694.0,6000000.0,1701.0,1701.0,1673.0,3438.0
052220,1657.0,127000000.0,1700.0,1705.0,1623.0,76069.0
203450,2685.0,66000000.0,2650.0,2700.0,2605.0,25007.0
046310,2300.0,33000000.0,2320.0,2320.0,2265.0,14623.0
035460,2520.0,394000000.0,2655.0,2680.0,2500.0,153364.0
014570,3415.0,0.0,3415.0,3425.0,3380.0,87.0
032960,2130.0,9000000.0,2195.0,2195.0,2065.0,4382.0
273060,3810.0,20000000.0,3915.0,3915.0,3810.0,5333.0
153460,5730.0,41000000.0,5660.0,5800.0,5430.0,7254.0
101240,3285.0,32000000.0,3280.0,3310.0,3230.0,9692.0
019770,3200.0,61000000.0,3215.0,3215.0,3165.0,19104.0
461030,2595.0,37000000.0,2555.0,2650.0,2525.0,14389.0
084650,500.0,0.0,0.0,0.0,0.0,0.0
122690,1608.0,17000000.0,1610.0,1633.0,1607.0,10502.0
038070,3990.0,171000000.0,4195.0,4195.0,3805.0,43590.0
081580,2380.0,309000000.0,2305.0,2392.0,2300.0,131246.0
060540,1408.0,55000000.0,1455.0,1455.0,1381.0,38594.0
121890,2765.0,61000000.0,2710.0,2770.0,2675.0,22388.0
171010,2560.0,47000000.0,2570.0,2570.0,2530.0,18565.0
097870,4310.0,80000000.0,4470.0,4470.0,4250.0,18570.0
060850,4500.0,20000000.0,4530.0,4530.0,4470.0,4347.0
026040,2215.0,337000000.0,2295.0,2325.0,2185.0,150778.0
086040,2290.0,16000000.0,2270.0,2310.0,2225.0,7293.0
043340,769.0,92000000.0,847.0,847.0,769.0,116183.0
208710,2770.0,156000000.0,2800.0,2875.0,2720.0,55751.0
123570,1634.0,2000000.0,1655.0,1655.0,1634.0,1383.0
065500,1018.0,78000000.0,1041.0,1050.0,1016.0,75833.0
043910,3200.0,54000000.0,3250.0,3250.0,3150.0,16873.0
046390,2100.0,30000000.0,2065.0,2115.0,2010.0,14554.0
260660,2350.0,53000000.0,2385.0,2385.0,2325.0,22478.0
284620,1087.0,0.0,0.0,0.0,0.0,0.0
057540,604.0,58000000.0,581.0,607.0,575.0,98659.0
066360,1491.0,32000000.0,1500.0,1540.0,1473.0,21371.0
068940,778.0,0.0,0.0,0.0,0.0,0.0
051490,2510.0,66000000.0,2620.0,2620.0,2510.0,25838.0
446840,3235.0,49000000.0,3240.0,3445.0,3125.0,15199.0
215380,2110.0,42000000.0,2160.0,2160.0,2095.0,19878.0
196450,3915.0,78000000.0,3870.0,3920.0,3815.0,20158.0
045060,2090.0,18000000.0,2130.0,2130.0,2090.0,8500.0
387570,6290.0,32000000.0,6450.0,6450.0,6100.0,5128.0
263050,959.0,0.0,0.0,0.0,0.0,0.0
075130,2190.0,23000000.0,2210.0,2240.0,2155.0,10702.0
024120,3070.0,13000000.0,3055.0,3175.0,3045.0,4133.0
045510,1120.0,70000000.0,1135.0,1149.0,1116.0,61517.0
186230,3220.0,50000000.0,3255.0,3300.0,3125.0,15805.0
239890,3535.0,34000000.0,3610.0,3610.0,3525.0,9449.0
434480,2840.0,270000000.0,2935.0,2995.0,2780.0,92967.0
258790,6980.0,340000000.0,6540.0,7140.0,6410.0,49860.0
363250,4100.0,62000000.0,4050.0,4220.0,3965.0,15227.0
106240,1310.0,80000000.0,1334.0,1348.0,1261.0,60906.0
332290,4360.0,79000000.0,4405.0,4410.0,4255.0,18412.0
177900,3590.0,28000000.0,3570.0,3695.0,3495.0,7770.0
215090,1491.0,203000000.0,1500.0,1541.0,1452.0,135884.0
318410,6210.0,60000000.0,6380.0,6450.0,6210.0,9542.0
207760,2075.0,83000000.0,2200.0,2200.0,1981.0,40000.0
204020,1770.0,27000000.0,1786.0,1787.0,1743.0,15359.0
432430,2080.0,18000000.0,2090.0,2110.0,2040.0,8863.0
406820,2425.0,5016000000.0,2625.0,2760.0,2415.0,1916802.0
469750,991.0,0.0,0.0,0.0,0.0,0.0
016600,2445.0,46000000.0,2455.0,2500.0,2390.0,18861.0
057030,2080.0,132000000.0,2085.0,2085.0,1998.0,64907.0
417860,7200.0,117000000.0,7340.0,7340.0,7070.0,16217.0
052600,2920.0,26000000.0,2935.0,2935.0,2890.0,8995.0
099220,5350.0,133000000.0,5440.0,5530.0,5030.0,25535.0
452300,2375.0,69000000.0,2370.0,2400.0,2345.0,29144.0
335810,1530.0,360000000.0,1595.0,1798.0,1430.0,228584.0
290120,2120.0,9000000.0,2100.0,2130.0,2080.0,4098.0
039290,3855.0,65000000.0,4120.0,4150.0,3855.0,16363.0
080520,2960.0,29000000.0,2970.0,2970.0,2860.0,9900.0
397810,6430.0,27000000.0,6470.0,6580.0,6180.0,4283.0
038060,689.0,0.0,0.0,0.0,0.0,0.0
131090,4315.0,87000000.0,4290.0,4320.0,4260.0,20231.0
006920,3025.0,248000000.0,3080.0,3095.0,3000.0,81931.0
089140,2155.0,133000000.0,2070.0,2165.0,2070.0,62664.0
064520,1476.0,10000000.0,1475.0,1480.0,1458.0,7031.0
310870,1499.0,111000000.0,1503.0,1511.0,1451.0,75027.0
220180,1373.0,4000000.0,1357.0,1388.0,1343.0,2704.0
032790,1278.0,284000000.0,1270.0,1345.0,1179.0,223713.0
104200,2205.0,92000000.0,2295.0,2310.0,2180.0,41191.0
270870,3625.0,264000000.0,3855.0,3890.0,3305.0,74808.0
318020,2645.0,22000000.0,2690.0,2730.0,2590.0,8272.0
290090,4360.0,5000000.0,4350.0,4405.0,4295.0,1069.0
021650,1984.0,4000000.0,1988.0,1988.0,1960.0,1845.0
072770,781.0,50000000.0,782.0,810.0,770.0,64155.0
148930,3185.0,15000000.0,3200.0,3215.0,3115.0,4771.0
408900,989.0,35000000.0,1010.0,1018.0,984.0,35474.0
079170,6220.0,34000000.0,6150.0,6290.0,6080.0,5485.0
087600,3945.0,14000000.0,3995.0,4090.0,3895.0,3484.0
133750,1375.0,44000000.0,1400.0,1424.0,1331.0,32827.0
068050,1162.0,26000000.0,1179.0,1179.0,1150.0,22694.0
300120,3250.0,166000000.0,3090.0,3270.0,3005.0,52685.0
109820,1574.0,47000000.0,1600.0,1600.0,1560.0,30072.0
419120,2255.0,21000000.0,2275.0,2380.0,2245.0,9315.0
369370,3215.0,7000000.0,3245.0,3245.0,3180.0,2206.0
159910,3060.0,9000000.0,3065.0,3065.0,3015.0,3079.0
065950,1133.0,21000000.0,1180.0,1180.0,1125.0,18257.0
476080,3945.0,47000000.0,3950.0,3995.0,3795.0,12244.0
090410,3455.0,30000000.0,3485.0,3505.0,3405.0,8648.0
033830,1679.0,10000000.0,1695.0,1695.0,1679.0,5726.0
031510,1132.0,20000000.0,1134.0,1147.0,1122.0,17807.0
025440,3245.0,12000000.0,3255.0,3320.0,3180.0,3740.0
200780,2965.0,20000000.0,2995.0,3010.0,2940.0,6755.0
197140,2430.0,25000000.0,2480.0,2480.0,2410.0,10409.0
296640,6100.0,48000000.0,6190.0,6190.0,6000.0,7937.0
271830,1071.0,125000000.0,1122.0,1122.0,1069.0,114871.0
050110,1079.0,0.0,0.0,0.0,0.0,0.0
064480,2635.0,83000000.0,2620.0,2650.0,2575.0,31879.0
263920,3210.0,1000000.0,3250.0,3250.0,3210.0,343.0
173940,2040.0,64000000.0,2100.0,2110.0,2010.0,31629.0
153490,3035.0,22000000.0,3200.0,3200.0,3030.0,7053.0
258830,412.0,0.0,0.0,0.0,0.0,0.0
037330,710.0,21000000.0,708.0,723.0,701.0,29719.0
900270,2905.0,408000000.0,3080.0,3080.0,2850.0,138937.0
099390,3790.0,18000000.0,3800.0,3800.0,3720.0,4864.0
127980,2615.0,13000000.0,2620.0,2695.0,2560.0,4900.0
368970,2750.0,51000000.0,2800.0,2800.0,2650.0,18823.0
430690,2835.0,300000000.0,3000.0,3000.0,2835.0,103560.0
093380,3120.0,30000000.0,3115.0,3150.0,3105.0,9688.0
376980,3155.0,30000000.0,2970.0,3155.0,2915.0,9637.0
073540,2700.0,75000000.0,2670.0,2745.0,2640.0,27942.0
020180,3990.0,39000000.0,4085.0,4085.0,3970.0,9720.0
464280,5530.0,68000000.0,5560.0,5560.0,5400.0,12398.0
388610,5740.0,22000000.0,5760.0,5860.0,5670.0,3863.0
097780,1495.0,3000000.0,1505.0,1544.0,1475.0,2192.0
038950,2970.0,1000000.0,2930.0,3015.0,2930.0,437.0
012620,6880.0,2000000.0,6860.0,6910.0,6850.0,295.0
444530,4705.0,8000000.0,4830.0,4830.0,4630.0,1673.0
187270,2980.0,15000000.0,3115.0,3115.0,2950.0,5196.0
246250,1969.0,0.0,0.0,0.0,0.0,0.0
356890,2515.0,81000000.0,2500.0,2575.0,2465.0,32044.0
290560,1343.0,3330000000.0,1280.0,1592.0,1276.0,2276479.0
462310,3800.0,28000000.0,3770.0,3850.0,3765.0,7384.0
226330,1235.0,331000000.0,1198.0,1283.0,1140.0,271454.0
038620,1975.0,63000000.0,1957.0,2020.0,1931.0,32103.0
317240,1025.0,91000000.0,1050.0,1050.0,1006.0,89514.0
139670,2115.0,25000000.0,2115.0,2150.0,2095.0,11777.0
128540,1116.0,18000000.0,1110.0,1142.0,1098.0,16493.0
071850,1225.0,17000000.0,1355.0,1355.0,1195.0,13814.0
078590,2970.0,69000000.0,2980.0,3000.0,2950.0,23388.0
075970,1612.0,14000000.0,1610.0,1649.0,1610.0,8659.0
031310,996.0,32000000.0,1017.0,1017.0,980.0,32087.0
288620,4240.0,50000000.0,4385.0,4400.0,4155.0,11967.0
160550,1060.0,13000000.0,1125.0,1125.0,1060.0,11591.0
237820,2300.0,29000000.0,2265.0,2300.0,2235.0,12782.0
088340,6740.0,254000000.0,7040.0,7040.0,6350.0,37728.0
462980,1613.0,60000000.0,1613.0,1649.0,1550.0,37700.0
311390,2320.0,27000000.0,2375.0,2385.0,2270.0,11599.0
070590,2115.0,65000000.0,2090.0,2145.0,2060.0,30826.0
049120,2765.0,51000000.0,3000.0,3000.0,2700.0,17921.0
236810,1720.0,47000000.0,1688.0,1749.0,1621.0,28162.0
367000,3470.0,19000000.0,3595.0,3595.0,3470.0,5376.0
091340,2485.0,27000000.0,2535.0,2535.0,2480.0,10653.0
215790,721.0,2677000000.0,827.0,848.0,721.0,3428070.0
038870,2070.0,52000000.0,1956.0,2250.0,1956.0,24647.0
336060,3000.0,22000000.0,3005.0,3065.0,2985.0,7190.0
262840,2730.0,10000000.0,2690.0,2735.0,2670.0,3802.0
407400,1970.0,72000000.0,2080.0,2080.0,1923.0,36677.0
123840,1849.0,33000000.0,2050.0,2050.0,1770.0,18021.0
191410,1854.0,266000000.0,1880.0,1880.0,1790.0,143748.0
373170,1900.0,46000000.0,1907.0,1925.0,1864.0,24338.0
069920,1265.0,380000000.0,1466.0,1466.0,1235.0,290594.0
148250,2105.0,88000000.0,2080.0,2150.0,2000.0,42502.0
452160,2975.0,8000000.0,2920.0,2975.0,2890.0,2652.0
119500,2410.0,62000000.0,2450.0,2455.0,2380.0,25654.0
089150,1660.0,54000000.0,1678.0,1688.0,1640.0,32420.0
140430,2660.0,524000000.0,2810.0,2820.0,2635.0,194176.0
045300,2695.0,48000000.0,2705.0,2730.0,2670.0,17758.0
008470,1690.0,39000000.0,1672.0,1699.0,1660.0,23271.0
079000,3945.0,32000000.0,3945.0,3955.0,3865.0,8089.0
254120,923.0,143000000.0,977.0,985.0,920.0,151180.0
377030,1986.0,354000000.0,1840.0,2140.0,1803.0,178521.0
096630,1785.0,49000000.0,1808.0,1808.0,1752.0,27682.0
033540,2710.0,88000000.0,2830.0,2830.0,2695.0,32390.0
431190,3775.0,302000000.0,3810.0,3945.0,3555.0,80803.0
297570,4080.0,59000000.0,3955.0,4105.0,3955.0,14602.0
043220,1710.0,0.0,0.0,0.0,0.0,0.0
322780,1877.0,87000000.0,1841.0,1930.0,1800.0,47374.0
083660,1616.0,110000000.0,1523.0,1645.0,1523.0,69203.0
464580,1529.0,5000000.0,1512.0,1549.0,1512.0,3555.0
007770,8010.0,7000000.0,8180.0,8180.0,7990.0,918.0
109960,1855.0,6000000.0,1810.0,1872.0,1810.0,3484.0
333050,5690.0,38000000.0,5770.0,5770.0,5550.0,6705.0
239610,5190.0,7000000.0,5240.0,5280.0,5120.0,1279.0
188260,2010.0,11000000.0,2290.0,2290.0,2010.0,5200.0
193250,2090.0,40000000.0,2085.0,2130.0,2055.0,19321.0
364950,3365.0,31000000.0,3360.0,3385.0,3310.0,9316.0
066910,1813.0,28000000.0,1890.0,1890.0,1801.0,15695.0
195500,1739.0,29000000.0,1744.0,1762.0,1710.0,16805.0
115480,2290.0,36000000.0,2330.0,2350.0,2170.0,15927.0
016920,1080.0,51000000.0,1077.0,1080.0,1030.0,48175.0
026910,3500.0,391000000.0,3215.0,3535.0,3165.0,115584.0
318010,3490.0,3000000.0,3540.0,3540.0,3460.0,732.0
057680,1747.0,337000000.0,1708.0,1876.0,1651.0,188256.0
363260,4285.0,25000000.0,4330.0,4440.0,4170.0,5824.0
348030,2865.0,10000000.0,2870.0,2870.0,2780.0,3704.0
450520,1870.0,14000000.0,1951.0,1975.0,1856.0,7621.0
068100,2305.0,17000000.0,2295.0,2340.0,2295.0,7464.0
067010,2520.0,100000000.0,2520.0,2535.0,2470.0,39817.0
017000,2345.0,84000000.0,2390.0,2390.0,2320.0,35998.0
351330,3300.0,104000000.0,3470.0,3470.0,3260.0,31287.0
080530,2470.0,4000000.0,2565.0,2565.0,2420.0,1474.0
114630,1583.0,89000000.0,1660.0,1660.0,1583.0,55716.0
225220,1420.0,36000000.0,1428.0,1428.0,1372.0,25917.0
130500,1872.0,29000000.0,1945.0,1945.0,1870.0,15153.0
105550,1738.0,73000000.0,1694.0,1771.0,1677.0,42312.0
101670,479.0,115000000.0,484.0,492.0,473.0,239748.0
290270,2830.0,15000000.0,2925.0,2940.0,2830.0,5135.0
169330,1482.0,40000000.0,1429.0,1485.0,1414.0,27099.0
091970,3600.0,251000000.0,3715.0,3720.0,3335.0,72020.0
224060,5230.0,7279000000.0,5450.0,6410.0,4650.0,1330316.0
052300,1659.0,229000000.0,1758.0,1796.0,1648.0,135014.0
096690,6680.0,4000000.0,6830.0,6830.0,6540.0,626.0
198940,1345.0,69000000.0,1370.0,1400.0,1320.0,50905.0
900310,2090.0,10000000.0,2100.0,2305.0,2060.0,4483.0
013720,2195.0,4000000.0,2200.0,2200.0,2120.0,1854.0
131220,3580.0,6000000.0,3620.0,3650.0,3570.0,1772.0
900070,990.0,17000000.0,1005.0,1005.0,977.0,16889.0
032750,2945.0,15000000.0,2950.0,2950.0,2935.0,5249.0
048470,2755.0,27000000.0,2755.0,2765.0,2725.0,9812.0
047080,1070.0,57000000.0,1074.0,1077.0,1036.0,54529.0
033050,834.0,39000000.0,838.0,839.0,805.0,47959.0
359090,2305.0,28000000.0,2285.0,2315.0,2180.0,12404.0
069410,2580.0,81000000.0,2680.0,2680.0,2505.0,31722.0
238490,2335.0,30000000.0,2300.0,2425.0,2275.0,13158.0
053290,1598.0,7000000.0,1624.0,1624.0,1566.0,4517.0
458350,3020.0,31000000.0,3010.0,3155.0,3000.0,10218.0
069140,1734.0,32000000.0,1733.0,1734.0,1663.0,19137.0
138070,1495.0,9000000.0,1493.0,1509.0,1475.0,6279.0
115530,3045.0,260000000.0,2680.0,3060.0,2635.0,90742.0
019570,2735.0,34000000.0,2715.0,2750.0,2710.0,12274.0
043200,1247.0,140000000.0,1200.0,1249.0,1180.0,115110.0
103840,1580.0,15000000.0,1610.0,1627.0,1572.0,9375.0
475660,3260.0,9000000.0,3275.0,3295.0,3070.0,2930.0
054780,1315.0,26000000.0,1345.0,1345.0,1303.0,19466.0
328380,3760.0,57000000.0,4165.0,4165.0,3700.0,15140.0
001810,1162.0,8000000.0,1179.0,1179.0,1157.0,7297.0
146060,1070.0,21000000.0,1089.0,1091.0,1065.0,19423.0
054090,1027.0,46000000.0,1048.0,1048.0,1012.0,44565.0
060380,1295.0,32000000.0,1270.0,1305.0,1270.0,24524.0
076080,1129.0,22000000.0,1195.0,1195.0,1115.0,19525.0
044780,1374.0,65000000.0,1372.0,1390.0,1357.0,47407.0
101400,1670.0,511000000.0,1660.0,1685.0,1543.0,314395.0
148780,4025.0,564000000.0,3925.0,4260.0,3855.0,137394.0
290520,1608.0,12000000.0,1616.0,1685.0,1586.0,7667.0
090150,6030.0,85000000.0,6010.0,6050.0,5930.0,14125.0
021880,1190.0,44000000.0,1240.0,1240.0,1189.0,36682.0
376180,1359.0,34000000.0,1344.0,1385.0,1337.0,24826.0
123750,1825.0,33000000.0,1792.0,1843.0,1758.0,18191.0
035200,2735.0,210000000.0,2755.0,2795.0,2670.0,77289.0
083640,5490.0,45000000.0,5610.0,5670.0,5420.0,8192.0
101680,2995.0,34000000.0,2960.0,3010.0,2940.0,11478.0
134060,5270.0,25000000.0,5320.0,5350.0,5230.0,4682.0
054940,3770.0,254000000.0,3845.0,3845.0,3705.0,67663.0
131180,4255.0,25000000.0,4265.0,4340.0,4245.0,5793.0
016670,2440.0,10000000.0,2490.0,2495.0,2420.0,4285.0
058110,1548.0,28000000.0,1553.0,1555.0,1520.0,18302.0
351870,2225.0,5000000.0,2325.0,2325.0,2205.0,2064.0
060230,1270.0,206000000.0,1208.0,1315.0,1199.0,163722.0
073570,2060.0,95000000.0,2070.0,2120.0,1979.0,46418.0
200350,2475.0,102000000.0,2550.0,2565.0,2365.0,41051.0
0010F0,2220.0,124000000.0,2280.0,2310.0,2220.0,54807.0
368600,956.0,0.0,0.0,0.0,0.0,0.0
415380,2155.0,55000000.0,2185.0,2215.0,2130.0,25395.0
038880,3270.0,51000000.0,3285.0,3300.0,3210.0,15798.0
206400,655.0,21000000.0,648.0,666.0,632.0,32598.0
208350,3030.0,15000000.0,3010.0,3110.0,2995.0,5039.0
417180,4295.0,10000000.0,4280.0,4305.0,4215.0,2267.0
177830,2160.0,20000000.0,2200.0,2200.0,2135.0,9342.0
039740,3050.0,12000000.0,3085.0,3090.0,3020.0,4036.0
405920,1898.0,4000000.0,1899.0,1904.0,1828.0,2036.0
222980,2190.0,8000000.0,2200.0,2210.0,2150.0,3829.0
398120,2035.0,67000000.0,2035.0,2040.0,2010.0,33252.0
318000,2750.0,8000000.0,2745.0,2750.0,2695.0,2973.0
020400,2645.0,76000000.0,2760.0,2800.0,2600.0,28040.0
462510,2705.0,35000000.0,2680.0,2800.0,2635.0,13163.0
267790,3095.0,20000000.0,3100.0,3165.0,3030.0,6692.0
389680,2860.0,311000000.0,2950.0,3090.0,2825.0,107462.0
115160,5520.0,21000000.0,5650.0,5650.0,5380.0,3921.0
023770,2650.0,40000000.0,2700.0,2720.0,2605.0,15111.0
016100,1240.0,19000000.0,1252.0,1292.0,1209.0,15521.0
027040,1695.0,66000000.0,1715.0,1735.0,1672.0,38960.0
378800,510.0,0.0,0.0,0.0,0.0,0.0
188040,5030.0,29000000.0,5010.0,5040.0,4900.0,5799.0
051380,1530.0,19000000.0,1541.0,1566.0,1524.0,12686.0
276730,993.0,91000000.0,1033.0,1033.0,951.0,92813.0
365590,1270.0,139000000.0,1429.0,1429.0,1247.0,106184.0
036480,6150.0,27000000.0,6110.0,6150.0,6040.0,4365.0
464500,1665.0,24000000.0,1662.0,1685.0,1627.0,14568.0
033200,2530.0,16000000.0,2525.0,2595.0,2440.0,6318.0
007720,1153.0,29000000.0,1185.0,1187.0,1130.0,25550.0
352940,2135.0,21000000.0,2115.0,2170.0,2105.0,10089.0
032680,999.0,229000000.0,931.0,1013.0,882.0,236780.0
044480,3450.0,73000000.0,3450.0,3590.0,3400.0,20801.0
257370,1832.0,11000000.0,1810.0,1848.0,1797.0,6183.0
013810,1562.0,32000000.0,1581.0,1581.0,1551.0,20668.0
027580,1932.0,205000000.0,1858.0,1995.0,1826.0,106526.0
154040,1055.0,0.0,0.0,0.0,0.0,0.0
301300,1733.0,81000000.0,1948.0,1948.0,1729.0,46093.0
018680,1952.0,3000000.0,1964.0,1964.0,1915.0,1723.0
355390,1432.0,301000000.0,1516.0,1564.0,1421.0,201999.0
032860,2790.0,20000000.0,2850.0,2980.0,2660.0,7344.0
187220,1953.0,20000000.0,1991.0,2015.0,1920.0,10447.0
298060,2335.0,9000000.0,2325.0,2390.0,2295.0,3729.0
039310,1241.0,22000000.0,1302.0,1302.0,1237.0,17495.0
206560,883.0,48000000.0,905.0,918.0,883.0,53116.0
017250,1066.0,26000000.0,1079.0,1079.0,1046.0,24069.0
432980,2605.0,104000000.0,2720.0,2775.0,2595.0,39340.0
317120,1466.0,107000000.0,1506.0,1524.0,1438.0,72398.0
065690,1860.0,65000000.0,1868.0,1868.0,1788.0,35185.0
247660,4265.0,111000000.0,4355.0,4490.0,4080.0,25647.0
303530,3030.0,39000000.0,3025.0,3030.0,2945.0,13034.0
192390,1857.0,143000000.0,1846.0,1899.0,1815.0,76792.0
331520,2255.0,139000000.0,2340.0,2370.0,2230.0,61083.0
210120,2275.0,1157000000.0,1814.0,2275.0,1694.0,549645.0
440320,2210.0,32000000.0,2185.0,2270.0,2110.0,14836.0
237750,3390.0,34000000.0,3305.0,3430.0,3305.0,10322.0
063760,2360.0,74000000.0,2295.0,2495.0,2290.0,31135.0
032800,1454.0,44000000.0,1478.0,1490.0,1400.0,29994.0
241840,2300.0,35000000.0,2355.0,2365.0,2270.0,15110.0
238200,2680.0,10000000.0,2675.0,2680.0,2595.0,3637.0
054220,1739.0,207000000.0,1686.0,1748.0,1651.0,121225.0
065370,2960.0,9000000.0,2915.0,2970.0,2900.0,3232.0
289220,979.0,26000000.0,997.0,1018.0,976.0,26852.0
362990,1300.0,58000000.0,1292.0,1334.0,1241.0,44544.0
130740,1936.0,36000000.0,1962.0,1962.0,1925.0,18721.0
277410,5680.0,6000000.0,5820.0,5820.0,5600.0,993.0
115570,2730.0,81000000.0,2845.0,2845.0,2665.0,29727.0
053060,1232.0,12000000.0,1241.0,1241.0,1229.0,9500.0
032080,1010.0,0.0,0.0,0.0,0.0,0.0
377330,2660.0,10000000.0,2625.0,2710.0,2600.0,3875.0
032280,1333.0,72000000.0,1340.0,1360.0,1333.0,53258.0
067730,2230.0,11000000.0,2240.0,2240.0,2180.0,5148.0
215480,2000.0,22000000.0,2005.0,2100.0,1986.0,11065.0
429270,3330.0,219000000.0,3415.0,3430.0,3285.0,65513.0
340440,756.0,0.0,0.0,0.0,0.0,0.0
043360,2375.0,23000000.0,2430.0,2430.0,2320.0,9499.0
043590,1575.0,25000000.0,1580.0,1590.0,1549.0,15715.0
038530,4120.0,185000000.0,4600.0,4870.0,3950.0,43274.0
219750,1629.0,4000000.0,1629.0,1635.0,1600.0,2172.0
344860,1418.0,125000000.0,1410.0,1467.0,1390.0,88897.0
383930,1663.0,69000000.0,1716.0,1716.0,1612.0,41962.0
018700,1270.0,20000000.0,1301.0,1347.0,1250.0,15930.0
438700,1899.0,29000000.0,1859.0,1924.0,1819.0,15384.0
019660,1508.0,36000000.0,1523.0,1523.0,1467.0,23885.0
045520,3230.0,102000000.0,3245.0,3250.0,3200.0,31808.0
372800,2980.0,194000000.0,3020.0,3045.0,2850.0,65247.0
900110,5660.0,37000000.0,5780.0,5810.0,5560.0,6453.0
424760,2075.0,51000000.0,2150.0,2150.0,2075.0,24182.0
095910,571.0,117000000.0,580.0,583.0,560.0,205987.0
069330,1225.0,91000000.0,1268.0,1269.0,1225.0,73325.0
200230,2190.0,17000000.0,2205.0,2205.0,2155.0,7990.0
353190,2610.0,2000000.0,2640.0,2640.0,2565.0,873.0
002680,2650.0,166000000.0,2580.0,2650.0,2535.0,64404.0
361670,3610.0,24000000.0,3630.0,3630.0,3410.0,6606.0
021040,941.0,35000000.0,951.0,973.0,937.0,36745.0
067770,2425.0,158000000.0,2470.0,2510.0,2385.0,63965.0
085810,1440.0,8000000.0,1440.0,1451.0,1422.0,5650.0
024940,2035.0,71000000.0,2090.0,2090.0,2010.0,35049.0
084440,5310.0,29000000.0,5400.0,5400.0,5030.0,5590.0
065150,1274.0,40000000.0,1286.0,1295.0,1248.0,31730.0
227610,1048.0,26000000.0,1055.0,1055.0,1021.0,24788.0
051780,2670.0,42000000.0,2695.0,2695.0,2505.0,15986.0
275630,3850.0,37000000.0,4000.0,4085.0,3770.0,9649.0
050090,856.0,76000000.0,854.0,860.0,818.0,90032.0
154030,1670.0,16000000.0,1700.0,1700.0,1648.0,9482.0
342870,3695.0,27000000.0,3725.0,3860.0,3550.0,7429.0
353590,1563.0,7000000.0,1620.0,1620.0,1547.0,4697.0
060900,3065.0,21000000.0,3095.0,3110.0,3020.0,6957.0
098660,1600.0,2000000.0,1600.0,1600.0,1576.0,1233.0
080470,2730.0,17000000.0,2710.0,2730.0,2675.0,6110.0
113810,3040.0,48000000.0,3065.0,3090.0,2995.0,15828.0
096870,2370.0,64000000.0,2505.0,2505.0,2350.0,26300.0
274400,2175.0,20000000.0,2130.0,2190.0,2090.0,9230.0
054410,3425.0,3000000.0,3375.0,3450.0,3370.0,1027.0
083470,915.0,57000000.0,895.0,915.0,878.0,63410.0
101000,1970.0,542000000.0,2040.0,2075.0,1890.0,276074.0
073190,1622.0,0.0,0.0,0.0,0.0,0.0
196700,1351.0,37000000.0,1419.0,1419.0,1318.0,26869.0
347770,856.0,44000000.0,895.0,895.0,850.0,51283.0
050760,1187.0,32000000.0,1202.0,1202.0,1175.0,27247.0
365900,2650.0,33000000.0,2615.0,2690.0,2615.0,12591.0
403490,2105.0,15000000.0,2300.0,2300.0,2090.0,6906.0
023790,1479.0,277000000.0,1465.0,1514.0,1400.0,191058.0
110020,2130.0,15000000.0,2200.0,2200.0,2080.0,6936.0
214610,2290.0,0.0,0.0,0.0,0.0,0.0
195990,1177.0,41000000.0,1167.0,1210.0,1150.0,34719.0
065060,3190.0,66000000.0,3345.0,3345.0,3025.0,21045.0
048830,1020.0,211000000.0,1033.0,1099.0,980.0,204727.0
419540,3200.0,27000000.0,3190.0,3220.0,3155.0,8406.0
252500,2290.0,40000000.0,2355.0,2400.0,2290.0,16954.0
115610,1606.0,93000000.0,1730.0,1730.0,1600.0,56621.0
137940,1928.0,52000000.0,1969.0,1969.0,1820.0,27674.0
056730,1275.0,6000000.0,1303.0,1303.0,1232.0,4772.0
018620,2720.0,6000000.0,2740.0,2810.0,2700.0,2153.0
079950,1365.0,87000000.0,1379.0,1379.0,1296.0,64067.0
006050,5390.0,288000000.0,5680.0,5700.0,5380.0,52253.0
031860,6930.0,0.0,0.0,0.0,0.0,0.0
279600,3980.0,11000000.0,3915.0,3980.0,3885.0,2845.0
037400,3545.0,30000000.0,3660.0,3660.0,3545.0,8356.0
455180,1255.0,72000000.0,1323.0,1331.0,1238.0,57162.0
078860,2950.0,1023000000.0,3175.0,3350.0,2575.0,341653.0
014100,1530.0,83000000.0,1576.0,1594.0,1530.0,53093.0
405000,3330.0,19000000.0,3300.0,3405.0,3280.0,5840.0
060480,1607.0,299000000.0,1597.0,1632.0,1514.0,187540.0
285800,4955.0,1942000000.0,5340.0,6000.0,4950.0,363897.0
335870,5220.0,4000000.0,5320.0,5410.0,5200.0,665.0
088290,2185.0,4000000.0,2190.0,2190.0,2075.0,1824.0
0197V0,1925.0,561000000.0,1923.0,1929.0,1922.0,291421.0
900120,1040.0,0.0,0.0,0.0,0.0,0.0
373110,1000.0,46000000.0,1017.0,1017.0,993.0,45920.0
482680,2055.0,0.0,0.0,0.0,0.0,0.0
376930,1641.0,106000000.0,1715.0,1715.0,1609.0,64865.0
241820,6040.0,0.0,0.0,0.0,0.0,0.0
477380,2070.0,137000000.0,2080.0,2080.0,2050.0,66346.0
009620,4790.0,170000000.0,4600.0,4950.0,4490.0,36090.0
034940,2700.0,92000000.0,2700.0,2725.0,2670.0,34249.0
225590,3265.0,89000000.0,3300.0,3300.0,3185.0,27736.0
309930,854.0,449000000.0,930.0,1016.0,831.0,494046.0
065650,1495.0,22000000.0,1502.0,1555.0,1488.0,14638.0
289010,1165.0,211000000.0,1155.0,1167.0,1154.0,181352.0
377220,2850.0,94000000.0,3085.0,3085.0,2810.0,32636.0
103230,2230.0,32000000.0,2265.0,2280.0,2170.0,14543.0
092600,3200.0,10100000000.0,4770.0,4770.0,3165.0,2565330.0
009730,1998.0,79000000.0,2165.0,2165.0,1996.0,38810.0
223310,3030.0,68000000.0,3090.0,3180.0,2960.0,22541.0
291810,1370.0,607000000.0,1560.0,1560.0,1232.0,452596.0
0072Z0,1964.0,53000000.0,1970.0,1972.0,1961.0,27213.0
477340,2060.0,114000000.0,2055.0,2065.0,2040.0,55363.0
131100,2390.0,14000000.0,2385.0,2455.0,2375.0,5605.0
0130H0,1986.0,6000000.0,1992.0,1997.0,1976.0,3131.0
0101C0,1967.0,25000000.0,1984.0,1984.0,1967.0,12627.0
030350,973.0,0.0,0.0,0.0,0.0,0.0
177350,1521.0,137000000.0,1536.0,1587.0,1500.0,89299.0
475460,2640.0,99000000.0,2690.0,2770.0,2490.0,38007.0
0044K0,1978.0,45000000.0,1985.0,1985.0,1972.0,22571.0
473050,2100.0,139000000.0,2105.0,2105.0,2095.0,66440.0
489480,2200.0,0.0,0.0,0.0,0.0,0.0
0115H0,1974.0,22000000.0,1978.0,1998.0,1970.0,11325.0
306040,1558.0,88000000.0,1622.0,1622.0,1534.0,56465.0
478440,2065.0,26000000.0,2060.0,2070.0,2055.0,12487.0
479880,2065.0,164000000.0,2065.0,2075.0,2060.0,79503.0
0165X0,1946.0,35000000.0,1942.0,1947.0,1941.0,17787.0
0099W0,1966.0,4000000.0,1982.0,1982.0,1965.0,2053.0
304840,561.0,0.0,0.0,0.0,0.0,0.0
352770,5250.0,0.0,0.0,0.0,0.0,0.0
208640,974.0,1959000000.0,864.0,1070.0,820.0,1957548.0
079190,1409.0,83000000.0,1370.0,1420.0,1290.0,60734.0
244460,1651.0,0.0,0.0,0.0,0.0,0.0
303030,1463.0,51000000.0,1411.0,1479.0,1400.0,35919.0
0134X0,1975.0,8000000.0,1971.0,1978.0,1969.0,4046.0
0164H0,1950.0,27000000.0,1951.0,1954.0,1950.0,13814.0
481890,2070.0,83000000.0,2070.0,2070.0,2045.0,40309.0
0096B0,1987.0,6000000.0,1975.0,1989.0,1975.0,2858.0
0099X0,2180.0,0.0,0.0,0.0,0.0,0.0
418620,653.0,283000000.0,730.0,731.0,651.0,418379.0
478390,2070.0,42000000.0,2075.0,2075.0,2060.0,20234.0
489730,2030.0,0.0,2020.0,2030.0,2020.0,134.0
0097F0,1965.0,4000000.0,1980.0,1980.0,1965.0,2250.0
054180,2295.0,0.0,0.0,0.0,0.0,0.0
492220,2030.0,156000000.0,2035.0,2040.0,2020.0,76988.0
482520,2065.0,0.0,0.0,0.0,0.0,0.0
0037T0,1988.0,42000000.0,1990.0,1990.0,1975.0,21099.0
028080,5180.0,1000000.0,5000.0,5220.0,5000.0,288.0
0093G0,1960.0,6000000.0,1980.0,1980.0,1941.0,3121.0
0131D0,1970.0,11000000.0,1975.0,1975.0,1957.0,5722.0
0054V0,1999.0,25000000.0,1984.0,2000.0,1980.0,12463.0
354200,1385.0,957000000.0,1372.0,1450.0,1302.0,688697.0
0091W0,2030.0,13000000.0,2030.0,2040.0,2010.0,6636.0
239340,2280.0,75000000.0,2520.0,2770.0,2275.0,30995.0
065570,764.0,0.0,0.0,0.0,0.0,0.0
477760,2060.0,45000000.0,2070.0,2070.0,2060.0,21988.0
0041L0,1988.0,45000000.0,1990.0,1990.0,1959.0,23095.0
0088D0,2065.0,0.0,2070.0,2070.0,2050.0,109.0
0132G0,1986.0,1000000.0,1998.0,1998.0,1986.0,403.0
035620,636.0,38000000.0,645.0,660.0,620.0,60139.0
060260,883.0,83000000.0,913.0,936.0,844.0,93976.0
469900,2095.0,54000000.0,2095.0,2095.0,2085.0,25676.0
482690,2075.0,58000000.0,2060.0,2075.0,2060.0,27938.0
474660,2080.0,107000000.0,2085.0,2085.0,2075.0,51585.0
474490,2075.0,86000000.0,2075.0,2080.0,2075.0,41326.0
487360,2025.0,184000000.0,2020.0,2035.0,2005.0,91371.0
477470,2075.0,0.0,2080.0,2080.0,2055.0,225.0
0071M0,1973.0,45000000.0,1988.0,1988.0,1971.0,22893.0
0105P0,1990.0,1000000.0,1987.0,1991.0,1982.0,267.0
496070,1986.0,9000000.0,1990.0,1990.0,1983.0,4280.0
0129K0,1974.0,33000000.0,1960.0,1978.0,1960.0,16922.0
486630,2050.0,74000000.0,2050.0,2050.0,2035.0,36491.0
0096D0,1972.0,24000000.0,1969.0,1979.0,1956.0,12379.0
493790,2020.0,0.0,2015.0,2020.0,2015.0,22.0
0098T0,1980.0,6000000.0,1983.0,1985.0,1979.0,3134.0
0004Y0,2000.0,0.0,2000.0,2005.0,1995.0,215.0
489210,2035.0,94000000.0,2040.0,2045.0,2025.0,46476.0
240600,1263.0,59000000.0,1220.0,1340.0,1193.0,46555.0
0130D0,1959.0,5000000.0,1970.0,1973.0,1957.0,2570.0
043100,520.0,0.0,0.0,0.0,0.0,0.0
131760,1202.0,133000000.0,1240.0,1321.0,1202.0,109127.0
012340,471.0,397000000.0,443.0,500.0,443.0,838812.0
478110,2055.0,2000000.0,2055.0,2065.0,2055.0,1182.0
466690,2005.0,2000000.0,2010.0,2010.0,2005.0,1212.0
0041B0,2005.0,3000000.0,2005.0,2010.0,2000.0,1455.0
498390,2035.0,0.0,0.0,0.0,0.0,0.0
305090,538.0,0.0,0.0,0.0,0.0,0.0
142760,470.0,67000000.0,478.0,479.0,464.0,142067.0
488060,2050.0,6000000.0,2040.0,2060.0,2030.0,2883.0
065770,912.0,103000000.0,935.0,980.0,860.0,112527.0
288980,263.0,359000000.0,273.0,286.0,260.0,1344467.0
106080,1650.0,0.0,0.0,0.0,0.0,0.0
484130,2020.0,25000000.0,2030.0,2030.0,2020.0,12105.0
473950,2050.0,67000000.0,2050.0,2055.0,2035.0,32740.0
469480,2130.0,0.0,0.0,0.0,0.0,0.0
487830,2035.0,65000000.0,2045.0,2045.0,2020.0,32075.0
468760,2080.0,0.0,0.0,0.0,0.0,0.0
472230,2100.0,37000000.0,2100.0,2105.0,2100.0,17683.0
487720,2040.0,48000000.0,2030.0,2040.0,2015.0,23529.0
0068Y0,1978.0,2000000.0,1980.0,1980.0,1978.0,1014.0
001000,1733.0,92000000.0,1876.0,1876.0,1732.0,51077.0
03481K,5980.0,4000000.0,6030.0,6030.0,5860.0,700.0
0041J0,1987.0,2000000.0,1985.0,1993.0,1984.0,1083.0
087260,247.0,0.0,0.0,0.0,0.0,0.0
250930,1186.0,52000000.0,1132.0,1198.0,1040.0,46447.0
475250,2085.0,104000000.0,2085.0,2090.0,2075.0,50073.0
079970,596.0,0.0,0.0,0.0,0.0,0.0
474930,2095.0,42000000.0,2105.0,2105.0,2080.0,20198.0
308100,289.0,65000000.0,305.0,305.0,289.0,222448.0
065420,940.0,0.0,0.0,0.0,0.0,0.0
276040,327.0,0.0,0.0,0.0,0.0,0.0
473000,2075.0,49000000.0,2075.0,2080.0,2070.0,23730.0
475240,2090.0,8000000.0,2085.0,2090.0,2085.0,3618.0
900100,1120.0,220000000.0,1438.0,1455.0,1108.0,183525.0
044180,205.0,0.0,0.0,0.0,0.0,0.0
313760,468.0,0.0,0.0,0.0,0.0,0.0
058450,916.0,28000000.0,910.0,950.0,887.0,30757.0
052770,312.0,0.0,0.0,0.0,0.0,0.0
225430,698.0,0.0,0.0,0.0,0.0,0.0
011080,607.0,89000000.0,647.0,652.0,607.0,143005.0
025870,1059.0,0.0,0.0,0.0,0.0,0.0
199730,778.0,65000000.0,824.0,850.0,741.0,84337.0
084180,162.0,1163000000.0,180.0,270.0,162.0,5339989.0
021045,2465.0,1000000.0,2405.0,2465.0,2180.0,618.0
035290,384.0,0.0,0.0,0.0,0.0,0.0
312610,89.0,257000000.0,113.0,129.0,89.0,2453029.0
032685,7000.0,6000000.0,7580.0,7580.0,6720.0,778.0
